gameId,target,speaker1,speaker2,group1,group2,sameGroup,similarity,blockNum,phaseNum
01KJN6MMPQTMDYRN709968YFN1,page7-107,01KJN788SPAKVVBHX9T9FDQWAF,01KJN78B0TFR8F59JDGD057XNS,B,A,0,0.3,2.0,1.0
01KJN6MMPQTMDYRN709968YFN1,page7-107,01KJN788SPAKVVBHX9T9FDQWAF,01KJN78CQJ3KY7VMGAR6F3D4S0,B,B,1,0.2,2.0,1.0
01KJN6MMPQTMDYRN709968YFN1,page7-107,01KJN788SPAKVVBHX9T9FDQWAF,01KJN78JVY5FN5QXW9XGGE72RG,B,A,0,0.4,2.0,1.0
01KJN6MMPQTMDYRN709968YFN1,page7-107,01KJN788SPAKVVBHX9T9FDQWAF,01KJN791EPN054R2NTQQ1BFXJ5,B,A,0,0.18181818181818182,2.0,1.0
01KJN6MMPQTMDYRN709968YFN1,page7-107,01KJN788SPAKVVBHX9T9FDQWAF,01KJN796KT7FCNV2F9QNCQDSES,B,C,0,0.5,2.0,1.0
01KJN6MMPQTMDYRN709968YFN1,page7-107,01KJN788SPAKVVBHX9T9FDQWAF,01KJN79Y7T0VZNKHTSJRZWTDZ5,B,B,1,0.3333333333333333,2.0,1.0
01KJN6MMPQTMDYRN709968YFN1,page7-107,01KJN788SPAKVVBHX9T9FDQWAF,01KJN79ZDP3YNFFHHQA302PJDP,B,C,0,0.3333333333333333,2.0,1.0
01KJN6MMPQTMDYRN709968YFN1,page7-107,01KJN78B0TFR8F59JDGD057XNS,01KJN78CQJ3KY7VMGAR6F3D4S0,A,B,0,0.1,2.0,1.0
01KJN6MMPQTMDYRN709968YFN1,page7-107,01KJN78B0TFR8F59JDGD057XNS,01KJN78JVY5FN5QXW9XGGE72RG,A,A,1,0.2,2.0,1.0
01KJN6MMPQTMDYRN709968YFN1,page7-107,01KJN78B0TFR8F59JDGD057XNS,01KJN791EPN054R2NTQQ1BFXJ5,A,A,1,0.38461538461538464,2.0,1.0
01KJN6MMPQTMDYRN709968YFN1,page7-107,01KJN78B0TFR8F59JDGD057XNS,01KJN796KT7FCNV2F9QNCQDSES,A,C,0,0.2222222222222222,2.0,1.0
01KJN6MMPQTMDYRN709968YFN1,page7-107,01KJN78B0TFR8F59JDGD057XNS,01KJN79Y7T0VZNKHTSJRZWTDZ5,A,B,0,0.18181818181818182,2.0,1.0
01KJN6MMPQTMDYRN709968YFN1,page7-107,01KJN78B0TFR8F59JDGD057XNS,01KJN79ZDP3YNFFHHQA302PJDP,A,C,0,0.18181818181818182,2.0,1.0
01KJN6MMPQTMDYRN709968YFN1,page7-107,01KJN78CQJ3KY7VMGAR6F3D4S0,01KJN78JVY5FN5QXW9XGGE72RG,B,A,0,0.6666666666666666,2.0,1.0
01KJN6MMPQTMDYRN709968YFN1,page7-107,01KJN78CQJ3KY7VMGAR6F3D4S0,01KJN791EPN054R2NTQQ1BFXJ5,B,A,0,0.1,2.0,1.0
01KJN6MMPQTMDYRN709968YFN1,page7-107,01KJN78CQJ3KY7VMGAR6F3D4S0,01KJN796KT7FCNV2F9QNCQDSES,B,C,0,0.3333333333333333,2.0,1.0
01KJN6MMPQTMDYRN709968YFN1,page7-107,01KJN78CQJ3KY7VMGAR6F3D4S0,01KJN79Y7T0VZNKHTSJRZWTDZ5,B,B,1,0.0,2.0,1.0
01KJN6MMPQTMDYRN709968YFN1,page7-107,01KJN78CQJ3KY7VMGAR6F3D4S0,01KJN79ZDP3YNFFHHQA302PJDP,B,C,0,0.2,2.0,1.0
01KJN6MMPQTMDYRN709968YFN1,page7-107,01KJN78JVY5FN5QXW9XGGE72RG,01KJN791EPN054R2NTQQ1BFXJ5,A,A,1,0.09090909090909091,2.0,1.0
01KJN6MMPQTMDYRN709968YFN1,page7-107,01KJN78JVY5FN5QXW9XGGE72RG,01KJN796KT7FCNV2F9QNCQDSES,A,C,0,0.6666666666666666,2.0,1.0
01KJN6MMPQTMDYRN709968YFN1,page7-107,01KJN78JVY5FN5QXW9XGGE72RG,01KJN79Y7T0VZNKHTSJRZWTDZ5,A,B,0,0.16666666666666666,2.0,1.0
01KJN6MMPQTMDYRN709968YFN1,page7-107,01KJN78JVY5FN5QXW9XGGE72RG,01KJN79ZDP3YNFFHHQA302PJDP,A,C,0,0.16666666666666666,2.0,1.0
01KJN6MMPQTMDYRN709968YFN1,page7-107,01KJN791EPN054R2NTQQ1BFXJ5,01KJN796KT7FCNV2F9QNCQDSES,A,C,0,0.1,2.0,1.0
01KJN6MMPQTMDYRN709968YFN1,page7-107,01KJN791EPN054R2NTQQ1BFXJ5,01KJN79Y7T0VZNKHTSJRZWTDZ5,A,B,0,0.08333333333333333,2.0,1.0
01KJN6MMPQTMDYRN709968YFN1,page7-107,01KJN791EPN054R2NTQQ1BFXJ5,01KJN79ZDP3YNFFHHQA302PJDP,A,C,0,0.3,2.0,1.0
01KJN6MMPQTMDYRN709968YFN1,page7-107,01KJN796KT7FCNV2F9QNCQDSES,01KJN79Y7T0VZNKHTSJRZWTDZ5,C,B,0,0.2,2.0,1.0
01KJN6MMPQTMDYRN709968YFN1,page7-107,01KJN796KT7FCNV2F9QNCQDSES,01KJN79ZDP3YNFFHHQA302PJDP,C,C,1,0.2,2.0,1.0
01KJN6MMPQTMDYRN709968YFN1,page7-107,01KJN79Y7T0VZNKHTSJRZWTDZ5,01KJN79ZDP3YNFFHHQA302PJDP,B,C,0,0.14285714285714285,2.0,1.0
01KJN6MMPQTMDYRN709968YFN1,page7-107,01KJN788SPAKVVBHX9T9FDQWAF,01KJN78B0TFR8F59JDGD057XNS,B,A,0,0.2222222222222222,3.0,1.0
01KJN6MMPQTMDYRN709968YFN1,page7-107,01KJN788SPAKVVBHX9T9FDQWAF,01KJN78CQJ3KY7VMGAR6F3D4S0,B,B,1,0.2,3.0,1.0
01KJN6MMPQTMDYRN709968YFN1,page7-107,01KJN788SPAKVVBHX9T9FDQWAF,01KJN78JVY5FN5QXW9XGGE72RG,B,A,0,0.4,3.0,1.0
01KJN6MMPQTMDYRN709968YFN1,page7-107,01KJN788SPAKVVBHX9T9FDQWAF,01KJN78M7563R5D9TQE5G142DA,B,C,0,0.0,3.0,1.0
01KJN6MMPQTMDYRN709968YFN1,page7-107,01KJN788SPAKVVBHX9T9FDQWAF,01KJN791EPN054R2NTQQ1BFXJ5,B,A,0,0.18181818181818182,3.0,1.0
01KJN6MMPQTMDYRN709968YFN1,page7-107,01KJN788SPAKVVBHX9T9FDQWAF,01KJN796KT7FCNV2F9QNCQDSES,B,C,0,0.5,3.0,1.0
01KJN6MMPQTMDYRN709968YFN1,page7-107,01KJN788SPAKVVBHX9T9FDQWAF,01KJN79Y7T0VZNKHTSJRZWTDZ5,B,B,1,0.0,3.0,1.0
01KJN6MMPQTMDYRN709968YFN1,page7-107,01KJN788SPAKVVBHX9T9FDQWAF,01KJN79ZDP3YNFFHHQA302PJDP,B,C,0,0.3333333333333333,3.0,1.0
01KJN6MMPQTMDYRN709968YFN1,page7-107,01KJN78B0TFR8F59JDGD057XNS,01KJN78CQJ3KY7VMGAR6F3D4S0,A,B,0,0.125,3.0,1.0
01KJN6MMPQTMDYRN709968YFN1,page7-107,01KJN78B0TFR8F59JDGD057XNS,01KJN78JVY5FN5QXW9XGGE72RG,A,A,1,0.25,3.0,1.0
01KJN6MMPQTMDYRN709968YFN1,page7-107,01KJN78B0TFR8F59JDGD057XNS,01KJN78M7563R5D9TQE5G142DA,A,C,0,0.15384615384615385,3.0,1.0
01KJN6MMPQTMDYRN709968YFN1,page7-107,01KJN78B0TFR8F59JDGD057XNS,01KJN791EPN054R2NTQQ1BFXJ5,A,A,1,0.23076923076923078,3.0,1.0
01KJN6MMPQTMDYRN709968YFN1,page7-107,01KJN78B0TFR8F59JDGD057XNS,01KJN796KT7FCNV2F9QNCQDSES,A,C,0,0.2857142857142857,3.0,1.0
01KJN6MMPQTMDYRN709968YFN1,page7-107,01KJN78B0TFR8F59JDGD057XNS,01KJN79Y7T0VZNKHTSJRZWTDZ5,A,B,0,0.0,3.0,1.0
01KJN6MMPQTMDYRN709968YFN1,page7-107,01KJN78B0TFR8F59JDGD057XNS,01KJN79ZDP3YNFFHHQA302PJDP,A,C,0,0.1,3.0,1.0
01KJN6MMPQTMDYRN709968YFN1,page7-107,01KJN78CQJ3KY7VMGAR6F3D4S0,01KJN78JVY5FN5QXW9XGGE72RG,B,A,0,0.6666666666666666,3.0,1.0
01KJN6MMPQTMDYRN709968YFN1,page7-107,01KJN78CQJ3KY7VMGAR6F3D4S0,01KJN78M7563R5D9TQE5G142DA,B,C,0,0.0,3.0,1.0
01KJN6MMPQTMDYRN709968YFN1,page7-107,01KJN78CQJ3KY7VMGAR6F3D4S0,01KJN791EPN054R2NTQQ1BFXJ5,B,A,0,0.1,3.0,1.0
01KJN6MMPQTMDYRN709968YFN1,page7-107,01KJN78CQJ3KY7VMGAR6F3D4S0,01KJN796KT7FCNV2F9QNCQDSES,B,C,0,0.3333333333333333,3.0,1.0
01KJN6MMPQTMDYRN709968YFN1,page7-107,01KJN78CQJ3KY7VMGAR6F3D4S0,01KJN79Y7T0VZNKHTSJRZWTDZ5,B,B,1,0.2,3.0,1.0
01KJN6MMPQTMDYRN709968YFN1,page7-107,01KJN78CQJ3KY7VMGAR6F3D4S0,01KJN79ZDP3YNFFHHQA302PJDP,B,C,0,0.2,3.0,1.0
01KJN6MMPQTMDYRN709968YFN1,page7-107,01KJN78JVY5FN5QXW9XGGE72RG,01KJN78M7563R5D9TQE5G142DA,A,C,0,0.0,3.0,1.0
01KJN6MMPQTMDYRN709968YFN1,page7-107,01KJN78JVY5FN5QXW9XGGE72RG,01KJN791EPN054R2NTQQ1BFXJ5,A,A,1,0.09090909090909091,3.0,1.0
01KJN6MMPQTMDYRN709968YFN1,page7-107,01KJN78JVY5FN5QXW9XGGE72RG,01KJN796KT7FCNV2F9QNCQDSES,A,C,0,0.6666666666666666,3.0,1.0
01KJN6MMPQTMDYRN709968YFN1,page7-107,01KJN78JVY5FN5QXW9XGGE72RG,01KJN79Y7T0VZNKHTSJRZWTDZ5,A,B,0,0.16666666666666666,3.0,1.0
01KJN6MMPQTMDYRN709968YFN1,page7-107,01KJN78JVY5FN5QXW9XGGE72RG,01KJN79ZDP3YNFFHHQA302PJDP,A,C,0,0.16666666666666666,3.0,1.0
01KJN6MMPQTMDYRN709968YFN1,page7-107,01KJN78M7563R5D9TQE5G142DA,01KJN791EPN054R2NTQQ1BFXJ5,C,A,0,0.13333333333333333,3.0,1.0
01KJN6MMPQTMDYRN709968YFN1,page7-107,01KJN78M7563R5D9TQE5G142DA,01KJN796KT7FCNV2F9QNCQDSES,C,C,1,0.0,3.0,1.0
01KJN6MMPQTMDYRN709968YFN1,page7-107,01KJN78M7563R5D9TQE5G142DA,01KJN79Y7T0VZNKHTSJRZWTDZ5,C,B,0,0.0,3.0,1.0
01KJN6MMPQTMDYRN709968YFN1,page7-107,01KJN78M7563R5D9TQE5G142DA,01KJN79ZDP3YNFFHHQA302PJDP,C,C,1,0.0,3.0,1.0
01KJN6MMPQTMDYRN709968YFN1,page7-107,01KJN791EPN054R2NTQQ1BFXJ5,01KJN796KT7FCNV2F9QNCQDSES,A,C,0,0.1,3.0,1.0
01KJN6MMPQTMDYRN709968YFN1,page7-107,01KJN791EPN054R2NTQQ1BFXJ5,01KJN79Y7T0VZNKHTSJRZWTDZ5,A,B,0,0.08333333333333333,3.0,1.0
01KJN6MMPQTMDYRN709968YFN1,page7-107,01KJN791EPN054R2NTQQ1BFXJ5,01KJN79ZDP3YNFFHHQA302PJDP,A,C,0,0.3,3.0,1.0
01KJN6MMPQTMDYRN709968YFN1,page7-107,01KJN796KT7FCNV2F9QNCQDSES,01KJN79Y7T0VZNKHTSJRZWTDZ5,C,B,0,0.0,3.0,1.0
01KJN6MMPQTMDYRN709968YFN1,page7-107,01KJN796KT7FCNV2F9QNCQDSES,01KJN79ZDP3YNFFHHQA302PJDP,C,C,1,0.2,3.0,1.0
01KJN6MMPQTMDYRN709968YFN1,page7-107,01KJN79Y7T0VZNKHTSJRZWTDZ5,01KJN79ZDP3YNFFHHQA302PJDP,B,C,0,0.14285714285714285,3.0,1.0
01KJN6MMPQTMDYRN709968YFN1,page7-107,01KJN788SPAKVVBHX9T9FDQWAF,01KJN78B0TFR8F59JDGD057XNS,B,A,0,0.1111111111111111,4.0,1.0
01KJN6MMPQTMDYRN709968YFN1,page7-107,01KJN788SPAKVVBHX9T9FDQWAF,01KJN78CQJ3KY7VMGAR6F3D4S0,B,B,1,0.6666666666666666,4.0,1.0
01KJN6MMPQTMDYRN709968YFN1,page7-107,01KJN788SPAKVVBHX9T9FDQWAF,01KJN78JVY5FN5QXW9XGGE72RG,B,A,0,0.5,4.0,1.0
01KJN6MMPQTMDYRN709968YFN1,page7-107,01KJN788SPAKVVBHX9T9FDQWAF,01KJN78M7563R5D9TQE5G142DA,B,C,0,0.0,4.0,1.0
01KJN6MMPQTMDYRN709968YFN1,page7-107,01KJN788SPAKVVBHX9T9FDQWAF,01KJN791EPN054R2NTQQ1BFXJ5,B,A,0,0.1111111111111111,4.0,1.0
01KJN6MMPQTMDYRN709968YFN1,page7-107,01KJN788SPAKVVBHX9T9FDQWAF,01KJN796KT7FCNV2F9QNCQDSES,B,C,0,0.2,4.0,1.0
01KJN6MMPQTMDYRN709968YFN1,page7-107,01KJN788SPAKVVBHX9T9FDQWAF,01KJN79Y7T0VZNKHTSJRZWTDZ5,B,B,1,0.16666666666666666,4.0,1.0
01KJN6MMPQTMDYRN709968YFN1,page7-107,01KJN788SPAKVVBHX9T9FDQWAF,01KJN79ZDP3YNFFHHQA302PJDP,B,C,0,0.16666666666666666,4.0,1.0
01KJN6MMPQTMDYRN709968YFN1,page7-107,01KJN78B0TFR8F59JDGD057XNS,01KJN78CQJ3KY7VMGAR6F3D4S0,A,B,0,0.125,4.0,1.0
01KJN6MMPQTMDYRN709968YFN1,page7-107,01KJN78B0TFR8F59JDGD057XNS,01KJN78JVY5FN5QXW9XGGE72RG,A,A,1,0.25,4.0,1.0
01KJN6MMPQTMDYRN709968YFN1,page7-107,01KJN78B0TFR8F59JDGD057XNS,01KJN78M7563R5D9TQE5G142DA,A,C,0,0.15384615384615385,4.0,1.0
01KJN6MMPQTMDYRN709968YFN1,page7-107,01KJN78B0TFR8F59JDGD057XNS,01KJN791EPN054R2NTQQ1BFXJ5,A,A,1,0.75,4.0,1.0
01KJN6MMPQTMDYRN709968YFN1,page7-107,01KJN78B0TFR8F59JDGD057XNS,01KJN796KT7FCNV2F9QNCQDSES,A,C,0,0.25,4.0,1.0
01KJN6MMPQTMDYRN709968YFN1,page7-107,01KJN78B0TFR8F59JDGD057XNS,01KJN79Y7T0VZNKHTSJRZWTDZ5,A,B,0,0.0,4.0,1.0
01KJN6MMPQTMDYRN709968YFN1,page7-107,01KJN78B0TFR8F59JDGD057XNS,01KJN79ZDP3YNFFHHQA302PJDP,A,C,0,0.1,4.0,1.0
01KJN6MMPQTMDYRN709968YFN1,page7-107,01KJN78CQJ3KY7VMGAR6F3D4S0,01KJN78JVY5FN5QXW9XGGE72RG,B,A,0,0.6666666666666666,4.0,1.0
01KJN6MMPQTMDYRN709968YFN1,page7-107,01KJN78CQJ3KY7VMGAR6F3D4S0,01KJN78M7563R5D9TQE5G142DA,B,C,0,0.0,4.0,1.0
01KJN6MMPQTMDYRN709968YFN1,page7-107,01KJN78CQJ3KY7VMGAR6F3D4S0,01KJN791EPN054R2NTQQ1BFXJ5,B,A,0,0.125,4.0,1.0
01KJN6MMPQTMDYRN709968YFN1,page7-107,01KJN78CQJ3KY7VMGAR6F3D4S0,01KJN796KT7FCNV2F9QNCQDSES,B,C,0,0.25,4.0,1.0
01KJN6MMPQTMDYRN709968YFN1,page7-107,01KJN78CQJ3KY7VMGAR6F3D4S0,01KJN79Y7T0VZNKHTSJRZWTDZ5,B,B,1,0.2,4.0,1.0
01KJN6MMPQTMDYRN709968YFN1,page7-107,01KJN78CQJ3KY7VMGAR6F3D4S0,01KJN79ZDP3YNFFHHQA302PJDP,B,C,0,0.2,4.0,1.0
01KJN6MMPQTMDYRN709968YFN1,page7-107,01KJN78JVY5FN5QXW9XGGE72RG,01KJN78M7563R5D9TQE5G142DA,A,C,0,0.0,4.0,1.0
01KJN6MMPQTMDYRN709968YFN1,page7-107,01KJN78JVY5FN5QXW9XGGE72RG,01KJN791EPN054R2NTQQ1BFXJ5,A,A,1,0.1111111111111111,4.0,1.0
01KJN6MMPQTMDYRN709968YFN1,page7-107,01KJN78JVY5FN5QXW9XGGE72RG,01KJN796KT7FCNV2F9QNCQDSES,A,C,0,0.5,4.0,1.0
01KJN6MMPQTMDYRN709968YFN1,page7-107,01KJN78JVY5FN5QXW9XGGE72RG,01KJN79Y7T0VZNKHTSJRZWTDZ5,A,B,0,0.16666666666666666,4.0,1.0
01KJN6MMPQTMDYRN709968YFN1,page7-107,01KJN78JVY5FN5QXW9XGGE72RG,01KJN79ZDP3YNFFHHQA302PJDP,A,C,0,0.16666666666666666,4.0,1.0
01KJN6MMPQTMDYRN709968YFN1,page7-107,01KJN78M7563R5D9TQE5G142DA,01KJN791EPN054R2NTQQ1BFXJ5,C,A,0,0.15384615384615385,4.0,1.0
01KJN6MMPQTMDYRN709968YFN1,page7-107,01KJN78M7563R5D9TQE5G142DA,01KJN796KT7FCNV2F9QNCQDSES,C,C,1,0.0,4.0,1.0
01KJN6MMPQTMDYRN709968YFN1,page7-107,01KJN78M7563R5D9TQE5G142DA,01KJN79Y7T0VZNKHTSJRZWTDZ5,C,B,0,0.0,4.0,1.0
01KJN6MMPQTMDYRN709968YFN1,page7-107,01KJN78M7563R5D9TQE5G142DA,01KJN79ZDP3YNFFHHQA302PJDP,C,C,1,0.0,4.0,1.0
01KJN6MMPQTMDYRN709968YFN1,page7-107,01KJN791EPN054R2NTQQ1BFXJ5,01KJN796KT7FCNV2F9QNCQDSES,A,C,0,0.25,4.0,1.0
01KJN6MMPQTMDYRN709968YFN1,page7-107,01KJN791EPN054R2NTQQ1BFXJ5,01KJN79Y7T0VZNKHTSJRZWTDZ5,A,B,0,0.0,4.0,1.0
01KJN6MMPQTMDYRN709968YFN1,page7-107,01KJN791EPN054R2NTQQ1BFXJ5,01KJN79ZDP3YNFFHHQA302PJDP,A,C,0,0.1,4.0,1.0
01KJN6MMPQTMDYRN709968YFN1,page7-107,01KJN796KT7FCNV2F9QNCQDSES,01KJN79Y7T0VZNKHTSJRZWTDZ5,C,B,0,0.0,4.0,1.0
01KJN6MMPQTMDYRN709968YFN1,page7-107,01KJN796KT7FCNV2F9QNCQDSES,01KJN79ZDP3YNFFHHQA302PJDP,C,C,1,0.16666666666666666,4.0,1.0
01KJN6MMPQTMDYRN709968YFN1,page7-107,01KJN79Y7T0VZNKHTSJRZWTDZ5,01KJN79ZDP3YNFFHHQA302PJDP,B,C,0,0.14285714285714285,4.0,1.0
01KJN6MMPQTMDYRN709968YFN1,page7-107,01KJN788SPAKVVBHX9T9FDQWAF,01KJN78B0TFR8F59JDGD057XNS,B,A,0,0.1111111111111111,5.0,1.0
01KJN6MMPQTMDYRN709968YFN1,page7-107,01KJN788SPAKVVBHX9T9FDQWAF,01KJN78CQJ3KY7VMGAR6F3D4S0,B,B,1,0.6666666666666666,5.0,1.0
01KJN6MMPQTMDYRN709968YFN1,page7-107,01KJN788SPAKVVBHX9T9FDQWAF,01KJN78JVY5FN5QXW9XGGE72RG,B,A,0,0.2,5.0,1.0
01KJN6MMPQTMDYRN709968YFN1,page7-107,01KJN788SPAKVVBHX9T9FDQWAF,01KJN78M7563R5D9TQE5G142DA,B,C,0,0.0,5.0,1.0
01KJN6MMPQTMDYRN709968YFN1,page7-107,01KJN788SPAKVVBHX9T9FDQWAF,01KJN791EPN054R2NTQQ1BFXJ5,B,A,0,0.1111111111111111,5.0,1.0
01KJN6MMPQTMDYRN709968YFN1,page7-107,01KJN788SPAKVVBHX9T9FDQWAF,01KJN796KT7FCNV2F9QNCQDSES,B,C,0,0.2,5.0,1.0
01KJN6MMPQTMDYRN709968YFN1,page7-107,01KJN788SPAKVVBHX9T9FDQWAF,01KJN79Y7T0VZNKHTSJRZWTDZ5,B,B,1,0.16666666666666666,5.0,1.0
01KJN6MMPQTMDYRN709968YFN1,page7-107,01KJN788SPAKVVBHX9T9FDQWAF,01KJN79ZDP3YNFFHHQA302PJDP,B,C,0,0.16666666666666666,5.0,1.0
01KJN6MMPQTMDYRN709968YFN1,page7-107,01KJN78B0TFR8F59JDGD057XNS,01KJN78CQJ3KY7VMGAR6F3D4S0,A,B,0,0.125,5.0,1.0
01KJN6MMPQTMDYRN709968YFN1,page7-107,01KJN78B0TFR8F59JDGD057XNS,01KJN78JVY5FN5QXW9XGGE72RG,A,A,1,0.42857142857142855,5.0,1.0
01KJN6MMPQTMDYRN709968YFN1,page7-107,01KJN78B0TFR8F59JDGD057XNS,01KJN78M7563R5D9TQE5G142DA,A,C,0,0.15384615384615385,5.0,1.0
01KJN6MMPQTMDYRN709968YFN1,page7-107,01KJN78B0TFR8F59JDGD057XNS,01KJN791EPN054R2NTQQ1BFXJ5,A,A,1,0.75,5.0,1.0
01KJN6MMPQTMDYRN709968YFN1,page7-107,01KJN78B0TFR8F59JDGD057XNS,01KJN796KT7FCNV2F9QNCQDSES,A,C,0,0.25,5.0,1.0
01KJN6MMPQTMDYRN709968YFN1,page7-107,01KJN78B0TFR8F59JDGD057XNS,01KJN79Y7T0VZNKHTSJRZWTDZ5,A,B,0,0.0,5.0,1.0
01KJN6MMPQTMDYRN709968YFN1,page7-107,01KJN78B0TFR8F59JDGD057XNS,01KJN79ZDP3YNFFHHQA302PJDP,A,C,0,0.1,5.0,1.0
01KJN6MMPQTMDYRN709968YFN1,page7-107,01KJN78CQJ3KY7VMGAR6F3D4S0,01KJN78JVY5FN5QXW9XGGE72RG,B,A,0,0.25,5.0,1.0
01KJN6MMPQTMDYRN709968YFN1,page7-107,01KJN78CQJ3KY7VMGAR6F3D4S0,01KJN78M7563R5D9TQE5G142DA,B,C,0,0.0,5.0,1.0
01KJN6MMPQTMDYRN709968YFN1,page7-107,01KJN78CQJ3KY7VMGAR6F3D4S0,01KJN791EPN054R2NTQQ1BFXJ5,B,A,0,0.125,5.0,1.0
01KJN6MMPQTMDYRN709968YFN1,page7-107,01KJN78CQJ3KY7VMGAR6F3D4S0,01KJN796KT7FCNV2F9QNCQDSES,B,C,0,0.25,5.0,1.0
01KJN6MMPQTMDYRN709968YFN1,page7-107,01KJN78CQJ3KY7VMGAR6F3D4S0,01KJN79Y7T0VZNKHTSJRZWTDZ5,B,B,1,0.2,5.0,1.0
01KJN6MMPQTMDYRN709968YFN1,page7-107,01KJN78CQJ3KY7VMGAR6F3D4S0,01KJN79ZDP3YNFFHHQA302PJDP,B,C,0,0.2,5.0,1.0
01KJN6MMPQTMDYRN709968YFN1,page7-107,01KJN78JVY5FN5QXW9XGGE72RG,01KJN78M7563R5D9TQE5G142DA,A,C,0,0.0,5.0,1.0
01KJN6MMPQTMDYRN709968YFN1,page7-107,01KJN78JVY5FN5QXW9XGGE72RG,01KJN791EPN054R2NTQQ1BFXJ5,A,A,1,0.25,5.0,1.0
01KJN6MMPQTMDYRN709968YFN1,page7-107,01KJN78JVY5FN5QXW9XGGE72RG,01KJN796KT7FCNV2F9QNCQDSES,A,C,0,0.5,5.0,1.0
01KJN6MMPQTMDYRN709968YFN1,page7-107,01KJN78JVY5FN5QXW9XGGE72RG,01KJN79Y7T0VZNKHTSJRZWTDZ5,A,B,0,0.0,5.0,1.0
01KJN6MMPQTMDYRN709968YFN1,page7-107,01KJN78JVY5FN5QXW9XGGE72RG,01KJN79ZDP3YNFFHHQA302PJDP,A,C,0,0.16666666666666666,5.0,1.0
01KJN6MMPQTMDYRN709968YFN1,page7-107,01KJN78M7563R5D9TQE5G142DA,01KJN791EPN054R2NTQQ1BFXJ5,C,A,0,0.15384615384615385,5.0,1.0
01KJN6MMPQTMDYRN709968YFN1,page7-107,01KJN78M7563R5D9TQE5G142DA,01KJN796KT7FCNV2F9QNCQDSES,C,C,1,0.0,5.0,1.0
01KJN6MMPQTMDYRN709968YFN1,page7-107,01KJN78M7563R5D9TQE5G142DA,01KJN79Y7T0VZNKHTSJRZWTDZ5,C,B,0,0.0,5.0,1.0
01KJN6MMPQTMDYRN709968YFN1,page7-107,01KJN78M7563R5D9TQE5G142DA,01KJN79ZDP3YNFFHHQA302PJDP,C,C,1,0.0,5.0,1.0
01KJN6MMPQTMDYRN709968YFN1,page7-107,01KJN791EPN054R2NTQQ1BFXJ5,01KJN796KT7FCNV2F9QNCQDSES,A,C,0,0.25,5.0,1.0
01KJN6MMPQTMDYRN709968YFN1,page7-107,01KJN791EPN054R2NTQQ1BFXJ5,01KJN79Y7T0VZNKHTSJRZWTDZ5,A,B,0,0.0,5.0,1.0
01KJN6MMPQTMDYRN709968YFN1,page7-107,01KJN791EPN054R2NTQQ1BFXJ5,01KJN79ZDP3YNFFHHQA302PJDP,A,C,0,0.1,5.0,1.0
01KJN6MMPQTMDYRN709968YFN1,page7-107,01KJN796KT7FCNV2F9QNCQDSES,01KJN79Y7T0VZNKHTSJRZWTDZ5,C,B,0,0.0,5.0,1.0
01KJN6MMPQTMDYRN709968YFN1,page7-107,01KJN796KT7FCNV2F9QNCQDSES,01KJN79ZDP3YNFFHHQA302PJDP,C,C,1,0.16666666666666666,5.0,1.0
01KJN6MMPQTMDYRN709968YFN1,page7-107,01KJN79Y7T0VZNKHTSJRZWTDZ5,01KJN79ZDP3YNFFHHQA302PJDP,B,C,0,0.0,5.0,1.0
01KJN6MMPQTMDYRN709968YFN1,page5-28,01KJN788SPAKVVBHX9T9FDQWAF,01KJN78B0TFR8F59JDGD057XNS,B,A,0,0.08333333333333333,2.0,1.0
01KJN6MMPQTMDYRN709968YFN1,page5-28,01KJN788SPAKVVBHX9T9FDQWAF,01KJN78CQJ3KY7VMGAR6F3D4S0,B,B,1,0.2222222222222222,2.0,1.0
01KJN6MMPQTMDYRN709968YFN1,page5-28,01KJN788SPAKVVBHX9T9FDQWAF,01KJN78JVY5FN5QXW9XGGE72RG,B,A,0,0.0,2.0,1.0
01KJN6MMPQTMDYRN709968YFN1,page5-28,01KJN788SPAKVVBHX9T9FDQWAF,01KJN791EPN054R2NTQQ1BFXJ5,B,A,0,0.0,2.0,1.0
01KJN6MMPQTMDYRN709968YFN1,page5-28,01KJN788SPAKVVBHX9T9FDQWAF,01KJN796KT7FCNV2F9QNCQDSES,B,C,0,0.375,2.0,1.0
01KJN6MMPQTMDYRN709968YFN1,page5-28,01KJN788SPAKVVBHX9T9FDQWAF,01KJN79Y7T0VZNKHTSJRZWTDZ5,B,B,1,0.2,2.0,1.0
01KJN6MMPQTMDYRN709968YFN1,page5-28,01KJN788SPAKVVBHX9T9FDQWAF,01KJN79ZDP3YNFFHHQA302PJDP,B,C,0,0.08333333333333333,2.0,1.0
01KJN6MMPQTMDYRN709968YFN1,page5-28,01KJN78B0TFR8F59JDGD057XNS,01KJN78CQJ3KY7VMGAR6F3D4S0,A,B,0,0.2,2.0,1.0
01KJN6MMPQTMDYRN709968YFN1,page5-28,01KJN78B0TFR8F59JDGD057XNS,01KJN78JVY5FN5QXW9XGGE72RG,A,A,1,0.2857142857142857,2.0,1.0
01KJN6MMPQTMDYRN709968YFN1,page5-28,01KJN78B0TFR8F59JDGD057XNS,01KJN791EPN054R2NTQQ1BFXJ5,A,A,1,0.125,2.0,1.0
01KJN6MMPQTMDYRN709968YFN1,page5-28,01KJN78B0TFR8F59JDGD057XNS,01KJN796KT7FCNV2F9QNCQDSES,A,C,0,0.09090909090909091,2.0,1.0
01KJN6MMPQTMDYRN709968YFN1,page5-28,01KJN78B0TFR8F59JDGD057XNS,01KJN79Y7T0VZNKHTSJRZWTDZ5,A,B,0,0.0,2.0,1.0
01KJN6MMPQTMDYRN709968YFN1,page5-28,01KJN78B0TFR8F59JDGD057XNS,01KJN79ZDP3YNFFHHQA302PJDP,A,C,0,0.07692307692307693,2.0,1.0
01KJN6MMPQTMDYRN709968YFN1,page5-28,01KJN78CQJ3KY7VMGAR6F3D4S0,01KJN78JVY5FN5QXW9XGGE72RG,B,A,0,0.0,2.0,1.0
01KJN6MMPQTMDYRN709968YFN1,page5-28,01KJN78CQJ3KY7VMGAR6F3D4S0,01KJN791EPN054R2NTQQ1BFXJ5,B,A,0,0.0,2.0,1.0
01KJN6MMPQTMDYRN709968YFN1,page5-28,01KJN78CQJ3KY7VMGAR6F3D4S0,01KJN796KT7FCNV2F9QNCQDSES,B,C,0,0.25,2.0,1.0
01KJN6MMPQTMDYRN709968YFN1,page5-28,01KJN78CQJ3KY7VMGAR6F3D4S0,01KJN79Y7T0VZNKHTSJRZWTDZ5,B,B,1,0.1,2.0,1.0
01KJN6MMPQTMDYRN709968YFN1,page5-28,01KJN78CQJ3KY7VMGAR6F3D4S0,01KJN79ZDP3YNFFHHQA302PJDP,B,C,0,0.2,2.0,1.0
01KJN6MMPQTMDYRN709968YFN1,page5-28,01KJN78JVY5FN5QXW9XGGE72RG,01KJN791EPN054R2NTQQ1BFXJ5,A,A,1,0.3333333333333333,2.0,1.0
01KJN6MMPQTMDYRN709968YFN1,page5-28,01KJN78JVY5FN5QXW9XGGE72RG,01KJN796KT7FCNV2F9QNCQDSES,A,C,0,0.0,2.0,1.0
01KJN6MMPQTMDYRN709968YFN1,page5-28,01KJN78JVY5FN5QXW9XGGE72RG,01KJN79Y7T0VZNKHTSJRZWTDZ5,A,B,0,0.0,2.0,1.0
01KJN6MMPQTMDYRN709968YFN1,page5-28,01KJN78JVY5FN5QXW9XGGE72RG,01KJN79ZDP3YNFFHHQA302PJDP,A,C,0,0.0,2.0,1.0
01KJN6MMPQTMDYRN709968YFN1,page5-28,01KJN791EPN054R2NTQQ1BFXJ5,01KJN796KT7FCNV2F9QNCQDSES,A,C,0,0.0,2.0,1.0
01KJN6MMPQTMDYRN709968YFN1,page5-28,01KJN791EPN054R2NTQQ1BFXJ5,01KJN79Y7T0VZNKHTSJRZWTDZ5,A,B,0,0.0,2.0,1.0
01KJN6MMPQTMDYRN709968YFN1,page5-28,01KJN791EPN054R2NTQQ1BFXJ5,01KJN79ZDP3YNFFHHQA302PJDP,A,C,0,0.0,2.0,1.0
01KJN6MMPQTMDYRN709968YFN1,page5-28,01KJN796KT7FCNV2F9QNCQDSES,01KJN79Y7T0VZNKHTSJRZWTDZ5,C,B,0,0.1,2.0,1.0
01KJN6MMPQTMDYRN709968YFN1,page5-28,01KJN796KT7FCNV2F9QNCQDSES,01KJN79ZDP3YNFFHHQA302PJDP,C,C,1,0.2,2.0,1.0
01KJN6MMPQTMDYRN709968YFN1,page5-28,01KJN79Y7T0VZNKHTSJRZWTDZ5,01KJN79ZDP3YNFFHHQA302PJDP,B,C,0,0.08333333333333333,2.0,1.0
01KJN6MMPQTMDYRN709968YFN1,page5-28,01KJN788SPAKVVBHX9T9FDQWAF,01KJN78B0TFR8F59JDGD057XNS,B,A,0,0.0,3.0,1.0
01KJN6MMPQTMDYRN709968YFN1,page5-28,01KJN788SPAKVVBHX9T9FDQWAF,01KJN78CQJ3KY7VMGAR6F3D4S0,B,B,1,0.2222222222222222,3.0,1.0
01KJN6MMPQTMDYRN709968YFN1,page5-28,01KJN788SPAKVVBHX9T9FDQWAF,01KJN78JVY5FN5QXW9XGGE72RG,B,A,0,0.0,3.0,1.0
01KJN6MMPQTMDYRN709968YFN1,page5-28,01KJN788SPAKVVBHX9T9FDQWAF,01KJN78M7563R5D9TQE5G142DA,B,C,0,0.0,3.0,1.0
01KJN6MMPQTMDYRN709968YFN1,page5-28,01KJN788SPAKVVBHX9T9FDQWAF,01KJN791EPN054R2NTQQ1BFXJ5,B,A,0,0.0,3.0,1.0
01KJN6MMPQTMDYRN709968YFN1,page5-28,01KJN788SPAKVVBHX9T9FDQWAF,01KJN796KT7FCNV2F9QNCQDSES,B,C,0,0.375,3.0,1.0
01KJN6MMPQTMDYRN709968YFN1,page5-28,01KJN788SPAKVVBHX9T9FDQWAF,01KJN79Y7T0VZNKHTSJRZWTDZ5,B,B,1,0.42857142857142855,3.0,1.0
01KJN6MMPQTMDYRN709968YFN1,page5-28,01KJN788SPAKVVBHX9T9FDQWAF,01KJN79ZDP3YNFFHHQA302PJDP,B,C,0,0.08333333333333333,3.0,1.0
01KJN6MMPQTMDYRN709968YFN1,page5-28,01KJN78B0TFR8F59JDGD057XNS,01KJN78CQJ3KY7VMGAR6F3D4S0,A,B,0,0.0,3.0,1.0
01KJN6MMPQTMDYRN709968YFN1,page5-28,01KJN78B0TFR8F59JDGD057XNS,01KJN78JVY5FN5QXW9XGGE72RG,A,A,1,0.6666666666666666,3.0,1.0
01KJN6MMPQTMDYRN709968YFN1,page5-28,01KJN78B0TFR8F59JDGD057XNS,01KJN78M7563R5D9TQE5G142DA,A,C,0,0.0,3.0,1.0
01KJN6MMPQTMDYRN709968YFN1,page5-28,01KJN78B0TFR8F59JDGD057XNS,01KJN791EPN054R2NTQQ1BFXJ5,A,A,1,0.25,3.0,1.0
01KJN6MMPQTMDYRN709968YFN1,page5-28,01KJN78B0TFR8F59JDGD057XNS,01KJN796KT7FCNV2F9QNCQDSES,A,C,0,0.0,3.0,1.0
01KJN6MMPQTMDYRN709968YFN1,page5-28,01KJN78B0TFR8F59JDGD057XNS,01KJN79Y7T0VZNKHTSJRZWTDZ5,A,B,0,0.0,3.0,1.0
01KJN6MMPQTMDYRN709968YFN1,page5-28,01KJN78B0TFR8F59JDGD057XNS,01KJN79ZDP3YNFFHHQA302PJDP,A,C,0,0.0,3.0,1.0
01KJN6MMPQTMDYRN709968YFN1,page5-28,01KJN78CQJ3KY7VMGAR6F3D4S0,01KJN78JVY5FN5QXW9XGGE72RG,B,A,0,0.0,3.0,1.0
01KJN6MMPQTMDYRN709968YFN1,page5-28,01KJN78CQJ3KY7VMGAR6F3D4S0,01KJN78M7563R5D9TQE5G142DA,B,C,0,0.125,3.0,1.0
01KJN6MMPQTMDYRN709968YFN1,page5-28,01KJN78CQJ3KY7VMGAR6F3D4S0,01KJN791EPN054R2NTQQ1BFXJ5,B,A,0,0.0,3.0,1.0
01KJN6MMPQTMDYRN709968YFN1,page5-28,01KJN78CQJ3KY7VMGAR6F3D4S0,01KJN796KT7FCNV2F9QNCQDSES,B,C,0,0.25,3.0,1.0
01KJN6MMPQTMDYRN709968YFN1,page5-28,01KJN78CQJ3KY7VMGAR6F3D4S0,01KJN79Y7T0VZNKHTSJRZWTDZ5,B,B,1,0.125,3.0,1.0
01KJN6MMPQTMDYRN709968YFN1,page5-28,01KJN78CQJ3KY7VMGAR6F3D4S0,01KJN79ZDP3YNFFHHQA302PJDP,B,C,0,0.2,3.0,1.0
01KJN6MMPQTMDYRN709968YFN1,page5-28,01KJN78JVY5FN5QXW9XGGE72RG,01KJN78M7563R5D9TQE5G142DA,A,C,0,0.0,3.0,1.0
01KJN6MMPQTMDYRN709968YFN1,page5-28,01KJN78JVY5FN5QXW9XGGE72RG,01KJN791EPN054R2NTQQ1BFXJ5,A,A,1,0.3333333333333333,3.0,1.0
01KJN6MMPQTMDYRN709968YFN1,page5-28,01KJN78JVY5FN5QXW9XGGE72RG,01KJN796KT7FCNV2F9QNCQDSES,A,C,0,0.0,3.0,1.0
01KJN6MMPQTMDYRN709968YFN1,page5-28,01KJN78JVY5FN5QXW9XGGE72RG,01KJN79Y7T0VZNKHTSJRZWTDZ5,A,B,0,0.0,3.0,1.0
01KJN6MMPQTMDYRN709968YFN1,page5-28,01KJN78JVY5FN5QXW9XGGE72RG,01KJN79ZDP3YNFFHHQA302PJDP,A,C,0,0.0,3.0,1.0
01KJN6MMPQTMDYRN709968YFN1,page5-28,01KJN78M7563R5D9TQE5G142DA,01KJN791EPN054R2NTQQ1BFXJ5,C,A,0,0.0,3.0,1.0
01KJN6MMPQTMDYRN709968YFN1,page5-28,01KJN78M7563R5D9TQE5G142DA,01KJN796KT7FCNV2F9QNCQDSES,C,C,1,0.0,3.0,1.0
01KJN6MMPQTMDYRN709968YFN1,page5-28,01KJN78M7563R5D9TQE5G142DA,01KJN79Y7T0VZNKHTSJRZWTDZ5,C,B,0,0.0,3.0,1.0
01KJN6MMPQTMDYRN709968YFN1,page5-28,01KJN78M7563R5D9TQE5G142DA,01KJN79ZDP3YNFFHHQA302PJDP,C,C,1,0.1,3.0,1.0
01KJN6MMPQTMDYRN709968YFN1,page5-28,01KJN791EPN054R2NTQQ1BFXJ5,01KJN796KT7FCNV2F9QNCQDSES,A,C,0,0.0,3.0,1.0
01KJN6MMPQTMDYRN709968YFN1,page5-28,01KJN791EPN054R2NTQQ1BFXJ5,01KJN79Y7T0VZNKHTSJRZWTDZ5,A,B,0,0.0,3.0,1.0
01KJN6MMPQTMDYRN709968YFN1,page5-28,01KJN791EPN054R2NTQQ1BFXJ5,01KJN79ZDP3YNFFHHQA302PJDP,A,C,0,0.0,3.0,1.0
01KJN6MMPQTMDYRN709968YFN1,page5-28,01KJN796KT7FCNV2F9QNCQDSES,01KJN79Y7T0VZNKHTSJRZWTDZ5,C,B,0,0.125,3.0,1.0
01KJN6MMPQTMDYRN709968YFN1,page5-28,01KJN796KT7FCNV2F9QNCQDSES,01KJN79ZDP3YNFFHHQA302PJDP,C,C,1,0.2,3.0,1.0
01KJN6MMPQTMDYRN709968YFN1,page5-28,01KJN79Y7T0VZNKHTSJRZWTDZ5,01KJN79ZDP3YNFFHHQA302PJDP,B,C,0,0.1,3.0,1.0
01KJN6MMPQTMDYRN709968YFN1,page5-28,01KJN788SPAKVVBHX9T9FDQWAF,01KJN78B0TFR8F59JDGD057XNS,B,A,0,0.0,4.0,1.0
01KJN6MMPQTMDYRN709968YFN1,page5-28,01KJN788SPAKVVBHX9T9FDQWAF,01KJN78CQJ3KY7VMGAR6F3D4S0,B,B,1,0.1111111111111111,4.0,1.0
01KJN6MMPQTMDYRN709968YFN1,page5-28,01KJN788SPAKVVBHX9T9FDQWAF,01KJN78JVY5FN5QXW9XGGE72RG,B,A,0,0.0,4.0,1.0
01KJN6MMPQTMDYRN709968YFN1,page5-28,01KJN788SPAKVVBHX9T9FDQWAF,01KJN78M7563R5D9TQE5G142DA,B,C,0,0.0,4.0,1.0
01KJN6MMPQTMDYRN709968YFN1,page5-28,01KJN788SPAKVVBHX9T9FDQWAF,01KJN791EPN054R2NTQQ1BFXJ5,B,A,0,0.0,4.0,1.0
01KJN6MMPQTMDYRN709968YFN1,page5-28,01KJN788SPAKVVBHX9T9FDQWAF,01KJN796KT7FCNV2F9QNCQDSES,B,C,0,0.08333333333333333,4.0,1.0
01KJN6MMPQTMDYRN709968YFN1,page5-28,01KJN788SPAKVVBHX9T9FDQWAF,01KJN79Y7T0VZNKHTSJRZWTDZ5,B,B,1,0.5,4.0,1.0
01KJN6MMPQTMDYRN709968YFN1,page5-28,01KJN788SPAKVVBHX9T9FDQWAF,01KJN79ZDP3YNFFHHQA302PJDP,B,C,0,0.09090909090909091,4.0,1.0
01KJN6MMPQTMDYRN709968YFN1,page5-28,01KJN78B0TFR8F59JDGD057XNS,01KJN78CQJ3KY7VMGAR6F3D4S0,A,B,0,0.0,4.0,1.0
01KJN6MMPQTMDYRN709968YFN1,page5-28,01KJN78B0TFR8F59JDGD057XNS,01KJN78JVY5FN5QXW9XGGE72RG,A,A,1,0.6666666666666666,4.0,1.0
01KJN6MMPQTMDYRN709968YFN1,page5-28,01KJN78B0TFR8F59JDGD057XNS,01KJN78M7563R5D9TQE5G142DA,A,C,0,0.0,4.0,1.0
01KJN6MMPQTMDYRN709968YFN1,page5-28,01KJN78B0TFR8F59JDGD057XNS,01KJN791EPN054R2NTQQ1BFXJ5,A,A,1,0.6666666666666666,4.0,1.0
01KJN6MMPQTMDYRN709968YFN1,page5-28,01KJN78B0TFR8F59JDGD057XNS,01KJN796KT7FCNV2F9QNCQDSES,A,C,0,0.0,4.0,1.0
01KJN6MMPQTMDYRN709968YFN1,page5-28,01KJN78B0TFR8F59JDGD057XNS,01KJN79Y7T0VZNKHTSJRZWTDZ5,A,B,0,0.0,4.0,1.0
01KJN6MMPQTMDYRN709968YFN1,page5-28,01KJN78B0TFR8F59JDGD057XNS,01KJN79ZDP3YNFFHHQA302PJDP,A,C,0,0.0,4.0,1.0
01KJN6MMPQTMDYRN709968YFN1,page5-28,01KJN78CQJ3KY7VMGAR6F3D4S0,01KJN78JVY5FN5QXW9XGGE72RG,B,A,0,0.0,4.0,1.0
01KJN6MMPQTMDYRN709968YFN1,page5-28,01KJN78CQJ3KY7VMGAR6F3D4S0,01KJN78M7563R5D9TQE5G142DA,B,C,0,0.125,4.0,1.0
01KJN6MMPQTMDYRN709968YFN1,page5-28,01KJN78CQJ3KY7VMGAR6F3D4S0,01KJN791EPN054R2NTQQ1BFXJ5,B,A,0,0.0,4.0,1.0
01KJN6MMPQTMDYRN709968YFN1,page5-28,01KJN78CQJ3KY7VMGAR6F3D4S0,01KJN796KT7FCNV2F9QNCQDSES,B,C,0,0.3,4.0,1.0
01KJN6MMPQTMDYRN709968YFN1,page5-28,01KJN78CQJ3KY7VMGAR6F3D4S0,01KJN79Y7T0VZNKHTSJRZWTDZ5,B,B,1,0.125,4.0,1.0
01KJN6MMPQTMDYRN709968YFN1,page5-28,01KJN78CQJ3KY7VMGAR6F3D4S0,01KJN79ZDP3YNFFHHQA302PJDP,B,C,0,0.2,4.0,1.0
01KJN6MMPQTMDYRN709968YFN1,page5-28,01KJN78JVY5FN5QXW9XGGE72RG,01KJN78M7563R5D9TQE5G142DA,A,C,0,0.0,4.0,1.0
01KJN6MMPQTMDYRN709968YFN1,page5-28,01KJN78JVY5FN5QXW9XGGE72RG,01KJN791EPN054R2NTQQ1BFXJ5,A,A,1,1.0,4.0,1.0
01KJN6MMPQTMDYRN709968YFN1,page5-28,01KJN78JVY5FN5QXW9XGGE72RG,01KJN796KT7FCNV2F9QNCQDSES,A,C,0,0.0,4.0,1.0
01KJN6MMPQTMDYRN709968YFN1,page5-28,01KJN78JVY5FN5QXW9XGGE72RG,01KJN79Y7T0VZNKHTSJRZWTDZ5,A,B,0,0.0,4.0,1.0
01KJN6MMPQTMDYRN709968YFN1,page5-28,01KJN78JVY5FN5QXW9XGGE72RG,01KJN79ZDP3YNFFHHQA302PJDP,A,C,0,0.0,4.0,1.0
01KJN6MMPQTMDYRN709968YFN1,page5-28,01KJN78M7563R5D9TQE5G142DA,01KJN791EPN054R2NTQQ1BFXJ5,C,A,0,0.0,4.0,1.0
01KJN6MMPQTMDYRN709968YFN1,page5-28,01KJN78M7563R5D9TQE5G142DA,01KJN796KT7FCNV2F9QNCQDSES,C,C,1,0.09090909090909091,4.0,1.0
01KJN6MMPQTMDYRN709968YFN1,page5-28,01KJN78M7563R5D9TQE5G142DA,01KJN79Y7T0VZNKHTSJRZWTDZ5,C,B,0,0.0,4.0,1.0
01KJN6MMPQTMDYRN709968YFN1,page5-28,01KJN78M7563R5D9TQE5G142DA,01KJN79ZDP3YNFFHHQA302PJDP,C,C,1,0.1,4.0,1.0
01KJN6MMPQTMDYRN709968YFN1,page5-28,01KJN791EPN054R2NTQQ1BFXJ5,01KJN796KT7FCNV2F9QNCQDSES,A,C,0,0.0,4.0,1.0
01KJN6MMPQTMDYRN709968YFN1,page5-28,01KJN791EPN054R2NTQQ1BFXJ5,01KJN79Y7T0VZNKHTSJRZWTDZ5,A,B,0,0.0,4.0,1.0
01KJN6MMPQTMDYRN709968YFN1,page5-28,01KJN791EPN054R2NTQQ1BFXJ5,01KJN79ZDP3YNFFHHQA302PJDP,A,C,0,0.0,4.0,1.0
01KJN6MMPQTMDYRN709968YFN1,page5-28,01KJN796KT7FCNV2F9QNCQDSES,01KJN79Y7T0VZNKHTSJRZWTDZ5,C,B,0,0.09090909090909091,4.0,1.0
01KJN6MMPQTMDYRN709968YFN1,page5-28,01KJN796KT7FCNV2F9QNCQDSES,01KJN79ZDP3YNFFHHQA302PJDP,C,C,1,0.25,4.0,1.0
01KJN6MMPQTMDYRN709968YFN1,page5-28,01KJN79Y7T0VZNKHTSJRZWTDZ5,01KJN79ZDP3YNFFHHQA302PJDP,B,C,0,0.1,4.0,1.0
01KJN6MMPQTMDYRN709968YFN1,page5-28,01KJN788SPAKVVBHX9T9FDQWAF,01KJN78B0TFR8F59JDGD057XNS,B,A,0,0.0,5.0,1.0
01KJN6MMPQTMDYRN709968YFN1,page5-28,01KJN788SPAKVVBHX9T9FDQWAF,01KJN78CQJ3KY7VMGAR6F3D4S0,B,B,1,0.2857142857142857,5.0,1.0
01KJN6MMPQTMDYRN709968YFN1,page5-28,01KJN788SPAKVVBHX9T9FDQWAF,01KJN78JVY5FN5QXW9XGGE72RG,B,A,0,0.0,5.0,1.0
01KJN6MMPQTMDYRN709968YFN1,page5-28,01KJN788SPAKVVBHX9T9FDQWAF,01KJN78M7563R5D9TQE5G142DA,B,C,0,0.0,5.0,1.0
01KJN6MMPQTMDYRN709968YFN1,page5-28,01KJN788SPAKVVBHX9T9FDQWAF,01KJN791EPN054R2NTQQ1BFXJ5,B,A,0,0.0,5.0,1.0
01KJN6MMPQTMDYRN709968YFN1,page5-28,01KJN788SPAKVVBHX9T9FDQWAF,01KJN796KT7FCNV2F9QNCQDSES,B,C,0,0.08333333333333333,5.0,1.0
01KJN6MMPQTMDYRN709968YFN1,page5-28,01KJN788SPAKVVBHX9T9FDQWAF,01KJN79Y7T0VZNKHTSJRZWTDZ5,B,B,1,0.5,5.0,1.0
01KJN6MMPQTMDYRN709968YFN1,page5-28,01KJN788SPAKVVBHX9T9FDQWAF,01KJN79ZDP3YNFFHHQA302PJDP,B,C,0,0.1111111111111111,5.0,1.0
01KJN6MMPQTMDYRN709968YFN1,page5-28,01KJN78B0TFR8F59JDGD057XNS,01KJN78CQJ3KY7VMGAR6F3D4S0,A,B,0,0.0,5.0,1.0
01KJN6MMPQTMDYRN709968YFN1,page5-28,01KJN78B0TFR8F59JDGD057XNS,01KJN78JVY5FN5QXW9XGGE72RG,A,A,1,0.6666666666666666,5.0,1.0
01KJN6MMPQTMDYRN709968YFN1,page5-28,01KJN78B0TFR8F59JDGD057XNS,01KJN78M7563R5D9TQE5G142DA,A,C,0,0.0,5.0,1.0
01KJN6MMPQTMDYRN709968YFN1,page5-28,01KJN78B0TFR8F59JDGD057XNS,01KJN791EPN054R2NTQQ1BFXJ5,A,A,1,0.6666666666666666,5.0,1.0
01KJN6MMPQTMDYRN709968YFN1,page5-28,01KJN78B0TFR8F59JDGD057XNS,01KJN796KT7FCNV2F9QNCQDSES,A,C,0,0.0,5.0,1.0
01KJN6MMPQTMDYRN709968YFN1,page5-28,01KJN78B0TFR8F59JDGD057XNS,01KJN79Y7T0VZNKHTSJRZWTDZ5,A,B,0,0.0,5.0,1.0
01KJN6MMPQTMDYRN709968YFN1,page5-28,01KJN78B0TFR8F59JDGD057XNS,01KJN79ZDP3YNFFHHQA302PJDP,A,C,0,0.0,5.0,1.0
01KJN6MMPQTMDYRN709968YFN1,page5-28,01KJN78CQJ3KY7VMGAR6F3D4S0,01KJN78JVY5FN5QXW9XGGE72RG,B,A,0,0.0,5.0,1.0
01KJN6MMPQTMDYRN709968YFN1,page5-28,01KJN78CQJ3KY7VMGAR6F3D4S0,01KJN78M7563R5D9TQE5G142DA,B,C,0,0.0,5.0,1.0
01KJN6MMPQTMDYRN709968YFN1,page5-28,01KJN78CQJ3KY7VMGAR6F3D4S0,01KJN791EPN054R2NTQQ1BFXJ5,B,A,0,0.0,5.0,1.0
01KJN6MMPQTMDYRN709968YFN1,page5-28,01KJN78CQJ3KY7VMGAR6F3D4S0,01KJN796KT7FCNV2F9QNCQDSES,B,C,0,0.09090909090909091,5.0,1.0
01KJN6MMPQTMDYRN709968YFN1,page5-28,01KJN78CQJ3KY7VMGAR6F3D4S0,01KJN79Y7T0VZNKHTSJRZWTDZ5,B,B,1,0.3333333333333333,5.0,1.0
01KJN6MMPQTMDYRN709968YFN1,page5-28,01KJN78CQJ3KY7VMGAR6F3D4S0,01KJN79ZDP3YNFFHHQA302PJDP,B,C,0,0.125,5.0,1.0
01KJN6MMPQTMDYRN709968YFN1,page5-28,01KJN78JVY5FN5QXW9XGGE72RG,01KJN78M7563R5D9TQE5G142DA,A,C,0,0.0,5.0,1.0
01KJN6MMPQTMDYRN709968YFN1,page5-28,01KJN78JVY5FN5QXW9XGGE72RG,01KJN791EPN054R2NTQQ1BFXJ5,A,A,1,1.0,5.0,1.0
01KJN6MMPQTMDYRN709968YFN1,page5-28,01KJN78JVY5FN5QXW9XGGE72RG,01KJN796KT7FCNV2F9QNCQDSES,A,C,0,0.0,5.0,1.0
01KJN6MMPQTMDYRN709968YFN1,page5-28,01KJN78JVY5FN5QXW9XGGE72RG,01KJN79Y7T0VZNKHTSJRZWTDZ5,A,B,0,0.0,5.0,1.0
01KJN6MMPQTMDYRN709968YFN1,page5-28,01KJN78JVY5FN5QXW9XGGE72RG,01KJN79ZDP3YNFFHHQA302PJDP,A,C,0,0.0,5.0,1.0
01KJN6MMPQTMDYRN709968YFN1,page5-28,01KJN78M7563R5D9TQE5G142DA,01KJN791EPN054R2NTQQ1BFXJ5,C,A,0,0.0,5.0,1.0
01KJN6MMPQTMDYRN709968YFN1,page5-28,01KJN78M7563R5D9TQE5G142DA,01KJN796KT7FCNV2F9QNCQDSES,C,C,1,0.09090909090909091,5.0,1.0
01KJN6MMPQTMDYRN709968YFN1,page5-28,01KJN78M7563R5D9TQE5G142DA,01KJN79Y7T0VZNKHTSJRZWTDZ5,C,B,0,0.0,5.0,1.0
01KJN6MMPQTMDYRN709968YFN1,page5-28,01KJN78M7563R5D9TQE5G142DA,01KJN79ZDP3YNFFHHQA302PJDP,C,C,1,0.0,5.0,1.0
01KJN6MMPQTMDYRN709968YFN1,page5-28,01KJN791EPN054R2NTQQ1BFXJ5,01KJN796KT7FCNV2F9QNCQDSES,A,C,0,0.0,5.0,1.0
01KJN6MMPQTMDYRN709968YFN1,page5-28,01KJN791EPN054R2NTQQ1BFXJ5,01KJN79Y7T0VZNKHTSJRZWTDZ5,A,B,0,0.0,5.0,1.0
01KJN6MMPQTMDYRN709968YFN1,page5-28,01KJN791EPN054R2NTQQ1BFXJ5,01KJN79ZDP3YNFFHHQA302PJDP,A,C,0,0.0,5.0,1.0
01KJN6MMPQTMDYRN709968YFN1,page5-28,01KJN796KT7FCNV2F9QNCQDSES,01KJN79Y7T0VZNKHTSJRZWTDZ5,C,B,0,0.09090909090909091,5.0,1.0
01KJN6MMPQTMDYRN709968YFN1,page5-28,01KJN796KT7FCNV2F9QNCQDSES,01KJN79ZDP3YNFFHHQA302PJDP,C,C,1,0.18181818181818182,5.0,1.0
01KJN6MMPQTMDYRN709968YFN1,page5-28,01KJN79Y7T0VZNKHTSJRZWTDZ5,01KJN79ZDP3YNFFHHQA302PJDP,B,C,0,0.125,5.0,1.0
01KJN6MMPQTMDYRN709968YFN1,page3-35,01KJN788SPAKVVBHX9T9FDQWAF,01KJN78B0TFR8F59JDGD057XNS,B,A,0,0.0,1.0,1.0
01KJN6MMPQTMDYRN709968YFN1,page3-35,01KJN788SPAKVVBHX9T9FDQWAF,01KJN78M7563R5D9TQE5G142DA,B,C,0,0.0,1.0,1.0
01KJN6MMPQTMDYRN709968YFN1,page3-35,01KJN788SPAKVVBHX9T9FDQWAF,01KJN791EPN054R2NTQQ1BFXJ5,B,A,0,0.2,1.0,1.0
01KJN6MMPQTMDYRN709968YFN1,page3-35,01KJN788SPAKVVBHX9T9FDQWAF,01KJN796KT7FCNV2F9QNCQDSES,B,C,0,0.0,1.0,1.0
01KJN6MMPQTMDYRN709968YFN1,page3-35,01KJN788SPAKVVBHX9T9FDQWAF,01KJN79Y7T0VZNKHTSJRZWTDZ5,B,B,1,0.0,1.0,1.0
01KJN6MMPQTMDYRN709968YFN1,page3-35,01KJN78B0TFR8F59JDGD057XNS,01KJN78M7563R5D9TQE5G142DA,A,C,0,0.1111111111111111,1.0,1.0
01KJN6MMPQTMDYRN709968YFN1,page3-35,01KJN78B0TFR8F59JDGD057XNS,01KJN791EPN054R2NTQQ1BFXJ5,A,A,1,0.0625,1.0,1.0
01KJN6MMPQTMDYRN709968YFN1,page3-35,01KJN78B0TFR8F59JDGD057XNS,01KJN796KT7FCNV2F9QNCQDSES,A,C,0,0.0,1.0,1.0
01KJN6MMPQTMDYRN709968YFN1,page3-35,01KJN78B0TFR8F59JDGD057XNS,01KJN79Y7T0VZNKHTSJRZWTDZ5,A,B,0,0.13333333333333333,1.0,1.0
01KJN6MMPQTMDYRN709968YFN1,page3-35,01KJN78M7563R5D9TQE5G142DA,01KJN791EPN054R2NTQQ1BFXJ5,C,A,0,0.0,1.0,1.0
01KJN6MMPQTMDYRN709968YFN1,page3-35,01KJN78M7563R5D9TQE5G142DA,01KJN796KT7FCNV2F9QNCQDSES,C,C,1,0.09090909090909091,1.0,1.0
01KJN6MMPQTMDYRN709968YFN1,page3-35,01KJN78M7563R5D9TQE5G142DA,01KJN79Y7T0VZNKHTSJRZWTDZ5,C,B,0,0.18181818181818182,1.0,1.0
01KJN6MMPQTMDYRN709968YFN1,page3-35,01KJN791EPN054R2NTQQ1BFXJ5,01KJN796KT7FCNV2F9QNCQDSES,A,C,0,0.0,1.0,1.0
01KJN6MMPQTMDYRN709968YFN1,page3-35,01KJN791EPN054R2NTQQ1BFXJ5,01KJN79Y7T0VZNKHTSJRZWTDZ5,A,B,0,0.0,1.0,1.0
01KJN6MMPQTMDYRN709968YFN1,page3-35,01KJN796KT7FCNV2F9QNCQDSES,01KJN79Y7T0VZNKHTSJRZWTDZ5,C,B,0,0.0,1.0,1.0
01KJN6MMPQTMDYRN709968YFN1,page3-35,01KJN788SPAKVVBHX9T9FDQWAF,01KJN78B0TFR8F59JDGD057XNS,B,A,0,0.0,2.0,1.0
01KJN6MMPQTMDYRN709968YFN1,page3-35,01KJN788SPAKVVBHX9T9FDQWAF,01KJN78CQJ3KY7VMGAR6F3D4S0,B,B,1,1.0,2.0,1.0
01KJN6MMPQTMDYRN709968YFN1,page3-35,01KJN788SPAKVVBHX9T9FDQWAF,01KJN78JVY5FN5QXW9XGGE72RG,B,A,0,0.0,2.0,1.0
01KJN6MMPQTMDYRN709968YFN1,page3-35,01KJN788SPAKVVBHX9T9FDQWAF,01KJN78M7563R5D9TQE5G142DA,B,C,0,0.0,2.0,1.0
01KJN6MMPQTMDYRN709968YFN1,page3-35,01KJN788SPAKVVBHX9T9FDQWAF,01KJN791EPN054R2NTQQ1BFXJ5,B,A,0,0.2,2.0,1.0
01KJN6MMPQTMDYRN709968YFN1,page3-35,01KJN788SPAKVVBHX9T9FDQWAF,01KJN796KT7FCNV2F9QNCQDSES,B,C,0,0.0,2.0,1.0
01KJN6MMPQTMDYRN709968YFN1,page3-35,01KJN788SPAKVVBHX9T9FDQWAF,01KJN79Y7T0VZNKHTSJRZWTDZ5,B,B,1,0.0,2.0,1.0
01KJN6MMPQTMDYRN709968YFN1,page3-35,01KJN788SPAKVVBHX9T9FDQWAF,01KJN79ZDP3YNFFHHQA302PJDP,B,C,0,0.0,2.0,1.0
01KJN6MMPQTMDYRN709968YFN1,page3-35,01KJN78B0TFR8F59JDGD057XNS,01KJN78CQJ3KY7VMGAR6F3D4S0,A,B,0,0.0,2.0,1.0
01KJN6MMPQTMDYRN709968YFN1,page3-35,01KJN78B0TFR8F59JDGD057XNS,01KJN78JVY5FN5QXW9XGGE72RG,A,A,1,0.13333333333333333,2.0,1.0
01KJN6MMPQTMDYRN709968YFN1,page3-35,01KJN78B0TFR8F59JDGD057XNS,01KJN78M7563R5D9TQE5G142DA,A,C,0,0.1111111111111111,2.0,1.0
01KJN6MMPQTMDYRN709968YFN1,page3-35,01KJN78B0TFR8F59JDGD057XNS,01KJN791EPN054R2NTQQ1BFXJ5,A,A,1,0.0625,2.0,1.0
01KJN6MMPQTMDYRN709968YFN1,page3-35,01KJN78B0TFR8F59JDGD057XNS,01KJN796KT7FCNV2F9QNCQDSES,A,C,0,0.0,2.0,1.0
01KJN6MMPQTMDYRN709968YFN1,page3-35,01KJN78B0TFR8F59JDGD057XNS,01KJN79Y7T0VZNKHTSJRZWTDZ5,A,B,0,0.13333333333333333,2.0,1.0
01KJN6MMPQTMDYRN709968YFN1,page3-35,01KJN78B0TFR8F59JDGD057XNS,01KJN79ZDP3YNFFHHQA302PJDP,A,C,0,0.0,2.0,1.0
01KJN6MMPQTMDYRN709968YFN1,page3-35,01KJN78CQJ3KY7VMGAR6F3D4S0,01KJN78JVY5FN5QXW9XGGE72RG,B,A,0,0.0,2.0,1.0
01KJN6MMPQTMDYRN709968YFN1,page3-35,01KJN78CQJ3KY7VMGAR6F3D4S0,01KJN78M7563R5D9TQE5G142DA,B,C,0,0.0,2.0,1.0
01KJN6MMPQTMDYRN709968YFN1,page3-35,01KJN78CQJ3KY7VMGAR6F3D4S0,01KJN791EPN054R2NTQQ1BFXJ5,B,A,0,0.2,2.0,1.0
01KJN6MMPQTMDYRN709968YFN1,page3-35,01KJN78CQJ3KY7VMGAR6F3D4S0,01KJN796KT7FCNV2F9QNCQDSES,B,C,0,0.0,2.0,1.0
01KJN6MMPQTMDYRN709968YFN1,page3-35,01KJN78CQJ3KY7VMGAR6F3D4S0,01KJN79Y7T0VZNKHTSJRZWTDZ5,B,B,1,0.0,2.0,1.0
01KJN6MMPQTMDYRN709968YFN1,page3-35,01KJN78CQJ3KY7VMGAR6F3D4S0,01KJN79ZDP3YNFFHHQA302PJDP,B,C,0,0.0,2.0,1.0
01KJN6MMPQTMDYRN709968YFN1,page3-35,01KJN78JVY5FN5QXW9XGGE72RG,01KJN78M7563R5D9TQE5G142DA,A,C,0,0.0,2.0,1.0
01KJN6MMPQTMDYRN709968YFN1,page3-35,01KJN78JVY5FN5QXW9XGGE72RG,01KJN791EPN054R2NTQQ1BFXJ5,A,A,1,0.0,2.0,1.0
01KJN6MMPQTMDYRN709968YFN1,page3-35,01KJN78JVY5FN5QXW9XGGE72RG,01KJN796KT7FCNV2F9QNCQDSES,A,C,0,0.0,2.0,1.0
01KJN6MMPQTMDYRN709968YFN1,page3-35,01KJN78JVY5FN5QXW9XGGE72RG,01KJN79Y7T0VZNKHTSJRZWTDZ5,A,B,0,0.0,2.0,1.0
01KJN6MMPQTMDYRN709968YFN1,page3-35,01KJN78JVY5FN5QXW9XGGE72RG,01KJN79ZDP3YNFFHHQA302PJDP,A,C,0,0.0,2.0,1.0
01KJN6MMPQTMDYRN709968YFN1,page3-35,01KJN78M7563R5D9TQE5G142DA,01KJN791EPN054R2NTQQ1BFXJ5,C,A,0,0.0,2.0,1.0
01KJN6MMPQTMDYRN709968YFN1,page3-35,01KJN78M7563R5D9TQE5G142DA,01KJN796KT7FCNV2F9QNCQDSES,C,C,1,0.09090909090909091,2.0,1.0
01KJN6MMPQTMDYRN709968YFN1,page3-35,01KJN78M7563R5D9TQE5G142DA,01KJN79Y7T0VZNKHTSJRZWTDZ5,C,B,0,0.18181818181818182,2.0,1.0
01KJN6MMPQTMDYRN709968YFN1,page3-35,01KJN78M7563R5D9TQE5G142DA,01KJN79ZDP3YNFFHHQA302PJDP,C,C,1,0.07692307692307693,2.0,1.0
01KJN6MMPQTMDYRN709968YFN1,page3-35,01KJN791EPN054R2NTQQ1BFXJ5,01KJN796KT7FCNV2F9QNCQDSES,A,C,0,0.0,2.0,1.0
01KJN6MMPQTMDYRN709968YFN1,page3-35,01KJN791EPN054R2NTQQ1BFXJ5,01KJN79Y7T0VZNKHTSJRZWTDZ5,A,B,0,0.0,2.0,1.0
01KJN6MMPQTMDYRN709968YFN1,page3-35,01KJN791EPN054R2NTQQ1BFXJ5,01KJN79ZDP3YNFFHHQA302PJDP,A,C,0,0.0,2.0,1.0
01KJN6MMPQTMDYRN709968YFN1,page3-35,01KJN796KT7FCNV2F9QNCQDSES,01KJN79Y7T0VZNKHTSJRZWTDZ5,C,B,0,0.0,2.0,1.0
01KJN6MMPQTMDYRN709968YFN1,page3-35,01KJN796KT7FCNV2F9QNCQDSES,01KJN79ZDP3YNFFHHQA302PJDP,C,C,1,0.42857142857142855,2.0,1.0
01KJN6MMPQTMDYRN709968YFN1,page3-35,01KJN79Y7T0VZNKHTSJRZWTDZ5,01KJN79ZDP3YNFFHHQA302PJDP,B,C,0,0.0,2.0,1.0
01KJN6MMPQTMDYRN709968YFN1,page3-35,01KJN788SPAKVVBHX9T9FDQWAF,01KJN78B0TFR8F59JDGD057XNS,B,A,0,0.25,3.0,1.0
01KJN6MMPQTMDYRN709968YFN1,page3-35,01KJN788SPAKVVBHX9T9FDQWAF,01KJN78CQJ3KY7VMGAR6F3D4S0,B,B,1,1.0,3.0,1.0
01KJN6MMPQTMDYRN709968YFN1,page3-35,01KJN788SPAKVVBHX9T9FDQWAF,01KJN78JVY5FN5QXW9XGGE72RG,B,A,0,0.0,3.0,1.0
01KJN6MMPQTMDYRN709968YFN1,page3-35,01KJN788SPAKVVBHX9T9FDQWAF,01KJN78M7563R5D9TQE5G142DA,B,C,0,0.0,3.0,1.0
01KJN6MMPQTMDYRN709968YFN1,page3-35,01KJN788SPAKVVBHX9T9FDQWAF,01KJN791EPN054R2NTQQ1BFXJ5,B,A,0,0.2,3.0,1.0
01KJN6MMPQTMDYRN709968YFN1,page3-35,01KJN788SPAKVVBHX9T9FDQWAF,01KJN796KT7FCNV2F9QNCQDSES,B,C,0,0.0,3.0,1.0
01KJN6MMPQTMDYRN709968YFN1,page3-35,01KJN788SPAKVVBHX9T9FDQWAF,01KJN79Y7T0VZNKHTSJRZWTDZ5,B,B,1,1.0,3.0,1.0
01KJN6MMPQTMDYRN709968YFN1,page3-35,01KJN788SPAKVVBHX9T9FDQWAF,01KJN79ZDP3YNFFHHQA302PJDP,B,C,0,0.0,3.0,1.0
01KJN6MMPQTMDYRN709968YFN1,page3-35,01KJN78B0TFR8F59JDGD057XNS,01KJN78CQJ3KY7VMGAR6F3D4S0,A,B,0,0.25,3.0,1.0
01KJN6MMPQTMDYRN709968YFN1,page3-35,01KJN78B0TFR8F59JDGD057XNS,01KJN78JVY5FN5QXW9XGGE72RG,A,A,1,0.125,3.0,1.0
01KJN6MMPQTMDYRN709968YFN1,page3-35,01KJN78B0TFR8F59JDGD057XNS,01KJN78M7563R5D9TQE5G142DA,A,C,0,0.0,3.0,1.0
01KJN6MMPQTMDYRN709968YFN1,page3-35,01KJN78B0TFR8F59JDGD057XNS,01KJN791EPN054R2NTQQ1BFXJ5,A,A,1,0.125,3.0,1.0
01KJN6MMPQTMDYRN709968YFN1,page3-35,01KJN78B0TFR8F59JDGD057XNS,01KJN796KT7FCNV2F9QNCQDSES,A,C,0,0.0,3.0,1.0
01KJN6MMPQTMDYRN709968YFN1,page3-35,01KJN78B0TFR8F59JDGD057XNS,01KJN79Y7T0VZNKHTSJRZWTDZ5,A,B,0,0.25,3.0,1.0
01KJN6MMPQTMDYRN709968YFN1,page3-35,01KJN78B0TFR8F59JDGD057XNS,01KJN79ZDP3YNFFHHQA302PJDP,A,C,0,0.0,3.0,1.0
01KJN6MMPQTMDYRN709968YFN1,page3-35,01KJN78CQJ3KY7VMGAR6F3D4S0,01KJN78JVY5FN5QXW9XGGE72RG,B,A,0,0.0,3.0,1.0
01KJN6MMPQTMDYRN709968YFN1,page3-35,01KJN78CQJ3KY7VMGAR6F3D4S0,01KJN78M7563R5D9TQE5G142DA,B,C,0,0.0,3.0,1.0
01KJN6MMPQTMDYRN709968YFN1,page3-35,01KJN78CQJ3KY7VMGAR6F3D4S0,01KJN791EPN054R2NTQQ1BFXJ5,B,A,0,0.2,3.0,1.0
01KJN6MMPQTMDYRN709968YFN1,page3-35,01KJN78CQJ3KY7VMGAR6F3D4S0,01KJN796KT7FCNV2F9QNCQDSES,B,C,0,0.0,3.0,1.0
01KJN6MMPQTMDYRN709968YFN1,page3-35,01KJN78CQJ3KY7VMGAR6F3D4S0,01KJN79Y7T0VZNKHTSJRZWTDZ5,B,B,1,1.0,3.0,1.0
01KJN6MMPQTMDYRN709968YFN1,page3-35,01KJN78CQJ3KY7VMGAR6F3D4S0,01KJN79ZDP3YNFFHHQA302PJDP,B,C,0,0.0,3.0,1.0
01KJN6MMPQTMDYRN709968YFN1,page3-35,01KJN78JVY5FN5QXW9XGGE72RG,01KJN78M7563R5D9TQE5G142DA,A,C,0,0.0,3.0,1.0
01KJN6MMPQTMDYRN709968YFN1,page3-35,01KJN78JVY5FN5QXW9XGGE72RG,01KJN791EPN054R2NTQQ1BFXJ5,A,A,1,0.0,3.0,1.0
01KJN6MMPQTMDYRN709968YFN1,page3-35,01KJN78JVY5FN5QXW9XGGE72RG,01KJN796KT7FCNV2F9QNCQDSES,A,C,0,0.0,3.0,1.0
01KJN6MMPQTMDYRN709968YFN1,page3-35,01KJN78JVY5FN5QXW9XGGE72RG,01KJN79Y7T0VZNKHTSJRZWTDZ5,A,B,0,0.0,3.0,1.0
01KJN6MMPQTMDYRN709968YFN1,page3-35,01KJN78JVY5FN5QXW9XGGE72RG,01KJN79ZDP3YNFFHHQA302PJDP,A,C,0,0.0,3.0,1.0
01KJN6MMPQTMDYRN709968YFN1,page3-35,01KJN78M7563R5D9TQE5G142DA,01KJN791EPN054R2NTQQ1BFXJ5,C,A,0,0.0,3.0,1.0
01KJN6MMPQTMDYRN709968YFN1,page3-35,01KJN78M7563R5D9TQE5G142DA,01KJN796KT7FCNV2F9QNCQDSES,C,C,1,0.3333333333333333,3.0,1.0
01KJN6MMPQTMDYRN709968YFN1,page3-35,01KJN78M7563R5D9TQE5G142DA,01KJN79Y7T0VZNKHTSJRZWTDZ5,C,B,0,0.0,3.0,1.0
01KJN6MMPQTMDYRN709968YFN1,page3-35,01KJN78M7563R5D9TQE5G142DA,01KJN79ZDP3YNFFHHQA302PJDP,C,C,1,0.25,3.0,1.0
01KJN6MMPQTMDYRN709968YFN1,page3-35,01KJN791EPN054R2NTQQ1BFXJ5,01KJN796KT7FCNV2F9QNCQDSES,A,C,0,0.0,3.0,1.0
01KJN6MMPQTMDYRN709968YFN1,page3-35,01KJN791EPN054R2NTQQ1BFXJ5,01KJN79Y7T0VZNKHTSJRZWTDZ5,A,B,0,0.2,3.0,1.0
01KJN6MMPQTMDYRN709968YFN1,page3-35,01KJN791EPN054R2NTQQ1BFXJ5,01KJN79ZDP3YNFFHHQA302PJDP,A,C,0,0.0,3.0,1.0
01KJN6MMPQTMDYRN709968YFN1,page3-35,01KJN796KT7FCNV2F9QNCQDSES,01KJN79Y7T0VZNKHTSJRZWTDZ5,C,B,0,0.0,3.0,1.0
01KJN6MMPQTMDYRN709968YFN1,page3-35,01KJN796KT7FCNV2F9QNCQDSES,01KJN79ZDP3YNFFHHQA302PJDP,C,C,1,0.42857142857142855,3.0,1.0
01KJN6MMPQTMDYRN709968YFN1,page3-35,01KJN79Y7T0VZNKHTSJRZWTDZ5,01KJN79ZDP3YNFFHHQA302PJDP,B,C,0,0.0,3.0,1.0
01KJN6MMPQTMDYRN709968YFN1,page3-35,01KJN788SPAKVVBHX9T9FDQWAF,01KJN78B0TFR8F59JDGD057XNS,B,A,0,0.25,4.0,1.0
01KJN6MMPQTMDYRN709968YFN1,page3-35,01KJN788SPAKVVBHX9T9FDQWAF,01KJN78CQJ3KY7VMGAR6F3D4S0,B,B,1,1.0,4.0,1.0
01KJN6MMPQTMDYRN709968YFN1,page3-35,01KJN788SPAKVVBHX9T9FDQWAF,01KJN78JVY5FN5QXW9XGGE72RG,B,A,0,0.0,4.0,1.0
01KJN6MMPQTMDYRN709968YFN1,page3-35,01KJN788SPAKVVBHX9T9FDQWAF,01KJN78M7563R5D9TQE5G142DA,B,C,0,0.0,4.0,1.0
01KJN6MMPQTMDYRN709968YFN1,page3-35,01KJN788SPAKVVBHX9T9FDQWAF,01KJN791EPN054R2NTQQ1BFXJ5,B,A,0,0.5,4.0,1.0
01KJN6MMPQTMDYRN709968YFN1,page3-35,01KJN788SPAKVVBHX9T9FDQWAF,01KJN796KT7FCNV2F9QNCQDSES,B,C,0,0.0,4.0,1.0
01KJN6MMPQTMDYRN709968YFN1,page3-35,01KJN788SPAKVVBHX9T9FDQWAF,01KJN79Y7T0VZNKHTSJRZWTDZ5,B,B,1,1.0,4.0,1.0
01KJN6MMPQTMDYRN709968YFN1,page3-35,01KJN788SPAKVVBHX9T9FDQWAF,01KJN79ZDP3YNFFHHQA302PJDP,B,C,0,0.0,4.0,1.0
01KJN6MMPQTMDYRN709968YFN1,page3-35,01KJN78B0TFR8F59JDGD057XNS,01KJN78CQJ3KY7VMGAR6F3D4S0,A,B,0,0.25,4.0,1.0
01KJN6MMPQTMDYRN709968YFN1,page3-35,01KJN78B0TFR8F59JDGD057XNS,01KJN78JVY5FN5QXW9XGGE72RG,A,A,1,0.125,4.0,1.0
01KJN6MMPQTMDYRN709968YFN1,page3-35,01KJN78B0TFR8F59JDGD057XNS,01KJN78M7563R5D9TQE5G142DA,A,C,0,0.0,4.0,1.0
01KJN6MMPQTMDYRN709968YFN1,page3-35,01KJN78B0TFR8F59JDGD057XNS,01KJN791EPN054R2NTQQ1BFXJ5,A,A,1,0.5,4.0,1.0
01KJN6MMPQTMDYRN709968YFN1,page3-35,01KJN78B0TFR8F59JDGD057XNS,01KJN796KT7FCNV2F9QNCQDSES,A,C,0,0.0,4.0,1.0
01KJN6MMPQTMDYRN709968YFN1,page3-35,01KJN78B0TFR8F59JDGD057XNS,01KJN79Y7T0VZNKHTSJRZWTDZ5,A,B,0,0.25,4.0,1.0
01KJN6MMPQTMDYRN709968YFN1,page3-35,01KJN78B0TFR8F59JDGD057XNS,01KJN79ZDP3YNFFHHQA302PJDP,A,C,0,0.0,4.0,1.0
01KJN6MMPQTMDYRN709968YFN1,page3-35,01KJN78CQJ3KY7VMGAR6F3D4S0,01KJN78JVY5FN5QXW9XGGE72RG,B,A,0,0.0,4.0,1.0
01KJN6MMPQTMDYRN709968YFN1,page3-35,01KJN78CQJ3KY7VMGAR6F3D4S0,01KJN78M7563R5D9TQE5G142DA,B,C,0,0.0,4.0,1.0
01KJN6MMPQTMDYRN709968YFN1,page3-35,01KJN78CQJ3KY7VMGAR6F3D4S0,01KJN791EPN054R2NTQQ1BFXJ5,B,A,0,0.5,4.0,1.0
01KJN6MMPQTMDYRN709968YFN1,page3-35,01KJN78CQJ3KY7VMGAR6F3D4S0,01KJN796KT7FCNV2F9QNCQDSES,B,C,0,0.0,4.0,1.0
01KJN6MMPQTMDYRN709968YFN1,page3-35,01KJN78CQJ3KY7VMGAR6F3D4S0,01KJN79Y7T0VZNKHTSJRZWTDZ5,B,B,1,1.0,4.0,1.0
01KJN6MMPQTMDYRN709968YFN1,page3-35,01KJN78CQJ3KY7VMGAR6F3D4S0,01KJN79ZDP3YNFFHHQA302PJDP,B,C,0,0.0,4.0,1.0
01KJN6MMPQTMDYRN709968YFN1,page3-35,01KJN78JVY5FN5QXW9XGGE72RG,01KJN78M7563R5D9TQE5G142DA,A,C,0,0.0,4.0,1.0
01KJN6MMPQTMDYRN709968YFN1,page3-35,01KJN78JVY5FN5QXW9XGGE72RG,01KJN791EPN054R2NTQQ1BFXJ5,A,A,1,0.16666666666666666,4.0,1.0
01KJN6MMPQTMDYRN709968YFN1,page3-35,01KJN78JVY5FN5QXW9XGGE72RG,01KJN796KT7FCNV2F9QNCQDSES,A,C,0,0.0,4.0,1.0
01KJN6MMPQTMDYRN709968YFN1,page3-35,01KJN78JVY5FN5QXW9XGGE72RG,01KJN79Y7T0VZNKHTSJRZWTDZ5,A,B,0,0.0,4.0,1.0
01KJN6MMPQTMDYRN709968YFN1,page3-35,01KJN78JVY5FN5QXW9XGGE72RG,01KJN79ZDP3YNFFHHQA302PJDP,A,C,0,0.0,4.0,1.0
01KJN6MMPQTMDYRN709968YFN1,page3-35,01KJN78M7563R5D9TQE5G142DA,01KJN791EPN054R2NTQQ1BFXJ5,C,A,0,0.0,4.0,1.0
01KJN6MMPQTMDYRN709968YFN1,page3-35,01KJN78M7563R5D9TQE5G142DA,01KJN796KT7FCNV2F9QNCQDSES,C,C,1,0.125,4.0,1.0
01KJN6MMPQTMDYRN709968YFN1,page3-35,01KJN78M7563R5D9TQE5G142DA,01KJN79Y7T0VZNKHTSJRZWTDZ5,C,B,0,0.0,4.0,1.0
01KJN6MMPQTMDYRN709968YFN1,page3-35,01KJN78M7563R5D9TQE5G142DA,01KJN79ZDP3YNFFHHQA302PJDP,C,C,1,0.25,4.0,1.0
01KJN6MMPQTMDYRN709968YFN1,page3-35,01KJN791EPN054R2NTQQ1BFXJ5,01KJN796KT7FCNV2F9QNCQDSES,A,C,0,0.0,4.0,1.0
01KJN6MMPQTMDYRN709968YFN1,page3-35,01KJN791EPN054R2NTQQ1BFXJ5,01KJN79Y7T0VZNKHTSJRZWTDZ5,A,B,0,0.5,4.0,1.0
01KJN6MMPQTMDYRN709968YFN1,page3-35,01KJN791EPN054R2NTQQ1BFXJ5,01KJN79ZDP3YNFFHHQA302PJDP,A,C,0,0.0,4.0,1.0
01KJN6MMPQTMDYRN709968YFN1,page3-35,01KJN796KT7FCNV2F9QNCQDSES,01KJN79Y7T0VZNKHTSJRZWTDZ5,C,B,0,0.0,4.0,1.0
01KJN6MMPQTMDYRN709968YFN1,page3-35,01KJN796KT7FCNV2F9QNCQDSES,01KJN79ZDP3YNFFHHQA302PJDP,C,C,1,0.1,4.0,1.0
01KJN6MMPQTMDYRN709968YFN1,page3-35,01KJN79Y7T0VZNKHTSJRZWTDZ5,01KJN79ZDP3YNFFHHQA302PJDP,B,C,0,0.0,4.0,1.0
01KJN6MMPQTMDYRN709968YFN1,page3-35,01KJN788SPAKVVBHX9T9FDQWAF,01KJN78B0TFR8F59JDGD057XNS,B,A,0,0.25,5.0,1.0
01KJN6MMPQTMDYRN709968YFN1,page3-35,01KJN788SPAKVVBHX9T9FDQWAF,01KJN78CQJ3KY7VMGAR6F3D4S0,B,B,1,1.0,5.0,1.0
01KJN6MMPQTMDYRN709968YFN1,page3-35,01KJN788SPAKVVBHX9T9FDQWAF,01KJN78JVY5FN5QXW9XGGE72RG,B,A,0,0.0,5.0,1.0
01KJN6MMPQTMDYRN709968YFN1,page3-35,01KJN788SPAKVVBHX9T9FDQWAF,01KJN78M7563R5D9TQE5G142DA,B,C,0,0.0,5.0,1.0
01KJN6MMPQTMDYRN709968YFN1,page3-35,01KJN788SPAKVVBHX9T9FDQWAF,01KJN791EPN054R2NTQQ1BFXJ5,B,A,0,0.5,5.0,1.0
01KJN6MMPQTMDYRN709968YFN1,page3-35,01KJN788SPAKVVBHX9T9FDQWAF,01KJN796KT7FCNV2F9QNCQDSES,B,C,0,0.0,5.0,1.0
01KJN6MMPQTMDYRN709968YFN1,page3-35,01KJN788SPAKVVBHX9T9FDQWAF,01KJN79Y7T0VZNKHTSJRZWTDZ5,B,B,1,1.0,5.0,1.0
01KJN6MMPQTMDYRN709968YFN1,page3-35,01KJN788SPAKVVBHX9T9FDQWAF,01KJN79ZDP3YNFFHHQA302PJDP,B,C,0,0.0,5.0,1.0
01KJN6MMPQTMDYRN709968YFN1,page3-35,01KJN78B0TFR8F59JDGD057XNS,01KJN78CQJ3KY7VMGAR6F3D4S0,A,B,0,0.25,5.0,1.0
01KJN6MMPQTMDYRN709968YFN1,page3-35,01KJN78B0TFR8F59JDGD057XNS,01KJN78JVY5FN5QXW9XGGE72RG,A,A,1,0.25,5.0,1.0
01KJN6MMPQTMDYRN709968YFN1,page3-35,01KJN78B0TFR8F59JDGD057XNS,01KJN78M7563R5D9TQE5G142DA,A,C,0,0.0,5.0,1.0
01KJN6MMPQTMDYRN709968YFN1,page3-35,01KJN78B0TFR8F59JDGD057XNS,01KJN791EPN054R2NTQQ1BFXJ5,A,A,1,0.5,5.0,1.0
01KJN6MMPQTMDYRN709968YFN1,page3-35,01KJN78B0TFR8F59JDGD057XNS,01KJN796KT7FCNV2F9QNCQDSES,A,C,0,0.0,5.0,1.0
01KJN6MMPQTMDYRN709968YFN1,page3-35,01KJN78B0TFR8F59JDGD057XNS,01KJN79Y7T0VZNKHTSJRZWTDZ5,A,B,0,0.25,5.0,1.0
01KJN6MMPQTMDYRN709968YFN1,page3-35,01KJN78B0TFR8F59JDGD057XNS,01KJN79ZDP3YNFFHHQA302PJDP,A,C,0,0.0,5.0,1.0
01KJN6MMPQTMDYRN709968YFN1,page3-35,01KJN78CQJ3KY7VMGAR6F3D4S0,01KJN78JVY5FN5QXW9XGGE72RG,B,A,0,0.0,5.0,1.0
01KJN6MMPQTMDYRN709968YFN1,page3-35,01KJN78CQJ3KY7VMGAR6F3D4S0,01KJN78M7563R5D9TQE5G142DA,B,C,0,0.0,5.0,1.0
01KJN6MMPQTMDYRN709968YFN1,page3-35,01KJN78CQJ3KY7VMGAR6F3D4S0,01KJN791EPN054R2NTQQ1BFXJ5,B,A,0,0.5,5.0,1.0
01KJN6MMPQTMDYRN709968YFN1,page3-35,01KJN78CQJ3KY7VMGAR6F3D4S0,01KJN796KT7FCNV2F9QNCQDSES,B,C,0,0.0,5.0,1.0
01KJN6MMPQTMDYRN709968YFN1,page3-35,01KJN78CQJ3KY7VMGAR6F3D4S0,01KJN79Y7T0VZNKHTSJRZWTDZ5,B,B,1,1.0,5.0,1.0
01KJN6MMPQTMDYRN709968YFN1,page3-35,01KJN78CQJ3KY7VMGAR6F3D4S0,01KJN79ZDP3YNFFHHQA302PJDP,B,C,0,0.0,5.0,1.0
01KJN6MMPQTMDYRN709968YFN1,page3-35,01KJN78JVY5FN5QXW9XGGE72RG,01KJN78M7563R5D9TQE5G142DA,A,C,0,0.0,5.0,1.0
01KJN6MMPQTMDYRN709968YFN1,page3-35,01KJN78JVY5FN5QXW9XGGE72RG,01KJN791EPN054R2NTQQ1BFXJ5,A,A,1,0.5,5.0,1.0
01KJN6MMPQTMDYRN709968YFN1,page3-35,01KJN78JVY5FN5QXW9XGGE72RG,01KJN796KT7FCNV2F9QNCQDSES,A,C,0,0.0,5.0,1.0
01KJN6MMPQTMDYRN709968YFN1,page3-35,01KJN78JVY5FN5QXW9XGGE72RG,01KJN79Y7T0VZNKHTSJRZWTDZ5,A,B,0,0.0,5.0,1.0
01KJN6MMPQTMDYRN709968YFN1,page3-35,01KJN78JVY5FN5QXW9XGGE72RG,01KJN79ZDP3YNFFHHQA302PJDP,A,C,0,0.0,5.0,1.0
01KJN6MMPQTMDYRN709968YFN1,page3-35,01KJN78M7563R5D9TQE5G142DA,01KJN791EPN054R2NTQQ1BFXJ5,C,A,0,0.0,5.0,1.0
01KJN6MMPQTMDYRN709968YFN1,page3-35,01KJN78M7563R5D9TQE5G142DA,01KJN796KT7FCNV2F9QNCQDSES,C,C,1,0.125,5.0,1.0
01KJN6MMPQTMDYRN709968YFN1,page3-35,01KJN78M7563R5D9TQE5G142DA,01KJN79Y7T0VZNKHTSJRZWTDZ5,C,B,0,0.0,5.0,1.0
01KJN6MMPQTMDYRN709968YFN1,page3-35,01KJN78M7563R5D9TQE5G142DA,01KJN79ZDP3YNFFHHQA302PJDP,C,C,1,0.4,5.0,1.0
01KJN6MMPQTMDYRN709968YFN1,page3-35,01KJN791EPN054R2NTQQ1BFXJ5,01KJN796KT7FCNV2F9QNCQDSES,A,C,0,0.0,5.0,1.0
01KJN6MMPQTMDYRN709968YFN1,page3-35,01KJN791EPN054R2NTQQ1BFXJ5,01KJN79Y7T0VZNKHTSJRZWTDZ5,A,B,0,0.5,5.0,1.0
01KJN6MMPQTMDYRN709968YFN1,page3-35,01KJN791EPN054R2NTQQ1BFXJ5,01KJN79ZDP3YNFFHHQA302PJDP,A,C,0,0.0,5.0,1.0
01KJN6MMPQTMDYRN709968YFN1,page3-35,01KJN796KT7FCNV2F9QNCQDSES,01KJN79Y7T0VZNKHTSJRZWTDZ5,C,B,0,0.0,5.0,1.0
01KJN6MMPQTMDYRN709968YFN1,page3-35,01KJN796KT7FCNV2F9QNCQDSES,01KJN79ZDP3YNFFHHQA302PJDP,C,C,1,0.14285714285714285,5.0,1.0
01KJN6MMPQTMDYRN709968YFN1,page3-35,01KJN79Y7T0VZNKHTSJRZWTDZ5,01KJN79ZDP3YNFFHHQA302PJDP,B,C,0,0.0,5.0,1.0
01KJN6MMPQTMDYRN709968YFN1,page7-255,01KJN788SPAKVVBHX9T9FDQWAF,01KJN78B0TFR8F59JDGD057XNS,B,A,0,0.16666666666666666,1.0,1.0
01KJN6MMPQTMDYRN709968YFN1,page7-255,01KJN788SPAKVVBHX9T9FDQWAF,01KJN78M7563R5D9TQE5G142DA,B,C,0,0.13333333333333333,1.0,1.0
01KJN6MMPQTMDYRN709968YFN1,page7-255,01KJN788SPAKVVBHX9T9FDQWAF,01KJN791EPN054R2NTQQ1BFXJ5,B,A,0,0.16666666666666666,1.0,1.0
01KJN6MMPQTMDYRN709968YFN1,page7-255,01KJN788SPAKVVBHX9T9FDQWAF,01KJN796KT7FCNV2F9QNCQDSES,B,C,0,0.07142857142857142,1.0,1.0
01KJN6MMPQTMDYRN709968YFN1,page7-255,01KJN788SPAKVVBHX9T9FDQWAF,01KJN79Y7T0VZNKHTSJRZWTDZ5,B,B,1,0.058823529411764705,1.0,1.0
01KJN6MMPQTMDYRN709968YFN1,page7-255,01KJN78B0TFR8F59JDGD057XNS,01KJN78M7563R5D9TQE5G142DA,A,C,0,0.14285714285714285,1.0,1.0
01KJN6MMPQTMDYRN709968YFN1,page7-255,01KJN78B0TFR8F59JDGD057XNS,01KJN791EPN054R2NTQQ1BFXJ5,A,A,1,0.1111111111111111,1.0,1.0
01KJN6MMPQTMDYRN709968YFN1,page7-255,01KJN78B0TFR8F59JDGD057XNS,01KJN796KT7FCNV2F9QNCQDSES,A,C,0,0.0,1.0,1.0
01KJN6MMPQTMDYRN709968YFN1,page7-255,01KJN78B0TFR8F59JDGD057XNS,01KJN79Y7T0VZNKHTSJRZWTDZ5,A,B,0,0.0625,1.0,1.0
01KJN6MMPQTMDYRN709968YFN1,page7-255,01KJN78M7563R5D9TQE5G142DA,01KJN791EPN054R2NTQQ1BFXJ5,C,A,0,0.0,1.0,1.0
01KJN6MMPQTMDYRN709968YFN1,page7-255,01KJN78M7563R5D9TQE5G142DA,01KJN796KT7FCNV2F9QNCQDSES,C,C,1,0.0,1.0,1.0
01KJN6MMPQTMDYRN709968YFN1,page7-255,01KJN78M7563R5D9TQE5G142DA,01KJN79Y7T0VZNKHTSJRZWTDZ5,C,B,0,0.0,1.0,1.0
01KJN6MMPQTMDYRN709968YFN1,page7-255,01KJN791EPN054R2NTQQ1BFXJ5,01KJN796KT7FCNV2F9QNCQDSES,A,C,0,0.0,1.0,1.0
01KJN6MMPQTMDYRN709968YFN1,page7-255,01KJN791EPN054R2NTQQ1BFXJ5,01KJN79Y7T0VZNKHTSJRZWTDZ5,A,B,0,0.21428571428571427,1.0,1.0
01KJN6MMPQTMDYRN709968YFN1,page7-255,01KJN796KT7FCNV2F9QNCQDSES,01KJN79Y7T0VZNKHTSJRZWTDZ5,C,B,0,0.0,1.0,1.0
01KJN6MMPQTMDYRN709968YFN1,page7-255,01KJN788SPAKVVBHX9T9FDQWAF,01KJN78B0TFR8F59JDGD057XNS,B,A,0,0.16666666666666666,2.0,1.0
01KJN6MMPQTMDYRN709968YFN1,page7-255,01KJN788SPAKVVBHX9T9FDQWAF,01KJN78CQJ3KY7VMGAR6F3D4S0,B,B,1,0.26666666666666666,2.0,1.0
01KJN6MMPQTMDYRN709968YFN1,page7-255,01KJN788SPAKVVBHX9T9FDQWAF,01KJN78JVY5FN5QXW9XGGE72RG,B,A,0,0.15384615384615385,2.0,1.0
01KJN6MMPQTMDYRN709968YFN1,page7-255,01KJN788SPAKVVBHX9T9FDQWAF,01KJN78M7563R5D9TQE5G142DA,B,C,0,0.13333333333333333,2.0,1.0
01KJN6MMPQTMDYRN709968YFN1,page7-255,01KJN788SPAKVVBHX9T9FDQWAF,01KJN791EPN054R2NTQQ1BFXJ5,B,A,0,0.16666666666666666,2.0,1.0
01KJN6MMPQTMDYRN709968YFN1,page7-255,01KJN788SPAKVVBHX9T9FDQWAF,01KJN796KT7FCNV2F9QNCQDSES,B,C,0,0.07142857142857142,2.0,1.0
01KJN6MMPQTMDYRN709968YFN1,page7-255,01KJN788SPAKVVBHX9T9FDQWAF,01KJN79Y7T0VZNKHTSJRZWTDZ5,B,B,1,0.058823529411764705,2.0,1.0
01KJN6MMPQTMDYRN709968YFN1,page7-255,01KJN788SPAKVVBHX9T9FDQWAF,01KJN79ZDP3YNFFHHQA302PJDP,B,C,0,0.06666666666666667,2.0,1.0
01KJN6MMPQTMDYRN709968YFN1,page7-255,01KJN78B0TFR8F59JDGD057XNS,01KJN78CQJ3KY7VMGAR6F3D4S0,A,B,0,0.125,2.0,1.0
01KJN6MMPQTMDYRN709968YFN1,page7-255,01KJN78B0TFR8F59JDGD057XNS,01KJN78JVY5FN5QXW9XGGE72RG,A,A,1,0.16666666666666666,2.0,1.0
01KJN6MMPQTMDYRN709968YFN1,page7-255,01KJN78B0TFR8F59JDGD057XNS,01KJN78M7563R5D9TQE5G142DA,A,C,0,0.14285714285714285,2.0,1.0
01KJN6MMPQTMDYRN709968YFN1,page7-255,01KJN78B0TFR8F59JDGD057XNS,01KJN791EPN054R2NTQQ1BFXJ5,A,A,1,0.1111111111111111,2.0,1.0
01KJN6MMPQTMDYRN709968YFN1,page7-255,01KJN78B0TFR8F59JDGD057XNS,01KJN796KT7FCNV2F9QNCQDSES,A,C,0,0.0,2.0,1.0
01KJN6MMPQTMDYRN709968YFN1,page7-255,01KJN78B0TFR8F59JDGD057XNS,01KJN79Y7T0VZNKHTSJRZWTDZ5,A,B,0,0.0625,2.0,1.0
01KJN6MMPQTMDYRN709968YFN1,page7-255,01KJN78B0TFR8F59JDGD057XNS,01KJN79ZDP3YNFFHHQA302PJDP,A,C,0,0.07142857142857142,2.0,1.0
01KJN6MMPQTMDYRN709968YFN1,page7-255,01KJN78CQJ3KY7VMGAR6F3D4S0,01KJN78JVY5FN5QXW9XGGE72RG,B,A,0,0.3333333333333333,2.0,1.0
01KJN6MMPQTMDYRN709968YFN1,page7-255,01KJN78CQJ3KY7VMGAR6F3D4S0,01KJN78M7563R5D9TQE5G142DA,B,C,0,0.0,2.0,1.0
01KJN6MMPQTMDYRN709968YFN1,page7-255,01KJN78CQJ3KY7VMGAR6F3D4S0,01KJN791EPN054R2NTQQ1BFXJ5,B,A,0,0.2,2.0,1.0
01KJN6MMPQTMDYRN709968YFN1,page7-255,01KJN78CQJ3KY7VMGAR6F3D4S0,01KJN796KT7FCNV2F9QNCQDSES,B,C,0,0.09090909090909091,2.0,1.0
01KJN6MMPQTMDYRN709968YFN1,page7-255,01KJN78CQJ3KY7VMGAR6F3D4S0,01KJN79Y7T0VZNKHTSJRZWTDZ5,B,B,1,0.15384615384615385,2.0,1.0
01KJN6MMPQTMDYRN709968YFN1,page7-255,01KJN78CQJ3KY7VMGAR6F3D4S0,01KJN79ZDP3YNFFHHQA302PJDP,B,C,0,0.18181818181818182,2.0,1.0
01KJN6MMPQTMDYRN709968YFN1,page7-255,01KJN78JVY5FN5QXW9XGGE72RG,01KJN78M7563R5D9TQE5G142DA,A,C,0,0.0,2.0,1.0
01KJN6MMPQTMDYRN709968YFN1,page7-255,01KJN78JVY5FN5QXW9XGGE72RG,01KJN791EPN054R2NTQQ1BFXJ5,A,A,1,0.4,2.0,1.0
01KJN6MMPQTMDYRN709968YFN1,page7-255,01KJN78JVY5FN5QXW9XGGE72RG,01KJN796KT7FCNV2F9QNCQDSES,A,C,0,0.0,2.0,1.0
01KJN6MMPQTMDYRN709968YFN1,page7-255,01KJN78JVY5FN5QXW9XGGE72RG,01KJN79Y7T0VZNKHTSJRZWTDZ5,A,B,0,0.2222222222222222,2.0,1.0
01KJN6MMPQTMDYRN709968YFN1,page7-255,01KJN78JVY5FN5QXW9XGGE72RG,01KJN79ZDP3YNFFHHQA302PJDP,A,C,0,0.2857142857142857,2.0,1.0
01KJN6MMPQTMDYRN709968YFN1,page7-255,01KJN78M7563R5D9TQE5G142DA,01KJN791EPN054R2NTQQ1BFXJ5,C,A,0,0.0,2.0,1.0
01KJN6MMPQTMDYRN709968YFN1,page7-255,01KJN78M7563R5D9TQE5G142DA,01KJN796KT7FCNV2F9QNCQDSES,C,C,1,0.0,2.0,1.0
01KJN6MMPQTMDYRN709968YFN1,page7-255,01KJN78M7563R5D9TQE5G142DA,01KJN79Y7T0VZNKHTSJRZWTDZ5,C,B,0,0.0,2.0,1.0
01KJN6MMPQTMDYRN709968YFN1,page7-255,01KJN78M7563R5D9TQE5G142DA,01KJN79ZDP3YNFFHHQA302PJDP,C,C,1,0.0,2.0,1.0
01KJN6MMPQTMDYRN709968YFN1,page7-255,01KJN791EPN054R2NTQQ1BFXJ5,01KJN796KT7FCNV2F9QNCQDSES,A,C,0,0.0,2.0,1.0
01KJN6MMPQTMDYRN709968YFN1,page7-255,01KJN791EPN054R2NTQQ1BFXJ5,01KJN79Y7T0VZNKHTSJRZWTDZ5,A,B,0,0.21428571428571427,2.0,1.0
01KJN6MMPQTMDYRN709968YFN1,page7-255,01KJN791EPN054R2NTQQ1BFXJ5,01KJN79ZDP3YNFFHHQA302PJDP,A,C,0,0.25,2.0,1.0
01KJN6MMPQTMDYRN709968YFN1,page7-255,01KJN796KT7FCNV2F9QNCQDSES,01KJN79Y7T0VZNKHTSJRZWTDZ5,C,B,0,0.0,2.0,1.0
01KJN6MMPQTMDYRN709968YFN1,page7-255,01KJN796KT7FCNV2F9QNCQDSES,01KJN79ZDP3YNFFHHQA302PJDP,C,C,1,0.0,2.0,1.0
01KJN6MMPQTMDYRN709968YFN1,page7-255,01KJN79Y7T0VZNKHTSJRZWTDZ5,01KJN79ZDP3YNFFHHQA302PJDP,B,C,0,0.2,2.0,1.0
01KJN6MMPQTMDYRN709968YFN1,page7-255,01KJN788SPAKVVBHX9T9FDQWAF,01KJN78B0TFR8F59JDGD057XNS,B,A,0,0.15789473684210525,3.0,1.0
01KJN6MMPQTMDYRN709968YFN1,page7-255,01KJN788SPAKVVBHX9T9FDQWAF,01KJN78CQJ3KY7VMGAR6F3D4S0,B,B,1,0.26666666666666666,3.0,1.0
01KJN6MMPQTMDYRN709968YFN1,page7-255,01KJN788SPAKVVBHX9T9FDQWAF,01KJN78JVY5FN5QXW9XGGE72RG,B,A,0,0.15384615384615385,3.0,1.0
01KJN6MMPQTMDYRN709968YFN1,page7-255,01KJN788SPAKVVBHX9T9FDQWAF,01KJN78M7563R5D9TQE5G142DA,B,C,0,0.07692307692307693,3.0,1.0
01KJN6MMPQTMDYRN709968YFN1,page7-255,01KJN788SPAKVVBHX9T9FDQWAF,01KJN791EPN054R2NTQQ1BFXJ5,B,A,0,0.16666666666666666,3.0,1.0
01KJN6MMPQTMDYRN709968YFN1,page7-255,01KJN788SPAKVVBHX9T9FDQWAF,01KJN796KT7FCNV2F9QNCQDSES,B,C,0,0.07142857142857142,3.0,1.0
01KJN6MMPQTMDYRN709968YFN1,page7-255,01KJN788SPAKVVBHX9T9FDQWAF,01KJN79Y7T0VZNKHTSJRZWTDZ5,B,B,1,0.09090909090909091,3.0,1.0
01KJN6MMPQTMDYRN709968YFN1,page7-255,01KJN788SPAKVVBHX9T9FDQWAF,01KJN79ZDP3YNFFHHQA302PJDP,B,C,0,0.06666666666666667,3.0,1.0
01KJN6MMPQTMDYRN709968YFN1,page7-255,01KJN78B0TFR8F59JDGD057XNS,01KJN78CQJ3KY7VMGAR6F3D4S0,A,B,0,0.1875,3.0,1.0
01KJN6MMPQTMDYRN709968YFN1,page7-255,01KJN78B0TFR8F59JDGD057XNS,01KJN78JVY5FN5QXW9XGGE72RG,A,A,1,0.15384615384615385,3.0,1.0
01KJN6MMPQTMDYRN709968YFN1,page7-255,01KJN78B0TFR8F59JDGD057XNS,01KJN78M7563R5D9TQE5G142DA,A,C,0,0.07692307692307693,3.0,1.0
01KJN6MMPQTMDYRN709968YFN1,page7-255,01KJN78B0TFR8F59JDGD057XNS,01KJN791EPN054R2NTQQ1BFXJ5,A,A,1,0.23529411764705882,3.0,1.0
01KJN6MMPQTMDYRN709968YFN1,page7-255,01KJN78B0TFR8F59JDGD057XNS,01KJN796KT7FCNV2F9QNCQDSES,A,C,0,0.0,3.0,1.0
01KJN6MMPQTMDYRN709968YFN1,page7-255,01KJN78B0TFR8F59JDGD057XNS,01KJN79Y7T0VZNKHTSJRZWTDZ5,A,B,0,0.0,3.0,1.0
01KJN6MMPQTMDYRN709968YFN1,page7-255,01KJN78B0TFR8F59JDGD057XNS,01KJN79ZDP3YNFFHHQA302PJDP,A,C,0,0.06666666666666667,3.0,1.0
01KJN6MMPQTMDYRN709968YFN1,page7-255,01KJN78CQJ3KY7VMGAR6F3D4S0,01KJN78JVY5FN5QXW9XGGE72RG,B,A,0,0.3333333333333333,3.0,1.0
01KJN6MMPQTMDYRN709968YFN1,page7-255,01KJN78CQJ3KY7VMGAR6F3D4S0,01KJN78M7563R5D9TQE5G142DA,B,C,0,0.1,3.0,1.0
01KJN6MMPQTMDYRN709968YFN1,page7-255,01KJN78CQJ3KY7VMGAR6F3D4S0,01KJN791EPN054R2NTQQ1BFXJ5,B,A,0,0.2,3.0,1.0
01KJN6MMPQTMDYRN709968YFN1,page7-255,01KJN78CQJ3KY7VMGAR6F3D4S0,01KJN796KT7FCNV2F9QNCQDSES,B,C,0,0.09090909090909091,3.0,1.0
01KJN6MMPQTMDYRN709968YFN1,page7-255,01KJN78CQJ3KY7VMGAR6F3D4S0,01KJN79Y7T0VZNKHTSJRZWTDZ5,B,B,1,0.125,3.0,1.0
01KJN6MMPQTMDYRN709968YFN1,page7-255,01KJN78CQJ3KY7VMGAR6F3D4S0,01KJN79ZDP3YNFFHHQA302PJDP,B,C,0,0.18181818181818182,3.0,1.0
01KJN6MMPQTMDYRN709968YFN1,page7-255,01KJN78JVY5FN5QXW9XGGE72RG,01KJN78M7563R5D9TQE5G142DA,A,C,0,0.16666666666666666,3.0,1.0
01KJN6MMPQTMDYRN709968YFN1,page7-255,01KJN78JVY5FN5QXW9XGGE72RG,01KJN791EPN054R2NTQQ1BFXJ5,A,A,1,0.4,3.0,1.0
01KJN6MMPQTMDYRN709968YFN1,page7-255,01KJN78JVY5FN5QXW9XGGE72RG,01KJN796KT7FCNV2F9QNCQDSES,A,C,0,0.0,3.0,1.0
01KJN6MMPQTMDYRN709968YFN1,page7-255,01KJN78JVY5FN5QXW9XGGE72RG,01KJN79Y7T0VZNKHTSJRZWTDZ5,A,B,0,0.0,3.0,1.0
01KJN6MMPQTMDYRN709968YFN1,page7-255,01KJN78JVY5FN5QXW9XGGE72RG,01KJN79ZDP3YNFFHHQA302PJDP,A,C,0,0.2857142857142857,3.0,1.0
01KJN6MMPQTMDYRN709968YFN1,page7-255,01KJN78M7563R5D9TQE5G142DA,01KJN791EPN054R2NTQQ1BFXJ5,C,A,0,0.08333333333333333,3.0,1.0
01KJN6MMPQTMDYRN709968YFN1,page7-255,01KJN78M7563R5D9TQE5G142DA,01KJN796KT7FCNV2F9QNCQDSES,C,C,1,0.0,3.0,1.0
01KJN6MMPQTMDYRN709968YFN1,page7-255,01KJN78M7563R5D9TQE5G142DA,01KJN79Y7T0VZNKHTSJRZWTDZ5,C,B,0,0.0,3.0,1.0
01KJN6MMPQTMDYRN709968YFN1,page7-255,01KJN78M7563R5D9TQE5G142DA,01KJN79ZDP3YNFFHHQA302PJDP,C,C,1,0.14285714285714285,3.0,1.0
01KJN6MMPQTMDYRN709968YFN1,page7-255,01KJN791EPN054R2NTQQ1BFXJ5,01KJN796KT7FCNV2F9QNCQDSES,A,C,0,0.0,3.0,1.0
01KJN6MMPQTMDYRN709968YFN1,page7-255,01KJN791EPN054R2NTQQ1BFXJ5,01KJN79Y7T0VZNKHTSJRZWTDZ5,A,B,0,0.0,3.0,1.0
01KJN6MMPQTMDYRN709968YFN1,page7-255,01KJN791EPN054R2NTQQ1BFXJ5,01KJN79ZDP3YNFFHHQA302PJDP,A,C,0,0.25,3.0,1.0
01KJN6MMPQTMDYRN709968YFN1,page7-255,01KJN796KT7FCNV2F9QNCQDSES,01KJN79Y7T0VZNKHTSJRZWTDZ5,C,B,0,0.0,3.0,1.0
01KJN6MMPQTMDYRN709968YFN1,page7-255,01KJN796KT7FCNV2F9QNCQDSES,01KJN79ZDP3YNFFHHQA302PJDP,C,C,1,0.0,3.0,1.0
01KJN6MMPQTMDYRN709968YFN1,page7-255,01KJN79Y7T0VZNKHTSJRZWTDZ5,01KJN79ZDP3YNFFHHQA302PJDP,B,C,0,0.0,3.0,1.0
01KJN6MMPQTMDYRN709968YFN1,page7-255,01KJN788SPAKVVBHX9T9FDQWAF,01KJN78B0TFR8F59JDGD057XNS,B,A,0,0.0,4.0,1.0
01KJN6MMPQTMDYRN709968YFN1,page7-255,01KJN788SPAKVVBHX9T9FDQWAF,01KJN78CQJ3KY7VMGAR6F3D4S0,B,B,1,0.125,4.0,1.0
01KJN6MMPQTMDYRN709968YFN1,page7-255,01KJN788SPAKVVBHX9T9FDQWAF,01KJN78JVY5FN5QXW9XGGE72RG,B,A,0,0.0,4.0,1.0
01KJN6MMPQTMDYRN709968YFN1,page7-255,01KJN788SPAKVVBHX9T9FDQWAF,01KJN78M7563R5D9TQE5G142DA,B,C,0,0.0,4.0,1.0
01KJN6MMPQTMDYRN709968YFN1,page7-255,01KJN788SPAKVVBHX9T9FDQWAF,01KJN791EPN054R2NTQQ1BFXJ5,B,A,0,0.0,4.0,1.0
01KJN6MMPQTMDYRN709968YFN1,page7-255,01KJN788SPAKVVBHX9T9FDQWAF,01KJN796KT7FCNV2F9QNCQDSES,B,C,0,0.0,4.0,1.0
01KJN6MMPQTMDYRN709968YFN1,page7-255,01KJN788SPAKVVBHX9T9FDQWAF,01KJN79Y7T0VZNKHTSJRZWTDZ5,B,B,1,1.0,4.0,1.0
01KJN6MMPQTMDYRN709968YFN1,page7-255,01KJN788SPAKVVBHX9T9FDQWAF,01KJN79ZDP3YNFFHHQA302PJDP,B,C,0,0.0,4.0,1.0
01KJN6MMPQTMDYRN709968YFN1,page7-255,01KJN78B0TFR8F59JDGD057XNS,01KJN78CQJ3KY7VMGAR6F3D4S0,A,B,0,0.1875,4.0,1.0
01KJN6MMPQTMDYRN709968YFN1,page7-255,01KJN78B0TFR8F59JDGD057XNS,01KJN78JVY5FN5QXW9XGGE72RG,A,A,1,0.15384615384615385,4.0,1.0
01KJN6MMPQTMDYRN709968YFN1,page7-255,01KJN78B0TFR8F59JDGD057XNS,01KJN78M7563R5D9TQE5G142DA,A,C,0,0.07692307692307693,4.0,1.0
01KJN6MMPQTMDYRN709968YFN1,page7-255,01KJN78B0TFR8F59JDGD057XNS,01KJN791EPN054R2NTQQ1BFXJ5,A,A,1,0.1875,4.0,1.0
01KJN6MMPQTMDYRN709968YFN1,page7-255,01KJN78B0TFR8F59JDGD057XNS,01KJN796KT7FCNV2F9QNCQDSES,A,C,0,0.13333333333333333,4.0,1.0
01KJN6MMPQTMDYRN709968YFN1,page7-255,01KJN78B0TFR8F59JDGD057XNS,01KJN79Y7T0VZNKHTSJRZWTDZ5,A,B,0,0.0,4.0,1.0
01KJN6MMPQTMDYRN709968YFN1,page7-255,01KJN78B0TFR8F59JDGD057XNS,01KJN79ZDP3YNFFHHQA302PJDP,A,C,0,0.06666666666666667,4.0,1.0
01KJN6MMPQTMDYRN709968YFN1,page7-255,01KJN78CQJ3KY7VMGAR6F3D4S0,01KJN78JVY5FN5QXW9XGGE72RG,B,A,0,0.3333333333333333,4.0,1.0
01KJN6MMPQTMDYRN709968YFN1,page7-255,01KJN78CQJ3KY7VMGAR6F3D4S0,01KJN78M7563R5D9TQE5G142DA,B,C,0,0.1,4.0,1.0
01KJN6MMPQTMDYRN709968YFN1,page7-255,01KJN78CQJ3KY7VMGAR6F3D4S0,01KJN791EPN054R2NTQQ1BFXJ5,B,A,0,0.3333333333333333,4.0,1.0
01KJN6MMPQTMDYRN709968YFN1,page7-255,01KJN78CQJ3KY7VMGAR6F3D4S0,01KJN796KT7FCNV2F9QNCQDSES,B,C,0,0.07692307692307693,4.0,1.0
01KJN6MMPQTMDYRN709968YFN1,page7-255,01KJN78CQJ3KY7VMGAR6F3D4S0,01KJN79Y7T0VZNKHTSJRZWTDZ5,B,B,1,0.125,4.0,1.0
01KJN6MMPQTMDYRN709968YFN1,page7-255,01KJN78CQJ3KY7VMGAR6F3D4S0,01KJN79ZDP3YNFFHHQA302PJDP,B,C,0,0.18181818181818182,4.0,1.0
01KJN6MMPQTMDYRN709968YFN1,page7-255,01KJN78JVY5FN5QXW9XGGE72RG,01KJN78M7563R5D9TQE5G142DA,A,C,0,0.16666666666666666,4.0,1.0
01KJN6MMPQTMDYRN709968YFN1,page7-255,01KJN78JVY5FN5QXW9XGGE72RG,01KJN791EPN054R2NTQQ1BFXJ5,A,A,1,0.5,4.0,1.0
01KJN6MMPQTMDYRN709968YFN1,page7-255,01KJN78JVY5FN5QXW9XGGE72RG,01KJN796KT7FCNV2F9QNCQDSES,A,C,0,0.1111111111111111,4.0,1.0
01KJN6MMPQTMDYRN709968YFN1,page7-255,01KJN78JVY5FN5QXW9XGGE72RG,01KJN79Y7T0VZNKHTSJRZWTDZ5,A,B,0,0.0,4.0,1.0
01KJN6MMPQTMDYRN709968YFN1,page7-255,01KJN78JVY5FN5QXW9XGGE72RG,01KJN79ZDP3YNFFHHQA302PJDP,A,C,0,0.2857142857142857,4.0,1.0
01KJN6MMPQTMDYRN709968YFN1,page7-255,01KJN78M7563R5D9TQE5G142DA,01KJN791EPN054R2NTQQ1BFXJ5,C,A,0,0.1,4.0,1.0
01KJN6MMPQTMDYRN709968YFN1,page7-255,01KJN78M7563R5D9TQE5G142DA,01KJN796KT7FCNV2F9QNCQDSES,C,C,1,0.5,4.0,1.0
01KJN6MMPQTMDYRN709968YFN1,page7-255,01KJN78M7563R5D9TQE5G142DA,01KJN79Y7T0VZNKHTSJRZWTDZ5,C,B,0,0.0,4.0,1.0
01KJN6MMPQTMDYRN709968YFN1,page7-255,01KJN78M7563R5D9TQE5G142DA,01KJN79ZDP3YNFFHHQA302PJDP,C,C,1,0.14285714285714285,4.0,1.0
01KJN6MMPQTMDYRN709968YFN1,page7-255,01KJN791EPN054R2NTQQ1BFXJ5,01KJN796KT7FCNV2F9QNCQDSES,A,C,0,0.07692307692307693,4.0,1.0
01KJN6MMPQTMDYRN709968YFN1,page7-255,01KJN791EPN054R2NTQQ1BFXJ5,01KJN79Y7T0VZNKHTSJRZWTDZ5,A,B,0,0.0,4.0,1.0
01KJN6MMPQTMDYRN709968YFN1,page7-255,01KJN791EPN054R2NTQQ1BFXJ5,01KJN79ZDP3YNFFHHQA302PJDP,A,C,0,0.18181818181818182,4.0,1.0
01KJN6MMPQTMDYRN709968YFN1,page7-255,01KJN796KT7FCNV2F9QNCQDSES,01KJN79Y7T0VZNKHTSJRZWTDZ5,C,B,0,0.0,4.0,1.0
01KJN6MMPQTMDYRN709968YFN1,page7-255,01KJN796KT7FCNV2F9QNCQDSES,01KJN79ZDP3YNFFHHQA302PJDP,C,C,1,0.1,4.0,1.0
01KJN6MMPQTMDYRN709968YFN1,page7-255,01KJN79Y7T0VZNKHTSJRZWTDZ5,01KJN79ZDP3YNFFHHQA302PJDP,B,C,0,0.0,4.0,1.0
01KJN6MMPQTMDYRN709968YFN1,page7-255,01KJN788SPAKVVBHX9T9FDQWAF,01KJN78B0TFR8F59JDGD057XNS,B,A,0,0.0,5.0,1.0
01KJN6MMPQTMDYRN709968YFN1,page7-255,01KJN788SPAKVVBHX9T9FDQWAF,01KJN78CQJ3KY7VMGAR6F3D4S0,B,B,1,1.0,5.0,1.0
01KJN6MMPQTMDYRN709968YFN1,page7-255,01KJN788SPAKVVBHX9T9FDQWAF,01KJN78JVY5FN5QXW9XGGE72RG,B,A,0,0.0,5.0,1.0
01KJN6MMPQTMDYRN709968YFN1,page7-255,01KJN788SPAKVVBHX9T9FDQWAF,01KJN78M7563R5D9TQE5G142DA,B,C,0,0.0,5.0,1.0
01KJN6MMPQTMDYRN709968YFN1,page7-255,01KJN788SPAKVVBHX9T9FDQWAF,01KJN791EPN054R2NTQQ1BFXJ5,B,A,0,0.0,5.0,1.0
01KJN6MMPQTMDYRN709968YFN1,page7-255,01KJN788SPAKVVBHX9T9FDQWAF,01KJN796KT7FCNV2F9QNCQDSES,B,C,0,0.0,5.0,1.0
01KJN6MMPQTMDYRN709968YFN1,page7-255,01KJN788SPAKVVBHX9T9FDQWAF,01KJN79Y7T0VZNKHTSJRZWTDZ5,B,B,1,1.0,5.0,1.0
01KJN6MMPQTMDYRN709968YFN1,page7-255,01KJN788SPAKVVBHX9T9FDQWAF,01KJN79ZDP3YNFFHHQA302PJDP,B,C,0,0.0,5.0,1.0
01KJN6MMPQTMDYRN709968YFN1,page7-255,01KJN78B0TFR8F59JDGD057XNS,01KJN78CQJ3KY7VMGAR6F3D4S0,A,B,0,0.0,5.0,1.0
01KJN6MMPQTMDYRN709968YFN1,page7-255,01KJN78B0TFR8F59JDGD057XNS,01KJN78JVY5FN5QXW9XGGE72RG,A,A,1,0.3076923076923077,5.0,1.0
01KJN6MMPQTMDYRN709968YFN1,page7-255,01KJN78B0TFR8F59JDGD057XNS,01KJN78M7563R5D9TQE5G142DA,A,C,0,0.07692307692307693,5.0,1.0
01KJN6MMPQTMDYRN709968YFN1,page7-255,01KJN78B0TFR8F59JDGD057XNS,01KJN791EPN054R2NTQQ1BFXJ5,A,A,1,0.1875,5.0,1.0
01KJN6MMPQTMDYRN709968YFN1,page7-255,01KJN78B0TFR8F59JDGD057XNS,01KJN796KT7FCNV2F9QNCQDSES,A,C,0,0.13333333333333333,5.0,1.0
01KJN6MMPQTMDYRN709968YFN1,page7-255,01KJN78B0TFR8F59JDGD057XNS,01KJN79Y7T0VZNKHTSJRZWTDZ5,A,B,0,0.0,5.0,1.0
01KJN6MMPQTMDYRN709968YFN1,page7-255,01KJN78B0TFR8F59JDGD057XNS,01KJN79ZDP3YNFFHHQA302PJDP,A,C,0,0.06666666666666667,5.0,1.0
01KJN6MMPQTMDYRN709968YFN1,page7-255,01KJN78CQJ3KY7VMGAR6F3D4S0,01KJN78JVY5FN5QXW9XGGE72RG,B,A,0,0.0,5.0,1.0
01KJN6MMPQTMDYRN709968YFN1,page7-255,01KJN78CQJ3KY7VMGAR6F3D4S0,01KJN78M7563R5D9TQE5G142DA,B,C,0,0.0,5.0,1.0
01KJN6MMPQTMDYRN709968YFN1,page7-255,01KJN78CQJ3KY7VMGAR6F3D4S0,01KJN791EPN054R2NTQQ1BFXJ5,B,A,0,0.0,5.0,1.0
01KJN6MMPQTMDYRN709968YFN1,page7-255,01KJN78CQJ3KY7VMGAR6F3D4S0,01KJN796KT7FCNV2F9QNCQDSES,B,C,0,0.0,5.0,1.0
01KJN6MMPQTMDYRN709968YFN1,page7-255,01KJN78CQJ3KY7VMGAR6F3D4S0,01KJN79Y7T0VZNKHTSJRZWTDZ5,B,B,1,1.0,5.0,1.0
01KJN6MMPQTMDYRN709968YFN1,page7-255,01KJN78CQJ3KY7VMGAR6F3D4S0,01KJN79ZDP3YNFFHHQA302PJDP,B,C,0,0.0,5.0,1.0
01KJN6MMPQTMDYRN709968YFN1,page7-255,01KJN78JVY5FN5QXW9XGGE72RG,01KJN78M7563R5D9TQE5G142DA,A,C,0,0.125,5.0,1.0
01KJN6MMPQTMDYRN709968YFN1,page7-255,01KJN78JVY5FN5QXW9XGGE72RG,01KJN791EPN054R2NTQQ1BFXJ5,A,A,1,0.4,5.0,1.0
01KJN6MMPQTMDYRN709968YFN1,page7-255,01KJN78JVY5FN5QXW9XGGE72RG,01KJN796KT7FCNV2F9QNCQDSES,A,C,0,0.09090909090909091,5.0,1.0
01KJN6MMPQTMDYRN709968YFN1,page7-255,01KJN78JVY5FN5QXW9XGGE72RG,01KJN79Y7T0VZNKHTSJRZWTDZ5,A,B,0,0.0,5.0,1.0
01KJN6MMPQTMDYRN709968YFN1,page7-255,01KJN78JVY5FN5QXW9XGGE72RG,01KJN79ZDP3YNFFHHQA302PJDP,A,C,0,0.1,5.0,1.0
01KJN6MMPQTMDYRN709968YFN1,page7-255,01KJN78M7563R5D9TQE5G142DA,01KJN791EPN054R2NTQQ1BFXJ5,C,A,0,0.1,5.0,1.0
01KJN6MMPQTMDYRN709968YFN1,page7-255,01KJN78M7563R5D9TQE5G142DA,01KJN796KT7FCNV2F9QNCQDSES,C,C,1,0.5,5.0,1.0
01KJN6MMPQTMDYRN709968YFN1,page7-255,01KJN78M7563R5D9TQE5G142DA,01KJN79Y7T0VZNKHTSJRZWTDZ5,C,B,0,0.0,5.0,1.0
01KJN6MMPQTMDYRN709968YFN1,page7-255,01KJN78M7563R5D9TQE5G142DA,01KJN79ZDP3YNFFHHQA302PJDP,C,C,1,0.0,5.0,1.0
01KJN6MMPQTMDYRN709968YFN1,page7-255,01KJN791EPN054R2NTQQ1BFXJ5,01KJN796KT7FCNV2F9QNCQDSES,A,C,0,0.07692307692307693,5.0,1.0
01KJN6MMPQTMDYRN709968YFN1,page7-255,01KJN791EPN054R2NTQQ1BFXJ5,01KJN79Y7T0VZNKHTSJRZWTDZ5,A,B,0,0.0,5.0,1.0
01KJN6MMPQTMDYRN709968YFN1,page7-255,01KJN791EPN054R2NTQQ1BFXJ5,01KJN79ZDP3YNFFHHQA302PJDP,A,C,0,0.18181818181818182,5.0,1.0
01KJN6MMPQTMDYRN709968YFN1,page7-255,01KJN796KT7FCNV2F9QNCQDSES,01KJN79Y7T0VZNKHTSJRZWTDZ5,C,B,0,0.0,5.0,1.0
01KJN6MMPQTMDYRN709968YFN1,page7-255,01KJN796KT7FCNV2F9QNCQDSES,01KJN79ZDP3YNFFHHQA302PJDP,C,C,1,0.0,5.0,1.0
01KJN6MMPQTMDYRN709968YFN1,page7-255,01KJN79Y7T0VZNKHTSJRZWTDZ5,01KJN79ZDP3YNFFHHQA302PJDP,B,C,0,0.0,5.0,1.0
01KJN6MMPQTMDYRN709968YFN1,page9-46,01KJN788SPAKVVBHX9T9FDQWAF,01KJN78B0TFR8F59JDGD057XNS,B,A,0,0.36363636363636365,1.0,1.0
01KJN6MMPQTMDYRN709968YFN1,page9-46,01KJN788SPAKVVBHX9T9FDQWAF,01KJN78M7563R5D9TQE5G142DA,B,C,0,0.0,1.0,1.0
01KJN6MMPQTMDYRN709968YFN1,page9-46,01KJN788SPAKVVBHX9T9FDQWAF,01KJN791EPN054R2NTQQ1BFXJ5,B,A,0,0.2,1.0,1.0
01KJN6MMPQTMDYRN709968YFN1,page9-46,01KJN788SPAKVVBHX9T9FDQWAF,01KJN796KT7FCNV2F9QNCQDSES,B,C,0,0.16666666666666666,1.0,1.0
01KJN6MMPQTMDYRN709968YFN1,page9-46,01KJN788SPAKVVBHX9T9FDQWAF,01KJN79Y7T0VZNKHTSJRZWTDZ5,B,B,1,0.4444444444444444,1.0,1.0
01KJN6MMPQTMDYRN709968YFN1,page9-46,01KJN78B0TFR8F59JDGD057XNS,01KJN78M7563R5D9TQE5G142DA,A,C,0,0.0,1.0,1.0
01KJN6MMPQTMDYRN709968YFN1,page9-46,01KJN78B0TFR8F59JDGD057XNS,01KJN791EPN054R2NTQQ1BFXJ5,A,A,1,0.3125,1.0,1.0
01KJN6MMPQTMDYRN709968YFN1,page9-46,01KJN78B0TFR8F59JDGD057XNS,01KJN796KT7FCNV2F9QNCQDSES,A,C,0,0.21428571428571427,1.0,1.0
01KJN6MMPQTMDYRN709968YFN1,page9-46,01KJN78B0TFR8F59JDGD057XNS,01KJN79Y7T0VZNKHTSJRZWTDZ5,A,B,0,0.23076923076923078,1.0,1.0
01KJN6MMPQTMDYRN709968YFN1,page9-46,01KJN78M7563R5D9TQE5G142DA,01KJN791EPN054R2NTQQ1BFXJ5,C,A,0,0.13333333333333333,1.0,1.0
01KJN6MMPQTMDYRN709968YFN1,page9-46,01KJN78M7563R5D9TQE5G142DA,01KJN796KT7FCNV2F9QNCQDSES,C,C,1,0.08333333333333333,1.0,1.0
01KJN6MMPQTMDYRN709968YFN1,page9-46,01KJN78M7563R5D9TQE5G142DA,01KJN79Y7T0VZNKHTSJRZWTDZ5,C,B,0,0.09090909090909091,1.0,1.0
01KJN6MMPQTMDYRN709968YFN1,page9-46,01KJN791EPN054R2NTQQ1BFXJ5,01KJN796KT7FCNV2F9QNCQDSES,A,C,0,0.42857142857142855,1.0,1.0
01KJN6MMPQTMDYRN709968YFN1,page9-46,01KJN791EPN054R2NTQQ1BFXJ5,01KJN79Y7T0VZNKHTSJRZWTDZ5,A,B,0,0.26666666666666666,1.0,1.0
01KJN6MMPQTMDYRN709968YFN1,page9-46,01KJN796KT7FCNV2F9QNCQDSES,01KJN79Y7T0VZNKHTSJRZWTDZ5,C,B,0,0.15384615384615385,1.0,1.0
01KJN6MMPQTMDYRN709968YFN1,page9-46,01KJN788SPAKVVBHX9T9FDQWAF,01KJN78B0TFR8F59JDGD057XNS,B,A,0,0.36363636363636365,2.0,1.0
01KJN6MMPQTMDYRN709968YFN1,page9-46,01KJN788SPAKVVBHX9T9FDQWAF,01KJN78CQJ3KY7VMGAR6F3D4S0,B,B,1,0.25,2.0,1.0
01KJN6MMPQTMDYRN709968YFN1,page9-46,01KJN788SPAKVVBHX9T9FDQWAF,01KJN78JVY5FN5QXW9XGGE72RG,B,A,0,0.2857142857142857,2.0,1.0
01KJN6MMPQTMDYRN709968YFN1,page9-46,01KJN788SPAKVVBHX9T9FDQWAF,01KJN78M7563R5D9TQE5G142DA,B,C,0,0.0,2.0,1.0
01KJN6MMPQTMDYRN709968YFN1,page9-46,01KJN788SPAKVVBHX9T9FDQWAF,01KJN791EPN054R2NTQQ1BFXJ5,B,A,0,0.2,2.0,1.0
01KJN6MMPQTMDYRN709968YFN1,page9-46,01KJN788SPAKVVBHX9T9FDQWAF,01KJN796KT7FCNV2F9QNCQDSES,B,C,0,0.16666666666666666,2.0,1.0
01KJN6MMPQTMDYRN709968YFN1,page9-46,01KJN788SPAKVVBHX9T9FDQWAF,01KJN79Y7T0VZNKHTSJRZWTDZ5,B,B,1,0.4444444444444444,2.0,1.0
01KJN6MMPQTMDYRN709968YFN1,page9-46,01KJN788SPAKVVBHX9T9FDQWAF,01KJN79ZDP3YNFFHHQA302PJDP,B,C,0,0.2,2.0,1.0
01KJN6MMPQTMDYRN709968YFN1,page9-46,01KJN78B0TFR8F59JDGD057XNS,01KJN78CQJ3KY7VMGAR6F3D4S0,A,B,0,0.18181818181818182,2.0,1.0
01KJN6MMPQTMDYRN709968YFN1,page9-46,01KJN78B0TFR8F59JDGD057XNS,01KJN78JVY5FN5QXW9XGGE72RG,A,A,1,0.3333333333333333,2.0,1.0
01KJN6MMPQTMDYRN709968YFN1,page9-46,01KJN78B0TFR8F59JDGD057XNS,01KJN78M7563R5D9TQE5G142DA,A,C,0,0.0,2.0,1.0
01KJN6MMPQTMDYRN709968YFN1,page9-46,01KJN78B0TFR8F59JDGD057XNS,01KJN791EPN054R2NTQQ1BFXJ5,A,A,1,0.3125,2.0,1.0
01KJN6MMPQTMDYRN709968YFN1,page9-46,01KJN78B0TFR8F59JDGD057XNS,01KJN796KT7FCNV2F9QNCQDSES,A,C,0,0.21428571428571427,2.0,1.0
01KJN6MMPQTMDYRN709968YFN1,page9-46,01KJN78B0TFR8F59JDGD057XNS,01KJN79Y7T0VZNKHTSJRZWTDZ5,A,B,0,0.23076923076923078,2.0,1.0
01KJN6MMPQTMDYRN709968YFN1,page9-46,01KJN78B0TFR8F59JDGD057XNS,01KJN79ZDP3YNFFHHQA302PJDP,A,C,0,0.25,2.0,1.0
01KJN6MMPQTMDYRN709968YFN1,page9-46,01KJN78CQJ3KY7VMGAR6F3D4S0,01KJN78JVY5FN5QXW9XGGE72RG,B,A,0,0.16666666666666666,2.0,1.0
01KJN6MMPQTMDYRN709968YFN1,page9-46,01KJN78CQJ3KY7VMGAR6F3D4S0,01KJN78M7563R5D9TQE5G142DA,B,C,0,0.125,2.0,1.0
01KJN6MMPQTMDYRN709968YFN1,page9-46,01KJN78CQJ3KY7VMGAR6F3D4S0,01KJN791EPN054R2NTQQ1BFXJ5,B,A,0,0.14285714285714285,2.0,1.0
01KJN6MMPQTMDYRN709968YFN1,page9-46,01KJN78CQJ3KY7VMGAR6F3D4S0,01KJN796KT7FCNV2F9QNCQDSES,B,C,0,0.2,2.0,1.0
01KJN6MMPQTMDYRN709968YFN1,page9-46,01KJN78CQJ3KY7VMGAR6F3D4S0,01KJN79Y7T0VZNKHTSJRZWTDZ5,B,B,1,0.1,2.0,1.0
01KJN6MMPQTMDYRN709968YFN1,page9-46,01KJN78CQJ3KY7VMGAR6F3D4S0,01KJN79ZDP3YNFFHHQA302PJDP,B,C,0,0.25,2.0,1.0
01KJN6MMPQTMDYRN709968YFN1,page9-46,01KJN78JVY5FN5QXW9XGGE72RG,01KJN78M7563R5D9TQE5G142DA,A,C,0,0.0,2.0,1.0
01KJN6MMPQTMDYRN709968YFN1,page9-46,01KJN78JVY5FN5QXW9XGGE72RG,01KJN791EPN054R2NTQQ1BFXJ5,A,A,1,0.25,2.0,1.0
01KJN6MMPQTMDYRN709968YFN1,page9-46,01KJN78JVY5FN5QXW9XGGE72RG,01KJN796KT7FCNV2F9QNCQDSES,A,C,0,0.2222222222222222,2.0,1.0
01KJN6MMPQTMDYRN709968YFN1,page9-46,01KJN78JVY5FN5QXW9XGGE72RG,01KJN79Y7T0VZNKHTSJRZWTDZ5,A,B,0,0.25,2.0,1.0
01KJN6MMPQTMDYRN709968YFN1,page9-46,01KJN78JVY5FN5QXW9XGGE72RG,01KJN79ZDP3YNFFHHQA302PJDP,A,C,0,0.2857142857142857,2.0,1.0
01KJN6MMPQTMDYRN709968YFN1,page9-46,01KJN78M7563R5D9TQE5G142DA,01KJN791EPN054R2NTQQ1BFXJ5,C,A,0,0.13333333333333333,2.0,1.0
01KJN6MMPQTMDYRN709968YFN1,page9-46,01KJN78M7563R5D9TQE5G142DA,01KJN796KT7FCNV2F9QNCQDSES,C,C,1,0.08333333333333333,2.0,1.0
01KJN6MMPQTMDYRN709968YFN1,page9-46,01KJN78M7563R5D9TQE5G142DA,01KJN79Y7T0VZNKHTSJRZWTDZ5,C,B,0,0.09090909090909091,2.0,1.0
01KJN6MMPQTMDYRN709968YFN1,page9-46,01KJN78M7563R5D9TQE5G142DA,01KJN79ZDP3YNFFHHQA302PJDP,C,C,1,0.2222222222222222,2.0,1.0
01KJN6MMPQTMDYRN709968YFN1,page9-46,01KJN791EPN054R2NTQQ1BFXJ5,01KJN796KT7FCNV2F9QNCQDSES,A,C,0,0.42857142857142855,2.0,1.0
01KJN6MMPQTMDYRN709968YFN1,page9-46,01KJN791EPN054R2NTQQ1BFXJ5,01KJN79Y7T0VZNKHTSJRZWTDZ5,A,B,0,0.26666666666666666,2.0,1.0
01KJN6MMPQTMDYRN709968YFN1,page9-46,01KJN791EPN054R2NTQQ1BFXJ5,01KJN79ZDP3YNFFHHQA302PJDP,A,C,0,0.38461538461538464,2.0,1.0
01KJN6MMPQTMDYRN709968YFN1,page9-46,01KJN796KT7FCNV2F9QNCQDSES,01KJN79Y7T0VZNKHTSJRZWTDZ5,C,B,0,0.15384615384615385,2.0,1.0
01KJN6MMPQTMDYRN709968YFN1,page9-46,01KJN796KT7FCNV2F9QNCQDSES,01KJN79ZDP3YNFFHHQA302PJDP,C,C,1,0.4,2.0,1.0
01KJN6MMPQTMDYRN709968YFN1,page9-46,01KJN79Y7T0VZNKHTSJRZWTDZ5,01KJN79ZDP3YNFFHHQA302PJDP,B,C,0,0.3,2.0,1.0
01KJN6MMPQTMDYRN709968YFN1,page9-46,01KJN788SPAKVVBHX9T9FDQWAF,01KJN78B0TFR8F59JDGD057XNS,B,A,0,0.4444444444444444,3.0,1.0
01KJN6MMPQTMDYRN709968YFN1,page9-46,01KJN788SPAKVVBHX9T9FDQWAF,01KJN78CQJ3KY7VMGAR6F3D4S0,B,B,1,0.25,3.0,1.0
01KJN6MMPQTMDYRN709968YFN1,page9-46,01KJN788SPAKVVBHX9T9FDQWAF,01KJN78JVY5FN5QXW9XGGE72RG,B,A,0,0.2857142857142857,3.0,1.0
01KJN6MMPQTMDYRN709968YFN1,page9-46,01KJN788SPAKVVBHX9T9FDQWAF,01KJN78M7563R5D9TQE5G142DA,B,C,0,0.25,3.0,1.0
01KJN6MMPQTMDYRN709968YFN1,page9-46,01KJN788SPAKVVBHX9T9FDQWAF,01KJN791EPN054R2NTQQ1BFXJ5,B,A,0,0.2,3.0,1.0
01KJN6MMPQTMDYRN709968YFN1,page9-46,01KJN788SPAKVVBHX9T9FDQWAF,01KJN796KT7FCNV2F9QNCQDSES,B,C,0,0.16666666666666666,3.0,1.0
01KJN6MMPQTMDYRN709968YFN1,page9-46,01KJN788SPAKVVBHX9T9FDQWAF,01KJN79Y7T0VZNKHTSJRZWTDZ5,B,B,1,0.2,3.0,1.0
01KJN6MMPQTMDYRN709968YFN1,page9-46,01KJN788SPAKVVBHX9T9FDQWAF,01KJN79ZDP3YNFFHHQA302PJDP,B,C,0,0.2,3.0,1.0
01KJN6MMPQTMDYRN709968YFN1,page9-46,01KJN78B0TFR8F59JDGD057XNS,01KJN78CQJ3KY7VMGAR6F3D4S0,A,B,0,0.2222222222222222,3.0,1.0
01KJN6MMPQTMDYRN709968YFN1,page9-46,01KJN78B0TFR8F59JDGD057XNS,01KJN78JVY5FN5QXW9XGGE72RG,A,A,1,0.42857142857142855,3.0,1.0
01KJN6MMPQTMDYRN709968YFN1,page9-46,01KJN78B0TFR8F59JDGD057XNS,01KJN78M7563R5D9TQE5G142DA,A,C,0,0.2222222222222222,3.0,1.0
01KJN6MMPQTMDYRN709968YFN1,page9-46,01KJN78B0TFR8F59JDGD057XNS,01KJN791EPN054R2NTQQ1BFXJ5,A,A,1,0.35714285714285715,3.0,1.0
01KJN6MMPQTMDYRN709968YFN1,page9-46,01KJN78B0TFR8F59JDGD057XNS,01KJN796KT7FCNV2F9QNCQDSES,A,C,0,0.25,3.0,1.0
01KJN6MMPQTMDYRN709968YFN1,page9-46,01KJN78B0TFR8F59JDGD057XNS,01KJN79Y7T0VZNKHTSJRZWTDZ5,A,B,0,0.18181818181818182,3.0,1.0
01KJN6MMPQTMDYRN709968YFN1,page9-46,01KJN78B0TFR8F59JDGD057XNS,01KJN79ZDP3YNFFHHQA302PJDP,A,C,0,0.3,3.0,1.0
01KJN6MMPQTMDYRN709968YFN1,page9-46,01KJN78CQJ3KY7VMGAR6F3D4S0,01KJN78JVY5FN5QXW9XGGE72RG,B,A,0,0.16666666666666666,3.0,1.0
01KJN6MMPQTMDYRN709968YFN1,page9-46,01KJN78CQJ3KY7VMGAR6F3D4S0,01KJN78M7563R5D9TQE5G142DA,B,C,0,0.14285714285714285,3.0,1.0
01KJN6MMPQTMDYRN709968YFN1,page9-46,01KJN78CQJ3KY7VMGAR6F3D4S0,01KJN791EPN054R2NTQQ1BFXJ5,B,A,0,0.14285714285714285,3.0,1.0
01KJN6MMPQTMDYRN709968YFN1,page9-46,01KJN78CQJ3KY7VMGAR6F3D4S0,01KJN796KT7FCNV2F9QNCQDSES,B,C,0,0.2,3.0,1.0
01KJN6MMPQTMDYRN709968YFN1,page9-46,01KJN78CQJ3KY7VMGAR6F3D4S0,01KJN79Y7T0VZNKHTSJRZWTDZ5,B,B,1,0.25,3.0,1.0
01KJN6MMPQTMDYRN709968YFN1,page9-46,01KJN78CQJ3KY7VMGAR6F3D4S0,01KJN79ZDP3YNFFHHQA302PJDP,B,C,0,0.25,3.0,1.0
01KJN6MMPQTMDYRN709968YFN1,page9-46,01KJN78JVY5FN5QXW9XGGE72RG,01KJN78M7563R5D9TQE5G142DA,A,C,0,0.0,3.0,1.0
01KJN6MMPQTMDYRN709968YFN1,page9-46,01KJN78JVY5FN5QXW9XGGE72RG,01KJN791EPN054R2NTQQ1BFXJ5,A,A,1,0.25,3.0,1.0
01KJN6MMPQTMDYRN709968YFN1,page9-46,01KJN78JVY5FN5QXW9XGGE72RG,01KJN796KT7FCNV2F9QNCQDSES,A,C,0,0.2222222222222222,3.0,1.0
01KJN6MMPQTMDYRN709968YFN1,page9-46,01KJN78JVY5FN5QXW9XGGE72RG,01KJN79Y7T0VZNKHTSJRZWTDZ5,A,B,0,0.125,3.0,1.0
01KJN6MMPQTMDYRN709968YFN1,page9-46,01KJN78JVY5FN5QXW9XGGE72RG,01KJN79ZDP3YNFFHHQA302PJDP,A,C,0,0.2857142857142857,3.0,1.0
01KJN6MMPQTMDYRN709968YFN1,page9-46,01KJN78M7563R5D9TQE5G142DA,01KJN791EPN054R2NTQQ1BFXJ5,C,A,0,0.14285714285714285,3.0,1.0
01KJN6MMPQTMDYRN709968YFN1,page9-46,01KJN78M7563R5D9TQE5G142DA,01KJN796KT7FCNV2F9QNCQDSES,C,C,1,0.2,3.0,1.0
01KJN6MMPQTMDYRN709968YFN1,page9-46,01KJN78M7563R5D9TQE5G142DA,01KJN79Y7T0VZNKHTSJRZWTDZ5,C,B,0,0.1111111111111111,3.0,1.0
01KJN6MMPQTMDYRN709968YFN1,page9-46,01KJN78M7563R5D9TQE5G142DA,01KJN79ZDP3YNFFHHQA302PJDP,C,C,1,0.25,3.0,1.0
01KJN6MMPQTMDYRN709968YFN1,page9-46,01KJN791EPN054R2NTQQ1BFXJ5,01KJN796KT7FCNV2F9QNCQDSES,A,C,0,0.42857142857142855,3.0,1.0
01KJN6MMPQTMDYRN709968YFN1,page9-46,01KJN791EPN054R2NTQQ1BFXJ5,01KJN79Y7T0VZNKHTSJRZWTDZ5,A,B,0,0.125,3.0,1.0
01KJN6MMPQTMDYRN709968YFN1,page9-46,01KJN791EPN054R2NTQQ1BFXJ5,01KJN79ZDP3YNFFHHQA302PJDP,A,C,0,0.38461538461538464,3.0,1.0
01KJN6MMPQTMDYRN709968YFN1,page9-46,01KJN796KT7FCNV2F9QNCQDSES,01KJN79Y7T0VZNKHTSJRZWTDZ5,C,B,0,0.16666666666666666,3.0,1.0
01KJN6MMPQTMDYRN709968YFN1,page9-46,01KJN796KT7FCNV2F9QNCQDSES,01KJN79ZDP3YNFFHHQA302PJDP,C,C,1,0.4,3.0,1.0
01KJN6MMPQTMDYRN709968YFN1,page9-46,01KJN79Y7T0VZNKHTSJRZWTDZ5,01KJN79ZDP3YNFFHHQA302PJDP,B,C,0,0.2,3.0,1.0
01KJN6MMPQTMDYRN709968YFN1,page9-46,01KJN788SPAKVVBHX9T9FDQWAF,01KJN78B0TFR8F59JDGD057XNS,B,A,0,0.3,4.0,1.0
01KJN6MMPQTMDYRN709968YFN1,page9-46,01KJN788SPAKVVBHX9T9FDQWAF,01KJN78CQJ3KY7VMGAR6F3D4S0,B,B,1,0.42857142857142855,4.0,1.0
01KJN6MMPQTMDYRN709968YFN1,page9-46,01KJN788SPAKVVBHX9T9FDQWAF,01KJN78JVY5FN5QXW9XGGE72RG,B,A,0,0.125,4.0,1.0
01KJN6MMPQTMDYRN709968YFN1,page9-46,01KJN788SPAKVVBHX9T9FDQWAF,01KJN78M7563R5D9TQE5G142DA,B,C,0,0.25,4.0,1.0
01KJN6MMPQTMDYRN709968YFN1,page9-46,01KJN788SPAKVVBHX9T9FDQWAF,01KJN791EPN054R2NTQQ1BFXJ5,B,A,0,0.08333333333333333,4.0,1.0
01KJN6MMPQTMDYRN709968YFN1,page9-46,01KJN788SPAKVVBHX9T9FDQWAF,01KJN796KT7FCNV2F9QNCQDSES,B,C,0,0.18181818181818182,4.0,1.0
01KJN6MMPQTMDYRN709968YFN1,page9-46,01KJN788SPAKVVBHX9T9FDQWAF,01KJN79Y7T0VZNKHTSJRZWTDZ5,B,B,1,0.3333333333333333,4.0,1.0
01KJN6MMPQTMDYRN709968YFN1,page9-46,01KJN788SPAKVVBHX9T9FDQWAF,01KJN79ZDP3YNFFHHQA302PJDP,B,C,0,0.2,4.0,1.0
01KJN6MMPQTMDYRN709968YFN1,page9-46,01KJN78B0TFR8F59JDGD057XNS,01KJN78CQJ3KY7VMGAR6F3D4S0,A,B,0,0.2222222222222222,4.0,1.0
01KJN6MMPQTMDYRN709968YFN1,page9-46,01KJN78B0TFR8F59JDGD057XNS,01KJN78JVY5FN5QXW9XGGE72RG,A,A,1,0.42857142857142855,4.0,1.0
01KJN6MMPQTMDYRN709968YFN1,page9-46,01KJN78B0TFR8F59JDGD057XNS,01KJN78M7563R5D9TQE5G142DA,A,C,0,0.2222222222222222,4.0,1.0
01KJN6MMPQTMDYRN709968YFN1,page9-46,01KJN78B0TFR8F59JDGD057XNS,01KJN791EPN054R2NTQQ1BFXJ5,A,A,1,0.2727272727272727,4.0,1.0
01KJN6MMPQTMDYRN709968YFN1,page9-46,01KJN78B0TFR8F59JDGD057XNS,01KJN796KT7FCNV2F9QNCQDSES,A,C,0,0.2727272727272727,4.0,1.0
01KJN6MMPQTMDYRN709968YFN1,page9-46,01KJN78B0TFR8F59JDGD057XNS,01KJN79Y7T0VZNKHTSJRZWTDZ5,A,B,0,0.18181818181818182,4.0,1.0
01KJN6MMPQTMDYRN709968YFN1,page9-46,01KJN78B0TFR8F59JDGD057XNS,01KJN79ZDP3YNFFHHQA302PJDP,A,C,0,0.3,4.0,1.0
01KJN6MMPQTMDYRN709968YFN1,page9-46,01KJN78CQJ3KY7VMGAR6F3D4S0,01KJN78JVY5FN5QXW9XGGE72RG,B,A,0,0.16666666666666666,4.0,1.0
01KJN6MMPQTMDYRN709968YFN1,page9-46,01KJN78CQJ3KY7VMGAR6F3D4S0,01KJN78M7563R5D9TQE5G142DA,B,C,0,0.14285714285714285,4.0,1.0
01KJN6MMPQTMDYRN709968YFN1,page9-46,01KJN78CQJ3KY7VMGAR6F3D4S0,01KJN791EPN054R2NTQQ1BFXJ5,B,A,0,0.1,4.0,1.0
01KJN6MMPQTMDYRN709968YFN1,page9-46,01KJN78CQJ3KY7VMGAR6F3D4S0,01KJN796KT7FCNV2F9QNCQDSES,B,C,0,0.2222222222222222,4.0,1.0
01KJN6MMPQTMDYRN709968YFN1,page9-46,01KJN78CQJ3KY7VMGAR6F3D4S0,01KJN79Y7T0VZNKHTSJRZWTDZ5,B,B,1,0.25,4.0,1.0
01KJN6MMPQTMDYRN709968YFN1,page9-46,01KJN78CQJ3KY7VMGAR6F3D4S0,01KJN79ZDP3YNFFHHQA302PJDP,B,C,0,0.25,4.0,1.0
01KJN6MMPQTMDYRN709968YFN1,page9-46,01KJN78JVY5FN5QXW9XGGE72RG,01KJN78M7563R5D9TQE5G142DA,A,C,0,0.0,4.0,1.0
01KJN6MMPQTMDYRN709968YFN1,page9-46,01KJN78JVY5FN5QXW9XGGE72RG,01KJN791EPN054R2NTQQ1BFXJ5,A,A,1,0.42857142857142855,4.0,1.0
01KJN6MMPQTMDYRN709968YFN1,page9-46,01KJN78JVY5FN5QXW9XGGE72RG,01KJN796KT7FCNV2F9QNCQDSES,A,C,0,0.25,4.0,1.0
01KJN6MMPQTMDYRN709968YFN1,page9-46,01KJN78JVY5FN5QXW9XGGE72RG,01KJN79Y7T0VZNKHTSJRZWTDZ5,A,B,0,0.125,4.0,1.0
01KJN6MMPQTMDYRN709968YFN1,page9-46,01KJN78JVY5FN5QXW9XGGE72RG,01KJN79ZDP3YNFFHHQA302PJDP,A,C,0,0.2857142857142857,4.0,1.0
01KJN6MMPQTMDYRN709968YFN1,page9-46,01KJN78M7563R5D9TQE5G142DA,01KJN791EPN054R2NTQQ1BFXJ5,C,A,0,0.0,4.0,1.0
01KJN6MMPQTMDYRN709968YFN1,page9-46,01KJN78M7563R5D9TQE5G142DA,01KJN796KT7FCNV2F9QNCQDSES,C,C,1,0.2222222222222222,4.0,1.0
01KJN6MMPQTMDYRN709968YFN1,page9-46,01KJN78M7563R5D9TQE5G142DA,01KJN79Y7T0VZNKHTSJRZWTDZ5,C,B,0,0.1111111111111111,4.0,1.0
01KJN6MMPQTMDYRN709968YFN1,page9-46,01KJN78M7563R5D9TQE5G142DA,01KJN79ZDP3YNFFHHQA302PJDP,C,C,1,0.25,4.0,1.0
01KJN6MMPQTMDYRN709968YFN1,page9-46,01KJN791EPN054R2NTQQ1BFXJ5,01KJN796KT7FCNV2F9QNCQDSES,A,C,0,0.16666666666666666,4.0,1.0
01KJN6MMPQTMDYRN709968YFN1,page9-46,01KJN791EPN054R2NTQQ1BFXJ5,01KJN79Y7T0VZNKHTSJRZWTDZ5,A,B,0,0.08333333333333333,4.0,1.0
01KJN6MMPQTMDYRN709968YFN1,page9-46,01KJN791EPN054R2NTQQ1BFXJ5,01KJN79ZDP3YNFFHHQA302PJDP,A,C,0,0.3,4.0,1.0
01KJN6MMPQTMDYRN709968YFN1,page9-46,01KJN796KT7FCNV2F9QNCQDSES,01KJN79Y7T0VZNKHTSJRZWTDZ5,C,B,0,0.18181818181818182,4.0,1.0
01KJN6MMPQTMDYRN709968YFN1,page9-46,01KJN796KT7FCNV2F9QNCQDSES,01KJN79ZDP3YNFFHHQA302PJDP,C,C,1,0.4444444444444444,4.0,1.0
01KJN6MMPQTMDYRN709968YFN1,page9-46,01KJN79Y7T0VZNKHTSJRZWTDZ5,01KJN79ZDP3YNFFHHQA302PJDP,B,C,0,0.2,4.0,1.0
01KJN6MMPQTMDYRN709968YFN1,page9-46,01KJN788SPAKVVBHX9T9FDQWAF,01KJN78B0TFR8F59JDGD057XNS,B,A,0,0.3,5.0,1.0
01KJN6MMPQTMDYRN709968YFN1,page9-46,01KJN788SPAKVVBHX9T9FDQWAF,01KJN78CQJ3KY7VMGAR6F3D4S0,B,B,1,0.42857142857142855,5.0,1.0
01KJN6MMPQTMDYRN709968YFN1,page9-46,01KJN788SPAKVVBHX9T9FDQWAF,01KJN78JVY5FN5QXW9XGGE72RG,B,A,0,0.2857142857142857,5.0,1.0
01KJN6MMPQTMDYRN709968YFN1,page9-46,01KJN788SPAKVVBHX9T9FDQWAF,01KJN78M7563R5D9TQE5G142DA,B,C,0,0.25,5.0,1.0
01KJN6MMPQTMDYRN709968YFN1,page9-46,01KJN788SPAKVVBHX9T9FDQWAF,01KJN791EPN054R2NTQQ1BFXJ5,B,A,0,0.08333333333333333,5.0,1.0
01KJN6MMPQTMDYRN709968YFN1,page9-46,01KJN788SPAKVVBHX9T9FDQWAF,01KJN796KT7FCNV2F9QNCQDSES,B,C,0,0.18181818181818182,5.0,1.0
01KJN6MMPQTMDYRN709968YFN1,page9-46,01KJN788SPAKVVBHX9T9FDQWAF,01KJN79Y7T0VZNKHTSJRZWTDZ5,B,B,1,0.3333333333333333,5.0,1.0
01KJN6MMPQTMDYRN709968YFN1,page9-46,01KJN788SPAKVVBHX9T9FDQWAF,01KJN79ZDP3YNFFHHQA302PJDP,B,C,0,0.07692307692307693,5.0,1.0
01KJN6MMPQTMDYRN709968YFN1,page9-46,01KJN78B0TFR8F59JDGD057XNS,01KJN78CQJ3KY7VMGAR6F3D4S0,A,B,0,0.0,5.0,1.0
01KJN6MMPQTMDYRN709968YFN1,page9-46,01KJN78B0TFR8F59JDGD057XNS,01KJN78JVY5FN5QXW9XGGE72RG,A,A,1,0.25,5.0,1.0
01KJN6MMPQTMDYRN709968YFN1,page9-46,01KJN78B0TFR8F59JDGD057XNS,01KJN78M7563R5D9TQE5G142DA,A,C,0,0.2222222222222222,5.0,1.0
01KJN6MMPQTMDYRN709968YFN1,page9-46,01KJN78B0TFR8F59JDGD057XNS,01KJN791EPN054R2NTQQ1BFXJ5,A,A,1,0.2727272727272727,5.0,1.0
01KJN6MMPQTMDYRN709968YFN1,page9-46,01KJN78B0TFR8F59JDGD057XNS,01KJN796KT7FCNV2F9QNCQDSES,A,C,0,0.2727272727272727,5.0,1.0
01KJN6MMPQTMDYRN709968YFN1,page9-46,01KJN78B0TFR8F59JDGD057XNS,01KJN79Y7T0VZNKHTSJRZWTDZ5,A,B,0,0.18181818181818182,5.0,1.0
01KJN6MMPQTMDYRN709968YFN1,page9-46,01KJN78B0TFR8F59JDGD057XNS,01KJN79ZDP3YNFFHHQA302PJDP,A,C,0,0.15384615384615385,5.0,1.0
01KJN6MMPQTMDYRN709968YFN1,page9-46,01KJN78CQJ3KY7VMGAR6F3D4S0,01KJN78JVY5FN5QXW9XGGE72RG,B,A,0,0.16666666666666666,5.0,1.0
01KJN6MMPQTMDYRN709968YFN1,page9-46,01KJN78CQJ3KY7VMGAR6F3D4S0,01KJN78M7563R5D9TQE5G142DA,B,C,0,0.0,5.0,1.0
01KJN6MMPQTMDYRN709968YFN1,page9-46,01KJN78CQJ3KY7VMGAR6F3D4S0,01KJN791EPN054R2NTQQ1BFXJ5,B,A,0,0.0,5.0,1.0
01KJN6MMPQTMDYRN709968YFN1,page9-46,01KJN78CQJ3KY7VMGAR6F3D4S0,01KJN796KT7FCNV2F9QNCQDSES,B,C,0,0.0,5.0,1.0
01KJN6MMPQTMDYRN709968YFN1,page9-46,01KJN78CQJ3KY7VMGAR6F3D4S0,01KJN79Y7T0VZNKHTSJRZWTDZ5,B,B,1,0.1111111111111111,5.0,1.0
01KJN6MMPQTMDYRN709968YFN1,page9-46,01KJN78CQJ3KY7VMGAR6F3D4S0,01KJN79ZDP3YNFFHHQA302PJDP,B,C,0,0.0,5.0,1.0
01KJN6MMPQTMDYRN709968YFN1,page9-46,01KJN78JVY5FN5QXW9XGGE72RG,01KJN78M7563R5D9TQE5G142DA,A,C,0,0.0,5.0,1.0
01KJN6MMPQTMDYRN709968YFN1,page9-46,01KJN78JVY5FN5QXW9XGGE72RG,01KJN791EPN054R2NTQQ1BFXJ5,A,A,1,0.25,5.0,1.0
01KJN6MMPQTMDYRN709968YFN1,page9-46,01KJN78JVY5FN5QXW9XGGE72RG,01KJN796KT7FCNV2F9QNCQDSES,A,C,0,0.25,5.0,1.0
01KJN6MMPQTMDYRN709968YFN1,page9-46,01KJN78JVY5FN5QXW9XGGE72RG,01KJN79Y7T0VZNKHTSJRZWTDZ5,A,B,0,0.2857142857142857,5.0,1.0
01KJN6MMPQTMDYRN709968YFN1,page9-46,01KJN78JVY5FN5QXW9XGGE72RG,01KJN79ZDP3YNFFHHQA302PJDP,A,C,0,0.1,5.0,1.0
01KJN6MMPQTMDYRN709968YFN1,page9-46,01KJN78M7563R5D9TQE5G142DA,01KJN791EPN054R2NTQQ1BFXJ5,C,A,0,0.0,5.0,1.0
01KJN6MMPQTMDYRN709968YFN1,page9-46,01KJN78M7563R5D9TQE5G142DA,01KJN796KT7FCNV2F9QNCQDSES,C,C,1,0.2222222222222222,5.0,1.0
01KJN6MMPQTMDYRN709968YFN1,page9-46,01KJN78M7563R5D9TQE5G142DA,01KJN79Y7T0VZNKHTSJRZWTDZ5,C,B,0,0.1111111111111111,5.0,1.0
01KJN6MMPQTMDYRN709968YFN1,page9-46,01KJN78M7563R5D9TQE5G142DA,01KJN79ZDP3YNFFHHQA302PJDP,C,C,1,0.2,5.0,1.0
01KJN6MMPQTMDYRN709968YFN1,page9-46,01KJN791EPN054R2NTQQ1BFXJ5,01KJN796KT7FCNV2F9QNCQDSES,A,C,0,0.16666666666666666,5.0,1.0
01KJN6MMPQTMDYRN709968YFN1,page9-46,01KJN791EPN054R2NTQQ1BFXJ5,01KJN79Y7T0VZNKHTSJRZWTDZ5,A,B,0,0.08333333333333333,5.0,1.0
01KJN6MMPQTMDYRN709968YFN1,page9-46,01KJN791EPN054R2NTQQ1BFXJ5,01KJN79ZDP3YNFFHHQA302PJDP,A,C,0,0.15384615384615385,5.0,1.0
01KJN6MMPQTMDYRN709968YFN1,page9-46,01KJN796KT7FCNV2F9QNCQDSES,01KJN79Y7T0VZNKHTSJRZWTDZ5,C,B,0,0.18181818181818182,5.0,1.0
01KJN6MMPQTMDYRN709968YFN1,page9-46,01KJN796KT7FCNV2F9QNCQDSES,01KJN79ZDP3YNFFHHQA302PJDP,C,C,1,0.15384615384615385,5.0,1.0
01KJN6MMPQTMDYRN709968YFN1,page9-46,01KJN79Y7T0VZNKHTSJRZWTDZ5,01KJN79ZDP3YNFFHHQA302PJDP,B,C,0,0.0,5.0,1.0
01KJN6MMPQTMDYRN709968YFN1,page-B,01KJN788SPAKVVBHX9T9FDQWAF,01KJN78B0TFR8F59JDGD057XNS,B,A,0,0.08333333333333333,2.0,1.0
01KJN6MMPQTMDYRN709968YFN1,page-B,01KJN788SPAKVVBHX9T9FDQWAF,01KJN78CQJ3KY7VMGAR6F3D4S0,B,B,1,0.11764705882352941,2.0,1.0
01KJN6MMPQTMDYRN709968YFN1,page-B,01KJN788SPAKVVBHX9T9FDQWAF,01KJN78JVY5FN5QXW9XGGE72RG,B,A,0,0.043478260869565216,2.0,1.0
01KJN6MMPQTMDYRN709968YFN1,page-B,01KJN788SPAKVVBHX9T9FDQWAF,01KJN78M7563R5D9TQE5G142DA,B,C,0,0.0,2.0,1.0
01KJN6MMPQTMDYRN709968YFN1,page-B,01KJN788SPAKVVBHX9T9FDQWAF,01KJN791EPN054R2NTQQ1BFXJ5,B,A,0,0.11764705882352941,2.0,1.0
01KJN6MMPQTMDYRN709968YFN1,page-B,01KJN788SPAKVVBHX9T9FDQWAF,01KJN796KT7FCNV2F9QNCQDSES,B,C,0,0.047619047619047616,2.0,1.0
01KJN6MMPQTMDYRN709968YFN1,page-B,01KJN788SPAKVVBHX9T9FDQWAF,01KJN79ZDP3YNFFHHQA302PJDP,B,C,0,0.0,2.0,1.0
01KJN6MMPQTMDYRN709968YFN1,page-B,01KJN78B0TFR8F59JDGD057XNS,01KJN78CQJ3KY7VMGAR6F3D4S0,A,B,0,0.0,2.0,1.0
01KJN6MMPQTMDYRN709968YFN1,page-B,01KJN78B0TFR8F59JDGD057XNS,01KJN78JVY5FN5QXW9XGGE72RG,A,A,1,0.06666666666666667,2.0,1.0
01KJN6MMPQTMDYRN709968YFN1,page-B,01KJN78B0TFR8F59JDGD057XNS,01KJN78M7563R5D9TQE5G142DA,A,C,0,0.0,2.0,1.0
01KJN6MMPQTMDYRN709968YFN1,page-B,01KJN78B0TFR8F59JDGD057XNS,01KJN791EPN054R2NTQQ1BFXJ5,A,A,1,0.1111111111111111,2.0,1.0
01KJN6MMPQTMDYRN709968YFN1,page-B,01KJN78B0TFR8F59JDGD057XNS,01KJN796KT7FCNV2F9QNCQDSES,A,C,0,0.0,2.0,1.0
01KJN6MMPQTMDYRN709968YFN1,page-B,01KJN78B0TFR8F59JDGD057XNS,01KJN79ZDP3YNFFHHQA302PJDP,A,C,0,0.0,2.0,1.0
01KJN6MMPQTMDYRN709968YFN1,page-B,01KJN78CQJ3KY7VMGAR6F3D4S0,01KJN78JVY5FN5QXW9XGGE72RG,B,A,0,0.0,2.0,1.0
01KJN6MMPQTMDYRN709968YFN1,page-B,01KJN78CQJ3KY7VMGAR6F3D4S0,01KJN78M7563R5D9TQE5G142DA,B,C,0,0.0,2.0,1.0
01KJN6MMPQTMDYRN709968YFN1,page-B,01KJN78CQJ3KY7VMGAR6F3D4S0,01KJN791EPN054R2NTQQ1BFXJ5,B,A,0,0.0,2.0,1.0
01KJN6MMPQTMDYRN709968YFN1,page-B,01KJN78CQJ3KY7VMGAR6F3D4S0,01KJN796KT7FCNV2F9QNCQDSES,B,C,0,0.0,2.0,1.0
01KJN6MMPQTMDYRN709968YFN1,page-B,01KJN78CQJ3KY7VMGAR6F3D4S0,01KJN79ZDP3YNFFHHQA302PJDP,B,C,0,0.0,2.0,1.0
01KJN6MMPQTMDYRN709968YFN1,page-B,01KJN78JVY5FN5QXW9XGGE72RG,01KJN78M7563R5D9TQE5G142DA,A,C,0,0.0,2.0,1.0
01KJN6MMPQTMDYRN709968YFN1,page-B,01KJN78JVY5FN5QXW9XGGE72RG,01KJN791EPN054R2NTQQ1BFXJ5,A,A,1,0.12,2.0,1.0
01KJN6MMPQTMDYRN709968YFN1,page-B,01KJN78JVY5FN5QXW9XGGE72RG,01KJN796KT7FCNV2F9QNCQDSES,A,C,0,0.0,2.0,1.0
01KJN6MMPQTMDYRN709968YFN1,page-B,01KJN78JVY5FN5QXW9XGGE72RG,01KJN79ZDP3YNFFHHQA302PJDP,A,C,0,0.0,2.0,1.0
01KJN6MMPQTMDYRN709968YFN1,page-B,01KJN78M7563R5D9TQE5G142DA,01KJN791EPN054R2NTQQ1BFXJ5,C,A,0,0.0,2.0,1.0
01KJN6MMPQTMDYRN709968YFN1,page-B,01KJN78M7563R5D9TQE5G142DA,01KJN796KT7FCNV2F9QNCQDSES,C,C,1,0.0,2.0,1.0
01KJN6MMPQTMDYRN709968YFN1,page-B,01KJN78M7563R5D9TQE5G142DA,01KJN79ZDP3YNFFHHQA302PJDP,C,C,1,0.0,2.0,1.0
01KJN6MMPQTMDYRN709968YFN1,page-B,01KJN791EPN054R2NTQQ1BFXJ5,01KJN796KT7FCNV2F9QNCQDSES,A,C,0,0.04,2.0,1.0
01KJN6MMPQTMDYRN709968YFN1,page-B,01KJN791EPN054R2NTQQ1BFXJ5,01KJN79ZDP3YNFFHHQA302PJDP,A,C,0,0.0,2.0,1.0
01KJN6MMPQTMDYRN709968YFN1,page-B,01KJN796KT7FCNV2F9QNCQDSES,01KJN79ZDP3YNFFHHQA302PJDP,C,C,1,0.0,2.0,1.0
01KJN6MMPQTMDYRN709968YFN1,page-B,01KJN788SPAKVVBHX9T9FDQWAF,01KJN78B0TFR8F59JDGD057XNS,B,A,0,0.047619047619047616,3.0,1.0
01KJN6MMPQTMDYRN709968YFN1,page-B,01KJN788SPAKVVBHX9T9FDQWAF,01KJN78CQJ3KY7VMGAR6F3D4S0,B,B,1,0.11764705882352941,3.0,1.0
01KJN6MMPQTMDYRN709968YFN1,page-B,01KJN788SPAKVVBHX9T9FDQWAF,01KJN78JVY5FN5QXW9XGGE72RG,B,A,0,0.043478260869565216,3.0,1.0
01KJN6MMPQTMDYRN709968YFN1,page-B,01KJN788SPAKVVBHX9T9FDQWAF,01KJN78M7563R5D9TQE5G142DA,B,C,0,0.0,3.0,1.0
01KJN6MMPQTMDYRN709968YFN1,page-B,01KJN788SPAKVVBHX9T9FDQWAF,01KJN791EPN054R2NTQQ1BFXJ5,B,A,0,0.11764705882352941,3.0,1.0
01KJN6MMPQTMDYRN709968YFN1,page-B,01KJN788SPAKVVBHX9T9FDQWAF,01KJN796KT7FCNV2F9QNCQDSES,B,C,0,0.047619047619047616,3.0,1.0
01KJN6MMPQTMDYRN709968YFN1,page-B,01KJN788SPAKVVBHX9T9FDQWAF,01KJN79Y7T0VZNKHTSJRZWTDZ5,B,B,1,0.11764705882352941,3.0,1.0
01KJN6MMPQTMDYRN709968YFN1,page-B,01KJN788SPAKVVBHX9T9FDQWAF,01KJN79ZDP3YNFFHHQA302PJDP,B,C,0,0.0,3.0,1.0
01KJN6MMPQTMDYRN709968YFN1,page-B,01KJN78B0TFR8F59JDGD057XNS,01KJN78CQJ3KY7VMGAR6F3D4S0,A,B,0,0.0,3.0,1.0
01KJN6MMPQTMDYRN709968YFN1,page-B,01KJN78B0TFR8F59JDGD057XNS,01KJN78JVY5FN5QXW9XGGE72RG,A,A,1,0.0,3.0,1.0
01KJN6MMPQTMDYRN709968YFN1,page-B,01KJN78B0TFR8F59JDGD057XNS,01KJN78M7563R5D9TQE5G142DA,A,C,0,0.0,3.0,1.0
01KJN6MMPQTMDYRN709968YFN1,page-B,01KJN78B0TFR8F59JDGD057XNS,01KJN791EPN054R2NTQQ1BFXJ5,A,A,1,0.08333333333333333,3.0,1.0
01KJN6MMPQTMDYRN709968YFN1,page-B,01KJN78B0TFR8F59JDGD057XNS,01KJN796KT7FCNV2F9QNCQDSES,A,C,0,0.0,3.0,1.0
01KJN6MMPQTMDYRN709968YFN1,page-B,01KJN78B0TFR8F59JDGD057XNS,01KJN79Y7T0VZNKHTSJRZWTDZ5,A,B,0,0.0,3.0,1.0
01KJN6MMPQTMDYRN709968YFN1,page-B,01KJN78B0TFR8F59JDGD057XNS,01KJN79ZDP3YNFFHHQA302PJDP,A,C,0,0.0,3.0,1.0
01KJN6MMPQTMDYRN709968YFN1,page-B,01KJN78CQJ3KY7VMGAR6F3D4S0,01KJN78JVY5FN5QXW9XGGE72RG,B,A,0,0.0,3.0,1.0
01KJN6MMPQTMDYRN709968YFN1,page-B,01KJN78CQJ3KY7VMGAR6F3D4S0,01KJN78M7563R5D9TQE5G142DA,B,C,0,0.0,3.0,1.0
01KJN6MMPQTMDYRN709968YFN1,page-B,01KJN78CQJ3KY7VMGAR6F3D4S0,01KJN791EPN054R2NTQQ1BFXJ5,B,A,0,0.0,3.0,1.0
01KJN6MMPQTMDYRN709968YFN1,page-B,01KJN78CQJ3KY7VMGAR6F3D4S0,01KJN796KT7FCNV2F9QNCQDSES,B,C,0,0.0,3.0,1.0
01KJN6MMPQTMDYRN709968YFN1,page-B,01KJN78CQJ3KY7VMGAR6F3D4S0,01KJN79Y7T0VZNKHTSJRZWTDZ5,B,B,1,1.0,3.0,1.0
01KJN6MMPQTMDYRN709968YFN1,page-B,01KJN78CQJ3KY7VMGAR6F3D4S0,01KJN79ZDP3YNFFHHQA302PJDP,B,C,0,0.0,3.0,1.0
01KJN6MMPQTMDYRN709968YFN1,page-B,01KJN78JVY5FN5QXW9XGGE72RG,01KJN78M7563R5D9TQE5G142DA,A,C,0,0.0,3.0,1.0
01KJN6MMPQTMDYRN709968YFN1,page-B,01KJN78JVY5FN5QXW9XGGE72RG,01KJN791EPN054R2NTQQ1BFXJ5,A,A,1,0.12,3.0,1.0
01KJN6MMPQTMDYRN709968YFN1,page-B,01KJN78JVY5FN5QXW9XGGE72RG,01KJN796KT7FCNV2F9QNCQDSES,A,C,0,0.0,3.0,1.0
01KJN6MMPQTMDYRN709968YFN1,page-B,01KJN78JVY5FN5QXW9XGGE72RG,01KJN79Y7T0VZNKHTSJRZWTDZ5,A,B,0,0.0,3.0,1.0
01KJN6MMPQTMDYRN709968YFN1,page-B,01KJN78JVY5FN5QXW9XGGE72RG,01KJN79ZDP3YNFFHHQA302PJDP,A,C,0,0.0,3.0,1.0
01KJN6MMPQTMDYRN709968YFN1,page-B,01KJN78M7563R5D9TQE5G142DA,01KJN791EPN054R2NTQQ1BFXJ5,C,A,0,0.0,3.0,1.0
01KJN6MMPQTMDYRN709968YFN1,page-B,01KJN78M7563R5D9TQE5G142DA,01KJN796KT7FCNV2F9QNCQDSES,C,C,1,0.0,3.0,1.0
01KJN6MMPQTMDYRN709968YFN1,page-B,01KJN78M7563R5D9TQE5G142DA,01KJN79Y7T0VZNKHTSJRZWTDZ5,C,B,0,0.0,3.0,1.0
01KJN6MMPQTMDYRN709968YFN1,page-B,01KJN78M7563R5D9TQE5G142DA,01KJN79ZDP3YNFFHHQA302PJDP,C,C,1,0.0,3.0,1.0
01KJN6MMPQTMDYRN709968YFN1,page-B,01KJN791EPN054R2NTQQ1BFXJ5,01KJN796KT7FCNV2F9QNCQDSES,A,C,0,0.04,3.0,1.0
01KJN6MMPQTMDYRN709968YFN1,page-B,01KJN791EPN054R2NTQQ1BFXJ5,01KJN79Y7T0VZNKHTSJRZWTDZ5,A,B,0,0.0,3.0,1.0
01KJN6MMPQTMDYRN709968YFN1,page-B,01KJN791EPN054R2NTQQ1BFXJ5,01KJN79ZDP3YNFFHHQA302PJDP,A,C,0,0.0,3.0,1.0
01KJN6MMPQTMDYRN709968YFN1,page-B,01KJN796KT7FCNV2F9QNCQDSES,01KJN79Y7T0VZNKHTSJRZWTDZ5,C,B,0,0.0,3.0,1.0
01KJN6MMPQTMDYRN709968YFN1,page-B,01KJN796KT7FCNV2F9QNCQDSES,01KJN79ZDP3YNFFHHQA302PJDP,C,C,1,0.0,3.0,1.0
01KJN6MMPQTMDYRN709968YFN1,page-B,01KJN79Y7T0VZNKHTSJRZWTDZ5,01KJN79ZDP3YNFFHHQA302PJDP,B,C,0,0.0,3.0,1.0
01KJN6MMPQTMDYRN709968YFN1,page-B,01KJN788SPAKVVBHX9T9FDQWAF,01KJN78B0TFR8F59JDGD057XNS,B,A,0,0.0,4.0,1.0
01KJN6MMPQTMDYRN709968YFN1,page-B,01KJN788SPAKVVBHX9T9FDQWAF,01KJN78CQJ3KY7VMGAR6F3D4S0,B,B,1,0.0,4.0,1.0
01KJN6MMPQTMDYRN709968YFN1,page-B,01KJN788SPAKVVBHX9T9FDQWAF,01KJN78JVY5FN5QXW9XGGE72RG,B,A,0,0.0,4.0,1.0
01KJN6MMPQTMDYRN709968YFN1,page-B,01KJN788SPAKVVBHX9T9FDQWAF,01KJN78M7563R5D9TQE5G142DA,B,C,0,0.0,4.0,1.0
01KJN6MMPQTMDYRN709968YFN1,page-B,01KJN788SPAKVVBHX9T9FDQWAF,01KJN791EPN054R2NTQQ1BFXJ5,B,A,0,0.0,4.0,1.0
01KJN6MMPQTMDYRN709968YFN1,page-B,01KJN788SPAKVVBHX9T9FDQWAF,01KJN796KT7FCNV2F9QNCQDSES,B,C,0,0.0,4.0,1.0
01KJN6MMPQTMDYRN709968YFN1,page-B,01KJN788SPAKVVBHX9T9FDQWAF,01KJN79Y7T0VZNKHTSJRZWTDZ5,B,B,1,0.0,4.0,1.0
01KJN6MMPQTMDYRN709968YFN1,page-B,01KJN788SPAKVVBHX9T9FDQWAF,01KJN79ZDP3YNFFHHQA302PJDP,B,C,0,0.0,4.0,1.0
01KJN6MMPQTMDYRN709968YFN1,page-B,01KJN78B0TFR8F59JDGD057XNS,01KJN78CQJ3KY7VMGAR6F3D4S0,A,B,0,0.0,4.0,1.0
01KJN6MMPQTMDYRN709968YFN1,page-B,01KJN78B0TFR8F59JDGD057XNS,01KJN78JVY5FN5QXW9XGGE72RG,A,A,1,0.0,4.0,1.0
01KJN6MMPQTMDYRN709968YFN1,page-B,01KJN78B0TFR8F59JDGD057XNS,01KJN78M7563R5D9TQE5G142DA,A,C,0,0.0,4.0,1.0
01KJN6MMPQTMDYRN709968YFN1,page-B,01KJN78B0TFR8F59JDGD057XNS,01KJN791EPN054R2NTQQ1BFXJ5,A,A,1,0.4,4.0,1.0
01KJN6MMPQTMDYRN709968YFN1,page-B,01KJN78B0TFR8F59JDGD057XNS,01KJN796KT7FCNV2F9QNCQDSES,A,C,0,0.0,4.0,1.0
01KJN6MMPQTMDYRN709968YFN1,page-B,01KJN78B0TFR8F59JDGD057XNS,01KJN79Y7T0VZNKHTSJRZWTDZ5,A,B,0,0.0,4.0,1.0
01KJN6MMPQTMDYRN709968YFN1,page-B,01KJN78B0TFR8F59JDGD057XNS,01KJN79ZDP3YNFFHHQA302PJDP,A,C,0,0.0,4.0,1.0
01KJN6MMPQTMDYRN709968YFN1,page-B,01KJN78CQJ3KY7VMGAR6F3D4S0,01KJN78JVY5FN5QXW9XGGE72RG,B,A,0,0.0,4.0,1.0
01KJN6MMPQTMDYRN709968YFN1,page-B,01KJN78CQJ3KY7VMGAR6F3D4S0,01KJN78M7563R5D9TQE5G142DA,B,C,0,0.0,4.0,1.0
01KJN6MMPQTMDYRN709968YFN1,page-B,01KJN78CQJ3KY7VMGAR6F3D4S0,01KJN791EPN054R2NTQQ1BFXJ5,B,A,0,0.0,4.0,1.0
01KJN6MMPQTMDYRN709968YFN1,page-B,01KJN78CQJ3KY7VMGAR6F3D4S0,01KJN796KT7FCNV2F9QNCQDSES,B,C,0,0.0,4.0,1.0
01KJN6MMPQTMDYRN709968YFN1,page-B,01KJN78CQJ3KY7VMGAR6F3D4S0,01KJN79Y7T0VZNKHTSJRZWTDZ5,B,B,1,1.0,4.0,1.0
01KJN6MMPQTMDYRN709968YFN1,page-B,01KJN78CQJ3KY7VMGAR6F3D4S0,01KJN79ZDP3YNFFHHQA302PJDP,B,C,0,0.0,4.0,1.0
01KJN6MMPQTMDYRN709968YFN1,page-B,01KJN78JVY5FN5QXW9XGGE72RG,01KJN78M7563R5D9TQE5G142DA,A,C,0,0.0,4.0,1.0
01KJN6MMPQTMDYRN709968YFN1,page-B,01KJN78JVY5FN5QXW9XGGE72RG,01KJN791EPN054R2NTQQ1BFXJ5,A,A,1,0.0,4.0,1.0
01KJN6MMPQTMDYRN709968YFN1,page-B,01KJN78JVY5FN5QXW9XGGE72RG,01KJN796KT7FCNV2F9QNCQDSES,A,C,0,0.0,4.0,1.0
01KJN6MMPQTMDYRN709968YFN1,page-B,01KJN78JVY5FN5QXW9XGGE72RG,01KJN79Y7T0VZNKHTSJRZWTDZ5,A,B,0,0.0,4.0,1.0
01KJN6MMPQTMDYRN709968YFN1,page-B,01KJN78JVY5FN5QXW9XGGE72RG,01KJN79ZDP3YNFFHHQA302PJDP,A,C,0,0.0,4.0,1.0
01KJN6MMPQTMDYRN709968YFN1,page-B,01KJN78M7563R5D9TQE5G142DA,01KJN791EPN054R2NTQQ1BFXJ5,C,A,0,0.0,4.0,1.0
01KJN6MMPQTMDYRN709968YFN1,page-B,01KJN78M7563R5D9TQE5G142DA,01KJN796KT7FCNV2F9QNCQDSES,C,C,1,0.1111111111111111,4.0,1.0
01KJN6MMPQTMDYRN709968YFN1,page-B,01KJN78M7563R5D9TQE5G142DA,01KJN79Y7T0VZNKHTSJRZWTDZ5,C,B,0,0.0,4.0,1.0
01KJN6MMPQTMDYRN709968YFN1,page-B,01KJN78M7563R5D9TQE5G142DA,01KJN79ZDP3YNFFHHQA302PJDP,C,C,1,0.0,4.0,1.0
01KJN6MMPQTMDYRN709968YFN1,page-B,01KJN791EPN054R2NTQQ1BFXJ5,01KJN796KT7FCNV2F9QNCQDSES,A,C,0,0.0,4.0,1.0
01KJN6MMPQTMDYRN709968YFN1,page-B,01KJN791EPN054R2NTQQ1BFXJ5,01KJN79Y7T0VZNKHTSJRZWTDZ5,A,B,0,0.0,4.0,1.0
01KJN6MMPQTMDYRN709968YFN1,page-B,01KJN791EPN054R2NTQQ1BFXJ5,01KJN79ZDP3YNFFHHQA302PJDP,A,C,0,0.0,4.0,1.0
01KJN6MMPQTMDYRN709968YFN1,page-B,01KJN796KT7FCNV2F9QNCQDSES,01KJN79Y7T0VZNKHTSJRZWTDZ5,C,B,0,0.0,4.0,1.0
01KJN6MMPQTMDYRN709968YFN1,page-B,01KJN796KT7FCNV2F9QNCQDSES,01KJN79ZDP3YNFFHHQA302PJDP,C,C,1,0.125,4.0,1.0
01KJN6MMPQTMDYRN709968YFN1,page-B,01KJN79Y7T0VZNKHTSJRZWTDZ5,01KJN79ZDP3YNFFHHQA302PJDP,B,C,0,0.0,4.0,1.0
01KJN6MMPQTMDYRN709968YFN1,page-B,01KJN788SPAKVVBHX9T9FDQWAF,01KJN78B0TFR8F59JDGD057XNS,B,A,0,0.0,5.0,1.0
01KJN6MMPQTMDYRN709968YFN1,page-B,01KJN788SPAKVVBHX9T9FDQWAF,01KJN78CQJ3KY7VMGAR6F3D4S0,B,B,1,0.0,5.0,1.0
01KJN6MMPQTMDYRN709968YFN1,page-B,01KJN788SPAKVVBHX9T9FDQWAF,01KJN78JVY5FN5QXW9XGGE72RG,B,A,0,0.0,5.0,1.0
01KJN6MMPQTMDYRN709968YFN1,page-B,01KJN788SPAKVVBHX9T9FDQWAF,01KJN78M7563R5D9TQE5G142DA,B,C,0,0.0,5.0,1.0
01KJN6MMPQTMDYRN709968YFN1,page-B,01KJN788SPAKVVBHX9T9FDQWAF,01KJN791EPN054R2NTQQ1BFXJ5,B,A,0,0.0,5.0,1.0
01KJN6MMPQTMDYRN709968YFN1,page-B,01KJN788SPAKVVBHX9T9FDQWAF,01KJN796KT7FCNV2F9QNCQDSES,B,C,0,0.0,5.0,1.0
01KJN6MMPQTMDYRN709968YFN1,page-B,01KJN788SPAKVVBHX9T9FDQWAF,01KJN79Y7T0VZNKHTSJRZWTDZ5,B,B,1,0.0,5.0,1.0
01KJN6MMPQTMDYRN709968YFN1,page-B,01KJN788SPAKVVBHX9T9FDQWAF,01KJN79ZDP3YNFFHHQA302PJDP,B,C,0,0.0,5.0,1.0
01KJN6MMPQTMDYRN709968YFN1,page-B,01KJN78B0TFR8F59JDGD057XNS,01KJN78CQJ3KY7VMGAR6F3D4S0,A,B,0,0.0,5.0,1.0
01KJN6MMPQTMDYRN709968YFN1,page-B,01KJN78B0TFR8F59JDGD057XNS,01KJN78JVY5FN5QXW9XGGE72RG,A,A,1,0.4,5.0,1.0
01KJN6MMPQTMDYRN709968YFN1,page-B,01KJN78B0TFR8F59JDGD057XNS,01KJN78M7563R5D9TQE5G142DA,A,C,0,0.0,5.0,1.0
01KJN6MMPQTMDYRN709968YFN1,page-B,01KJN78B0TFR8F59JDGD057XNS,01KJN791EPN054R2NTQQ1BFXJ5,A,A,1,0.4,5.0,1.0
01KJN6MMPQTMDYRN709968YFN1,page-B,01KJN78B0TFR8F59JDGD057XNS,01KJN796KT7FCNV2F9QNCQDSES,A,C,0,0.0,5.0,1.0
01KJN6MMPQTMDYRN709968YFN1,page-B,01KJN78B0TFR8F59JDGD057XNS,01KJN79Y7T0VZNKHTSJRZWTDZ5,A,B,0,0.0,5.0,1.0
01KJN6MMPQTMDYRN709968YFN1,page-B,01KJN78B0TFR8F59JDGD057XNS,01KJN79ZDP3YNFFHHQA302PJDP,A,C,0,0.0,5.0,1.0
01KJN6MMPQTMDYRN709968YFN1,page-B,01KJN78CQJ3KY7VMGAR6F3D4S0,01KJN78JVY5FN5QXW9XGGE72RG,B,A,0,0.0,5.0,1.0
01KJN6MMPQTMDYRN709968YFN1,page-B,01KJN78CQJ3KY7VMGAR6F3D4S0,01KJN78M7563R5D9TQE5G142DA,B,C,0,0.0,5.0,1.0
01KJN6MMPQTMDYRN709968YFN1,page-B,01KJN78CQJ3KY7VMGAR6F3D4S0,01KJN791EPN054R2NTQQ1BFXJ5,B,A,0,0.0,5.0,1.0
01KJN6MMPQTMDYRN709968YFN1,page-B,01KJN78CQJ3KY7VMGAR6F3D4S0,01KJN796KT7FCNV2F9QNCQDSES,B,C,0,0.0,5.0,1.0
01KJN6MMPQTMDYRN709968YFN1,page-B,01KJN78CQJ3KY7VMGAR6F3D4S0,01KJN79Y7T0VZNKHTSJRZWTDZ5,B,B,1,0.5,5.0,1.0
01KJN6MMPQTMDYRN709968YFN1,page-B,01KJN78CQJ3KY7VMGAR6F3D4S0,01KJN79ZDP3YNFFHHQA302PJDP,B,C,0,0.0,5.0,1.0
01KJN6MMPQTMDYRN709968YFN1,page-B,01KJN78JVY5FN5QXW9XGGE72RG,01KJN78M7563R5D9TQE5G142DA,A,C,0,0.0,5.0,1.0
01KJN6MMPQTMDYRN709968YFN1,page-B,01KJN78JVY5FN5QXW9XGGE72RG,01KJN791EPN054R2NTQQ1BFXJ5,A,A,1,1.0,5.0,1.0
01KJN6MMPQTMDYRN709968YFN1,page-B,01KJN78JVY5FN5QXW9XGGE72RG,01KJN796KT7FCNV2F9QNCQDSES,A,C,0,0.0,5.0,1.0
01KJN6MMPQTMDYRN709968YFN1,page-B,01KJN78JVY5FN5QXW9XGGE72RG,01KJN79Y7T0VZNKHTSJRZWTDZ5,A,B,0,0.0,5.0,1.0
01KJN6MMPQTMDYRN709968YFN1,page-B,01KJN78JVY5FN5QXW9XGGE72RG,01KJN79ZDP3YNFFHHQA302PJDP,A,C,0,0.0,5.0,1.0
01KJN6MMPQTMDYRN709968YFN1,page-B,01KJN78M7563R5D9TQE5G142DA,01KJN791EPN054R2NTQQ1BFXJ5,C,A,0,0.0,5.0,1.0
01KJN6MMPQTMDYRN709968YFN1,page-B,01KJN78M7563R5D9TQE5G142DA,01KJN796KT7FCNV2F9QNCQDSES,C,C,1,0.1111111111111111,5.0,1.0
01KJN6MMPQTMDYRN709968YFN1,page-B,01KJN78M7563R5D9TQE5G142DA,01KJN79Y7T0VZNKHTSJRZWTDZ5,C,B,0,0.0,5.0,1.0
01KJN6MMPQTMDYRN709968YFN1,page-B,01KJN78M7563R5D9TQE5G142DA,01KJN79ZDP3YNFFHHQA302PJDP,C,C,1,0.0,5.0,1.0
01KJN6MMPQTMDYRN709968YFN1,page-B,01KJN791EPN054R2NTQQ1BFXJ5,01KJN796KT7FCNV2F9QNCQDSES,A,C,0,0.0,5.0,1.0
01KJN6MMPQTMDYRN709968YFN1,page-B,01KJN791EPN054R2NTQQ1BFXJ5,01KJN79Y7T0VZNKHTSJRZWTDZ5,A,B,0,0.0,5.0,1.0
01KJN6MMPQTMDYRN709968YFN1,page-B,01KJN791EPN054R2NTQQ1BFXJ5,01KJN79ZDP3YNFFHHQA302PJDP,A,C,0,0.0,5.0,1.0
01KJN6MMPQTMDYRN709968YFN1,page-B,01KJN796KT7FCNV2F9QNCQDSES,01KJN79Y7T0VZNKHTSJRZWTDZ5,C,B,0,0.0,5.0,1.0
01KJN6MMPQTMDYRN709968YFN1,page-B,01KJN796KT7FCNV2F9QNCQDSES,01KJN79ZDP3YNFFHHQA302PJDP,C,C,1,0.0,5.0,1.0
01KJN6MMPQTMDYRN709968YFN1,page-B,01KJN79Y7T0VZNKHTSJRZWTDZ5,01KJN79ZDP3YNFFHHQA302PJDP,B,C,0,0.0,5.0,1.0
01KJN6MMPQTMDYRN709968YFN1,page7-107,01KJN788SPAKVVBHX9T9FDQWAF,01KJN78B0TFR8F59JDGD057XNS,B,A,0,0.6,1.0,2.0
01KJN6MMPQTMDYRN709968YFN1,page7-107,01KJN788SPAKVVBHX9T9FDQWAF,01KJN791EPN054R2NTQQ1BFXJ5,B,A,0,0.2222222222222222,1.0,2.0
01KJN6MMPQTMDYRN709968YFN1,page7-107,01KJN788SPAKVVBHX9T9FDQWAF,01KJN79Y7T0VZNKHTSJRZWTDZ5,B,B,1,0.0,1.0,2.0
01KJN6MMPQTMDYRN709968YFN1,page7-107,01KJN78B0TFR8F59JDGD057XNS,01KJN791EPN054R2NTQQ1BFXJ5,A,A,1,0.375,1.0,2.0
01KJN6MMPQTMDYRN709968YFN1,page7-107,01KJN78B0TFR8F59JDGD057XNS,01KJN79Y7T0VZNKHTSJRZWTDZ5,A,B,0,0.16666666666666666,1.0,2.0
01KJN6MMPQTMDYRN709968YFN1,page7-107,01KJN791EPN054R2NTQQ1BFXJ5,01KJN79Y7T0VZNKHTSJRZWTDZ5,A,B,0,0.1111111111111111,1.0,2.0
01KJN6MMPQTMDYRN709968YFN1,page7-107,01KJN788SPAKVVBHX9T9FDQWAF,01KJN78B0TFR8F59JDGD057XNS,B,A,0,0.6,2.0,2.0
01KJN6MMPQTMDYRN709968YFN1,page7-107,01KJN788SPAKVVBHX9T9FDQWAF,01KJN78CQJ3KY7VMGAR6F3D4S0,B,B,1,0.75,2.0,2.0
01KJN6MMPQTMDYRN709968YFN1,page7-107,01KJN788SPAKVVBHX9T9FDQWAF,01KJN78JVY5FN5QXW9XGGE72RG,B,A,0,0.5,2.0,2.0
01KJN6MMPQTMDYRN709968YFN1,page7-107,01KJN788SPAKVVBHX9T9FDQWAF,01KJN791EPN054R2NTQQ1BFXJ5,B,A,0,0.2222222222222222,2.0,2.0
01KJN6MMPQTMDYRN709968YFN1,page7-107,01KJN788SPAKVVBHX9T9FDQWAF,01KJN79Y7T0VZNKHTSJRZWTDZ5,B,B,1,0.0,2.0,2.0
01KJN6MMPQTMDYRN709968YFN1,page7-107,01KJN78B0TFR8F59JDGD057XNS,01KJN78CQJ3KY7VMGAR6F3D4S0,A,B,0,0.4,2.0,2.0
01KJN6MMPQTMDYRN709968YFN1,page7-107,01KJN78B0TFR8F59JDGD057XNS,01KJN78JVY5FN5QXW9XGGE72RG,A,A,1,0.2,2.0,2.0
01KJN6MMPQTMDYRN709968YFN1,page7-107,01KJN78B0TFR8F59JDGD057XNS,01KJN791EPN054R2NTQQ1BFXJ5,A,A,1,0.375,2.0,2.0
01KJN6MMPQTMDYRN709968YFN1,page7-107,01KJN78B0TFR8F59JDGD057XNS,01KJN79Y7T0VZNKHTSJRZWTDZ5,A,B,0,0.16666666666666666,2.0,2.0
01KJN6MMPQTMDYRN709968YFN1,page7-107,01KJN78CQJ3KY7VMGAR6F3D4S0,01KJN78JVY5FN5QXW9XGGE72RG,B,A,0,0.6666666666666666,2.0,2.0
01KJN6MMPQTMDYRN709968YFN1,page7-107,01KJN78CQJ3KY7VMGAR6F3D4S0,01KJN791EPN054R2NTQQ1BFXJ5,B,A,0,0.25,2.0,2.0
01KJN6MMPQTMDYRN709968YFN1,page7-107,01KJN78CQJ3KY7VMGAR6F3D4S0,01KJN79Y7T0VZNKHTSJRZWTDZ5,B,B,1,0.0,2.0,2.0
01KJN6MMPQTMDYRN709968YFN1,page7-107,01KJN78JVY5FN5QXW9XGGE72RG,01KJN791EPN054R2NTQQ1BFXJ5,A,A,1,0.125,2.0,2.0
01KJN6MMPQTMDYRN709968YFN1,page7-107,01KJN78JVY5FN5QXW9XGGE72RG,01KJN79Y7T0VZNKHTSJRZWTDZ5,A,B,0,0.0,2.0,2.0
01KJN6MMPQTMDYRN709968YFN1,page7-107,01KJN791EPN054R2NTQQ1BFXJ5,01KJN79Y7T0VZNKHTSJRZWTDZ5,A,B,0,0.1111111111111111,2.0,2.0
01KJN6MMPQTMDYRN709968YFN1,page7-107,01KJN788SPAKVVBHX9T9FDQWAF,01KJN78B0TFR8F59JDGD057XNS,B,A,0,0.5,3.0,2.0
01KJN6MMPQTMDYRN709968YFN1,page7-107,01KJN788SPAKVVBHX9T9FDQWAF,01KJN78CQJ3KY7VMGAR6F3D4S0,B,B,1,0.75,3.0,2.0
01KJN6MMPQTMDYRN709968YFN1,page7-107,01KJN788SPAKVVBHX9T9FDQWAF,01KJN78JVY5FN5QXW9XGGE72RG,B,A,0,0.5,3.0,2.0
01KJN6MMPQTMDYRN709968YFN1,page7-107,01KJN788SPAKVVBHX9T9FDQWAF,01KJN791EPN054R2NTQQ1BFXJ5,B,A,0,0.2222222222222222,3.0,2.0
01KJN6MMPQTMDYRN709968YFN1,page7-107,01KJN788SPAKVVBHX9T9FDQWAF,01KJN79Y7T0VZNKHTSJRZWTDZ5,B,B,1,0.75,3.0,2.0
01KJN6MMPQTMDYRN709968YFN1,page7-107,01KJN78B0TFR8F59JDGD057XNS,01KJN78CQJ3KY7VMGAR6F3D4S0,A,B,0,0.25,3.0,2.0
01KJN6MMPQTMDYRN709968YFN1,page7-107,01KJN78B0TFR8F59JDGD057XNS,01KJN78JVY5FN5QXW9XGGE72RG,A,A,1,0.3333333333333333,3.0,2.0
01KJN6MMPQTMDYRN709968YFN1,page7-107,01KJN78B0TFR8F59JDGD057XNS,01KJN791EPN054R2NTQQ1BFXJ5,A,A,1,0.125,3.0,2.0
01KJN6MMPQTMDYRN709968YFN1,page7-107,01KJN78B0TFR8F59JDGD057XNS,01KJN79Y7T0VZNKHTSJRZWTDZ5,A,B,0,0.25,3.0,2.0
01KJN6MMPQTMDYRN709968YFN1,page7-107,01KJN78CQJ3KY7VMGAR6F3D4S0,01KJN78JVY5FN5QXW9XGGE72RG,B,A,0,0.6666666666666666,3.0,2.0
01KJN6MMPQTMDYRN709968YFN1,page7-107,01KJN78CQJ3KY7VMGAR6F3D4S0,01KJN791EPN054R2NTQQ1BFXJ5,B,A,0,0.25,3.0,2.0
01KJN6MMPQTMDYRN709968YFN1,page7-107,01KJN78CQJ3KY7VMGAR6F3D4S0,01KJN79Y7T0VZNKHTSJRZWTDZ5,B,B,1,1.0,3.0,2.0
01KJN6MMPQTMDYRN709968YFN1,page7-107,01KJN78JVY5FN5QXW9XGGE72RG,01KJN791EPN054R2NTQQ1BFXJ5,A,A,1,0.125,3.0,2.0
01KJN6MMPQTMDYRN709968YFN1,page7-107,01KJN78JVY5FN5QXW9XGGE72RG,01KJN79Y7T0VZNKHTSJRZWTDZ5,A,B,0,0.6666666666666666,3.0,2.0
01KJN6MMPQTMDYRN709968YFN1,page7-107,01KJN791EPN054R2NTQQ1BFXJ5,01KJN79Y7T0VZNKHTSJRZWTDZ5,A,B,0,0.25,3.0,2.0
01KJN6MMPQTMDYRN709968YFN1,page7-107,01KJN788SPAKVVBHX9T9FDQWAF,01KJN78B0TFR8F59JDGD057XNS,B,A,0,0.6666666666666666,4.0,2.0
01KJN6MMPQTMDYRN709968YFN1,page7-107,01KJN788SPAKVVBHX9T9FDQWAF,01KJN78CQJ3KY7VMGAR6F3D4S0,B,B,1,0.5,4.0,2.0
01KJN6MMPQTMDYRN709968YFN1,page7-107,01KJN788SPAKVVBHX9T9FDQWAF,01KJN78JVY5FN5QXW9XGGE72RG,B,A,0,0.6666666666666666,4.0,2.0
01KJN6MMPQTMDYRN709968YFN1,page7-107,01KJN788SPAKVVBHX9T9FDQWAF,01KJN791EPN054R2NTQQ1BFXJ5,B,A,0,0.1111111111111111,4.0,2.0
01KJN6MMPQTMDYRN709968YFN1,page7-107,01KJN788SPAKVVBHX9T9FDQWAF,01KJN79Y7T0VZNKHTSJRZWTDZ5,B,B,1,0.5,4.0,2.0
01KJN6MMPQTMDYRN709968YFN1,page7-107,01KJN78B0TFR8F59JDGD057XNS,01KJN78CQJ3KY7VMGAR6F3D4S0,A,B,0,0.25,4.0,2.0
01KJN6MMPQTMDYRN709968YFN1,page7-107,01KJN78B0TFR8F59JDGD057XNS,01KJN78JVY5FN5QXW9XGGE72RG,A,A,1,0.3333333333333333,4.0,2.0
01KJN6MMPQTMDYRN709968YFN1,page7-107,01KJN78B0TFR8F59JDGD057XNS,01KJN791EPN054R2NTQQ1BFXJ5,A,A,1,0.125,4.0,2.0
01KJN6MMPQTMDYRN709968YFN1,page7-107,01KJN78B0TFR8F59JDGD057XNS,01KJN79Y7T0VZNKHTSJRZWTDZ5,A,B,0,0.25,4.0,2.0
01KJN6MMPQTMDYRN709968YFN1,page7-107,01KJN78CQJ3KY7VMGAR6F3D4S0,01KJN78JVY5FN5QXW9XGGE72RG,B,A,0,0.6666666666666666,4.0,2.0
01KJN6MMPQTMDYRN709968YFN1,page7-107,01KJN78CQJ3KY7VMGAR6F3D4S0,01KJN791EPN054R2NTQQ1BFXJ5,B,A,0,0.25,4.0,2.0
01KJN6MMPQTMDYRN709968YFN1,page7-107,01KJN78CQJ3KY7VMGAR6F3D4S0,01KJN79Y7T0VZNKHTSJRZWTDZ5,B,B,1,1.0,4.0,2.0
01KJN6MMPQTMDYRN709968YFN1,page7-107,01KJN78JVY5FN5QXW9XGGE72RG,01KJN791EPN054R2NTQQ1BFXJ5,A,A,1,0.125,4.0,2.0
01KJN6MMPQTMDYRN709968YFN1,page7-107,01KJN78JVY5FN5QXW9XGGE72RG,01KJN79Y7T0VZNKHTSJRZWTDZ5,A,B,0,0.6666666666666666,4.0,2.0
01KJN6MMPQTMDYRN709968YFN1,page7-107,01KJN791EPN054R2NTQQ1BFXJ5,01KJN79Y7T0VZNKHTSJRZWTDZ5,A,B,0,0.25,4.0,2.0
01KJN6MMPQTMDYRN709968YFN1,page7-107,01KJN788SPAKVVBHX9T9FDQWAF,01KJN78B0TFR8F59JDGD057XNS,B,A,0,0.6666666666666666,5.0,2.0
01KJN6MMPQTMDYRN709968YFN1,page7-107,01KJN788SPAKVVBHX9T9FDQWAF,01KJN78CQJ3KY7VMGAR6F3D4S0,B,B,1,0.5,5.0,2.0
01KJN6MMPQTMDYRN709968YFN1,page7-107,01KJN788SPAKVVBHX9T9FDQWAF,01KJN78JVY5FN5QXW9XGGE72RG,B,A,0,0.5,5.0,2.0
01KJN6MMPQTMDYRN709968YFN1,page7-107,01KJN788SPAKVVBHX9T9FDQWAF,01KJN791EPN054R2NTQQ1BFXJ5,B,A,0,0.1111111111111111,5.0,2.0
01KJN6MMPQTMDYRN709968YFN1,page7-107,01KJN788SPAKVVBHX9T9FDQWAF,01KJN79Y7T0VZNKHTSJRZWTDZ5,B,B,1,0.5,5.0,2.0
01KJN6MMPQTMDYRN709968YFN1,page7-107,01KJN78B0TFR8F59JDGD057XNS,01KJN78CQJ3KY7VMGAR6F3D4S0,A,B,0,0.25,5.0,2.0
01KJN6MMPQTMDYRN709968YFN1,page7-107,01KJN78B0TFR8F59JDGD057XNS,01KJN78JVY5FN5QXW9XGGE72RG,A,A,1,0.25,5.0,2.0
01KJN6MMPQTMDYRN709968YFN1,page7-107,01KJN78B0TFR8F59JDGD057XNS,01KJN791EPN054R2NTQQ1BFXJ5,A,A,1,0.125,5.0,2.0
01KJN6MMPQTMDYRN709968YFN1,page7-107,01KJN78B0TFR8F59JDGD057XNS,01KJN79Y7T0VZNKHTSJRZWTDZ5,A,B,0,0.25,5.0,2.0
01KJN6MMPQTMDYRN709968YFN1,page7-107,01KJN78CQJ3KY7VMGAR6F3D4S0,01KJN78JVY5FN5QXW9XGGE72RG,B,A,0,0.5,5.0,2.0
01KJN6MMPQTMDYRN709968YFN1,page7-107,01KJN78CQJ3KY7VMGAR6F3D4S0,01KJN791EPN054R2NTQQ1BFXJ5,B,A,0,0.1111111111111111,5.0,2.0
01KJN6MMPQTMDYRN709968YFN1,page7-107,01KJN78CQJ3KY7VMGAR6F3D4S0,01KJN79Y7T0VZNKHTSJRZWTDZ5,B,B,1,0.5,5.0,2.0
01KJN6MMPQTMDYRN709968YFN1,page7-107,01KJN78JVY5FN5QXW9XGGE72RG,01KJN791EPN054R2NTQQ1BFXJ5,A,A,1,0.25,5.0,2.0
01KJN6MMPQTMDYRN709968YFN1,page7-107,01KJN78JVY5FN5QXW9XGGE72RG,01KJN79Y7T0VZNKHTSJRZWTDZ5,A,B,0,1.0,5.0,2.0
01KJN6MMPQTMDYRN709968YFN1,page7-107,01KJN791EPN054R2NTQQ1BFXJ5,01KJN79Y7T0VZNKHTSJRZWTDZ5,A,B,0,0.25,5.0,2.0
01KJN6MMPQTMDYRN709968YFN1,page5-28,01KJN788SPAKVVBHX9T9FDQWAF,01KJN78B0TFR8F59JDGD057XNS,B,A,0,1.0,1.0,2.0
01KJN6MMPQTMDYRN709968YFN1,page5-28,01KJN788SPAKVVBHX9T9FDQWAF,01KJN791EPN054R2NTQQ1BFXJ5,B,A,0,0.4,1.0,2.0
01KJN6MMPQTMDYRN709968YFN1,page5-28,01KJN788SPAKVVBHX9T9FDQWAF,01KJN79Y7T0VZNKHTSJRZWTDZ5,B,B,1,0.0,1.0,2.0
01KJN6MMPQTMDYRN709968YFN1,page5-28,01KJN78B0TFR8F59JDGD057XNS,01KJN791EPN054R2NTQQ1BFXJ5,A,A,1,0.4,1.0,2.0
01KJN6MMPQTMDYRN709968YFN1,page5-28,01KJN78B0TFR8F59JDGD057XNS,01KJN79Y7T0VZNKHTSJRZWTDZ5,A,B,0,0.0,1.0,2.0
01KJN6MMPQTMDYRN709968YFN1,page5-28,01KJN791EPN054R2NTQQ1BFXJ5,01KJN79Y7T0VZNKHTSJRZWTDZ5,A,B,0,0.14285714285714285,1.0,2.0
01KJN6MMPQTMDYRN709968YFN1,page5-28,01KJN788SPAKVVBHX9T9FDQWAF,01KJN78B0TFR8F59JDGD057XNS,B,A,0,1.0,2.0,2.0
01KJN6MMPQTMDYRN709968YFN1,page5-28,01KJN788SPAKVVBHX9T9FDQWAF,01KJN78CQJ3KY7VMGAR6F3D4S0,B,B,1,0.0,2.0,2.0
01KJN6MMPQTMDYRN709968YFN1,page5-28,01KJN788SPAKVVBHX9T9FDQWAF,01KJN78JVY5FN5QXW9XGGE72RG,B,A,0,1.0,2.0,2.0
01KJN6MMPQTMDYRN709968YFN1,page5-28,01KJN788SPAKVVBHX9T9FDQWAF,01KJN791EPN054R2NTQQ1BFXJ5,B,A,0,0.4,2.0,2.0
01KJN6MMPQTMDYRN709968YFN1,page5-28,01KJN788SPAKVVBHX9T9FDQWAF,01KJN79Y7T0VZNKHTSJRZWTDZ5,B,B,1,0.0,2.0,2.0
01KJN6MMPQTMDYRN709968YFN1,page5-28,01KJN78B0TFR8F59JDGD057XNS,01KJN78CQJ3KY7VMGAR6F3D4S0,A,B,0,0.0,2.0,2.0
01KJN6MMPQTMDYRN709968YFN1,page5-28,01KJN78B0TFR8F59JDGD057XNS,01KJN78JVY5FN5QXW9XGGE72RG,A,A,1,1.0,2.0,2.0
01KJN6MMPQTMDYRN709968YFN1,page5-28,01KJN78B0TFR8F59JDGD057XNS,01KJN791EPN054R2NTQQ1BFXJ5,A,A,1,0.4,2.0,2.0
01KJN6MMPQTMDYRN709968YFN1,page5-28,01KJN78B0TFR8F59JDGD057XNS,01KJN79Y7T0VZNKHTSJRZWTDZ5,A,B,0,0.0,2.0,2.0
01KJN6MMPQTMDYRN709968YFN1,page5-28,01KJN78CQJ3KY7VMGAR6F3D4S0,01KJN78JVY5FN5QXW9XGGE72RG,B,A,0,0.0,2.0,2.0
01KJN6MMPQTMDYRN709968YFN1,page5-28,01KJN78CQJ3KY7VMGAR6F3D4S0,01KJN791EPN054R2NTQQ1BFXJ5,B,A,0,0.14285714285714285,2.0,2.0
01KJN6MMPQTMDYRN709968YFN1,page5-28,01KJN78CQJ3KY7VMGAR6F3D4S0,01KJN79Y7T0VZNKHTSJRZWTDZ5,B,B,1,0.5,2.0,2.0
01KJN6MMPQTMDYRN709968YFN1,page5-28,01KJN78JVY5FN5QXW9XGGE72RG,01KJN791EPN054R2NTQQ1BFXJ5,A,A,1,0.4,2.0,2.0
01KJN6MMPQTMDYRN709968YFN1,page5-28,01KJN78JVY5FN5QXW9XGGE72RG,01KJN79Y7T0VZNKHTSJRZWTDZ5,A,B,0,0.0,2.0,2.0
01KJN6MMPQTMDYRN709968YFN1,page5-28,01KJN791EPN054R2NTQQ1BFXJ5,01KJN79Y7T0VZNKHTSJRZWTDZ5,A,B,0,0.14285714285714285,2.0,2.0
01KJN6MMPQTMDYRN709968YFN1,page5-28,01KJN788SPAKVVBHX9T9FDQWAF,01KJN78B0TFR8F59JDGD057XNS,B,A,0,0.5,3.0,2.0
01KJN6MMPQTMDYRN709968YFN1,page5-28,01KJN788SPAKVVBHX9T9FDQWAF,01KJN78CQJ3KY7VMGAR6F3D4S0,B,B,1,0.0,3.0,2.0
01KJN6MMPQTMDYRN709968YFN1,page5-28,01KJN788SPAKVVBHX9T9FDQWAF,01KJN78JVY5FN5QXW9XGGE72RG,B,A,0,1.0,3.0,2.0
01KJN6MMPQTMDYRN709968YFN1,page5-28,01KJN788SPAKVVBHX9T9FDQWAF,01KJN791EPN054R2NTQQ1BFXJ5,B,A,0,0.4,3.0,2.0
01KJN6MMPQTMDYRN709968YFN1,page5-28,01KJN788SPAKVVBHX9T9FDQWAF,01KJN79Y7T0VZNKHTSJRZWTDZ5,B,B,1,1.0,3.0,2.0
01KJN6MMPQTMDYRN709968YFN1,page5-28,01KJN78B0TFR8F59JDGD057XNS,01KJN78CQJ3KY7VMGAR6F3D4S0,A,B,0,0.0,3.0,2.0
01KJN6MMPQTMDYRN709968YFN1,page5-28,01KJN78B0TFR8F59JDGD057XNS,01KJN78JVY5FN5QXW9XGGE72RG,A,A,1,0.5,3.0,2.0
01KJN6MMPQTMDYRN709968YFN1,page5-28,01KJN78B0TFR8F59JDGD057XNS,01KJN791EPN054R2NTQQ1BFXJ5,A,A,1,0.2857142857142857,3.0,2.0
01KJN6MMPQTMDYRN709968YFN1,page5-28,01KJN78B0TFR8F59JDGD057XNS,01KJN79Y7T0VZNKHTSJRZWTDZ5,A,B,0,0.5,3.0,2.0
01KJN6MMPQTMDYRN709968YFN1,page5-28,01KJN78CQJ3KY7VMGAR6F3D4S0,01KJN78JVY5FN5QXW9XGGE72RG,B,A,0,0.0,3.0,2.0
01KJN6MMPQTMDYRN709968YFN1,page5-28,01KJN78CQJ3KY7VMGAR6F3D4S0,01KJN791EPN054R2NTQQ1BFXJ5,B,A,0,0.14285714285714285,3.0,2.0
01KJN6MMPQTMDYRN709968YFN1,page5-28,01KJN78CQJ3KY7VMGAR6F3D4S0,01KJN79Y7T0VZNKHTSJRZWTDZ5,B,B,1,0.0,3.0,2.0
01KJN6MMPQTMDYRN709968YFN1,page5-28,01KJN78JVY5FN5QXW9XGGE72RG,01KJN791EPN054R2NTQQ1BFXJ5,A,A,1,0.4,3.0,2.0
01KJN6MMPQTMDYRN709968YFN1,page5-28,01KJN78JVY5FN5QXW9XGGE72RG,01KJN79Y7T0VZNKHTSJRZWTDZ5,A,B,0,1.0,3.0,2.0
01KJN6MMPQTMDYRN709968YFN1,page5-28,01KJN791EPN054R2NTQQ1BFXJ5,01KJN79Y7T0VZNKHTSJRZWTDZ5,A,B,0,0.4,3.0,2.0
01KJN6MMPQTMDYRN709968YFN1,page5-28,01KJN788SPAKVVBHX9T9FDQWAF,01KJN78B0TFR8F59JDGD057XNS,B,A,0,0.5,4.0,2.0
01KJN6MMPQTMDYRN709968YFN1,page5-28,01KJN788SPAKVVBHX9T9FDQWAF,01KJN78CQJ3KY7VMGAR6F3D4S0,B,B,1,0.0,4.0,2.0
01KJN6MMPQTMDYRN709968YFN1,page5-28,01KJN788SPAKVVBHX9T9FDQWAF,01KJN78JVY5FN5QXW9XGGE72RG,B,A,0,1.0,4.0,2.0
01KJN6MMPQTMDYRN709968YFN1,page5-28,01KJN788SPAKVVBHX9T9FDQWAF,01KJN791EPN054R2NTQQ1BFXJ5,B,A,0,1.0,4.0,2.0
01KJN6MMPQTMDYRN709968YFN1,page5-28,01KJN788SPAKVVBHX9T9FDQWAF,01KJN79Y7T0VZNKHTSJRZWTDZ5,B,B,1,1.0,4.0,2.0
01KJN6MMPQTMDYRN709968YFN1,page5-28,01KJN78B0TFR8F59JDGD057XNS,01KJN78CQJ3KY7VMGAR6F3D4S0,A,B,0,0.0,4.0,2.0
01KJN6MMPQTMDYRN709968YFN1,page5-28,01KJN78B0TFR8F59JDGD057XNS,01KJN78JVY5FN5QXW9XGGE72RG,A,A,1,0.5,4.0,2.0
01KJN6MMPQTMDYRN709968YFN1,page5-28,01KJN78B0TFR8F59JDGD057XNS,01KJN791EPN054R2NTQQ1BFXJ5,A,A,1,0.5,4.0,2.0
01KJN6MMPQTMDYRN709968YFN1,page5-28,01KJN78B0TFR8F59JDGD057XNS,01KJN79Y7T0VZNKHTSJRZWTDZ5,A,B,0,0.5,4.0,2.0
01KJN6MMPQTMDYRN709968YFN1,page5-28,01KJN78CQJ3KY7VMGAR6F3D4S0,01KJN78JVY5FN5QXW9XGGE72RG,B,A,0,0.0,4.0,2.0
01KJN6MMPQTMDYRN709968YFN1,page5-28,01KJN78CQJ3KY7VMGAR6F3D4S0,01KJN791EPN054R2NTQQ1BFXJ5,B,A,0,0.0,4.0,2.0
01KJN6MMPQTMDYRN709968YFN1,page5-28,01KJN78CQJ3KY7VMGAR6F3D4S0,01KJN79Y7T0VZNKHTSJRZWTDZ5,B,B,1,0.0,4.0,2.0
01KJN6MMPQTMDYRN709968YFN1,page5-28,01KJN78JVY5FN5QXW9XGGE72RG,01KJN791EPN054R2NTQQ1BFXJ5,A,A,1,1.0,4.0,2.0
01KJN6MMPQTMDYRN709968YFN1,page5-28,01KJN78JVY5FN5QXW9XGGE72RG,01KJN79Y7T0VZNKHTSJRZWTDZ5,A,B,0,1.0,4.0,2.0
01KJN6MMPQTMDYRN709968YFN1,page5-28,01KJN791EPN054R2NTQQ1BFXJ5,01KJN79Y7T0VZNKHTSJRZWTDZ5,A,B,0,1.0,4.0,2.0
01KJN6MMPQTMDYRN709968YFN1,page5-28,01KJN788SPAKVVBHX9T9FDQWAF,01KJN78B0TFR8F59JDGD057XNS,B,A,0,0.5,5.0,2.0
01KJN6MMPQTMDYRN709968YFN1,page5-28,01KJN788SPAKVVBHX9T9FDQWAF,01KJN78CQJ3KY7VMGAR6F3D4S0,B,B,1,0.3333333333333333,5.0,2.0
01KJN6MMPQTMDYRN709968YFN1,page5-28,01KJN788SPAKVVBHX9T9FDQWAF,01KJN78JVY5FN5QXW9XGGE72RG,B,A,0,1.0,5.0,2.0
01KJN6MMPQTMDYRN709968YFN1,page5-28,01KJN788SPAKVVBHX9T9FDQWAF,01KJN791EPN054R2NTQQ1BFXJ5,B,A,0,1.0,5.0,2.0
01KJN6MMPQTMDYRN709968YFN1,page5-28,01KJN788SPAKVVBHX9T9FDQWAF,01KJN79Y7T0VZNKHTSJRZWTDZ5,B,B,1,1.0,5.0,2.0
01KJN6MMPQTMDYRN709968YFN1,page5-28,01KJN78B0TFR8F59JDGD057XNS,01KJN78CQJ3KY7VMGAR6F3D4S0,A,B,0,0.2,5.0,2.0
01KJN6MMPQTMDYRN709968YFN1,page5-28,01KJN78B0TFR8F59JDGD057XNS,01KJN78JVY5FN5QXW9XGGE72RG,A,A,1,0.5,5.0,2.0
01KJN6MMPQTMDYRN709968YFN1,page5-28,01KJN78B0TFR8F59JDGD057XNS,01KJN791EPN054R2NTQQ1BFXJ5,A,A,1,0.5,5.0,2.0
01KJN6MMPQTMDYRN709968YFN1,page5-28,01KJN78B0TFR8F59JDGD057XNS,01KJN79Y7T0VZNKHTSJRZWTDZ5,A,B,0,0.5,5.0,2.0
01KJN6MMPQTMDYRN709968YFN1,page5-28,01KJN78CQJ3KY7VMGAR6F3D4S0,01KJN78JVY5FN5QXW9XGGE72RG,B,A,0,0.3333333333333333,5.0,2.0
01KJN6MMPQTMDYRN709968YFN1,page5-28,01KJN78CQJ3KY7VMGAR6F3D4S0,01KJN791EPN054R2NTQQ1BFXJ5,B,A,0,0.3333333333333333,5.0,2.0
01KJN6MMPQTMDYRN709968YFN1,page5-28,01KJN78CQJ3KY7VMGAR6F3D4S0,01KJN79Y7T0VZNKHTSJRZWTDZ5,B,B,1,0.3333333333333333,5.0,2.0
01KJN6MMPQTMDYRN709968YFN1,page5-28,01KJN78JVY5FN5QXW9XGGE72RG,01KJN791EPN054R2NTQQ1BFXJ5,A,A,1,1.0,5.0,2.0
01KJN6MMPQTMDYRN709968YFN1,page5-28,01KJN78JVY5FN5QXW9XGGE72RG,01KJN79Y7T0VZNKHTSJRZWTDZ5,A,B,0,1.0,5.0,2.0
01KJN6MMPQTMDYRN709968YFN1,page5-28,01KJN791EPN054R2NTQQ1BFXJ5,01KJN79Y7T0VZNKHTSJRZWTDZ5,A,B,0,1.0,5.0,2.0
01KJN6MMPQTMDYRN709968YFN1,page3-35,01KJN788SPAKVVBHX9T9FDQWAF,01KJN78B0TFR8F59JDGD057XNS,B,A,0,0.2,1.0,2.0
01KJN6MMPQTMDYRN709968YFN1,page3-35,01KJN788SPAKVVBHX9T9FDQWAF,01KJN791EPN054R2NTQQ1BFXJ5,B,A,0,0.5,1.0,2.0
01KJN6MMPQTMDYRN709968YFN1,page3-35,01KJN788SPAKVVBHX9T9FDQWAF,01KJN79Y7T0VZNKHTSJRZWTDZ5,B,B,1,1.0,1.0,2.0
01KJN6MMPQTMDYRN709968YFN1,page3-35,01KJN78B0TFR8F59JDGD057XNS,01KJN791EPN054R2NTQQ1BFXJ5,A,A,1,0.4,1.0,2.0
01KJN6MMPQTMDYRN709968YFN1,page3-35,01KJN78B0TFR8F59JDGD057XNS,01KJN79Y7T0VZNKHTSJRZWTDZ5,A,B,0,0.2,1.0,2.0
01KJN6MMPQTMDYRN709968YFN1,page3-35,01KJN791EPN054R2NTQQ1BFXJ5,01KJN79Y7T0VZNKHTSJRZWTDZ5,A,B,0,0.5,1.0,2.0
01KJN6MMPQTMDYRN709968YFN1,page3-35,01KJN788SPAKVVBHX9T9FDQWAF,01KJN78B0TFR8F59JDGD057XNS,B,A,0,0.2,2.0,2.0
01KJN6MMPQTMDYRN709968YFN1,page3-35,01KJN788SPAKVVBHX9T9FDQWAF,01KJN78CQJ3KY7VMGAR6F3D4S0,B,B,1,1.0,2.0,2.0
01KJN6MMPQTMDYRN709968YFN1,page3-35,01KJN788SPAKVVBHX9T9FDQWAF,01KJN78JVY5FN5QXW9XGGE72RG,B,A,0,1.0,2.0,2.0
01KJN6MMPQTMDYRN709968YFN1,page3-35,01KJN788SPAKVVBHX9T9FDQWAF,01KJN791EPN054R2NTQQ1BFXJ5,B,A,0,0.5,2.0,2.0
01KJN6MMPQTMDYRN709968YFN1,page3-35,01KJN788SPAKVVBHX9T9FDQWAF,01KJN79Y7T0VZNKHTSJRZWTDZ5,B,B,1,1.0,2.0,2.0
01KJN6MMPQTMDYRN709968YFN1,page3-35,01KJN78B0TFR8F59JDGD057XNS,01KJN78CQJ3KY7VMGAR6F3D4S0,A,B,0,0.2,2.0,2.0
01KJN6MMPQTMDYRN709968YFN1,page3-35,01KJN78B0TFR8F59JDGD057XNS,01KJN78JVY5FN5QXW9XGGE72RG,A,A,1,0.2,2.0,2.0
01KJN6MMPQTMDYRN709968YFN1,page3-35,01KJN78B0TFR8F59JDGD057XNS,01KJN791EPN054R2NTQQ1BFXJ5,A,A,1,0.4,2.0,2.0
01KJN6MMPQTMDYRN709968YFN1,page3-35,01KJN78B0TFR8F59JDGD057XNS,01KJN79Y7T0VZNKHTSJRZWTDZ5,A,B,0,0.2,2.0,2.0
01KJN6MMPQTMDYRN709968YFN1,page3-35,01KJN78CQJ3KY7VMGAR6F3D4S0,01KJN78JVY5FN5QXW9XGGE72RG,B,A,0,1.0,2.0,2.0
01KJN6MMPQTMDYRN709968YFN1,page3-35,01KJN78CQJ3KY7VMGAR6F3D4S0,01KJN791EPN054R2NTQQ1BFXJ5,B,A,0,0.5,2.0,2.0
01KJN6MMPQTMDYRN709968YFN1,page3-35,01KJN78CQJ3KY7VMGAR6F3D4S0,01KJN79Y7T0VZNKHTSJRZWTDZ5,B,B,1,1.0,2.0,2.0
01KJN6MMPQTMDYRN709968YFN1,page3-35,01KJN78JVY5FN5QXW9XGGE72RG,01KJN791EPN054R2NTQQ1BFXJ5,A,A,1,0.5,2.0,2.0
01KJN6MMPQTMDYRN709968YFN1,page3-35,01KJN78JVY5FN5QXW9XGGE72RG,01KJN79Y7T0VZNKHTSJRZWTDZ5,A,B,0,1.0,2.0,2.0
01KJN6MMPQTMDYRN709968YFN1,page3-35,01KJN791EPN054R2NTQQ1BFXJ5,01KJN79Y7T0VZNKHTSJRZWTDZ5,A,B,0,0.5,2.0,2.0
01KJN6MMPQTMDYRN709968YFN1,page3-35,01KJN788SPAKVVBHX9T9FDQWAF,01KJN78B0TFR8F59JDGD057XNS,B,A,0,0.3333333333333333,3.0,2.0
01KJN6MMPQTMDYRN709968YFN1,page3-35,01KJN788SPAKVVBHX9T9FDQWAF,01KJN78CQJ3KY7VMGAR6F3D4S0,B,B,1,1.0,3.0,2.0
01KJN6MMPQTMDYRN709968YFN1,page3-35,01KJN788SPAKVVBHX9T9FDQWAF,01KJN78JVY5FN5QXW9XGGE72RG,B,A,0,1.0,3.0,2.0
01KJN6MMPQTMDYRN709968YFN1,page3-35,01KJN788SPAKVVBHX9T9FDQWAF,01KJN791EPN054R2NTQQ1BFXJ5,B,A,0,0.5,3.0,2.0
01KJN6MMPQTMDYRN709968YFN1,page3-35,01KJN788SPAKVVBHX9T9FDQWAF,01KJN79Y7T0VZNKHTSJRZWTDZ5,B,B,1,1.0,3.0,2.0
01KJN6MMPQTMDYRN709968YFN1,page3-35,01KJN78B0TFR8F59JDGD057XNS,01KJN78CQJ3KY7VMGAR6F3D4S0,A,B,0,0.3333333333333333,3.0,2.0
01KJN6MMPQTMDYRN709968YFN1,page3-35,01KJN78B0TFR8F59JDGD057XNS,01KJN78JVY5FN5QXW9XGGE72RG,A,A,1,0.3333333333333333,3.0,2.0
01KJN6MMPQTMDYRN709968YFN1,page3-35,01KJN78B0TFR8F59JDGD057XNS,01KJN791EPN054R2NTQQ1BFXJ5,A,A,1,0.6666666666666666,3.0,2.0
01KJN6MMPQTMDYRN709968YFN1,page3-35,01KJN78B0TFR8F59JDGD057XNS,01KJN79Y7T0VZNKHTSJRZWTDZ5,A,B,0,0.3333333333333333,3.0,2.0
01KJN6MMPQTMDYRN709968YFN1,page3-35,01KJN78CQJ3KY7VMGAR6F3D4S0,01KJN78JVY5FN5QXW9XGGE72RG,B,A,0,1.0,3.0,2.0
01KJN6MMPQTMDYRN709968YFN1,page3-35,01KJN78CQJ3KY7VMGAR6F3D4S0,01KJN791EPN054R2NTQQ1BFXJ5,B,A,0,0.5,3.0,2.0
01KJN6MMPQTMDYRN709968YFN1,page3-35,01KJN78CQJ3KY7VMGAR6F3D4S0,01KJN79Y7T0VZNKHTSJRZWTDZ5,B,B,1,1.0,3.0,2.0
01KJN6MMPQTMDYRN709968YFN1,page3-35,01KJN78JVY5FN5QXW9XGGE72RG,01KJN791EPN054R2NTQQ1BFXJ5,A,A,1,0.5,3.0,2.0
01KJN6MMPQTMDYRN709968YFN1,page3-35,01KJN78JVY5FN5QXW9XGGE72RG,01KJN79Y7T0VZNKHTSJRZWTDZ5,A,B,0,1.0,3.0,2.0
01KJN6MMPQTMDYRN709968YFN1,page3-35,01KJN791EPN054R2NTQQ1BFXJ5,01KJN79Y7T0VZNKHTSJRZWTDZ5,A,B,0,0.5,3.0,2.0
01KJN6MMPQTMDYRN709968YFN1,page3-35,01KJN788SPAKVVBHX9T9FDQWAF,01KJN78B0TFR8F59JDGD057XNS,B,A,0,0.3333333333333333,4.0,2.0
01KJN6MMPQTMDYRN709968YFN1,page3-35,01KJN788SPAKVVBHX9T9FDQWAF,01KJN78CQJ3KY7VMGAR6F3D4S0,B,B,1,1.0,4.0,2.0
01KJN6MMPQTMDYRN709968YFN1,page3-35,01KJN788SPAKVVBHX9T9FDQWAF,01KJN78JVY5FN5QXW9XGGE72RG,B,A,0,1.0,4.0,2.0
01KJN6MMPQTMDYRN709968YFN1,page3-35,01KJN788SPAKVVBHX9T9FDQWAF,01KJN791EPN054R2NTQQ1BFXJ5,B,A,0,0.3333333333333333,4.0,2.0
01KJN6MMPQTMDYRN709968YFN1,page3-35,01KJN788SPAKVVBHX9T9FDQWAF,01KJN79Y7T0VZNKHTSJRZWTDZ5,B,B,1,1.0,4.0,2.0
01KJN6MMPQTMDYRN709968YFN1,page3-35,01KJN78B0TFR8F59JDGD057XNS,01KJN78CQJ3KY7VMGAR6F3D4S0,A,B,0,0.3333333333333333,4.0,2.0
01KJN6MMPQTMDYRN709968YFN1,page3-35,01KJN78B0TFR8F59JDGD057XNS,01KJN78JVY5FN5QXW9XGGE72RG,A,A,1,0.3333333333333333,4.0,2.0
01KJN6MMPQTMDYRN709968YFN1,page3-35,01KJN78B0TFR8F59JDGD057XNS,01KJN791EPN054R2NTQQ1BFXJ5,A,A,1,0.5,4.0,2.0
01KJN6MMPQTMDYRN709968YFN1,page3-35,01KJN78B0TFR8F59JDGD057XNS,01KJN79Y7T0VZNKHTSJRZWTDZ5,A,B,0,0.3333333333333333,4.0,2.0
01KJN6MMPQTMDYRN709968YFN1,page3-35,01KJN78CQJ3KY7VMGAR6F3D4S0,01KJN78JVY5FN5QXW9XGGE72RG,B,A,0,1.0,4.0,2.0
01KJN6MMPQTMDYRN709968YFN1,page3-35,01KJN78CQJ3KY7VMGAR6F3D4S0,01KJN791EPN054R2NTQQ1BFXJ5,B,A,0,0.3333333333333333,4.0,2.0
01KJN6MMPQTMDYRN709968YFN1,page3-35,01KJN78CQJ3KY7VMGAR6F3D4S0,01KJN79Y7T0VZNKHTSJRZWTDZ5,B,B,1,1.0,4.0,2.0
01KJN6MMPQTMDYRN709968YFN1,page3-35,01KJN78JVY5FN5QXW9XGGE72RG,01KJN791EPN054R2NTQQ1BFXJ5,A,A,1,0.3333333333333333,4.0,2.0
01KJN6MMPQTMDYRN709968YFN1,page3-35,01KJN78JVY5FN5QXW9XGGE72RG,01KJN79Y7T0VZNKHTSJRZWTDZ5,A,B,0,1.0,4.0,2.0
01KJN6MMPQTMDYRN709968YFN1,page3-35,01KJN791EPN054R2NTQQ1BFXJ5,01KJN79Y7T0VZNKHTSJRZWTDZ5,A,B,0,0.3333333333333333,4.0,2.0
01KJN6MMPQTMDYRN709968YFN1,page3-35,01KJN788SPAKVVBHX9T9FDQWAF,01KJN78B0TFR8F59JDGD057XNS,B,A,0,0.3333333333333333,5.0,2.0
01KJN6MMPQTMDYRN709968YFN1,page3-35,01KJN788SPAKVVBHX9T9FDQWAF,01KJN78CQJ3KY7VMGAR6F3D4S0,B,B,1,1.0,5.0,2.0
01KJN6MMPQTMDYRN709968YFN1,page3-35,01KJN788SPAKVVBHX9T9FDQWAF,01KJN78JVY5FN5QXW9XGGE72RG,B,A,0,0.0,5.0,2.0
01KJN6MMPQTMDYRN709968YFN1,page3-35,01KJN788SPAKVVBHX9T9FDQWAF,01KJN791EPN054R2NTQQ1BFXJ5,B,A,0,0.3333333333333333,5.0,2.0
01KJN6MMPQTMDYRN709968YFN1,page3-35,01KJN788SPAKVVBHX9T9FDQWAF,01KJN79Y7T0VZNKHTSJRZWTDZ5,B,B,1,1.0,5.0,2.0
01KJN6MMPQTMDYRN709968YFN1,page3-35,01KJN78B0TFR8F59JDGD057XNS,01KJN78CQJ3KY7VMGAR6F3D4S0,A,B,0,0.3333333333333333,5.0,2.0
01KJN6MMPQTMDYRN709968YFN1,page3-35,01KJN78B0TFR8F59JDGD057XNS,01KJN78JVY5FN5QXW9XGGE72RG,A,A,1,0.3333333333333333,5.0,2.0
01KJN6MMPQTMDYRN709968YFN1,page3-35,01KJN78B0TFR8F59JDGD057XNS,01KJN791EPN054R2NTQQ1BFXJ5,A,A,1,0.5,5.0,2.0
01KJN6MMPQTMDYRN709968YFN1,page3-35,01KJN78B0TFR8F59JDGD057XNS,01KJN79Y7T0VZNKHTSJRZWTDZ5,A,B,0,0.3333333333333333,5.0,2.0
01KJN6MMPQTMDYRN709968YFN1,page3-35,01KJN78CQJ3KY7VMGAR6F3D4S0,01KJN78JVY5FN5QXW9XGGE72RG,B,A,0,0.0,5.0,2.0
01KJN6MMPQTMDYRN709968YFN1,page3-35,01KJN78CQJ3KY7VMGAR6F3D4S0,01KJN791EPN054R2NTQQ1BFXJ5,B,A,0,0.3333333333333333,5.0,2.0
01KJN6MMPQTMDYRN709968YFN1,page3-35,01KJN78CQJ3KY7VMGAR6F3D4S0,01KJN79Y7T0VZNKHTSJRZWTDZ5,B,B,1,1.0,5.0,2.0
01KJN6MMPQTMDYRN709968YFN1,page3-35,01KJN78JVY5FN5QXW9XGGE72RG,01KJN791EPN054R2NTQQ1BFXJ5,A,A,1,0.3333333333333333,5.0,2.0
01KJN6MMPQTMDYRN709968YFN1,page3-35,01KJN78JVY5FN5QXW9XGGE72RG,01KJN79Y7T0VZNKHTSJRZWTDZ5,A,B,0,0.0,5.0,2.0
01KJN6MMPQTMDYRN709968YFN1,page3-35,01KJN791EPN054R2NTQQ1BFXJ5,01KJN79Y7T0VZNKHTSJRZWTDZ5,A,B,0,0.3333333333333333,5.0,2.0
01KJN6MMPQTMDYRN709968YFN1,page7-255,01KJN788SPAKVVBHX9T9FDQWAF,01KJN78B0TFR8F59JDGD057XNS,B,A,0,0.0,1.0,2.0
01KJN6MMPQTMDYRN709968YFN1,page7-255,01KJN788SPAKVVBHX9T9FDQWAF,01KJN791EPN054R2NTQQ1BFXJ5,B,A,0,0.0,1.0,2.0
01KJN6MMPQTMDYRN709968YFN1,page7-255,01KJN788SPAKVVBHX9T9FDQWAF,01KJN79Y7T0VZNKHTSJRZWTDZ5,B,B,1,1.0,1.0,2.0
01KJN6MMPQTMDYRN709968YFN1,page7-255,01KJN78B0TFR8F59JDGD057XNS,01KJN791EPN054R2NTQQ1BFXJ5,A,A,1,0.4166666666666667,1.0,2.0
01KJN6MMPQTMDYRN709968YFN1,page7-255,01KJN78B0TFR8F59JDGD057XNS,01KJN79Y7T0VZNKHTSJRZWTDZ5,A,B,0,0.0,1.0,2.0
01KJN6MMPQTMDYRN709968YFN1,page7-255,01KJN791EPN054R2NTQQ1BFXJ5,01KJN79Y7T0VZNKHTSJRZWTDZ5,A,B,0,0.0,1.0,2.0
01KJN6MMPQTMDYRN709968YFN1,page7-255,01KJN788SPAKVVBHX9T9FDQWAF,01KJN78B0TFR8F59JDGD057XNS,B,A,0,0.0,2.0,2.0
01KJN6MMPQTMDYRN709968YFN1,page7-255,01KJN788SPAKVVBHX9T9FDQWAF,01KJN78CQJ3KY7VMGAR6F3D4S0,B,B,1,1.0,2.0,2.0
01KJN6MMPQTMDYRN709968YFN1,page7-255,01KJN788SPAKVVBHX9T9FDQWAF,01KJN78JVY5FN5QXW9XGGE72RG,B,A,0,0.0,2.0,2.0
01KJN6MMPQTMDYRN709968YFN1,page7-255,01KJN788SPAKVVBHX9T9FDQWAF,01KJN791EPN054R2NTQQ1BFXJ5,B,A,0,0.0,2.0,2.0
01KJN6MMPQTMDYRN709968YFN1,page7-255,01KJN788SPAKVVBHX9T9FDQWAF,01KJN79Y7T0VZNKHTSJRZWTDZ5,B,B,1,1.0,2.0,2.0
01KJN6MMPQTMDYRN709968YFN1,page7-255,01KJN78B0TFR8F59JDGD057XNS,01KJN78CQJ3KY7VMGAR6F3D4S0,A,B,0,0.0,2.0,2.0
01KJN6MMPQTMDYRN709968YFN1,page7-255,01KJN78B0TFR8F59JDGD057XNS,01KJN78JVY5FN5QXW9XGGE72RG,A,A,1,0.09090909090909091,2.0,2.0
01KJN6MMPQTMDYRN709968YFN1,page7-255,01KJN78B0TFR8F59JDGD057XNS,01KJN791EPN054R2NTQQ1BFXJ5,A,A,1,0.4166666666666667,2.0,2.0
01KJN6MMPQTMDYRN709968YFN1,page7-255,01KJN78B0TFR8F59JDGD057XNS,01KJN79Y7T0VZNKHTSJRZWTDZ5,A,B,0,0.0,2.0,2.0
01KJN6MMPQTMDYRN709968YFN1,page7-255,01KJN78CQJ3KY7VMGAR6F3D4S0,01KJN78JVY5FN5QXW9XGGE72RG,B,A,0,0.0,2.0,2.0
01KJN6MMPQTMDYRN709968YFN1,page7-255,01KJN78CQJ3KY7VMGAR6F3D4S0,01KJN791EPN054R2NTQQ1BFXJ5,B,A,0,0.0,2.0,2.0
01KJN6MMPQTMDYRN709968YFN1,page7-255,01KJN78CQJ3KY7VMGAR6F3D4S0,01KJN79Y7T0VZNKHTSJRZWTDZ5,B,B,1,1.0,2.0,2.0
01KJN6MMPQTMDYRN709968YFN1,page7-255,01KJN78JVY5FN5QXW9XGGE72RG,01KJN791EPN054R2NTQQ1BFXJ5,A,A,1,0.08333333333333333,2.0,2.0
01KJN6MMPQTMDYRN709968YFN1,page7-255,01KJN78JVY5FN5QXW9XGGE72RG,01KJN79Y7T0VZNKHTSJRZWTDZ5,A,B,0,0.0,2.0,2.0
01KJN6MMPQTMDYRN709968YFN1,page7-255,01KJN791EPN054R2NTQQ1BFXJ5,01KJN79Y7T0VZNKHTSJRZWTDZ5,A,B,0,0.0,2.0,2.0
01KJN6MMPQTMDYRN709968YFN1,page7-255,01KJN788SPAKVVBHX9T9FDQWAF,01KJN78B0TFR8F59JDGD057XNS,B,A,0,0.25,3.0,2.0
01KJN6MMPQTMDYRN709968YFN1,page7-255,01KJN788SPAKVVBHX9T9FDQWAF,01KJN78CQJ3KY7VMGAR6F3D4S0,B,B,1,1.0,3.0,2.0
01KJN6MMPQTMDYRN709968YFN1,page7-255,01KJN788SPAKVVBHX9T9FDQWAF,01KJN78JVY5FN5QXW9XGGE72RG,B,A,0,0.0,3.0,2.0
01KJN6MMPQTMDYRN709968YFN1,page7-255,01KJN788SPAKVVBHX9T9FDQWAF,01KJN791EPN054R2NTQQ1BFXJ5,B,A,0,0.0,3.0,2.0
01KJN6MMPQTMDYRN709968YFN1,page7-255,01KJN788SPAKVVBHX9T9FDQWAF,01KJN79Y7T0VZNKHTSJRZWTDZ5,B,B,1,1.0,3.0,2.0
01KJN6MMPQTMDYRN709968YFN1,page7-255,01KJN78B0TFR8F59JDGD057XNS,01KJN78CQJ3KY7VMGAR6F3D4S0,A,B,0,0.25,3.0,2.0
01KJN6MMPQTMDYRN709968YFN1,page7-255,01KJN78B0TFR8F59JDGD057XNS,01KJN78JVY5FN5QXW9XGGE72RG,A,A,1,0.14285714285714285,3.0,2.0
01KJN6MMPQTMDYRN709968YFN1,page7-255,01KJN78B0TFR8F59JDGD057XNS,01KJN791EPN054R2NTQQ1BFXJ5,A,A,1,0.18181818181818182,3.0,2.0
01KJN6MMPQTMDYRN709968YFN1,page7-255,01KJN78B0TFR8F59JDGD057XNS,01KJN79Y7T0VZNKHTSJRZWTDZ5,A,B,0,0.25,3.0,2.0
01KJN6MMPQTMDYRN709968YFN1,page7-255,01KJN78CQJ3KY7VMGAR6F3D4S0,01KJN78JVY5FN5QXW9XGGE72RG,B,A,0,0.0,3.0,2.0
01KJN6MMPQTMDYRN709968YFN1,page7-255,01KJN78CQJ3KY7VMGAR6F3D4S0,01KJN791EPN054R2NTQQ1BFXJ5,B,A,0,0.0,3.0,2.0
01KJN6MMPQTMDYRN709968YFN1,page7-255,01KJN78CQJ3KY7VMGAR6F3D4S0,01KJN79Y7T0VZNKHTSJRZWTDZ5,B,B,1,1.0,3.0,2.0
01KJN6MMPQTMDYRN709968YFN1,page7-255,01KJN78JVY5FN5QXW9XGGE72RG,01KJN791EPN054R2NTQQ1BFXJ5,A,A,1,0.08333333333333333,3.0,2.0
01KJN6MMPQTMDYRN709968YFN1,page7-255,01KJN78JVY5FN5QXW9XGGE72RG,01KJN79Y7T0VZNKHTSJRZWTDZ5,A,B,0,0.0,3.0,2.0
01KJN6MMPQTMDYRN709968YFN1,page7-255,01KJN791EPN054R2NTQQ1BFXJ5,01KJN79Y7T0VZNKHTSJRZWTDZ5,A,B,0,0.0,3.0,2.0
01KJN6MMPQTMDYRN709968YFN1,page7-255,01KJN788SPAKVVBHX9T9FDQWAF,01KJN78B0TFR8F59JDGD057XNS,B,A,0,0.25,4.0,2.0
01KJN6MMPQTMDYRN709968YFN1,page7-255,01KJN788SPAKVVBHX9T9FDQWAF,01KJN78CQJ3KY7VMGAR6F3D4S0,B,B,1,1.0,4.0,2.0
01KJN6MMPQTMDYRN709968YFN1,page7-255,01KJN788SPAKVVBHX9T9FDQWAF,01KJN78JVY5FN5QXW9XGGE72RG,B,A,0,0.0,4.0,2.0
01KJN6MMPQTMDYRN709968YFN1,page7-255,01KJN788SPAKVVBHX9T9FDQWAF,01KJN791EPN054R2NTQQ1BFXJ5,B,A,0,0.0,4.0,2.0
01KJN6MMPQTMDYRN709968YFN1,page7-255,01KJN788SPAKVVBHX9T9FDQWAF,01KJN79Y7T0VZNKHTSJRZWTDZ5,B,B,1,1.0,4.0,2.0
01KJN6MMPQTMDYRN709968YFN1,page7-255,01KJN78B0TFR8F59JDGD057XNS,01KJN78CQJ3KY7VMGAR6F3D4S0,A,B,0,0.25,4.0,2.0
01KJN6MMPQTMDYRN709968YFN1,page7-255,01KJN78B0TFR8F59JDGD057XNS,01KJN78JVY5FN5QXW9XGGE72RG,A,A,1,0.14285714285714285,4.0,2.0
01KJN6MMPQTMDYRN709968YFN1,page7-255,01KJN78B0TFR8F59JDGD057XNS,01KJN791EPN054R2NTQQ1BFXJ5,A,A,1,0.0,4.0,2.0
01KJN6MMPQTMDYRN709968YFN1,page7-255,01KJN78B0TFR8F59JDGD057XNS,01KJN79Y7T0VZNKHTSJRZWTDZ5,A,B,0,0.25,4.0,2.0
01KJN6MMPQTMDYRN709968YFN1,page7-255,01KJN78CQJ3KY7VMGAR6F3D4S0,01KJN78JVY5FN5QXW9XGGE72RG,B,A,0,0.0,4.0,2.0
01KJN6MMPQTMDYRN709968YFN1,page7-255,01KJN78CQJ3KY7VMGAR6F3D4S0,01KJN791EPN054R2NTQQ1BFXJ5,B,A,0,0.0,4.0,2.0
01KJN6MMPQTMDYRN709968YFN1,page7-255,01KJN78CQJ3KY7VMGAR6F3D4S0,01KJN79Y7T0VZNKHTSJRZWTDZ5,B,B,1,1.0,4.0,2.0
01KJN6MMPQTMDYRN709968YFN1,page7-255,01KJN78JVY5FN5QXW9XGGE72RG,01KJN791EPN054R2NTQQ1BFXJ5,A,A,1,0.3333333333333333,4.0,2.0
01KJN6MMPQTMDYRN709968YFN1,page7-255,01KJN78JVY5FN5QXW9XGGE72RG,01KJN79Y7T0VZNKHTSJRZWTDZ5,A,B,0,0.0,4.0,2.0
01KJN6MMPQTMDYRN709968YFN1,page7-255,01KJN791EPN054R2NTQQ1BFXJ5,01KJN79Y7T0VZNKHTSJRZWTDZ5,A,B,0,0.0,4.0,2.0
01KJN6MMPQTMDYRN709968YFN1,page7-255,01KJN788SPAKVVBHX9T9FDQWAF,01KJN78B0TFR8F59JDGD057XNS,B,A,0,0.25,5.0,2.0
01KJN6MMPQTMDYRN709968YFN1,page7-255,01KJN788SPAKVVBHX9T9FDQWAF,01KJN78CQJ3KY7VMGAR6F3D4S0,B,B,1,1.0,5.0,2.0
01KJN6MMPQTMDYRN709968YFN1,page7-255,01KJN788SPAKVVBHX9T9FDQWAF,01KJN78JVY5FN5QXW9XGGE72RG,B,A,0,0.2,5.0,2.0
01KJN6MMPQTMDYRN709968YFN1,page7-255,01KJN788SPAKVVBHX9T9FDQWAF,01KJN791EPN054R2NTQQ1BFXJ5,B,A,0,0.0,5.0,2.0
01KJN6MMPQTMDYRN709968YFN1,page7-255,01KJN788SPAKVVBHX9T9FDQWAF,01KJN79Y7T0VZNKHTSJRZWTDZ5,B,B,1,1.0,5.0,2.0
01KJN6MMPQTMDYRN709968YFN1,page7-255,01KJN78B0TFR8F59JDGD057XNS,01KJN78CQJ3KY7VMGAR6F3D4S0,A,B,0,0.25,5.0,2.0
01KJN6MMPQTMDYRN709968YFN1,page7-255,01KJN78B0TFR8F59JDGD057XNS,01KJN78JVY5FN5QXW9XGGE72RG,A,A,1,0.2857142857142857,5.0,2.0
01KJN6MMPQTMDYRN709968YFN1,page7-255,01KJN78B0TFR8F59JDGD057XNS,01KJN791EPN054R2NTQQ1BFXJ5,A,A,1,0.0,5.0,2.0
01KJN6MMPQTMDYRN709968YFN1,page7-255,01KJN78B0TFR8F59JDGD057XNS,01KJN79Y7T0VZNKHTSJRZWTDZ5,A,B,0,0.25,5.0,2.0
01KJN6MMPQTMDYRN709968YFN1,page7-255,01KJN78CQJ3KY7VMGAR6F3D4S0,01KJN78JVY5FN5QXW9XGGE72RG,B,A,0,0.2,5.0,2.0
01KJN6MMPQTMDYRN709968YFN1,page7-255,01KJN78CQJ3KY7VMGAR6F3D4S0,01KJN791EPN054R2NTQQ1BFXJ5,B,A,0,0.0,5.0,2.0
01KJN6MMPQTMDYRN709968YFN1,page7-255,01KJN78CQJ3KY7VMGAR6F3D4S0,01KJN79Y7T0VZNKHTSJRZWTDZ5,B,B,1,1.0,5.0,2.0
01KJN6MMPQTMDYRN709968YFN1,page7-255,01KJN78JVY5FN5QXW9XGGE72RG,01KJN791EPN054R2NTQQ1BFXJ5,A,A,1,0.5,5.0,2.0
01KJN6MMPQTMDYRN709968YFN1,page7-255,01KJN78JVY5FN5QXW9XGGE72RG,01KJN79Y7T0VZNKHTSJRZWTDZ5,A,B,0,0.2,5.0,2.0
01KJN6MMPQTMDYRN709968YFN1,page7-255,01KJN791EPN054R2NTQQ1BFXJ5,01KJN79Y7T0VZNKHTSJRZWTDZ5,A,B,0,0.0,5.0,2.0
01KJN6MMPQTMDYRN709968YFN1,page9-46,01KJN788SPAKVVBHX9T9FDQWAF,01KJN78B0TFR8F59JDGD057XNS,B,A,0,0.1,1.0,2.0
01KJN6MMPQTMDYRN709968YFN1,page9-46,01KJN788SPAKVVBHX9T9FDQWAF,01KJN791EPN054R2NTQQ1BFXJ5,B,A,0,0.08333333333333333,1.0,2.0
01KJN6MMPQTMDYRN709968YFN1,page9-46,01KJN788SPAKVVBHX9T9FDQWAF,01KJN79Y7T0VZNKHTSJRZWTDZ5,B,B,1,0.2222222222222222,1.0,2.0
01KJN6MMPQTMDYRN709968YFN1,page9-46,01KJN78B0TFR8F59JDGD057XNS,01KJN791EPN054R2NTQQ1BFXJ5,A,A,1,0.3333333333333333,1.0,2.0
01KJN6MMPQTMDYRN709968YFN1,page9-46,01KJN78B0TFR8F59JDGD057XNS,01KJN79Y7T0VZNKHTSJRZWTDZ5,A,B,0,0.4,1.0,2.0
01KJN6MMPQTMDYRN709968YFN1,page9-46,01KJN791EPN054R2NTQQ1BFXJ5,01KJN79Y7T0VZNKHTSJRZWTDZ5,A,B,0,0.23076923076923078,1.0,2.0
01KJN6MMPQTMDYRN709968YFN1,page9-46,01KJN788SPAKVVBHX9T9FDQWAF,01KJN78B0TFR8F59JDGD057XNS,B,A,0,0.1,2.0,2.0
01KJN6MMPQTMDYRN709968YFN1,page9-46,01KJN788SPAKVVBHX9T9FDQWAF,01KJN78CQJ3KY7VMGAR6F3D4S0,B,B,1,0.5,2.0,2.0
01KJN6MMPQTMDYRN709968YFN1,page9-46,01KJN788SPAKVVBHX9T9FDQWAF,01KJN78JVY5FN5QXW9XGGE72RG,B,A,0,0.4,2.0,2.0
01KJN6MMPQTMDYRN709968YFN1,page9-46,01KJN788SPAKVVBHX9T9FDQWAF,01KJN791EPN054R2NTQQ1BFXJ5,B,A,0,0.08333333333333333,2.0,2.0
01KJN6MMPQTMDYRN709968YFN1,page9-46,01KJN788SPAKVVBHX9T9FDQWAF,01KJN79Y7T0VZNKHTSJRZWTDZ5,B,B,1,0.2222222222222222,2.0,2.0
01KJN6MMPQTMDYRN709968YFN1,page9-46,01KJN78B0TFR8F59JDGD057XNS,01KJN78CQJ3KY7VMGAR6F3D4S0,A,B,0,0.09090909090909091,2.0,2.0
01KJN6MMPQTMDYRN709968YFN1,page9-46,01KJN78B0TFR8F59JDGD057XNS,01KJN78JVY5FN5QXW9XGGE72RG,A,A,1,0.25,2.0,2.0
01KJN6MMPQTMDYRN709968YFN1,page9-46,01KJN78B0TFR8F59JDGD057XNS,01KJN791EPN054R2NTQQ1BFXJ5,A,A,1,0.3333333333333333,2.0,2.0
01KJN6MMPQTMDYRN709968YFN1,page9-46,01KJN78B0TFR8F59JDGD057XNS,01KJN79Y7T0VZNKHTSJRZWTDZ5,A,B,0,0.4,2.0,2.0
01KJN6MMPQTMDYRN709968YFN1,page9-46,01KJN78CQJ3KY7VMGAR6F3D4S0,01KJN78JVY5FN5QXW9XGGE72RG,B,A,0,0.14285714285714285,2.0,2.0
01KJN6MMPQTMDYRN709968YFN1,page9-46,01KJN78CQJ3KY7VMGAR6F3D4S0,01KJN791EPN054R2NTQQ1BFXJ5,B,A,0,0.07692307692307693,2.0,2.0
01KJN6MMPQTMDYRN709968YFN1,page9-46,01KJN78CQJ3KY7VMGAR6F3D4S0,01KJN79Y7T0VZNKHTSJRZWTDZ5,B,B,1,0.2,2.0,2.0
01KJN6MMPQTMDYRN709968YFN1,page9-46,01KJN78JVY5FN5QXW9XGGE72RG,01KJN791EPN054R2NTQQ1BFXJ5,A,A,1,0.2,2.0,2.0
01KJN6MMPQTMDYRN709968YFN1,page9-46,01KJN78JVY5FN5QXW9XGGE72RG,01KJN79Y7T0VZNKHTSJRZWTDZ5,A,B,0,0.1111111111111111,2.0,2.0
01KJN6MMPQTMDYRN709968YFN1,page9-46,01KJN791EPN054R2NTQQ1BFXJ5,01KJN79Y7T0VZNKHTSJRZWTDZ5,A,B,0,0.23076923076923078,2.0,2.0
01KJN6MMPQTMDYRN709968YFN1,page9-46,01KJN788SPAKVVBHX9T9FDQWAF,01KJN78B0TFR8F59JDGD057XNS,B,A,0,0.25,3.0,2.0
01KJN6MMPQTMDYRN709968YFN1,page9-46,01KJN788SPAKVVBHX9T9FDQWAF,01KJN78CQJ3KY7VMGAR6F3D4S0,B,B,1,0.5,3.0,2.0
01KJN6MMPQTMDYRN709968YFN1,page9-46,01KJN788SPAKVVBHX9T9FDQWAF,01KJN78JVY5FN5QXW9XGGE72RG,B,A,0,0.4,3.0,2.0
01KJN6MMPQTMDYRN709968YFN1,page9-46,01KJN788SPAKVVBHX9T9FDQWAF,01KJN791EPN054R2NTQQ1BFXJ5,B,A,0,0.08333333333333333,3.0,2.0
01KJN6MMPQTMDYRN709968YFN1,page9-46,01KJN788SPAKVVBHX9T9FDQWAF,01KJN79Y7T0VZNKHTSJRZWTDZ5,B,B,1,0.1111111111111111,3.0,2.0
01KJN6MMPQTMDYRN709968YFN1,page9-46,01KJN78B0TFR8F59JDGD057XNS,01KJN78CQJ3KY7VMGAR6F3D4S0,A,B,0,0.1,3.0,2.0
01KJN6MMPQTMDYRN709968YFN1,page9-46,01KJN78B0TFR8F59JDGD057XNS,01KJN78JVY5FN5QXW9XGGE72RG,A,A,1,0.5,3.0,2.0
01KJN6MMPQTMDYRN709968YFN1,page9-46,01KJN78B0TFR8F59JDGD057XNS,01KJN791EPN054R2NTQQ1BFXJ5,A,A,1,0.15384615384615385,3.0,2.0
01KJN6MMPQTMDYRN709968YFN1,page9-46,01KJN78B0TFR8F59JDGD057XNS,01KJN79Y7T0VZNKHTSJRZWTDZ5,A,B,0,0.09090909090909091,3.0,2.0
01KJN6MMPQTMDYRN709968YFN1,page9-46,01KJN78CQJ3KY7VMGAR6F3D4S0,01KJN78JVY5FN5QXW9XGGE72RG,B,A,0,0.14285714285714285,3.0,2.0
01KJN6MMPQTMDYRN709968YFN1,page9-46,01KJN78CQJ3KY7VMGAR6F3D4S0,01KJN791EPN054R2NTQQ1BFXJ5,B,A,0,0.07692307692307693,3.0,2.0
01KJN6MMPQTMDYRN709968YFN1,page9-46,01KJN78CQJ3KY7VMGAR6F3D4S0,01KJN79Y7T0VZNKHTSJRZWTDZ5,B,B,1,0.1,3.0,2.0
01KJN6MMPQTMDYRN709968YFN1,page9-46,01KJN78JVY5FN5QXW9XGGE72RG,01KJN791EPN054R2NTQQ1BFXJ5,A,A,1,0.2,3.0,2.0
01KJN6MMPQTMDYRN709968YFN1,page9-46,01KJN78JVY5FN5QXW9XGGE72RG,01KJN79Y7T0VZNKHTSJRZWTDZ5,A,B,0,0.125,3.0,2.0
01KJN6MMPQTMDYRN709968YFN1,page9-46,01KJN791EPN054R2NTQQ1BFXJ5,01KJN79Y7T0VZNKHTSJRZWTDZ5,A,B,0,0.25,3.0,2.0
01KJN6MMPQTMDYRN709968YFN1,page9-46,01KJN788SPAKVVBHX9T9FDQWAF,01KJN78B0TFR8F59JDGD057XNS,B,A,0,0.25,4.0,2.0
01KJN6MMPQTMDYRN709968YFN1,page9-46,01KJN788SPAKVVBHX9T9FDQWAF,01KJN78CQJ3KY7VMGAR6F3D4S0,B,B,1,0.5,4.0,2.0
01KJN6MMPQTMDYRN709968YFN1,page9-46,01KJN788SPAKVVBHX9T9FDQWAF,01KJN78JVY5FN5QXW9XGGE72RG,B,A,0,0.4,4.0,2.0
01KJN6MMPQTMDYRN709968YFN1,page9-46,01KJN788SPAKVVBHX9T9FDQWAF,01KJN791EPN054R2NTQQ1BFXJ5,B,A,0,0.14285714285714285,4.0,2.0
01KJN6MMPQTMDYRN709968YFN1,page9-46,01KJN788SPAKVVBHX9T9FDQWAF,01KJN79Y7T0VZNKHTSJRZWTDZ5,B,B,1,0.1111111111111111,4.0,2.0
01KJN6MMPQTMDYRN709968YFN1,page9-46,01KJN78B0TFR8F59JDGD057XNS,01KJN78CQJ3KY7VMGAR6F3D4S0,A,B,0,0.1,4.0,2.0
01KJN6MMPQTMDYRN709968YFN1,page9-46,01KJN78B0TFR8F59JDGD057XNS,01KJN78JVY5FN5QXW9XGGE72RG,A,A,1,0.5,4.0,2.0
01KJN6MMPQTMDYRN709968YFN1,page9-46,01KJN78B0TFR8F59JDGD057XNS,01KJN791EPN054R2NTQQ1BFXJ5,A,A,1,0.25,4.0,2.0
01KJN6MMPQTMDYRN709968YFN1,page9-46,01KJN78B0TFR8F59JDGD057XNS,01KJN79Y7T0VZNKHTSJRZWTDZ5,A,B,0,0.09090909090909091,4.0,2.0
01KJN6MMPQTMDYRN709968YFN1,page9-46,01KJN78CQJ3KY7VMGAR6F3D4S0,01KJN78JVY5FN5QXW9XGGE72RG,B,A,0,0.14285714285714285,4.0,2.0
01KJN6MMPQTMDYRN709968YFN1,page9-46,01KJN78CQJ3KY7VMGAR6F3D4S0,01KJN791EPN054R2NTQQ1BFXJ5,B,A,0,0.125,4.0,2.0
01KJN6MMPQTMDYRN709968YFN1,page9-46,01KJN78CQJ3KY7VMGAR6F3D4S0,01KJN79Y7T0VZNKHTSJRZWTDZ5,B,B,1,0.1,4.0,2.0
01KJN6MMPQTMDYRN709968YFN1,page9-46,01KJN78JVY5FN5QXW9XGGE72RG,01KJN791EPN054R2NTQQ1BFXJ5,A,A,1,0.4,4.0,2.0
01KJN6MMPQTMDYRN709968YFN1,page9-46,01KJN78JVY5FN5QXW9XGGE72RG,01KJN79Y7T0VZNKHTSJRZWTDZ5,A,B,0,0.125,4.0,2.0
01KJN6MMPQTMDYRN709968YFN1,page9-46,01KJN791EPN054R2NTQQ1BFXJ5,01KJN79Y7T0VZNKHTSJRZWTDZ5,A,B,0,0.42857142857142855,4.0,2.0
01KJN6MMPQTMDYRN709968YFN1,page9-46,01KJN788SPAKVVBHX9T9FDQWAF,01KJN78B0TFR8F59JDGD057XNS,B,A,0,0.25,5.0,2.0
01KJN6MMPQTMDYRN709968YFN1,page9-46,01KJN788SPAKVVBHX9T9FDQWAF,01KJN78CQJ3KY7VMGAR6F3D4S0,B,B,1,0.4,5.0,2.0
01KJN6MMPQTMDYRN709968YFN1,page9-46,01KJN788SPAKVVBHX9T9FDQWAF,01KJN78JVY5FN5QXW9XGGE72RG,B,A,0,0.3333333333333333,5.0,2.0
01KJN6MMPQTMDYRN709968YFN1,page9-46,01KJN788SPAKVVBHX9T9FDQWAF,01KJN791EPN054R2NTQQ1BFXJ5,B,A,0,0.14285714285714285,5.0,2.0
01KJN6MMPQTMDYRN709968YFN1,page9-46,01KJN788SPAKVVBHX9T9FDQWAF,01KJN79Y7T0VZNKHTSJRZWTDZ5,B,B,1,0.1111111111111111,5.0,2.0
01KJN6MMPQTMDYRN709968YFN1,page9-46,01KJN78B0TFR8F59JDGD057XNS,01KJN78CQJ3KY7VMGAR6F3D4S0,A,B,0,0.125,5.0,2.0
01KJN6MMPQTMDYRN709968YFN1,page9-46,01KJN78B0TFR8F59JDGD057XNS,01KJN78JVY5FN5QXW9XGGE72RG,A,A,1,0.42857142857142855,5.0,2.0
01KJN6MMPQTMDYRN709968YFN1,page9-46,01KJN78B0TFR8F59JDGD057XNS,01KJN791EPN054R2NTQQ1BFXJ5,A,A,1,0.25,5.0,2.0
01KJN6MMPQTMDYRN709968YFN1,page9-46,01KJN78B0TFR8F59JDGD057XNS,01KJN79Y7T0VZNKHTSJRZWTDZ5,A,B,0,0.09090909090909091,5.0,2.0
01KJN6MMPQTMDYRN709968YFN1,page9-46,01KJN78CQJ3KY7VMGAR6F3D4S0,01KJN78JVY5FN5QXW9XGGE72RG,B,A,0,0.4,5.0,2.0
01KJN6MMPQTMDYRN709968YFN1,page9-46,01KJN78CQJ3KY7VMGAR6F3D4S0,01KJN791EPN054R2NTQQ1BFXJ5,B,A,0,0.16666666666666666,5.0,2.0
01KJN6MMPQTMDYRN709968YFN1,page9-46,01KJN78CQJ3KY7VMGAR6F3D4S0,01KJN79Y7T0VZNKHTSJRZWTDZ5,B,B,1,0.125,5.0,2.0
01KJN6MMPQTMDYRN709968YFN1,page9-46,01KJN78JVY5FN5QXW9XGGE72RG,01KJN791EPN054R2NTQQ1BFXJ5,A,A,1,0.6,5.0,2.0
01KJN6MMPQTMDYRN709968YFN1,page9-46,01KJN78JVY5FN5QXW9XGGE72RG,01KJN79Y7T0VZNKHTSJRZWTDZ5,A,B,0,0.25,5.0,2.0
01KJN6MMPQTMDYRN709968YFN1,page9-46,01KJN791EPN054R2NTQQ1BFXJ5,01KJN79Y7T0VZNKHTSJRZWTDZ5,A,B,0,0.42857142857142855,5.0,2.0
01KJN6MMPQTMDYRN709968YFN1,page-B,01KJN788SPAKVVBHX9T9FDQWAF,01KJN78B0TFR8F59JDGD057XNS,B,A,0,0.16666666666666666,1.0,2.0
01KJN6MMPQTMDYRN709968YFN1,page-B,01KJN788SPAKVVBHX9T9FDQWAF,01KJN791EPN054R2NTQQ1BFXJ5,B,A,0,0.4,1.0,2.0
01KJN6MMPQTMDYRN709968YFN1,page-B,01KJN788SPAKVVBHX9T9FDQWAF,01KJN79Y7T0VZNKHTSJRZWTDZ5,B,B,1,0.0,1.0,2.0
01KJN6MMPQTMDYRN709968YFN1,page-B,01KJN78B0TFR8F59JDGD057XNS,01KJN791EPN054R2NTQQ1BFXJ5,A,A,1,0.2,1.0,2.0
01KJN6MMPQTMDYRN709968YFN1,page-B,01KJN78B0TFR8F59JDGD057XNS,01KJN79Y7T0VZNKHTSJRZWTDZ5,A,B,0,0.0,1.0,2.0
01KJN6MMPQTMDYRN709968YFN1,page-B,01KJN791EPN054R2NTQQ1BFXJ5,01KJN79Y7T0VZNKHTSJRZWTDZ5,A,B,0,0.3333333333333333,1.0,2.0
01KJN6MMPQTMDYRN709968YFN1,page-B,01KJN788SPAKVVBHX9T9FDQWAF,01KJN78B0TFR8F59JDGD057XNS,B,A,0,0.16666666666666666,2.0,2.0
01KJN6MMPQTMDYRN709968YFN1,page-B,01KJN788SPAKVVBHX9T9FDQWAF,01KJN78JVY5FN5QXW9XGGE72RG,B,A,0,0.5,2.0,2.0
01KJN6MMPQTMDYRN709968YFN1,page-B,01KJN788SPAKVVBHX9T9FDQWAF,01KJN791EPN054R2NTQQ1BFXJ5,B,A,0,0.4,2.0,2.0
01KJN6MMPQTMDYRN709968YFN1,page-B,01KJN788SPAKVVBHX9T9FDQWAF,01KJN79Y7T0VZNKHTSJRZWTDZ5,B,B,1,0.0,2.0,2.0
01KJN6MMPQTMDYRN709968YFN1,page-B,01KJN78B0TFR8F59JDGD057XNS,01KJN78JVY5FN5QXW9XGGE72RG,A,A,1,0.25,2.0,2.0
01KJN6MMPQTMDYRN709968YFN1,page-B,01KJN78B0TFR8F59JDGD057XNS,01KJN791EPN054R2NTQQ1BFXJ5,A,A,1,0.2,2.0,2.0
01KJN6MMPQTMDYRN709968YFN1,page-B,01KJN78B0TFR8F59JDGD057XNS,01KJN79Y7T0VZNKHTSJRZWTDZ5,A,B,0,0.0,2.0,2.0
01KJN6MMPQTMDYRN709968YFN1,page-B,01KJN78JVY5FN5QXW9XGGE72RG,01KJN791EPN054R2NTQQ1BFXJ5,A,A,1,0.6666666666666666,2.0,2.0
01KJN6MMPQTMDYRN709968YFN1,page-B,01KJN78JVY5FN5QXW9XGGE72RG,01KJN79Y7T0VZNKHTSJRZWTDZ5,A,B,0,0.0,2.0,2.0
01KJN6MMPQTMDYRN709968YFN1,page-B,01KJN791EPN054R2NTQQ1BFXJ5,01KJN79Y7T0VZNKHTSJRZWTDZ5,A,B,0,0.3333333333333333,2.0,2.0
01KJN6MMPQTMDYRN709968YFN1,page-B,01KJN788SPAKVVBHX9T9FDQWAF,01KJN78B0TFR8F59JDGD057XNS,B,A,0,0.2,3.0,2.0
01KJN6MMPQTMDYRN709968YFN1,page-B,01KJN788SPAKVVBHX9T9FDQWAF,01KJN78JVY5FN5QXW9XGGE72RG,B,A,0,0.5,3.0,2.0
01KJN6MMPQTMDYRN709968YFN1,page-B,01KJN788SPAKVVBHX9T9FDQWAF,01KJN791EPN054R2NTQQ1BFXJ5,B,A,0,0.4,3.0,2.0
01KJN6MMPQTMDYRN709968YFN1,page-B,01KJN788SPAKVVBHX9T9FDQWAF,01KJN79Y7T0VZNKHTSJRZWTDZ5,B,B,1,0.0,3.0,2.0
01KJN6MMPQTMDYRN709968YFN1,page-B,01KJN78B0TFR8F59JDGD057XNS,01KJN78JVY5FN5QXW9XGGE72RG,A,A,1,0.3333333333333333,3.0,2.0
01KJN6MMPQTMDYRN709968YFN1,page-B,01KJN78B0TFR8F59JDGD057XNS,01KJN791EPN054R2NTQQ1BFXJ5,A,A,1,0.6666666666666666,3.0,2.0
01KJN6MMPQTMDYRN709968YFN1,page-B,01KJN78B0TFR8F59JDGD057XNS,01KJN79Y7T0VZNKHTSJRZWTDZ5,A,B,0,0.5,3.0,2.0
01KJN6MMPQTMDYRN709968YFN1,page-B,01KJN78JVY5FN5QXW9XGGE72RG,01KJN791EPN054R2NTQQ1BFXJ5,A,A,1,0.6666666666666666,3.0,2.0
01KJN6MMPQTMDYRN709968YFN1,page-B,01KJN78JVY5FN5QXW9XGGE72RG,01KJN79Y7T0VZNKHTSJRZWTDZ5,A,B,0,0.0,3.0,2.0
01KJN6MMPQTMDYRN709968YFN1,page-B,01KJN791EPN054R2NTQQ1BFXJ5,01KJN79Y7T0VZNKHTSJRZWTDZ5,A,B,0,0.3333333333333333,3.0,2.0
01KJN6MMPQTMDYRN709968YFN1,page-B,01KJN788SPAKVVBHX9T9FDQWAF,01KJN78B0TFR8F59JDGD057XNS,B,A,0,1.0,4.0,2.0
01KJN6MMPQTMDYRN709968YFN1,page-B,01KJN788SPAKVVBHX9T9FDQWAF,01KJN78JVY5FN5QXW9XGGE72RG,B,A,0,0.3333333333333333,4.0,2.0
01KJN6MMPQTMDYRN709968YFN1,page-B,01KJN788SPAKVVBHX9T9FDQWAF,01KJN791EPN054R2NTQQ1BFXJ5,B,A,0,0.5,4.0,2.0
01KJN6MMPQTMDYRN709968YFN1,page-B,01KJN788SPAKVVBHX9T9FDQWAF,01KJN79Y7T0VZNKHTSJRZWTDZ5,B,B,1,0.5,4.0,2.0
01KJN6MMPQTMDYRN709968YFN1,page-B,01KJN78B0TFR8F59JDGD057XNS,01KJN78JVY5FN5QXW9XGGE72RG,A,A,1,0.3333333333333333,4.0,2.0
01KJN6MMPQTMDYRN709968YFN1,page-B,01KJN78B0TFR8F59JDGD057XNS,01KJN791EPN054R2NTQQ1BFXJ5,A,A,1,0.5,4.0,2.0
01KJN6MMPQTMDYRN709968YFN1,page-B,01KJN78B0TFR8F59JDGD057XNS,01KJN79Y7T0VZNKHTSJRZWTDZ5,A,B,0,0.5,4.0,2.0
01KJN6MMPQTMDYRN709968YFN1,page-B,01KJN78JVY5FN5QXW9XGGE72RG,01KJN791EPN054R2NTQQ1BFXJ5,A,A,1,0.5,4.0,2.0
01KJN6MMPQTMDYRN709968YFN1,page-B,01KJN78JVY5FN5QXW9XGGE72RG,01KJN79Y7T0VZNKHTSJRZWTDZ5,A,B,0,0.0,4.0,2.0
01KJN6MMPQTMDYRN709968YFN1,page-B,01KJN791EPN054R2NTQQ1BFXJ5,01KJN79Y7T0VZNKHTSJRZWTDZ5,A,B,0,0.25,4.0,2.0
01KJN6MMPQTMDYRN709968YFN1,page-B,01KJN788SPAKVVBHX9T9FDQWAF,01KJN78B0TFR8F59JDGD057XNS,B,A,0,1.0,5.0,2.0
01KJN6MMPQTMDYRN709968YFN1,page-B,01KJN788SPAKVVBHX9T9FDQWAF,01KJN78CQJ3KY7VMGAR6F3D4S0,B,B,1,0.5,5.0,2.0
01KJN6MMPQTMDYRN709968YFN1,page-B,01KJN788SPAKVVBHX9T9FDQWAF,01KJN78JVY5FN5QXW9XGGE72RG,B,A,0,0.3333333333333333,5.0,2.0
01KJN6MMPQTMDYRN709968YFN1,page-B,01KJN788SPAKVVBHX9T9FDQWAF,01KJN791EPN054R2NTQQ1BFXJ5,B,A,0,0.5,5.0,2.0
01KJN6MMPQTMDYRN709968YFN1,page-B,01KJN788SPAKVVBHX9T9FDQWAF,01KJN79Y7T0VZNKHTSJRZWTDZ5,B,B,1,0.5,5.0,2.0
01KJN6MMPQTMDYRN709968YFN1,page-B,01KJN78B0TFR8F59JDGD057XNS,01KJN78CQJ3KY7VMGAR6F3D4S0,A,B,0,0.5,5.0,2.0
01KJN6MMPQTMDYRN709968YFN1,page-B,01KJN78B0TFR8F59JDGD057XNS,01KJN78JVY5FN5QXW9XGGE72RG,A,A,1,0.3333333333333333,5.0,2.0
01KJN6MMPQTMDYRN709968YFN1,page-B,01KJN78B0TFR8F59JDGD057XNS,01KJN791EPN054R2NTQQ1BFXJ5,A,A,1,0.5,5.0,2.0
01KJN6MMPQTMDYRN709968YFN1,page-B,01KJN78B0TFR8F59JDGD057XNS,01KJN79Y7T0VZNKHTSJRZWTDZ5,A,B,0,0.5,5.0,2.0
01KJN6MMPQTMDYRN709968YFN1,page-B,01KJN78CQJ3KY7VMGAR6F3D4S0,01KJN78JVY5FN5QXW9XGGE72RG,B,A,0,0.0,5.0,2.0
01KJN6MMPQTMDYRN709968YFN1,page-B,01KJN78CQJ3KY7VMGAR6F3D4S0,01KJN791EPN054R2NTQQ1BFXJ5,B,A,0,0.25,5.0,2.0
01KJN6MMPQTMDYRN709968YFN1,page-B,01KJN78CQJ3KY7VMGAR6F3D4S0,01KJN79Y7T0VZNKHTSJRZWTDZ5,B,B,1,1.0,5.0,2.0
01KJN6MMPQTMDYRN709968YFN1,page-B,01KJN78JVY5FN5QXW9XGGE72RG,01KJN791EPN054R2NTQQ1BFXJ5,A,A,1,0.5,5.0,2.0
01KJN6MMPQTMDYRN709968YFN1,page-B,01KJN78JVY5FN5QXW9XGGE72RG,01KJN79Y7T0VZNKHTSJRZWTDZ5,A,B,0,0.0,5.0,2.0
01KJN6MMPQTMDYRN709968YFN1,page-B,01KJN791EPN054R2NTQQ1BFXJ5,01KJN79Y7T0VZNKHTSJRZWTDZ5,A,B,0,0.25,5.0,2.0
01KJN6MMPQTMDYRN709DP5DSDA,page7-107,01KJN77XQHYQ5TVVY4HZM02E7R,01KJN79PCAAMFX7P2QF70Y3HJM,C,A,0,0.2,1.0,1.0
01KJN6MMPQTMDYRN709DP5DSDA,page7-107,01KJN77XQHYQ5TVVY4HZM02E7R,01KJN79ZQD1E4YD03FE5CGJY8K,C,C,1,0.375,1.0,1.0
01KJN6MMPQTMDYRN709DP5DSDA,page7-107,01KJN77XQHYQ5TVVY4HZM02E7R,01KJN79ZRTRDMY6RH8ZCYCM9NV,C,A,0,0.2222222222222222,1.0,1.0
01KJN6MMPQTMDYRN709DP5DSDA,page7-107,01KJN77XQHYQ5TVVY4HZM02E7R,01KJN7AAWT4GWKRZ7B9775509P,C,B,0,0.2222222222222222,1.0,1.0
01KJN6MMPQTMDYRN709DP5DSDA,page7-107,01KJN77XQHYQ5TVVY4HZM02E7R,01KJN7B4V2673GK7HGVSG52R2P,C,B,0,0.375,1.0,1.0
01KJN6MMPQTMDYRN709DP5DSDA,page7-107,01KJN79PCAAMFX7P2QF70Y3HJM,01KJN79ZQD1E4YD03FE5CGJY8K,A,C,0,0.2857142857142857,1.0,1.0
01KJN6MMPQTMDYRN709DP5DSDA,page7-107,01KJN79PCAAMFX7P2QF70Y3HJM,01KJN79ZRTRDMY6RH8ZCYCM9NV,A,A,1,0.0,1.0,1.0
01KJN6MMPQTMDYRN709DP5DSDA,page7-107,01KJN79PCAAMFX7P2QF70Y3HJM,01KJN7AAWT4GWKRZ7B9775509P,A,B,0,0.0,1.0,1.0
01KJN6MMPQTMDYRN709DP5DSDA,page7-107,01KJN79PCAAMFX7P2QF70Y3HJM,01KJN7B4V2673GK7HGVSG52R2P,A,B,0,0.125,1.0,1.0
01KJN6MMPQTMDYRN709DP5DSDA,page7-107,01KJN79ZQD1E4YD03FE5CGJY8K,01KJN79ZRTRDMY6RH8ZCYCM9NV,C,A,0,0.14285714285714285,1.0,1.0
01KJN6MMPQTMDYRN709DP5DSDA,page7-107,01KJN79ZQD1E4YD03FE5CGJY8K,01KJN7AAWT4GWKRZ7B9775509P,C,B,0,0.14285714285714285,1.0,1.0
01KJN6MMPQTMDYRN709DP5DSDA,page7-107,01KJN79ZQD1E4YD03FE5CGJY8K,01KJN7B4V2673GK7HGVSG52R2P,C,B,0,0.3333333333333333,1.0,1.0
01KJN6MMPQTMDYRN709DP5DSDA,page7-107,01KJN79ZRTRDMY6RH8ZCYCM9NV,01KJN7AAWT4GWKRZ7B9775509P,A,B,0,0.6,1.0,1.0
01KJN6MMPQTMDYRN709DP5DSDA,page7-107,01KJN79ZRTRDMY6RH8ZCYCM9NV,01KJN7B4V2673GK7HGVSG52R2P,A,B,0,0.3333333333333333,1.0,1.0
01KJN6MMPQTMDYRN709DP5DSDA,page7-107,01KJN7AAWT4GWKRZ7B9775509P,01KJN7B4V2673GK7HGVSG52R2P,B,B,1,0.3333333333333333,1.0,1.0
01KJN6MMPQTMDYRN709DP5DSDA,page7-107,01KJN77XQHYQ5TVVY4HZM02E7R,01KJN7931DXZ65NXTWK1GNEZMW,C,C,1,0.625,2.0,1.0
01KJN6MMPQTMDYRN709DP5DSDA,page7-107,01KJN77XQHYQ5TVVY4HZM02E7R,01KJN79PCAAMFX7P2QF70Y3HJM,C,A,0,0.2,2.0,1.0
01KJN6MMPQTMDYRN709DP5DSDA,page7-107,01KJN77XQHYQ5TVVY4HZM02E7R,01KJN79ZQD1E4YD03FE5CGJY8K,C,C,1,0.375,2.0,1.0
01KJN6MMPQTMDYRN709DP5DSDA,page7-107,01KJN77XQHYQ5TVVY4HZM02E7R,01KJN79ZRTRDMY6RH8ZCYCM9NV,C,A,0,0.2222222222222222,2.0,1.0
01KJN6MMPQTMDYRN709DP5DSDA,page7-107,01KJN77XQHYQ5TVVY4HZM02E7R,01KJN7AAWT4GWKRZ7B9775509P,C,B,0,0.2222222222222222,2.0,1.0
01KJN6MMPQTMDYRN709DP5DSDA,page7-107,01KJN77XQHYQ5TVVY4HZM02E7R,01KJN7B32C1C5254NSG6ZK1GRK,C,A,0,0.42857142857142855,2.0,1.0
01KJN6MMPQTMDYRN709DP5DSDA,page7-107,01KJN77XQHYQ5TVVY4HZM02E7R,01KJN7B4V2673GK7HGVSG52R2P,C,B,0,0.375,2.0,1.0
01KJN6MMPQTMDYRN709DP5DSDA,page7-107,01KJN77XQHYQ5TVVY4HZM02E7R,01KJN7BYA5X3A2G30KZECRY2HY,C,B,0,0.25,2.0,1.0
01KJN6MMPQTMDYRN709DP5DSDA,page7-107,01KJN7931DXZ65NXTWK1GNEZMW,01KJN79PCAAMFX7P2QF70Y3HJM,C,A,0,0.2222222222222222,2.0,1.0
01KJN6MMPQTMDYRN709DP5DSDA,page7-107,01KJN7931DXZ65NXTWK1GNEZMW,01KJN79ZQD1E4YD03FE5CGJY8K,C,C,1,0.42857142857142855,2.0,1.0
01KJN6MMPQTMDYRN709DP5DSDA,page7-107,01KJN7931DXZ65NXTWK1GNEZMW,01KJN79ZRTRDMY6RH8ZCYCM9NV,C,A,0,0.25,2.0,1.0
01KJN6MMPQTMDYRN709DP5DSDA,page7-107,01KJN7931DXZ65NXTWK1GNEZMW,01KJN7AAWT4GWKRZ7B9775509P,C,B,0,0.25,2.0,1.0
01KJN6MMPQTMDYRN709DP5DSDA,page7-107,01KJN7931DXZ65NXTWK1GNEZMW,01KJN7B32C1C5254NSG6ZK1GRK,C,A,0,0.5,2.0,1.0
01KJN6MMPQTMDYRN709DP5DSDA,page7-107,01KJN7931DXZ65NXTWK1GNEZMW,01KJN7B4V2673GK7HGVSG52R2P,C,B,0,0.42857142857142855,2.0,1.0
01KJN6MMPQTMDYRN709DP5DSDA,page7-107,01KJN7931DXZ65NXTWK1GNEZMW,01KJN7BYA5X3A2G30KZECRY2HY,C,B,0,0.2857142857142857,2.0,1.0
01KJN6MMPQTMDYRN709DP5DSDA,page7-107,01KJN79PCAAMFX7P2QF70Y3HJM,01KJN79ZQD1E4YD03FE5CGJY8K,A,C,0,0.2857142857142857,2.0,1.0
01KJN6MMPQTMDYRN709DP5DSDA,page7-107,01KJN79PCAAMFX7P2QF70Y3HJM,01KJN79ZRTRDMY6RH8ZCYCM9NV,A,A,1,0.0,2.0,1.0
01KJN6MMPQTMDYRN709DP5DSDA,page7-107,01KJN79PCAAMFX7P2QF70Y3HJM,01KJN7AAWT4GWKRZ7B9775509P,A,B,0,0.0,2.0,1.0
01KJN6MMPQTMDYRN709DP5DSDA,page7-107,01KJN79PCAAMFX7P2QF70Y3HJM,01KJN7B32C1C5254NSG6ZK1GRK,A,A,1,0.14285714285714285,2.0,1.0
01KJN6MMPQTMDYRN709DP5DSDA,page7-107,01KJN79PCAAMFX7P2QF70Y3HJM,01KJN7B4V2673GK7HGVSG52R2P,A,B,0,0.125,2.0,1.0
01KJN6MMPQTMDYRN709DP5DSDA,page7-107,01KJN79PCAAMFX7P2QF70Y3HJM,01KJN7BYA5X3A2G30KZECRY2HY,A,B,0,0.3333333333333333,2.0,1.0
01KJN6MMPQTMDYRN709DP5DSDA,page7-107,01KJN79ZQD1E4YD03FE5CGJY8K,01KJN79ZRTRDMY6RH8ZCYCM9NV,C,A,0,0.14285714285714285,2.0,1.0
01KJN6MMPQTMDYRN709DP5DSDA,page7-107,01KJN79ZQD1E4YD03FE5CGJY8K,01KJN7AAWT4GWKRZ7B9775509P,C,B,0,0.14285714285714285,2.0,1.0
01KJN6MMPQTMDYRN709DP5DSDA,page7-107,01KJN79ZQD1E4YD03FE5CGJY8K,01KJN7B32C1C5254NSG6ZK1GRK,C,A,0,0.4,2.0,1.0
01KJN6MMPQTMDYRN709DP5DSDA,page7-107,01KJN79ZQD1E4YD03FE5CGJY8K,01KJN7B4V2673GK7HGVSG52R2P,C,B,0,0.3333333333333333,2.0,1.0
01KJN6MMPQTMDYRN709DP5DSDA,page7-107,01KJN79ZQD1E4YD03FE5CGJY8K,01KJN7BYA5X3A2G30KZECRY2HY,C,B,0,0.4,2.0,1.0
01KJN6MMPQTMDYRN709DP5DSDA,page7-107,01KJN79ZRTRDMY6RH8ZCYCM9NV,01KJN7AAWT4GWKRZ7B9775509P,A,B,0,0.6,2.0,1.0
01KJN6MMPQTMDYRN709DP5DSDA,page7-107,01KJN79ZRTRDMY6RH8ZCYCM9NV,01KJN7B32C1C5254NSG6ZK1GRK,A,A,1,0.4,2.0,1.0
01KJN6MMPQTMDYRN709DP5DSDA,page7-107,01KJN79ZRTRDMY6RH8ZCYCM9NV,01KJN7B4V2673GK7HGVSG52R2P,A,B,0,0.3333333333333333,2.0,1.0
01KJN6MMPQTMDYRN709DP5DSDA,page7-107,01KJN79ZRTRDMY6RH8ZCYCM9NV,01KJN7BYA5X3A2G30KZECRY2HY,A,B,0,0.16666666666666666,2.0,1.0
01KJN6MMPQTMDYRN709DP5DSDA,page7-107,01KJN7AAWT4GWKRZ7B9775509P,01KJN7B32C1C5254NSG6ZK1GRK,B,A,0,0.4,2.0,1.0
01KJN6MMPQTMDYRN709DP5DSDA,page7-107,01KJN7AAWT4GWKRZ7B9775509P,01KJN7B4V2673GK7HGVSG52R2P,B,B,1,0.3333333333333333,2.0,1.0
01KJN6MMPQTMDYRN709DP5DSDA,page7-107,01KJN7AAWT4GWKRZ7B9775509P,01KJN7BYA5X3A2G30KZECRY2HY,B,B,1,0.16666666666666666,2.0,1.0
01KJN6MMPQTMDYRN709DP5DSDA,page7-107,01KJN7B32C1C5254NSG6ZK1GRK,01KJN7B4V2673GK7HGVSG52R2P,A,B,0,0.75,2.0,1.0
01KJN6MMPQTMDYRN709DP5DSDA,page7-107,01KJN7B32C1C5254NSG6ZK1GRK,01KJN7BYA5X3A2G30KZECRY2HY,A,B,0,0.5,2.0,1.0
01KJN6MMPQTMDYRN709DP5DSDA,page7-107,01KJN7B4V2673GK7HGVSG52R2P,01KJN7BYA5X3A2G30KZECRY2HY,B,B,1,0.4,2.0,1.0
01KJN6MMPQTMDYRN709DP5DSDA,page7-107,01KJN77XQHYQ5TVVY4HZM02E7R,01KJN7931DXZ65NXTWK1GNEZMW,C,C,1,0.625,3.0,1.0
01KJN6MMPQTMDYRN709DP5DSDA,page7-107,01KJN77XQHYQ5TVVY4HZM02E7R,01KJN79PCAAMFX7P2QF70Y3HJM,C,A,0,0.125,3.0,1.0
01KJN6MMPQTMDYRN709DP5DSDA,page7-107,01KJN77XQHYQ5TVVY4HZM02E7R,01KJN79ZQD1E4YD03FE5CGJY8K,C,C,1,0.2222222222222222,3.0,1.0
01KJN6MMPQTMDYRN709DP5DSDA,page7-107,01KJN77XQHYQ5TVVY4HZM02E7R,01KJN79ZRTRDMY6RH8ZCYCM9NV,C,A,0,0.2222222222222222,3.0,1.0
01KJN6MMPQTMDYRN709DP5DSDA,page7-107,01KJN77XQHYQ5TVVY4HZM02E7R,01KJN7AAWT4GWKRZ7B9775509P,C,B,0,0.2222222222222222,3.0,1.0
01KJN6MMPQTMDYRN709DP5DSDA,page7-107,01KJN77XQHYQ5TVVY4HZM02E7R,01KJN7B32C1C5254NSG6ZK1GRK,C,A,0,0.42857142857142855,3.0,1.0
01KJN6MMPQTMDYRN709DP5DSDA,page7-107,01KJN77XQHYQ5TVVY4HZM02E7R,01KJN7B4V2673GK7HGVSG52R2P,C,B,0,0.2857142857142857,3.0,1.0
01KJN6MMPQTMDYRN709DP5DSDA,page7-107,01KJN77XQHYQ5TVVY4HZM02E7R,01KJN7BYA5X3A2G30KZECRY2HY,C,B,0,0.25,3.0,1.0
01KJN6MMPQTMDYRN709DP5DSDA,page7-107,01KJN7931DXZ65NXTWK1GNEZMW,01KJN79PCAAMFX7P2QF70Y3HJM,C,A,0,0.14285714285714285,3.0,1.0
01KJN6MMPQTMDYRN709DP5DSDA,page7-107,01KJN7931DXZ65NXTWK1GNEZMW,01KJN79ZQD1E4YD03FE5CGJY8K,C,C,1,0.25,3.0,1.0
01KJN6MMPQTMDYRN709DP5DSDA,page7-107,01KJN7931DXZ65NXTWK1GNEZMW,01KJN79ZRTRDMY6RH8ZCYCM9NV,C,A,0,0.25,3.0,1.0
01KJN6MMPQTMDYRN709DP5DSDA,page7-107,01KJN7931DXZ65NXTWK1GNEZMW,01KJN7AAWT4GWKRZ7B9775509P,C,B,0,0.25,3.0,1.0
01KJN6MMPQTMDYRN709DP5DSDA,page7-107,01KJN7931DXZ65NXTWK1GNEZMW,01KJN7B32C1C5254NSG6ZK1GRK,C,A,0,0.5,3.0,1.0
01KJN6MMPQTMDYRN709DP5DSDA,page7-107,01KJN7931DXZ65NXTWK1GNEZMW,01KJN7B4V2673GK7HGVSG52R2P,C,B,0,0.3333333333333333,3.0,1.0
01KJN6MMPQTMDYRN709DP5DSDA,page7-107,01KJN7931DXZ65NXTWK1GNEZMW,01KJN7BYA5X3A2G30KZECRY2HY,C,B,0,0.2857142857142857,3.0,1.0
01KJN6MMPQTMDYRN709DP5DSDA,page7-107,01KJN79PCAAMFX7P2QF70Y3HJM,01KJN79ZQD1E4YD03FE5CGJY8K,A,C,0,0.2,3.0,1.0
01KJN6MMPQTMDYRN709DP5DSDA,page7-107,01KJN79PCAAMFX7P2QF70Y3HJM,01KJN79ZRTRDMY6RH8ZCYCM9NV,A,A,1,0.0,3.0,1.0
01KJN6MMPQTMDYRN709DP5DSDA,page7-107,01KJN79PCAAMFX7P2QF70Y3HJM,01KJN7AAWT4GWKRZ7B9775509P,A,B,0,0.0,3.0,1.0
01KJN6MMPQTMDYRN709DP5DSDA,page7-107,01KJN79PCAAMFX7P2QF70Y3HJM,01KJN7B32C1C5254NSG6ZK1GRK,A,A,1,0.25,3.0,1.0
01KJN6MMPQTMDYRN709DP5DSDA,page7-107,01KJN79PCAAMFX7P2QF70Y3HJM,01KJN7B4V2673GK7HGVSG52R2P,A,B,0,0.3333333333333333,3.0,1.0
01KJN6MMPQTMDYRN709DP5DSDA,page7-107,01KJN79PCAAMFX7P2QF70Y3HJM,01KJN7BYA5X3A2G30KZECRY2HY,A,B,0,0.25,3.0,1.0
01KJN6MMPQTMDYRN709DP5DSDA,page7-107,01KJN79ZQD1E4YD03FE5CGJY8K,01KJN79ZRTRDMY6RH8ZCYCM9NV,C,A,0,0.0,3.0,1.0
01KJN6MMPQTMDYRN709DP5DSDA,page7-107,01KJN79ZQD1E4YD03FE5CGJY8K,01KJN7AAWT4GWKRZ7B9775509P,C,B,0,0.0,3.0,1.0
01KJN6MMPQTMDYRN709DP5DSDA,page7-107,01KJN79ZQD1E4YD03FE5CGJY8K,01KJN7B32C1C5254NSG6ZK1GRK,C,A,0,0.16666666666666666,3.0,1.0
01KJN6MMPQTMDYRN709DP5DSDA,page7-107,01KJN79ZQD1E4YD03FE5CGJY8K,01KJN7B4V2673GK7HGVSG52R2P,C,B,0,0.2,3.0,1.0
01KJN6MMPQTMDYRN709DP5DSDA,page7-107,01KJN79ZQD1E4YD03FE5CGJY8K,01KJN7BYA5X3A2G30KZECRY2HY,C,B,0,0.16666666666666666,3.0,1.0
01KJN6MMPQTMDYRN709DP5DSDA,page7-107,01KJN79ZRTRDMY6RH8ZCYCM9NV,01KJN7AAWT4GWKRZ7B9775509P,A,B,0,0.6,3.0,1.0
01KJN6MMPQTMDYRN709DP5DSDA,page7-107,01KJN79ZRTRDMY6RH8ZCYCM9NV,01KJN7B32C1C5254NSG6ZK1GRK,A,A,1,0.4,3.0,1.0
01KJN6MMPQTMDYRN709DP5DSDA,page7-107,01KJN79ZRTRDMY6RH8ZCYCM9NV,01KJN7B4V2673GK7HGVSG52R2P,A,B,0,0.2,3.0,1.0
01KJN6MMPQTMDYRN709DP5DSDA,page7-107,01KJN79ZRTRDMY6RH8ZCYCM9NV,01KJN7BYA5X3A2G30KZECRY2HY,A,B,0,0.16666666666666666,3.0,1.0
01KJN6MMPQTMDYRN709DP5DSDA,page7-107,01KJN7AAWT4GWKRZ7B9775509P,01KJN7B32C1C5254NSG6ZK1GRK,B,A,0,0.4,3.0,1.0
01KJN6MMPQTMDYRN709DP5DSDA,page7-107,01KJN7AAWT4GWKRZ7B9775509P,01KJN7B4V2673GK7HGVSG52R2P,B,B,1,0.2,3.0,1.0
01KJN6MMPQTMDYRN709DP5DSDA,page7-107,01KJN7AAWT4GWKRZ7B9775509P,01KJN7BYA5X3A2G30KZECRY2HY,B,B,1,0.16666666666666666,3.0,1.0
01KJN6MMPQTMDYRN709DP5DSDA,page7-107,01KJN7B32C1C5254NSG6ZK1GRK,01KJN7B4V2673GK7HGVSG52R2P,A,B,0,0.6666666666666666,3.0,1.0
01KJN6MMPQTMDYRN709DP5DSDA,page7-107,01KJN7B32C1C5254NSG6ZK1GRK,01KJN7BYA5X3A2G30KZECRY2HY,A,B,0,0.5,3.0,1.0
01KJN6MMPQTMDYRN709DP5DSDA,page7-107,01KJN7B4V2673GK7HGVSG52R2P,01KJN7BYA5X3A2G30KZECRY2HY,B,B,1,0.6666666666666666,3.0,1.0
01KJN6MMPQTMDYRN709DP5DSDA,page7-107,01KJN77XQHYQ5TVVY4HZM02E7R,01KJN7931DXZ65NXTWK1GNEZMW,C,C,1,0.25,4.0,1.0
01KJN6MMPQTMDYRN709DP5DSDA,page7-107,01KJN77XQHYQ5TVVY4HZM02E7R,01KJN79PCAAMFX7P2QF70Y3HJM,C,A,0,0.2,4.0,1.0
01KJN6MMPQTMDYRN709DP5DSDA,page7-107,01KJN77XQHYQ5TVVY4HZM02E7R,01KJN79ZQD1E4YD03FE5CGJY8K,C,C,1,0.3333333333333333,4.0,1.0
01KJN6MMPQTMDYRN709DP5DSDA,page7-107,01KJN77XQHYQ5TVVY4HZM02E7R,01KJN79ZRTRDMY6RH8ZCYCM9NV,C,A,0,0.2,4.0,1.0
01KJN6MMPQTMDYRN709DP5DSDA,page7-107,01KJN77XQHYQ5TVVY4HZM02E7R,01KJN7AAWT4GWKRZ7B9775509P,C,B,0,0.2,4.0,1.0
01KJN6MMPQTMDYRN709DP5DSDA,page7-107,01KJN77XQHYQ5TVVY4HZM02E7R,01KJN7B32C1C5254NSG6ZK1GRK,C,A,0,0.4,4.0,1.0
01KJN6MMPQTMDYRN709DP5DSDA,page7-107,01KJN77XQHYQ5TVVY4HZM02E7R,01KJN7B4V2673GK7HGVSG52R2P,C,B,0,0.2,4.0,1.0
01KJN6MMPQTMDYRN709DP5DSDA,page7-107,01KJN77XQHYQ5TVVY4HZM02E7R,01KJN7BYA5X3A2G30KZECRY2HY,C,B,0,0.16666666666666666,4.0,1.0
01KJN6MMPQTMDYRN709DP5DSDA,page7-107,01KJN7931DXZ65NXTWK1GNEZMW,01KJN79PCAAMFX7P2QF70Y3HJM,C,A,0,0.14285714285714285,4.0,1.0
01KJN6MMPQTMDYRN709DP5DSDA,page7-107,01KJN7931DXZ65NXTWK1GNEZMW,01KJN79ZQD1E4YD03FE5CGJY8K,C,C,1,0.25,4.0,1.0
01KJN6MMPQTMDYRN709DP5DSDA,page7-107,01KJN7931DXZ65NXTWK1GNEZMW,01KJN79ZRTRDMY6RH8ZCYCM9NV,C,A,0,0.14285714285714285,4.0,1.0
01KJN6MMPQTMDYRN709DP5DSDA,page7-107,01KJN7931DXZ65NXTWK1GNEZMW,01KJN7AAWT4GWKRZ7B9775509P,C,B,0,0.3333333333333333,4.0,1.0
01KJN6MMPQTMDYRN709DP5DSDA,page7-107,01KJN7931DXZ65NXTWK1GNEZMW,01KJN7B32C1C5254NSG6ZK1GRK,C,A,0,0.5,4.0,1.0
01KJN6MMPQTMDYRN709DP5DSDA,page7-107,01KJN7931DXZ65NXTWK1GNEZMW,01KJN7B4V2673GK7HGVSG52R2P,C,B,0,0.3333333333333333,4.0,1.0
01KJN6MMPQTMDYRN709DP5DSDA,page7-107,01KJN7931DXZ65NXTWK1GNEZMW,01KJN7BYA5X3A2G30KZECRY2HY,C,B,0,0.2857142857142857,4.0,1.0
01KJN6MMPQTMDYRN709DP5DSDA,page7-107,01KJN79PCAAMFX7P2QF70Y3HJM,01KJN79ZQD1E4YD03FE5CGJY8K,A,C,0,0.2,4.0,1.0
01KJN6MMPQTMDYRN709DP5DSDA,page7-107,01KJN79PCAAMFX7P2QF70Y3HJM,01KJN79ZRTRDMY6RH8ZCYCM9NV,A,A,1,1.0,4.0,1.0
01KJN6MMPQTMDYRN709DP5DSDA,page7-107,01KJN79PCAAMFX7P2QF70Y3HJM,01KJN7AAWT4GWKRZ7B9775509P,A,B,0,0.3333333333333333,4.0,1.0
01KJN6MMPQTMDYRN709DP5DSDA,page7-107,01KJN79PCAAMFX7P2QF70Y3HJM,01KJN7B32C1C5254NSG6ZK1GRK,A,A,1,0.25,4.0,1.0
01KJN6MMPQTMDYRN709DP5DSDA,page7-107,01KJN79PCAAMFX7P2QF70Y3HJM,01KJN7B4V2673GK7HGVSG52R2P,A,B,0,0.3333333333333333,4.0,1.0
01KJN6MMPQTMDYRN709DP5DSDA,page7-107,01KJN79PCAAMFX7P2QF70Y3HJM,01KJN7BYA5X3A2G30KZECRY2HY,A,B,0,0.25,4.0,1.0
01KJN6MMPQTMDYRN709DP5DSDA,page7-107,01KJN79ZQD1E4YD03FE5CGJY8K,01KJN79ZRTRDMY6RH8ZCYCM9NV,C,A,0,0.2,4.0,1.0
01KJN6MMPQTMDYRN709DP5DSDA,page7-107,01KJN79ZQD1E4YD03FE5CGJY8K,01KJN7AAWT4GWKRZ7B9775509P,C,B,0,0.2,4.0,1.0
01KJN6MMPQTMDYRN709DP5DSDA,page7-107,01KJN79ZQD1E4YD03FE5CGJY8K,01KJN7B32C1C5254NSG6ZK1GRK,C,A,0,0.16666666666666666,4.0,1.0
01KJN6MMPQTMDYRN709DP5DSDA,page7-107,01KJN79ZQD1E4YD03FE5CGJY8K,01KJN7B4V2673GK7HGVSG52R2P,C,B,0,0.2,4.0,1.0
01KJN6MMPQTMDYRN709DP5DSDA,page7-107,01KJN79ZQD1E4YD03FE5CGJY8K,01KJN7BYA5X3A2G30KZECRY2HY,C,B,0,0.16666666666666666,4.0,1.0
01KJN6MMPQTMDYRN709DP5DSDA,page7-107,01KJN79ZRTRDMY6RH8ZCYCM9NV,01KJN7AAWT4GWKRZ7B9775509P,A,B,0,0.3333333333333333,4.0,1.0
01KJN6MMPQTMDYRN709DP5DSDA,page7-107,01KJN79ZRTRDMY6RH8ZCYCM9NV,01KJN7B32C1C5254NSG6ZK1GRK,A,A,1,0.25,4.0,1.0
01KJN6MMPQTMDYRN709DP5DSDA,page7-107,01KJN79ZRTRDMY6RH8ZCYCM9NV,01KJN7B4V2673GK7HGVSG52R2P,A,B,0,0.3333333333333333,4.0,1.0
01KJN6MMPQTMDYRN709DP5DSDA,page7-107,01KJN79ZRTRDMY6RH8ZCYCM9NV,01KJN7BYA5X3A2G30KZECRY2HY,A,B,0,0.25,4.0,1.0
01KJN6MMPQTMDYRN709DP5DSDA,page7-107,01KJN7AAWT4GWKRZ7B9775509P,01KJN7B32C1C5254NSG6ZK1GRK,B,A,0,0.6666666666666666,4.0,1.0
01KJN6MMPQTMDYRN709DP5DSDA,page7-107,01KJN7AAWT4GWKRZ7B9775509P,01KJN7B4V2673GK7HGVSG52R2P,B,B,1,1.0,4.0,1.0
01KJN6MMPQTMDYRN709DP5DSDA,page7-107,01KJN7AAWT4GWKRZ7B9775509P,01KJN7BYA5X3A2G30KZECRY2HY,B,B,1,0.6666666666666666,4.0,1.0
01KJN6MMPQTMDYRN709DP5DSDA,page7-107,01KJN7B32C1C5254NSG6ZK1GRK,01KJN7B4V2673GK7HGVSG52R2P,A,B,0,0.6666666666666666,4.0,1.0
01KJN6MMPQTMDYRN709DP5DSDA,page7-107,01KJN7B32C1C5254NSG6ZK1GRK,01KJN7BYA5X3A2G30KZECRY2HY,A,B,0,0.5,4.0,1.0
01KJN6MMPQTMDYRN709DP5DSDA,page7-107,01KJN7B4V2673GK7HGVSG52R2P,01KJN7BYA5X3A2G30KZECRY2HY,B,B,1,0.6666666666666666,4.0,1.0
01KJN6MMPQTMDYRN709DP5DSDA,page7-107,01KJN77XQHYQ5TVVY4HZM02E7R,01KJN7931DXZ65NXTWK1GNEZMW,C,C,1,0.42857142857142855,5.0,1.0
01KJN6MMPQTMDYRN709DP5DSDA,page7-107,01KJN77XQHYQ5TVVY4HZM02E7R,01KJN79PCAAMFX7P2QF70Y3HJM,C,A,0,0.2,5.0,1.0
01KJN6MMPQTMDYRN709DP5DSDA,page7-107,01KJN77XQHYQ5TVVY4HZM02E7R,01KJN79ZQD1E4YD03FE5CGJY8K,C,C,1,0.3333333333333333,5.0,1.0
01KJN6MMPQTMDYRN709DP5DSDA,page7-107,01KJN77XQHYQ5TVVY4HZM02E7R,01KJN79ZRTRDMY6RH8ZCYCM9NV,C,A,0,0.2,5.0,1.0
01KJN6MMPQTMDYRN709DP5DSDA,page7-107,01KJN77XQHYQ5TVVY4HZM02E7R,01KJN7AAWT4GWKRZ7B9775509P,C,B,0,0.2,5.0,1.0
01KJN6MMPQTMDYRN709DP5DSDA,page7-107,01KJN77XQHYQ5TVVY4HZM02E7R,01KJN7B32C1C5254NSG6ZK1GRK,C,A,0,0.5,5.0,1.0
01KJN6MMPQTMDYRN709DP5DSDA,page7-107,01KJN77XQHYQ5TVVY4HZM02E7R,01KJN7B4V2673GK7HGVSG52R2P,C,B,0,0.2,5.0,1.0
01KJN6MMPQTMDYRN709DP5DSDA,page7-107,01KJN77XQHYQ5TVVY4HZM02E7R,01KJN7BYA5X3A2G30KZECRY2HY,C,B,0,0.2,5.0,1.0
01KJN6MMPQTMDYRN709DP5DSDA,page7-107,01KJN7931DXZ65NXTWK1GNEZMW,01KJN79PCAAMFX7P2QF70Y3HJM,C,A,0,0.14285714285714285,5.0,1.0
01KJN6MMPQTMDYRN709DP5DSDA,page7-107,01KJN7931DXZ65NXTWK1GNEZMW,01KJN79ZQD1E4YD03FE5CGJY8K,C,C,1,0.42857142857142855,5.0,1.0
01KJN6MMPQTMDYRN709DP5DSDA,page7-107,01KJN7931DXZ65NXTWK1GNEZMW,01KJN79ZRTRDMY6RH8ZCYCM9NV,C,A,0,0.14285714285714285,5.0,1.0
01KJN6MMPQTMDYRN709DP5DSDA,page7-107,01KJN7931DXZ65NXTWK1GNEZMW,01KJN7AAWT4GWKRZ7B9775509P,C,B,0,0.14285714285714285,5.0,1.0
01KJN6MMPQTMDYRN709DP5DSDA,page7-107,01KJN7931DXZ65NXTWK1GNEZMW,01KJN7B32C1C5254NSG6ZK1GRK,C,A,0,0.3333333333333333,5.0,1.0
01KJN6MMPQTMDYRN709DP5DSDA,page7-107,01KJN7931DXZ65NXTWK1GNEZMW,01KJN7B4V2673GK7HGVSG52R2P,C,B,0,0.14285714285714285,5.0,1.0
01KJN6MMPQTMDYRN709DP5DSDA,page7-107,01KJN7931DXZ65NXTWK1GNEZMW,01KJN7BYA5X3A2G30KZECRY2HY,C,B,0,0.14285714285714285,5.0,1.0
01KJN6MMPQTMDYRN709DP5DSDA,page7-107,01KJN79PCAAMFX7P2QF70Y3HJM,01KJN79ZQD1E4YD03FE5CGJY8K,A,C,0,0.2,5.0,1.0
01KJN6MMPQTMDYRN709DP5DSDA,page7-107,01KJN79PCAAMFX7P2QF70Y3HJM,01KJN79ZRTRDMY6RH8ZCYCM9NV,A,A,1,1.0,5.0,1.0
01KJN6MMPQTMDYRN709DP5DSDA,page7-107,01KJN79PCAAMFX7P2QF70Y3HJM,01KJN7AAWT4GWKRZ7B9775509P,A,B,0,0.3333333333333333,5.0,1.0
01KJN6MMPQTMDYRN709DP5DSDA,page7-107,01KJN79PCAAMFX7P2QF70Y3HJM,01KJN7B32C1C5254NSG6ZK1GRK,A,A,1,0.3333333333333333,5.0,1.0
01KJN6MMPQTMDYRN709DP5DSDA,page7-107,01KJN79PCAAMFX7P2QF70Y3HJM,01KJN7B4V2673GK7HGVSG52R2P,A,B,0,0.3333333333333333,5.0,1.0
01KJN6MMPQTMDYRN709DP5DSDA,page7-107,01KJN79PCAAMFX7P2QF70Y3HJM,01KJN7BYA5X3A2G30KZECRY2HY,A,B,0,0.3333333333333333,5.0,1.0
01KJN6MMPQTMDYRN709DP5DSDA,page7-107,01KJN79ZQD1E4YD03FE5CGJY8K,01KJN79ZRTRDMY6RH8ZCYCM9NV,C,A,0,0.2,5.0,1.0
01KJN6MMPQTMDYRN709DP5DSDA,page7-107,01KJN79ZQD1E4YD03FE5CGJY8K,01KJN7AAWT4GWKRZ7B9775509P,C,B,0,0.2,5.0,1.0
01KJN6MMPQTMDYRN709DP5DSDA,page7-107,01KJN79ZQD1E4YD03FE5CGJY8K,01KJN7B32C1C5254NSG6ZK1GRK,C,A,0,0.2,5.0,1.0
01KJN6MMPQTMDYRN709DP5DSDA,page7-107,01KJN79ZQD1E4YD03FE5CGJY8K,01KJN7B4V2673GK7HGVSG52R2P,C,B,0,0.2,5.0,1.0
01KJN6MMPQTMDYRN709DP5DSDA,page7-107,01KJN79ZQD1E4YD03FE5CGJY8K,01KJN7BYA5X3A2G30KZECRY2HY,C,B,0,0.2,5.0,1.0
01KJN6MMPQTMDYRN709DP5DSDA,page7-107,01KJN79ZRTRDMY6RH8ZCYCM9NV,01KJN7AAWT4GWKRZ7B9775509P,A,B,0,0.3333333333333333,5.0,1.0
01KJN6MMPQTMDYRN709DP5DSDA,page7-107,01KJN79ZRTRDMY6RH8ZCYCM9NV,01KJN7B32C1C5254NSG6ZK1GRK,A,A,1,0.3333333333333333,5.0,1.0
01KJN6MMPQTMDYRN709DP5DSDA,page7-107,01KJN79ZRTRDMY6RH8ZCYCM9NV,01KJN7B4V2673GK7HGVSG52R2P,A,B,0,0.3333333333333333,5.0,1.0
01KJN6MMPQTMDYRN709DP5DSDA,page7-107,01KJN79ZRTRDMY6RH8ZCYCM9NV,01KJN7BYA5X3A2G30KZECRY2HY,A,B,0,0.3333333333333333,5.0,1.0
01KJN6MMPQTMDYRN709DP5DSDA,page7-107,01KJN7AAWT4GWKRZ7B9775509P,01KJN7B32C1C5254NSG6ZK1GRK,B,A,0,0.3333333333333333,5.0,1.0
01KJN6MMPQTMDYRN709DP5DSDA,page7-107,01KJN7AAWT4GWKRZ7B9775509P,01KJN7B4V2673GK7HGVSG52R2P,B,B,1,1.0,5.0,1.0
01KJN6MMPQTMDYRN709DP5DSDA,page7-107,01KJN7AAWT4GWKRZ7B9775509P,01KJN7BYA5X3A2G30KZECRY2HY,B,B,1,1.0,5.0,1.0
01KJN6MMPQTMDYRN709DP5DSDA,page7-107,01KJN7B32C1C5254NSG6ZK1GRK,01KJN7B4V2673GK7HGVSG52R2P,A,B,0,0.3333333333333333,5.0,1.0
01KJN6MMPQTMDYRN709DP5DSDA,page7-107,01KJN7B32C1C5254NSG6ZK1GRK,01KJN7BYA5X3A2G30KZECRY2HY,A,B,0,0.3333333333333333,5.0,1.0
01KJN6MMPQTMDYRN709DP5DSDA,page7-107,01KJN7B4V2673GK7HGVSG52R2P,01KJN7BYA5X3A2G30KZECRY2HY,B,B,1,1.0,5.0,1.0
01KJN6MMPQTMDYRN709DP5DSDA,page3-35,01KJN77XQHYQ5TVVY4HZM02E7R,01KJN79PCAAMFX7P2QF70Y3HJM,C,A,0,0.0,1.0,1.0
01KJN6MMPQTMDYRN709DP5DSDA,page3-35,01KJN77XQHYQ5TVVY4HZM02E7R,01KJN79ZQD1E4YD03FE5CGJY8K,C,C,1,0.0,1.0,1.0
01KJN6MMPQTMDYRN709DP5DSDA,page3-35,01KJN77XQHYQ5TVVY4HZM02E7R,01KJN79ZRTRDMY6RH8ZCYCM9NV,C,A,0,0.0,1.0,1.0
01KJN6MMPQTMDYRN709DP5DSDA,page3-35,01KJN77XQHYQ5TVVY4HZM02E7R,01KJN7AAWT4GWKRZ7B9775509P,C,B,0,0.0,1.0,1.0
01KJN6MMPQTMDYRN709DP5DSDA,page3-35,01KJN77XQHYQ5TVVY4HZM02E7R,01KJN7B4V2673GK7HGVSG52R2P,C,B,0,0.0,1.0,1.0
01KJN6MMPQTMDYRN709DP5DSDA,page3-35,01KJN79PCAAMFX7P2QF70Y3HJM,01KJN79ZQD1E4YD03FE5CGJY8K,A,C,0,0.0,1.0,1.0
01KJN6MMPQTMDYRN709DP5DSDA,page3-35,01KJN79PCAAMFX7P2QF70Y3HJM,01KJN79ZRTRDMY6RH8ZCYCM9NV,A,A,1,0.125,1.0,1.0
01KJN6MMPQTMDYRN709DP5DSDA,page3-35,01KJN79PCAAMFX7P2QF70Y3HJM,01KJN7AAWT4GWKRZ7B9775509P,A,B,0,0.1111111111111111,1.0,1.0
01KJN6MMPQTMDYRN709DP5DSDA,page3-35,01KJN79PCAAMFX7P2QF70Y3HJM,01KJN7B4V2673GK7HGVSG52R2P,A,B,0,0.0,1.0,1.0
01KJN6MMPQTMDYRN709DP5DSDA,page3-35,01KJN79ZQD1E4YD03FE5CGJY8K,01KJN79ZRTRDMY6RH8ZCYCM9NV,C,A,0,0.18181818181818182,1.0,1.0
01KJN6MMPQTMDYRN709DP5DSDA,page3-35,01KJN79ZQD1E4YD03FE5CGJY8K,01KJN7AAWT4GWKRZ7B9775509P,C,B,0,0.07692307692307693,1.0,1.0
01KJN6MMPQTMDYRN709DP5DSDA,page3-35,01KJN79ZQD1E4YD03FE5CGJY8K,01KJN7B4V2673GK7HGVSG52R2P,C,B,0,0.07692307692307693,1.0,1.0
01KJN6MMPQTMDYRN709DP5DSDA,page3-35,01KJN79ZRTRDMY6RH8ZCYCM9NV,01KJN7AAWT4GWKRZ7B9775509P,A,B,0,0.2222222222222222,1.0,1.0
01KJN6MMPQTMDYRN709DP5DSDA,page3-35,01KJN79ZRTRDMY6RH8ZCYCM9NV,01KJN7B4V2673GK7HGVSG52R2P,A,B,0,0.375,1.0,1.0
01KJN6MMPQTMDYRN709DP5DSDA,page3-35,01KJN7AAWT4GWKRZ7B9775509P,01KJN7B4V2673GK7HGVSG52R2P,B,B,1,0.3333333333333333,1.0,1.0
01KJN6MMPQTMDYRN709DP5DSDA,page3-35,01KJN77XQHYQ5TVVY4HZM02E7R,01KJN7931DXZ65NXTWK1GNEZMW,C,C,1,0.0,2.0,1.0
01KJN6MMPQTMDYRN709DP5DSDA,page3-35,01KJN77XQHYQ5TVVY4HZM02E7R,01KJN79PCAAMFX7P2QF70Y3HJM,C,A,0,0.0,2.0,1.0
01KJN6MMPQTMDYRN709DP5DSDA,page3-35,01KJN77XQHYQ5TVVY4HZM02E7R,01KJN79ZQD1E4YD03FE5CGJY8K,C,C,1,0.0,2.0,1.0
01KJN6MMPQTMDYRN709DP5DSDA,page3-35,01KJN77XQHYQ5TVVY4HZM02E7R,01KJN79ZRTRDMY6RH8ZCYCM9NV,C,A,0,0.0,2.0,1.0
01KJN6MMPQTMDYRN709DP5DSDA,page3-35,01KJN77XQHYQ5TVVY4HZM02E7R,01KJN7AAWT4GWKRZ7B9775509P,C,B,0,0.0,2.0,1.0
01KJN6MMPQTMDYRN709DP5DSDA,page3-35,01KJN77XQHYQ5TVVY4HZM02E7R,01KJN7B32C1C5254NSG6ZK1GRK,C,A,0,0.0,2.0,1.0
01KJN6MMPQTMDYRN709DP5DSDA,page3-35,01KJN77XQHYQ5TVVY4HZM02E7R,01KJN7B4V2673GK7HGVSG52R2P,C,B,0,0.0,2.0,1.0
01KJN6MMPQTMDYRN709DP5DSDA,page3-35,01KJN77XQHYQ5TVVY4HZM02E7R,01KJN7BYA5X3A2G30KZECRY2HY,C,B,0,0.0,2.0,1.0
01KJN6MMPQTMDYRN709DP5DSDA,page3-35,01KJN7931DXZ65NXTWK1GNEZMW,01KJN79PCAAMFX7P2QF70Y3HJM,C,A,0,0.2,2.0,1.0
01KJN6MMPQTMDYRN709DP5DSDA,page3-35,01KJN7931DXZ65NXTWK1GNEZMW,01KJN79ZQD1E4YD03FE5CGJY8K,C,C,1,0.0,2.0,1.0
01KJN6MMPQTMDYRN709DP5DSDA,page3-35,01KJN7931DXZ65NXTWK1GNEZMW,01KJN79ZRTRDMY6RH8ZCYCM9NV,C,A,0,0.16666666666666666,2.0,1.0
01KJN6MMPQTMDYRN709DP5DSDA,page3-35,01KJN7931DXZ65NXTWK1GNEZMW,01KJN7AAWT4GWKRZ7B9775509P,C,B,0,0.14285714285714285,2.0,1.0
01KJN6MMPQTMDYRN709DP5DSDA,page3-35,01KJN7931DXZ65NXTWK1GNEZMW,01KJN7B32C1C5254NSG6ZK1GRK,C,A,0,0.3333333333333333,2.0,1.0
01KJN6MMPQTMDYRN709DP5DSDA,page3-35,01KJN7931DXZ65NXTWK1GNEZMW,01KJN7B4V2673GK7HGVSG52R2P,C,B,0,0.0,2.0,1.0
01KJN6MMPQTMDYRN709DP5DSDA,page3-35,01KJN7931DXZ65NXTWK1GNEZMW,01KJN7BYA5X3A2G30KZECRY2HY,C,B,0,0.0,2.0,1.0
01KJN6MMPQTMDYRN709DP5DSDA,page3-35,01KJN79PCAAMFX7P2QF70Y3HJM,01KJN79ZQD1E4YD03FE5CGJY8K,A,C,0,0.0,2.0,1.0
01KJN6MMPQTMDYRN709DP5DSDA,page3-35,01KJN79PCAAMFX7P2QF70Y3HJM,01KJN79ZRTRDMY6RH8ZCYCM9NV,A,A,1,0.125,2.0,1.0
01KJN6MMPQTMDYRN709DP5DSDA,page3-35,01KJN79PCAAMFX7P2QF70Y3HJM,01KJN7AAWT4GWKRZ7B9775509P,A,B,0,0.1111111111111111,2.0,1.0
01KJN6MMPQTMDYRN709DP5DSDA,page3-35,01KJN79PCAAMFX7P2QF70Y3HJM,01KJN7B32C1C5254NSG6ZK1GRK,A,A,1,0.5,2.0,1.0
01KJN6MMPQTMDYRN709DP5DSDA,page3-35,01KJN79PCAAMFX7P2QF70Y3HJM,01KJN7B4V2673GK7HGVSG52R2P,A,B,0,0.0,2.0,1.0
01KJN6MMPQTMDYRN709DP5DSDA,page3-35,01KJN79PCAAMFX7P2QF70Y3HJM,01KJN7BYA5X3A2G30KZECRY2HY,A,B,0,0.0,2.0,1.0
01KJN6MMPQTMDYRN709DP5DSDA,page3-35,01KJN79ZQD1E4YD03FE5CGJY8K,01KJN79ZRTRDMY6RH8ZCYCM9NV,C,A,0,0.18181818181818182,2.0,1.0
01KJN6MMPQTMDYRN709DP5DSDA,page3-35,01KJN79ZQD1E4YD03FE5CGJY8K,01KJN7AAWT4GWKRZ7B9775509P,C,B,0,0.07692307692307693,2.0,1.0
01KJN6MMPQTMDYRN709DP5DSDA,page3-35,01KJN79ZQD1E4YD03FE5CGJY8K,01KJN7B32C1C5254NSG6ZK1GRK,C,A,0,0.0,2.0,1.0
01KJN6MMPQTMDYRN709DP5DSDA,page3-35,01KJN79ZQD1E4YD03FE5CGJY8K,01KJN7B4V2673GK7HGVSG52R2P,C,B,0,0.07692307692307693,2.0,1.0
01KJN6MMPQTMDYRN709DP5DSDA,page3-35,01KJN79ZQD1E4YD03FE5CGJY8K,01KJN7BYA5X3A2G30KZECRY2HY,C,B,0,0.09090909090909091,2.0,1.0
01KJN6MMPQTMDYRN709DP5DSDA,page3-35,01KJN79ZRTRDMY6RH8ZCYCM9NV,01KJN7AAWT4GWKRZ7B9775509P,A,B,0,0.2222222222222222,2.0,1.0
01KJN6MMPQTMDYRN709DP5DSDA,page3-35,01KJN79ZRTRDMY6RH8ZCYCM9NV,01KJN7B32C1C5254NSG6ZK1GRK,A,A,1,0.16666666666666666,2.0,1.0
01KJN6MMPQTMDYRN709DP5DSDA,page3-35,01KJN79ZRTRDMY6RH8ZCYCM9NV,01KJN7B4V2673GK7HGVSG52R2P,A,B,0,0.375,2.0,1.0
01KJN6MMPQTMDYRN709DP5DSDA,page3-35,01KJN79ZRTRDMY6RH8ZCYCM9NV,01KJN7BYA5X3A2G30KZECRY2HY,A,B,0,0.2857142857142857,2.0,1.0
01KJN6MMPQTMDYRN709DP5DSDA,page3-35,01KJN7AAWT4GWKRZ7B9775509P,01KJN7B32C1C5254NSG6ZK1GRK,B,A,0,0.0,2.0,1.0
01KJN6MMPQTMDYRN709DP5DSDA,page3-35,01KJN7AAWT4GWKRZ7B9775509P,01KJN7B4V2673GK7HGVSG52R2P,B,B,1,0.3333333333333333,2.0,1.0
01KJN6MMPQTMDYRN709DP5DSDA,page3-35,01KJN7AAWT4GWKRZ7B9775509P,01KJN7BYA5X3A2G30KZECRY2HY,B,B,1,0.25,2.0,1.0
01KJN6MMPQTMDYRN709DP5DSDA,page3-35,01KJN7B32C1C5254NSG6ZK1GRK,01KJN7B4V2673GK7HGVSG52R2P,A,B,0,0.0,2.0,1.0
01KJN6MMPQTMDYRN709DP5DSDA,page3-35,01KJN7B32C1C5254NSG6ZK1GRK,01KJN7BYA5X3A2G30KZECRY2HY,A,B,0,0.0,2.0,1.0
01KJN6MMPQTMDYRN709DP5DSDA,page3-35,01KJN7B4V2673GK7HGVSG52R2P,01KJN7BYA5X3A2G30KZECRY2HY,B,B,1,0.25,2.0,1.0
01KJN6MMPQTMDYRN709DP5DSDA,page3-35,01KJN77XQHYQ5TVVY4HZM02E7R,01KJN7931DXZ65NXTWK1GNEZMW,C,C,1,0.0,3.0,1.0
01KJN6MMPQTMDYRN709DP5DSDA,page3-35,01KJN77XQHYQ5TVVY4HZM02E7R,01KJN79PCAAMFX7P2QF70Y3HJM,C,A,0,0.0,3.0,1.0
01KJN6MMPQTMDYRN709DP5DSDA,page3-35,01KJN77XQHYQ5TVVY4HZM02E7R,01KJN79ZQD1E4YD03FE5CGJY8K,C,C,1,0.0,3.0,1.0
01KJN6MMPQTMDYRN709DP5DSDA,page3-35,01KJN77XQHYQ5TVVY4HZM02E7R,01KJN79ZRTRDMY6RH8ZCYCM9NV,C,A,0,0.0,3.0,1.0
01KJN6MMPQTMDYRN709DP5DSDA,page3-35,01KJN77XQHYQ5TVVY4HZM02E7R,01KJN7AAWT4GWKRZ7B9775509P,C,B,0,0.0,3.0,1.0
01KJN6MMPQTMDYRN709DP5DSDA,page3-35,01KJN77XQHYQ5TVVY4HZM02E7R,01KJN7B32C1C5254NSG6ZK1GRK,C,A,0,0.0,3.0,1.0
01KJN6MMPQTMDYRN709DP5DSDA,page3-35,01KJN77XQHYQ5TVVY4HZM02E7R,01KJN7B4V2673GK7HGVSG52R2P,C,B,0,0.0,3.0,1.0
01KJN6MMPQTMDYRN709DP5DSDA,page3-35,01KJN77XQHYQ5TVVY4HZM02E7R,01KJN7BYA5X3A2G30KZECRY2HY,C,B,0,0.0,3.0,1.0
01KJN6MMPQTMDYRN709DP5DSDA,page3-35,01KJN7931DXZ65NXTWK1GNEZMW,01KJN79PCAAMFX7P2QF70Y3HJM,C,A,0,0.5,3.0,1.0
01KJN6MMPQTMDYRN709DP5DSDA,page3-35,01KJN7931DXZ65NXTWK1GNEZMW,01KJN79ZQD1E4YD03FE5CGJY8K,C,C,1,0.0,3.0,1.0
01KJN6MMPQTMDYRN709DP5DSDA,page3-35,01KJN7931DXZ65NXTWK1GNEZMW,01KJN79ZRTRDMY6RH8ZCYCM9NV,C,A,0,0.16666666666666666,3.0,1.0
01KJN6MMPQTMDYRN709DP5DSDA,page3-35,01KJN7931DXZ65NXTWK1GNEZMW,01KJN7AAWT4GWKRZ7B9775509P,C,B,0,0.14285714285714285,3.0,1.0
01KJN6MMPQTMDYRN709DP5DSDA,page3-35,01KJN7931DXZ65NXTWK1GNEZMW,01KJN7B32C1C5254NSG6ZK1GRK,C,A,0,0.3333333333333333,3.0,1.0
01KJN6MMPQTMDYRN709DP5DSDA,page3-35,01KJN7931DXZ65NXTWK1GNEZMW,01KJN7B4V2673GK7HGVSG52R2P,C,B,0,0.0,3.0,1.0
01KJN6MMPQTMDYRN709DP5DSDA,page3-35,01KJN7931DXZ65NXTWK1GNEZMW,01KJN7BYA5X3A2G30KZECRY2HY,C,B,0,0.0,3.0,1.0
01KJN6MMPQTMDYRN709DP5DSDA,page3-35,01KJN79PCAAMFX7P2QF70Y3HJM,01KJN79ZQD1E4YD03FE5CGJY8K,A,C,0,0.0,3.0,1.0
01KJN6MMPQTMDYRN709DP5DSDA,page3-35,01KJN79PCAAMFX7P2QF70Y3HJM,01KJN79ZRTRDMY6RH8ZCYCM9NV,A,A,1,0.2,3.0,1.0
01KJN6MMPQTMDYRN709DP5DSDA,page3-35,01KJN79PCAAMFX7P2QF70Y3HJM,01KJN7AAWT4GWKRZ7B9775509P,A,B,0,0.0,3.0,1.0
01KJN6MMPQTMDYRN709DP5DSDA,page3-35,01KJN79PCAAMFX7P2QF70Y3HJM,01KJN7B32C1C5254NSG6ZK1GRK,A,A,1,0.5,3.0,1.0
01KJN6MMPQTMDYRN709DP5DSDA,page3-35,01KJN79PCAAMFX7P2QF70Y3HJM,01KJN7B4V2673GK7HGVSG52R2P,A,B,0,0.0,3.0,1.0
01KJN6MMPQTMDYRN709DP5DSDA,page3-35,01KJN79PCAAMFX7P2QF70Y3HJM,01KJN7BYA5X3A2G30KZECRY2HY,A,B,0,0.0,3.0,1.0
01KJN6MMPQTMDYRN709DP5DSDA,page3-35,01KJN79ZQD1E4YD03FE5CGJY8K,01KJN79ZRTRDMY6RH8ZCYCM9NV,C,A,0,0.125,3.0,1.0
01KJN6MMPQTMDYRN709DP5DSDA,page3-35,01KJN79ZQD1E4YD03FE5CGJY8K,01KJN7AAWT4GWKRZ7B9775509P,C,B,0,0.0,3.0,1.0
01KJN6MMPQTMDYRN709DP5DSDA,page3-35,01KJN79ZQD1E4YD03FE5CGJY8K,01KJN7B32C1C5254NSG6ZK1GRK,C,A,0,0.0,3.0,1.0
01KJN6MMPQTMDYRN709DP5DSDA,page3-35,01KJN79ZQD1E4YD03FE5CGJY8K,01KJN7B4V2673GK7HGVSG52R2P,C,B,0,0.0,3.0,1.0
01KJN6MMPQTMDYRN709DP5DSDA,page3-35,01KJN79ZQD1E4YD03FE5CGJY8K,01KJN7BYA5X3A2G30KZECRY2HY,C,B,0,0.0,3.0,1.0
01KJN6MMPQTMDYRN709DP5DSDA,page3-35,01KJN79ZRTRDMY6RH8ZCYCM9NV,01KJN7AAWT4GWKRZ7B9775509P,A,B,0,0.2222222222222222,3.0,1.0
01KJN6MMPQTMDYRN709DP5DSDA,page3-35,01KJN79ZRTRDMY6RH8ZCYCM9NV,01KJN7B32C1C5254NSG6ZK1GRK,A,A,1,0.16666666666666666,3.0,1.0
01KJN6MMPQTMDYRN709DP5DSDA,page3-35,01KJN79ZRTRDMY6RH8ZCYCM9NV,01KJN7B4V2673GK7HGVSG52R2P,A,B,0,0.0,3.0,1.0
01KJN6MMPQTMDYRN709DP5DSDA,page3-35,01KJN79ZRTRDMY6RH8ZCYCM9NV,01KJN7BYA5X3A2G30KZECRY2HY,A,B,0,0.2857142857142857,3.0,1.0
01KJN6MMPQTMDYRN709DP5DSDA,page3-35,01KJN7AAWT4GWKRZ7B9775509P,01KJN7B32C1C5254NSG6ZK1GRK,B,A,0,0.0,3.0,1.0
01KJN6MMPQTMDYRN709DP5DSDA,page3-35,01KJN7AAWT4GWKRZ7B9775509P,01KJN7B4V2673GK7HGVSG52R2P,B,B,1,0.0,3.0,1.0
01KJN6MMPQTMDYRN709DP5DSDA,page3-35,01KJN7AAWT4GWKRZ7B9775509P,01KJN7BYA5X3A2G30KZECRY2HY,B,B,1,0.25,3.0,1.0
01KJN6MMPQTMDYRN709DP5DSDA,page3-35,01KJN7B32C1C5254NSG6ZK1GRK,01KJN7B4V2673GK7HGVSG52R2P,A,B,0,0.0,3.0,1.0
01KJN6MMPQTMDYRN709DP5DSDA,page3-35,01KJN7B32C1C5254NSG6ZK1GRK,01KJN7BYA5X3A2G30KZECRY2HY,A,B,0,0.0,3.0,1.0
01KJN6MMPQTMDYRN709DP5DSDA,page3-35,01KJN7B4V2673GK7HGVSG52R2P,01KJN7BYA5X3A2G30KZECRY2HY,B,B,1,0.25,3.0,1.0
01KJN6MMPQTMDYRN709DP5DSDA,page3-35,01KJN77XQHYQ5TVVY4HZM02E7R,01KJN7931DXZ65NXTWK1GNEZMW,C,C,1,0.0,4.0,1.0
01KJN6MMPQTMDYRN709DP5DSDA,page3-35,01KJN77XQHYQ5TVVY4HZM02E7R,01KJN79PCAAMFX7P2QF70Y3HJM,C,A,0,0.0,4.0,1.0
01KJN6MMPQTMDYRN709DP5DSDA,page3-35,01KJN77XQHYQ5TVVY4HZM02E7R,01KJN79ZQD1E4YD03FE5CGJY8K,C,C,1,0.0,4.0,1.0
01KJN6MMPQTMDYRN709DP5DSDA,page3-35,01KJN77XQHYQ5TVVY4HZM02E7R,01KJN79ZRTRDMY6RH8ZCYCM9NV,C,A,0,0.0,4.0,1.0
01KJN6MMPQTMDYRN709DP5DSDA,page3-35,01KJN77XQHYQ5TVVY4HZM02E7R,01KJN7AAWT4GWKRZ7B9775509P,C,B,0,0.0,4.0,1.0
01KJN6MMPQTMDYRN709DP5DSDA,page3-35,01KJN77XQHYQ5TVVY4HZM02E7R,01KJN7B32C1C5254NSG6ZK1GRK,C,A,0,0.0,4.0,1.0
01KJN6MMPQTMDYRN709DP5DSDA,page3-35,01KJN77XQHYQ5TVVY4HZM02E7R,01KJN7B4V2673GK7HGVSG52R2P,C,B,0,0.0,4.0,1.0
01KJN6MMPQTMDYRN709DP5DSDA,page3-35,01KJN77XQHYQ5TVVY4HZM02E7R,01KJN7BYA5X3A2G30KZECRY2HY,C,B,0,0.0,4.0,1.0
01KJN6MMPQTMDYRN709DP5DSDA,page3-35,01KJN7931DXZ65NXTWK1GNEZMW,01KJN79PCAAMFX7P2QF70Y3HJM,C,A,0,0.5,4.0,1.0
01KJN6MMPQTMDYRN709DP5DSDA,page3-35,01KJN7931DXZ65NXTWK1GNEZMW,01KJN79ZQD1E4YD03FE5CGJY8K,C,C,1,0.0,4.0,1.0
01KJN6MMPQTMDYRN709DP5DSDA,page3-35,01KJN7931DXZ65NXTWK1GNEZMW,01KJN79ZRTRDMY6RH8ZCYCM9NV,C,A,0,0.0,4.0,1.0
01KJN6MMPQTMDYRN709DP5DSDA,page3-35,01KJN7931DXZ65NXTWK1GNEZMW,01KJN7AAWT4GWKRZ7B9775509P,C,B,0,0.0,4.0,1.0
01KJN6MMPQTMDYRN709DP5DSDA,page3-35,01KJN7931DXZ65NXTWK1GNEZMW,01KJN7B32C1C5254NSG6ZK1GRK,C,A,0,0.3333333333333333,4.0,1.0
01KJN6MMPQTMDYRN709DP5DSDA,page3-35,01KJN7931DXZ65NXTWK1GNEZMW,01KJN7B4V2673GK7HGVSG52R2P,C,B,0,0.0,4.0,1.0
01KJN6MMPQTMDYRN709DP5DSDA,page3-35,01KJN7931DXZ65NXTWK1GNEZMW,01KJN7BYA5X3A2G30KZECRY2HY,C,B,0,0.0,4.0,1.0
01KJN6MMPQTMDYRN709DP5DSDA,page3-35,01KJN79PCAAMFX7P2QF70Y3HJM,01KJN79ZQD1E4YD03FE5CGJY8K,A,C,0,0.0,4.0,1.0
01KJN6MMPQTMDYRN709DP5DSDA,page3-35,01KJN79PCAAMFX7P2QF70Y3HJM,01KJN79ZRTRDMY6RH8ZCYCM9NV,A,A,1,0.0,4.0,1.0
01KJN6MMPQTMDYRN709DP5DSDA,page3-35,01KJN79PCAAMFX7P2QF70Y3HJM,01KJN7AAWT4GWKRZ7B9775509P,A,B,0,0.0,4.0,1.0
01KJN6MMPQTMDYRN709DP5DSDA,page3-35,01KJN79PCAAMFX7P2QF70Y3HJM,01KJN7B32C1C5254NSG6ZK1GRK,A,A,1,0.5,4.0,1.0
01KJN6MMPQTMDYRN709DP5DSDA,page3-35,01KJN79PCAAMFX7P2QF70Y3HJM,01KJN7B4V2673GK7HGVSG52R2P,A,B,0,0.0,4.0,1.0
01KJN6MMPQTMDYRN709DP5DSDA,page3-35,01KJN79PCAAMFX7P2QF70Y3HJM,01KJN7BYA5X3A2G30KZECRY2HY,A,B,0,0.0,4.0,1.0
01KJN6MMPQTMDYRN709DP5DSDA,page3-35,01KJN79ZQD1E4YD03FE5CGJY8K,01KJN79ZRTRDMY6RH8ZCYCM9NV,C,A,0,0.0,4.0,1.0
01KJN6MMPQTMDYRN709DP5DSDA,page3-35,01KJN79ZQD1E4YD03FE5CGJY8K,01KJN7AAWT4GWKRZ7B9775509P,C,B,0,0.0,4.0,1.0
01KJN6MMPQTMDYRN709DP5DSDA,page3-35,01KJN79ZQD1E4YD03FE5CGJY8K,01KJN7B32C1C5254NSG6ZK1GRK,C,A,0,0.0,4.0,1.0
01KJN6MMPQTMDYRN709DP5DSDA,page3-35,01KJN79ZQD1E4YD03FE5CGJY8K,01KJN7B4V2673GK7HGVSG52R2P,C,B,0,0.0,4.0,1.0
01KJN6MMPQTMDYRN709DP5DSDA,page3-35,01KJN79ZQD1E4YD03FE5CGJY8K,01KJN7BYA5X3A2G30KZECRY2HY,C,B,0,0.0,4.0,1.0
01KJN6MMPQTMDYRN709DP5DSDA,page3-35,01KJN79ZRTRDMY6RH8ZCYCM9NV,01KJN7AAWT4GWKRZ7B9775509P,A,B,0,0.0,4.0,1.0
01KJN6MMPQTMDYRN709DP5DSDA,page3-35,01KJN79ZRTRDMY6RH8ZCYCM9NV,01KJN7B32C1C5254NSG6ZK1GRK,A,A,1,0.0,4.0,1.0
01KJN6MMPQTMDYRN709DP5DSDA,page3-35,01KJN79ZRTRDMY6RH8ZCYCM9NV,01KJN7B4V2673GK7HGVSG52R2P,A,B,0,0.0,4.0,1.0
01KJN6MMPQTMDYRN709DP5DSDA,page3-35,01KJN79ZRTRDMY6RH8ZCYCM9NV,01KJN7BYA5X3A2G30KZECRY2HY,A,B,0,0.0,4.0,1.0
01KJN6MMPQTMDYRN709DP5DSDA,page3-35,01KJN7AAWT4GWKRZ7B9775509P,01KJN7B32C1C5254NSG6ZK1GRK,B,A,0,0.0,4.0,1.0
01KJN6MMPQTMDYRN709DP5DSDA,page3-35,01KJN7AAWT4GWKRZ7B9775509P,01KJN7B4V2673GK7HGVSG52R2P,B,B,1,1.0,4.0,1.0
01KJN6MMPQTMDYRN709DP5DSDA,page3-35,01KJN7AAWT4GWKRZ7B9775509P,01KJN7BYA5X3A2G30KZECRY2HY,B,B,1,0.25,4.0,1.0
01KJN6MMPQTMDYRN709DP5DSDA,page3-35,01KJN7B32C1C5254NSG6ZK1GRK,01KJN7B4V2673GK7HGVSG52R2P,A,B,0,0.0,4.0,1.0
01KJN6MMPQTMDYRN709DP5DSDA,page3-35,01KJN7B32C1C5254NSG6ZK1GRK,01KJN7BYA5X3A2G30KZECRY2HY,A,B,0,0.0,4.0,1.0
01KJN6MMPQTMDYRN709DP5DSDA,page3-35,01KJN7B4V2673GK7HGVSG52R2P,01KJN7BYA5X3A2G30KZECRY2HY,B,B,1,0.25,4.0,1.0
01KJN6MMPQTMDYRN709DP5DSDA,page3-35,01KJN77XQHYQ5TVVY4HZM02E7R,01KJN7931DXZ65NXTWK1GNEZMW,C,C,1,0.0,5.0,1.0
01KJN6MMPQTMDYRN709DP5DSDA,page3-35,01KJN77XQHYQ5TVVY4HZM02E7R,01KJN79PCAAMFX7P2QF70Y3HJM,C,A,0,0.0,5.0,1.0
01KJN6MMPQTMDYRN709DP5DSDA,page3-35,01KJN77XQHYQ5TVVY4HZM02E7R,01KJN79ZQD1E4YD03FE5CGJY8K,C,C,1,0.0,5.0,1.0
01KJN6MMPQTMDYRN709DP5DSDA,page3-35,01KJN77XQHYQ5TVVY4HZM02E7R,01KJN79ZRTRDMY6RH8ZCYCM9NV,C,A,0,0.0,5.0,1.0
01KJN6MMPQTMDYRN709DP5DSDA,page3-35,01KJN77XQHYQ5TVVY4HZM02E7R,01KJN7AAWT4GWKRZ7B9775509P,C,B,0,0.0,5.0,1.0
01KJN6MMPQTMDYRN709DP5DSDA,page3-35,01KJN77XQHYQ5TVVY4HZM02E7R,01KJN7B32C1C5254NSG6ZK1GRK,C,A,0,0.0,5.0,1.0
01KJN6MMPQTMDYRN709DP5DSDA,page3-35,01KJN77XQHYQ5TVVY4HZM02E7R,01KJN7B4V2673GK7HGVSG52R2P,C,B,0,0.0,5.0,1.0
01KJN6MMPQTMDYRN709DP5DSDA,page3-35,01KJN77XQHYQ5TVVY4HZM02E7R,01KJN7BYA5X3A2G30KZECRY2HY,C,B,0,0.0,5.0,1.0
01KJN6MMPQTMDYRN709DP5DSDA,page3-35,01KJN7931DXZ65NXTWK1GNEZMW,01KJN79PCAAMFX7P2QF70Y3HJM,C,A,0,0.0,5.0,1.0
01KJN6MMPQTMDYRN709DP5DSDA,page3-35,01KJN7931DXZ65NXTWK1GNEZMW,01KJN79ZQD1E4YD03FE5CGJY8K,C,C,1,0.14285714285714285,5.0,1.0
01KJN6MMPQTMDYRN709DP5DSDA,page3-35,01KJN7931DXZ65NXTWK1GNEZMW,01KJN79ZRTRDMY6RH8ZCYCM9NV,C,A,0,0.0,5.0,1.0
01KJN6MMPQTMDYRN709DP5DSDA,page3-35,01KJN7931DXZ65NXTWK1GNEZMW,01KJN7AAWT4GWKRZ7B9775509P,C,B,0,0.0,5.0,1.0
01KJN6MMPQTMDYRN709DP5DSDA,page3-35,01KJN7931DXZ65NXTWK1GNEZMW,01KJN7B32C1C5254NSG6ZK1GRK,C,A,0,0.0,5.0,1.0
01KJN6MMPQTMDYRN709DP5DSDA,page3-35,01KJN7931DXZ65NXTWK1GNEZMW,01KJN7B4V2673GK7HGVSG52R2P,C,B,0,0.0,5.0,1.0
01KJN6MMPQTMDYRN709DP5DSDA,page3-35,01KJN7931DXZ65NXTWK1GNEZMW,01KJN7BYA5X3A2G30KZECRY2HY,C,B,0,0.0,5.0,1.0
01KJN6MMPQTMDYRN709DP5DSDA,page3-35,01KJN79PCAAMFX7P2QF70Y3HJM,01KJN79ZQD1E4YD03FE5CGJY8K,A,C,0,0.0,5.0,1.0
01KJN6MMPQTMDYRN709DP5DSDA,page3-35,01KJN79PCAAMFX7P2QF70Y3HJM,01KJN79ZRTRDMY6RH8ZCYCM9NV,A,A,1,0.0,5.0,1.0
01KJN6MMPQTMDYRN709DP5DSDA,page3-35,01KJN79PCAAMFX7P2QF70Y3HJM,01KJN7AAWT4GWKRZ7B9775509P,A,B,0,0.0,5.0,1.0
01KJN6MMPQTMDYRN709DP5DSDA,page3-35,01KJN79PCAAMFX7P2QF70Y3HJM,01KJN7B32C1C5254NSG6ZK1GRK,A,A,1,1.0,5.0,1.0
01KJN6MMPQTMDYRN709DP5DSDA,page3-35,01KJN79PCAAMFX7P2QF70Y3HJM,01KJN7B4V2673GK7HGVSG52R2P,A,B,0,0.0,5.0,1.0
01KJN6MMPQTMDYRN709DP5DSDA,page3-35,01KJN79PCAAMFX7P2QF70Y3HJM,01KJN7BYA5X3A2G30KZECRY2HY,A,B,0,0.0,5.0,1.0
01KJN6MMPQTMDYRN709DP5DSDA,page3-35,01KJN79ZQD1E4YD03FE5CGJY8K,01KJN79ZRTRDMY6RH8ZCYCM9NV,C,A,0,0.0,5.0,1.0
01KJN6MMPQTMDYRN709DP5DSDA,page3-35,01KJN79ZQD1E4YD03FE5CGJY8K,01KJN7AAWT4GWKRZ7B9775509P,C,B,0,0.0,5.0,1.0
01KJN6MMPQTMDYRN709DP5DSDA,page3-35,01KJN79ZQD1E4YD03FE5CGJY8K,01KJN7B32C1C5254NSG6ZK1GRK,C,A,0,0.0,5.0,1.0
01KJN6MMPQTMDYRN709DP5DSDA,page3-35,01KJN79ZQD1E4YD03FE5CGJY8K,01KJN7B4V2673GK7HGVSG52R2P,C,B,0,0.0,5.0,1.0
01KJN6MMPQTMDYRN709DP5DSDA,page3-35,01KJN79ZQD1E4YD03FE5CGJY8K,01KJN7BYA5X3A2G30KZECRY2HY,C,B,0,0.0,5.0,1.0
01KJN6MMPQTMDYRN709DP5DSDA,page3-35,01KJN79ZRTRDMY6RH8ZCYCM9NV,01KJN7AAWT4GWKRZ7B9775509P,A,B,0,0.0,5.0,1.0
01KJN6MMPQTMDYRN709DP5DSDA,page3-35,01KJN79ZRTRDMY6RH8ZCYCM9NV,01KJN7B32C1C5254NSG6ZK1GRK,A,A,1,0.0,5.0,1.0
01KJN6MMPQTMDYRN709DP5DSDA,page3-35,01KJN79ZRTRDMY6RH8ZCYCM9NV,01KJN7B4V2673GK7HGVSG52R2P,A,B,0,0.0,5.0,1.0
01KJN6MMPQTMDYRN709DP5DSDA,page3-35,01KJN79ZRTRDMY6RH8ZCYCM9NV,01KJN7BYA5X3A2G30KZECRY2HY,A,B,0,0.0,5.0,1.0
01KJN6MMPQTMDYRN709DP5DSDA,page3-35,01KJN7AAWT4GWKRZ7B9775509P,01KJN7B32C1C5254NSG6ZK1GRK,B,A,0,0.0,5.0,1.0
01KJN6MMPQTMDYRN709DP5DSDA,page3-35,01KJN7AAWT4GWKRZ7B9775509P,01KJN7B4V2673GK7HGVSG52R2P,B,B,1,1.0,5.0,1.0
01KJN6MMPQTMDYRN709DP5DSDA,page3-35,01KJN7AAWT4GWKRZ7B9775509P,01KJN7BYA5X3A2G30KZECRY2HY,B,B,1,1.0,5.0,1.0
01KJN6MMPQTMDYRN709DP5DSDA,page3-35,01KJN7B32C1C5254NSG6ZK1GRK,01KJN7B4V2673GK7HGVSG52R2P,A,B,0,0.0,5.0,1.0
01KJN6MMPQTMDYRN709DP5DSDA,page3-35,01KJN7B32C1C5254NSG6ZK1GRK,01KJN7BYA5X3A2G30KZECRY2HY,A,B,0,0.0,5.0,1.0
01KJN6MMPQTMDYRN709DP5DSDA,page3-35,01KJN7B4V2673GK7HGVSG52R2P,01KJN7BYA5X3A2G30KZECRY2HY,B,B,1,1.0,5.0,1.0
01KJN6MMPQTMDYRN709DP5DSDA,page5-28,01KJN77XQHYQ5TVVY4HZM02E7R,01KJN79PCAAMFX7P2QF70Y3HJM,C,A,0,0.0,1.0,1.0
01KJN6MMPQTMDYRN709DP5DSDA,page5-28,01KJN77XQHYQ5TVVY4HZM02E7R,01KJN79ZQD1E4YD03FE5CGJY8K,C,C,1,0.06666666666666667,1.0,1.0
01KJN6MMPQTMDYRN709DP5DSDA,page5-28,01KJN77XQHYQ5TVVY4HZM02E7R,01KJN79ZRTRDMY6RH8ZCYCM9NV,C,A,0,0.18181818181818182,1.0,1.0
01KJN6MMPQTMDYRN709DP5DSDA,page5-28,01KJN77XQHYQ5TVVY4HZM02E7R,01KJN7AAWT4GWKRZ7B9775509P,C,B,0,0.18181818181818182,1.0,1.0
01KJN6MMPQTMDYRN709DP5DSDA,page5-28,01KJN77XQHYQ5TVVY4HZM02E7R,01KJN7B4V2673GK7HGVSG52R2P,C,B,0,0.0,1.0,1.0
01KJN6MMPQTMDYRN709DP5DSDA,page5-28,01KJN79PCAAMFX7P2QF70Y3HJM,01KJN79ZQD1E4YD03FE5CGJY8K,A,C,0,0.0,1.0,1.0
01KJN6MMPQTMDYRN709DP5DSDA,page5-28,01KJN79PCAAMFX7P2QF70Y3HJM,01KJN79ZRTRDMY6RH8ZCYCM9NV,A,A,1,0.08333333333333333,1.0,1.0
01KJN6MMPQTMDYRN709DP5DSDA,page5-28,01KJN79PCAAMFX7P2QF70Y3HJM,01KJN7AAWT4GWKRZ7B9775509P,A,B,0,0.4444444444444444,1.0,1.0
01KJN6MMPQTMDYRN709DP5DSDA,page5-28,01KJN79PCAAMFX7P2QF70Y3HJM,01KJN7B4V2673GK7HGVSG52R2P,A,B,0,0.09090909090909091,1.0,1.0
01KJN6MMPQTMDYRN709DP5DSDA,page5-28,01KJN79ZQD1E4YD03FE5CGJY8K,01KJN79ZRTRDMY6RH8ZCYCM9NV,C,A,0,0.13333333333333333,1.0,1.0
01KJN6MMPQTMDYRN709DP5DSDA,page5-28,01KJN79ZQD1E4YD03FE5CGJY8K,01KJN7AAWT4GWKRZ7B9775509P,C,B,0,0.0625,1.0,1.0
01KJN6MMPQTMDYRN709DP5DSDA,page5-28,01KJN79ZQD1E4YD03FE5CGJY8K,01KJN7B4V2673GK7HGVSG52R2P,C,B,0,0.0,1.0,1.0
01KJN6MMPQTMDYRN709DP5DSDA,page5-28,01KJN79ZRTRDMY6RH8ZCYCM9NV,01KJN7AAWT4GWKRZ7B9775509P,A,B,0,0.16666666666666666,1.0,1.0
01KJN6MMPQTMDYRN709DP5DSDA,page5-28,01KJN79ZRTRDMY6RH8ZCYCM9NV,01KJN7B4V2673GK7HGVSG52R2P,A,B,0,0.0,1.0,1.0
01KJN6MMPQTMDYRN709DP5DSDA,page5-28,01KJN7AAWT4GWKRZ7B9775509P,01KJN7B4V2673GK7HGVSG52R2P,B,B,1,0.08333333333333333,1.0,1.0
01KJN6MMPQTMDYRN709DP5DSDA,page5-28,01KJN77XQHYQ5TVVY4HZM02E7R,01KJN7931DXZ65NXTWK1GNEZMW,C,C,1,0.5,2.0,1.0
01KJN6MMPQTMDYRN709DP5DSDA,page5-28,01KJN77XQHYQ5TVVY4HZM02E7R,01KJN79PCAAMFX7P2QF70Y3HJM,C,A,0,0.0,2.0,1.0
01KJN6MMPQTMDYRN709DP5DSDA,page5-28,01KJN77XQHYQ5TVVY4HZM02E7R,01KJN79ZQD1E4YD03FE5CGJY8K,C,C,1,0.06666666666666667,2.0,1.0
01KJN6MMPQTMDYRN709DP5DSDA,page5-28,01KJN77XQHYQ5TVVY4HZM02E7R,01KJN79ZRTRDMY6RH8ZCYCM9NV,C,A,0,0.18181818181818182,2.0,1.0
01KJN6MMPQTMDYRN709DP5DSDA,page5-28,01KJN77XQHYQ5TVVY4HZM02E7R,01KJN7AAWT4GWKRZ7B9775509P,C,B,0,0.18181818181818182,2.0,1.0
01KJN6MMPQTMDYRN709DP5DSDA,page5-28,01KJN77XQHYQ5TVVY4HZM02E7R,01KJN7B32C1C5254NSG6ZK1GRK,C,A,0,0.0,2.0,1.0
01KJN6MMPQTMDYRN709DP5DSDA,page5-28,01KJN77XQHYQ5TVVY4HZM02E7R,01KJN7B4V2673GK7HGVSG52R2P,C,B,0,0.0,2.0,1.0
01KJN6MMPQTMDYRN709DP5DSDA,page5-28,01KJN77XQHYQ5TVVY4HZM02E7R,01KJN7BYA5X3A2G30KZECRY2HY,C,B,0,0.2,2.0,1.0
01KJN6MMPQTMDYRN709DP5DSDA,page5-28,01KJN7931DXZ65NXTWK1GNEZMW,01KJN79PCAAMFX7P2QF70Y3HJM,C,A,0,0.09090909090909091,2.0,1.0
01KJN6MMPQTMDYRN709DP5DSDA,page5-28,01KJN7931DXZ65NXTWK1GNEZMW,01KJN79ZQD1E4YD03FE5CGJY8K,C,C,1,0.06666666666666667,2.0,1.0
01KJN6MMPQTMDYRN709DP5DSDA,page5-28,01KJN7931DXZ65NXTWK1GNEZMW,01KJN79ZRTRDMY6RH8ZCYCM9NV,C,A,0,0.08333333333333333,2.0,1.0
01KJN6MMPQTMDYRN709DP5DSDA,page5-28,01KJN7931DXZ65NXTWK1GNEZMW,01KJN7AAWT4GWKRZ7B9775509P,C,B,0,0.18181818181818182,2.0,1.0
01KJN6MMPQTMDYRN709DP5DSDA,page5-28,01KJN7931DXZ65NXTWK1GNEZMW,01KJN7B32C1C5254NSG6ZK1GRK,C,A,0,0.0,2.0,1.0
01KJN6MMPQTMDYRN709DP5DSDA,page5-28,01KJN7931DXZ65NXTWK1GNEZMW,01KJN7B4V2673GK7HGVSG52R2P,C,B,0,0.09090909090909091,2.0,1.0
01KJN6MMPQTMDYRN709DP5DSDA,page5-28,01KJN7931DXZ65NXTWK1GNEZMW,01KJN7BYA5X3A2G30KZECRY2HY,C,B,0,0.2,2.0,1.0
01KJN6MMPQTMDYRN709DP5DSDA,page5-28,01KJN79PCAAMFX7P2QF70Y3HJM,01KJN79ZQD1E4YD03FE5CGJY8K,A,C,0,0.0,2.0,1.0
01KJN6MMPQTMDYRN709DP5DSDA,page5-28,01KJN79PCAAMFX7P2QF70Y3HJM,01KJN79ZRTRDMY6RH8ZCYCM9NV,A,A,1,0.08333333333333333,2.0,1.0
01KJN6MMPQTMDYRN709DP5DSDA,page5-28,01KJN79PCAAMFX7P2QF70Y3HJM,01KJN7AAWT4GWKRZ7B9775509P,A,B,0,0.4444444444444444,2.0,1.0
01KJN6MMPQTMDYRN709DP5DSDA,page5-28,01KJN79PCAAMFX7P2QF70Y3HJM,01KJN7B32C1C5254NSG6ZK1GRK,A,A,1,0.0,2.0,1.0
01KJN6MMPQTMDYRN709DP5DSDA,page5-28,01KJN79PCAAMFX7P2QF70Y3HJM,01KJN7B4V2673GK7HGVSG52R2P,A,B,0,0.09090909090909091,2.0,1.0
01KJN6MMPQTMDYRN709DP5DSDA,page5-28,01KJN79PCAAMFX7P2QF70Y3HJM,01KJN7BYA5X3A2G30KZECRY2HY,A,B,0,0.09090909090909091,2.0,1.0
01KJN6MMPQTMDYRN709DP5DSDA,page5-28,01KJN79ZQD1E4YD03FE5CGJY8K,01KJN79ZRTRDMY6RH8ZCYCM9NV,C,A,0,0.13333333333333333,2.0,1.0
01KJN6MMPQTMDYRN709DP5DSDA,page5-28,01KJN79ZQD1E4YD03FE5CGJY8K,01KJN7AAWT4GWKRZ7B9775509P,C,B,0,0.0625,2.0,1.0
01KJN6MMPQTMDYRN709DP5DSDA,page5-28,01KJN79ZQD1E4YD03FE5CGJY8K,01KJN7B32C1C5254NSG6ZK1GRK,C,A,0,0.0,2.0,1.0
01KJN6MMPQTMDYRN709DP5DSDA,page5-28,01KJN79ZQD1E4YD03FE5CGJY8K,01KJN7B4V2673GK7HGVSG52R2P,C,B,0,0.0,2.0,1.0
01KJN6MMPQTMDYRN709DP5DSDA,page5-28,01KJN79ZQD1E4YD03FE5CGJY8K,01KJN7BYA5X3A2G30KZECRY2HY,C,B,0,0.06666666666666667,2.0,1.0
01KJN6MMPQTMDYRN709DP5DSDA,page5-28,01KJN79ZRTRDMY6RH8ZCYCM9NV,01KJN7AAWT4GWKRZ7B9775509P,A,B,0,0.16666666666666666,2.0,1.0
01KJN6MMPQTMDYRN709DP5DSDA,page5-28,01KJN79ZRTRDMY6RH8ZCYCM9NV,01KJN7B32C1C5254NSG6ZK1GRK,A,A,1,0.1111111111111111,2.0,1.0
01KJN6MMPQTMDYRN709DP5DSDA,page5-28,01KJN79ZRTRDMY6RH8ZCYCM9NV,01KJN7B4V2673GK7HGVSG52R2P,A,B,0,0.0,2.0,1.0
01KJN6MMPQTMDYRN709DP5DSDA,page5-28,01KJN79ZRTRDMY6RH8ZCYCM9NV,01KJN7BYA5X3A2G30KZECRY2HY,A,B,0,0.08333333333333333,2.0,1.0
01KJN6MMPQTMDYRN709DP5DSDA,page5-28,01KJN7AAWT4GWKRZ7B9775509P,01KJN7B32C1C5254NSG6ZK1GRK,B,A,0,0.0,2.0,1.0
01KJN6MMPQTMDYRN709DP5DSDA,page5-28,01KJN7AAWT4GWKRZ7B9775509P,01KJN7B4V2673GK7HGVSG52R2P,B,B,1,0.08333333333333333,2.0,1.0
01KJN6MMPQTMDYRN709DP5DSDA,page5-28,01KJN7AAWT4GWKRZ7B9775509P,01KJN7BYA5X3A2G30KZECRY2HY,B,B,1,0.4444444444444444,2.0,1.0
01KJN6MMPQTMDYRN709DP5DSDA,page5-28,01KJN7B32C1C5254NSG6ZK1GRK,01KJN7B4V2673GK7HGVSG52R2P,A,B,0,0.0,2.0,1.0
01KJN6MMPQTMDYRN709DP5DSDA,page5-28,01KJN7B32C1C5254NSG6ZK1GRK,01KJN7BYA5X3A2G30KZECRY2HY,A,B,0,0.0,2.0,1.0
01KJN6MMPQTMDYRN709DP5DSDA,page5-28,01KJN7B4V2673GK7HGVSG52R2P,01KJN7BYA5X3A2G30KZECRY2HY,B,B,1,0.2,2.0,1.0
01KJN6MMPQTMDYRN709DP5DSDA,page5-28,01KJN77XQHYQ5TVVY4HZM02E7R,01KJN7931DXZ65NXTWK1GNEZMW,C,C,1,0.5,3.0,1.0
01KJN6MMPQTMDYRN709DP5DSDA,page5-28,01KJN77XQHYQ5TVVY4HZM02E7R,01KJN79PCAAMFX7P2QF70Y3HJM,C,A,0,0.0,3.0,1.0
01KJN6MMPQTMDYRN709DP5DSDA,page5-28,01KJN77XQHYQ5TVVY4HZM02E7R,01KJN79ZQD1E4YD03FE5CGJY8K,C,C,1,0.5,3.0,1.0
01KJN6MMPQTMDYRN709DP5DSDA,page5-28,01KJN77XQHYQ5TVVY4HZM02E7R,01KJN79ZRTRDMY6RH8ZCYCM9NV,C,A,0,0.18181818181818182,3.0,1.0
01KJN6MMPQTMDYRN709DP5DSDA,page5-28,01KJN77XQHYQ5TVVY4HZM02E7R,01KJN7AAWT4GWKRZ7B9775509P,C,B,0,0.18181818181818182,3.0,1.0
01KJN6MMPQTMDYRN709DP5DSDA,page5-28,01KJN77XQHYQ5TVVY4HZM02E7R,01KJN7B32C1C5254NSG6ZK1GRK,C,A,0,0.0,3.0,1.0
01KJN6MMPQTMDYRN709DP5DSDA,page5-28,01KJN77XQHYQ5TVVY4HZM02E7R,01KJN7B4V2673GK7HGVSG52R2P,C,B,0,0.1111111111111111,3.0,1.0
01KJN6MMPQTMDYRN709DP5DSDA,page5-28,01KJN77XQHYQ5TVVY4HZM02E7R,01KJN7BYA5X3A2G30KZECRY2HY,C,B,0,0.2,3.0,1.0
01KJN6MMPQTMDYRN709DP5DSDA,page5-28,01KJN7931DXZ65NXTWK1GNEZMW,01KJN79PCAAMFX7P2QF70Y3HJM,C,A,0,0.0,3.0,1.0
01KJN6MMPQTMDYRN709DP5DSDA,page5-28,01KJN7931DXZ65NXTWK1GNEZMW,01KJN79ZQD1E4YD03FE5CGJY8K,C,C,1,0.5,3.0,1.0
01KJN6MMPQTMDYRN709DP5DSDA,page5-28,01KJN7931DXZ65NXTWK1GNEZMW,01KJN79ZRTRDMY6RH8ZCYCM9NV,C,A,0,0.08333333333333333,3.0,1.0
01KJN6MMPQTMDYRN709DP5DSDA,page5-28,01KJN7931DXZ65NXTWK1GNEZMW,01KJN7AAWT4GWKRZ7B9775509P,C,B,0,0.18181818181818182,3.0,1.0
01KJN6MMPQTMDYRN709DP5DSDA,page5-28,01KJN7931DXZ65NXTWK1GNEZMW,01KJN7B32C1C5254NSG6ZK1GRK,C,A,0,0.0,3.0,1.0
01KJN6MMPQTMDYRN709DP5DSDA,page5-28,01KJN7931DXZ65NXTWK1GNEZMW,01KJN7B4V2673GK7HGVSG52R2P,C,B,0,0.1111111111111111,3.0,1.0
01KJN6MMPQTMDYRN709DP5DSDA,page5-28,01KJN7931DXZ65NXTWK1GNEZMW,01KJN7BYA5X3A2G30KZECRY2HY,C,B,0,0.2,3.0,1.0
01KJN6MMPQTMDYRN709DP5DSDA,page5-28,01KJN79PCAAMFX7P2QF70Y3HJM,01KJN79ZQD1E4YD03FE5CGJY8K,A,C,0,0.0,3.0,1.0
01KJN6MMPQTMDYRN709DP5DSDA,page5-28,01KJN79PCAAMFX7P2QF70Y3HJM,01KJN79ZRTRDMY6RH8ZCYCM9NV,A,A,1,0.14285714285714285,3.0,1.0
01KJN6MMPQTMDYRN709DP5DSDA,page5-28,01KJN79PCAAMFX7P2QF70Y3HJM,01KJN7AAWT4GWKRZ7B9775509P,A,B,0,0.0,3.0,1.0
01KJN6MMPQTMDYRN709DP5DSDA,page5-28,01KJN79PCAAMFX7P2QF70Y3HJM,01KJN7B32C1C5254NSG6ZK1GRK,A,A,1,0.3333333333333333,3.0,1.0
01KJN6MMPQTMDYRN709DP5DSDA,page5-28,01KJN79PCAAMFX7P2QF70Y3HJM,01KJN7B4V2673GK7HGVSG52R2P,A,B,0,0.0,3.0,1.0
01KJN6MMPQTMDYRN709DP5DSDA,page5-28,01KJN79PCAAMFX7P2QF70Y3HJM,01KJN7BYA5X3A2G30KZECRY2HY,A,B,0,0.0,3.0,1.0
01KJN6MMPQTMDYRN709DP5DSDA,page5-28,01KJN79ZQD1E4YD03FE5CGJY8K,01KJN79ZRTRDMY6RH8ZCYCM9NV,C,A,0,0.0,3.0,1.0
01KJN6MMPQTMDYRN709DP5DSDA,page5-28,01KJN79ZQD1E4YD03FE5CGJY8K,01KJN7AAWT4GWKRZ7B9775509P,C,B,0,0.0,3.0,1.0
01KJN6MMPQTMDYRN709DP5DSDA,page5-28,01KJN79ZQD1E4YD03FE5CGJY8K,01KJN7B32C1C5254NSG6ZK1GRK,C,A,0,0.0,3.0,1.0
01KJN6MMPQTMDYRN709DP5DSDA,page5-28,01KJN79ZQD1E4YD03FE5CGJY8K,01KJN7B4V2673GK7HGVSG52R2P,C,B,0,0.0,3.0,1.0
01KJN6MMPQTMDYRN709DP5DSDA,page5-28,01KJN79ZQD1E4YD03FE5CGJY8K,01KJN7BYA5X3A2G30KZECRY2HY,C,B,0,0.0,3.0,1.0
01KJN6MMPQTMDYRN709DP5DSDA,page5-28,01KJN79ZRTRDMY6RH8ZCYCM9NV,01KJN7AAWT4GWKRZ7B9775509P,A,B,0,0.16666666666666666,3.0,1.0
01KJN6MMPQTMDYRN709DP5DSDA,page5-28,01KJN79ZRTRDMY6RH8ZCYCM9NV,01KJN7B32C1C5254NSG6ZK1GRK,A,A,1,0.1111111111111111,3.0,1.0
01KJN6MMPQTMDYRN709DP5DSDA,page5-28,01KJN79ZRTRDMY6RH8ZCYCM9NV,01KJN7B4V2673GK7HGVSG52R2P,A,B,0,0.1,3.0,1.0
01KJN6MMPQTMDYRN709DP5DSDA,page5-28,01KJN79ZRTRDMY6RH8ZCYCM9NV,01KJN7BYA5X3A2G30KZECRY2HY,A,B,0,0.08333333333333333,3.0,1.0
01KJN6MMPQTMDYRN709DP5DSDA,page5-28,01KJN7AAWT4GWKRZ7B9775509P,01KJN7B32C1C5254NSG6ZK1GRK,B,A,0,0.0,3.0,1.0
01KJN6MMPQTMDYRN709DP5DSDA,page5-28,01KJN7AAWT4GWKRZ7B9775509P,01KJN7B4V2673GK7HGVSG52R2P,B,B,1,0.1,3.0,1.0
01KJN6MMPQTMDYRN709DP5DSDA,page5-28,01KJN7AAWT4GWKRZ7B9775509P,01KJN7BYA5X3A2G30KZECRY2HY,B,B,1,0.4444444444444444,3.0,1.0
01KJN6MMPQTMDYRN709DP5DSDA,page5-28,01KJN7B32C1C5254NSG6ZK1GRK,01KJN7B4V2673GK7HGVSG52R2P,A,B,0,0.0,3.0,1.0
01KJN6MMPQTMDYRN709DP5DSDA,page5-28,01KJN7B32C1C5254NSG6ZK1GRK,01KJN7BYA5X3A2G30KZECRY2HY,A,B,0,0.0,3.0,1.0
01KJN6MMPQTMDYRN709DP5DSDA,page5-28,01KJN7B4V2673GK7HGVSG52R2P,01KJN7BYA5X3A2G30KZECRY2HY,B,B,1,0.25,3.0,1.0
01KJN6MMPQTMDYRN709DP5DSDA,page5-28,01KJN77XQHYQ5TVVY4HZM02E7R,01KJN7931DXZ65NXTWK1GNEZMW,C,C,1,0.14285714285714285,4.0,1.0
01KJN6MMPQTMDYRN709DP5DSDA,page5-28,01KJN77XQHYQ5TVVY4HZM02E7R,01KJN79PCAAMFX7P2QF70Y3HJM,C,A,0,0.0,4.0,1.0
01KJN6MMPQTMDYRN709DP5DSDA,page5-28,01KJN77XQHYQ5TVVY4HZM02E7R,01KJN79ZQD1E4YD03FE5CGJY8K,C,C,1,0.25,4.0,1.0
01KJN6MMPQTMDYRN709DP5DSDA,page5-28,01KJN77XQHYQ5TVVY4HZM02E7R,01KJN79ZRTRDMY6RH8ZCYCM9NV,C,A,0,0.0,4.0,1.0
01KJN6MMPQTMDYRN709DP5DSDA,page5-28,01KJN77XQHYQ5TVVY4HZM02E7R,01KJN7AAWT4GWKRZ7B9775509P,C,B,0,0.0,4.0,1.0
01KJN6MMPQTMDYRN709DP5DSDA,page5-28,01KJN77XQHYQ5TVVY4HZM02E7R,01KJN7B32C1C5254NSG6ZK1GRK,C,A,0,0.0,4.0,1.0
01KJN6MMPQTMDYRN709DP5DSDA,page5-28,01KJN77XQHYQ5TVVY4HZM02E7R,01KJN7B4V2673GK7HGVSG52R2P,C,B,0,0.0,4.0,1.0
01KJN6MMPQTMDYRN709DP5DSDA,page5-28,01KJN77XQHYQ5TVVY4HZM02E7R,01KJN7BYA5X3A2G30KZECRY2HY,C,B,0,0.0,4.0,1.0
01KJN6MMPQTMDYRN709DP5DSDA,page5-28,01KJN7931DXZ65NXTWK1GNEZMW,01KJN79PCAAMFX7P2QF70Y3HJM,C,A,0,0.0,4.0,1.0
01KJN6MMPQTMDYRN709DP5DSDA,page5-28,01KJN7931DXZ65NXTWK1GNEZMW,01KJN79ZQD1E4YD03FE5CGJY8K,C,C,1,0.5,4.0,1.0
01KJN6MMPQTMDYRN709DP5DSDA,page5-28,01KJN7931DXZ65NXTWK1GNEZMW,01KJN79ZRTRDMY6RH8ZCYCM9NV,C,A,0,0.0,4.0,1.0
01KJN6MMPQTMDYRN709DP5DSDA,page5-28,01KJN7931DXZ65NXTWK1GNEZMW,01KJN7AAWT4GWKRZ7B9775509P,C,B,0,0.1,4.0,1.0
01KJN6MMPQTMDYRN709DP5DSDA,page5-28,01KJN7931DXZ65NXTWK1GNEZMW,01KJN7B32C1C5254NSG6ZK1GRK,C,A,0,0.0,4.0,1.0
01KJN6MMPQTMDYRN709DP5DSDA,page5-28,01KJN7931DXZ65NXTWK1GNEZMW,01KJN7B4V2673GK7HGVSG52R2P,C,B,0,0.1111111111111111,4.0,1.0
01KJN6MMPQTMDYRN709DP5DSDA,page5-28,01KJN7931DXZ65NXTWK1GNEZMW,01KJN7BYA5X3A2G30KZECRY2HY,C,B,0,0.2,4.0,1.0
01KJN6MMPQTMDYRN709DP5DSDA,page5-28,01KJN79PCAAMFX7P2QF70Y3HJM,01KJN79ZQD1E4YD03FE5CGJY8K,A,C,0,0.0,4.0,1.0
01KJN6MMPQTMDYRN709DP5DSDA,page5-28,01KJN79PCAAMFX7P2QF70Y3HJM,01KJN79ZRTRDMY6RH8ZCYCM9NV,A,A,1,1.0,4.0,1.0
01KJN6MMPQTMDYRN709DP5DSDA,page5-28,01KJN79PCAAMFX7P2QF70Y3HJM,01KJN7AAWT4GWKRZ7B9775509P,A,B,0,0.0,4.0,1.0
01KJN6MMPQTMDYRN709DP5DSDA,page5-28,01KJN79PCAAMFX7P2QF70Y3HJM,01KJN7B32C1C5254NSG6ZK1GRK,A,A,1,0.3333333333333333,4.0,1.0
01KJN6MMPQTMDYRN709DP5DSDA,page5-28,01KJN79PCAAMFX7P2QF70Y3HJM,01KJN7B4V2673GK7HGVSG52R2P,A,B,0,0.0,4.0,1.0
01KJN6MMPQTMDYRN709DP5DSDA,page5-28,01KJN79PCAAMFX7P2QF70Y3HJM,01KJN7BYA5X3A2G30KZECRY2HY,A,B,0,0.0,4.0,1.0
01KJN6MMPQTMDYRN709DP5DSDA,page5-28,01KJN79ZQD1E4YD03FE5CGJY8K,01KJN79ZRTRDMY6RH8ZCYCM9NV,C,A,0,0.0,4.0,1.0
01KJN6MMPQTMDYRN709DP5DSDA,page5-28,01KJN79ZQD1E4YD03FE5CGJY8K,01KJN7AAWT4GWKRZ7B9775509P,C,B,0,0.0,4.0,1.0
01KJN6MMPQTMDYRN709DP5DSDA,page5-28,01KJN79ZQD1E4YD03FE5CGJY8K,01KJN7B32C1C5254NSG6ZK1GRK,C,A,0,0.0,4.0,1.0
01KJN6MMPQTMDYRN709DP5DSDA,page5-28,01KJN79ZQD1E4YD03FE5CGJY8K,01KJN7B4V2673GK7HGVSG52R2P,C,B,0,0.0,4.0,1.0
01KJN6MMPQTMDYRN709DP5DSDA,page5-28,01KJN79ZQD1E4YD03FE5CGJY8K,01KJN7BYA5X3A2G30KZECRY2HY,C,B,0,0.0,4.0,1.0
01KJN6MMPQTMDYRN709DP5DSDA,page5-28,01KJN79ZRTRDMY6RH8ZCYCM9NV,01KJN7AAWT4GWKRZ7B9775509P,A,B,0,0.0,4.0,1.0
01KJN6MMPQTMDYRN709DP5DSDA,page5-28,01KJN79ZRTRDMY6RH8ZCYCM9NV,01KJN7B32C1C5254NSG6ZK1GRK,A,A,1,0.3333333333333333,4.0,1.0
01KJN6MMPQTMDYRN709DP5DSDA,page5-28,01KJN79ZRTRDMY6RH8ZCYCM9NV,01KJN7B4V2673GK7HGVSG52R2P,A,B,0,0.0,4.0,1.0
01KJN6MMPQTMDYRN709DP5DSDA,page5-28,01KJN79ZRTRDMY6RH8ZCYCM9NV,01KJN7BYA5X3A2G30KZECRY2HY,A,B,0,0.0,4.0,1.0
01KJN6MMPQTMDYRN709DP5DSDA,page5-28,01KJN7AAWT4GWKRZ7B9775509P,01KJN7B32C1C5254NSG6ZK1GRK,B,A,0,0.0,4.0,1.0
01KJN6MMPQTMDYRN709DP5DSDA,page5-28,01KJN7AAWT4GWKRZ7B9775509P,01KJN7B4V2673GK7HGVSG52R2P,B,B,1,0.5,4.0,1.0
01KJN6MMPQTMDYRN709DP5DSDA,page5-28,01KJN7AAWT4GWKRZ7B9775509P,01KJN7BYA5X3A2G30KZECRY2HY,B,B,1,0.375,4.0,1.0
01KJN6MMPQTMDYRN709DP5DSDA,page5-28,01KJN7B32C1C5254NSG6ZK1GRK,01KJN7B4V2673GK7HGVSG52R2P,A,B,0,0.0,4.0,1.0
01KJN6MMPQTMDYRN709DP5DSDA,page5-28,01KJN7B32C1C5254NSG6ZK1GRK,01KJN7BYA5X3A2G30KZECRY2HY,A,B,0,0.0,4.0,1.0
01KJN6MMPQTMDYRN709DP5DSDA,page5-28,01KJN7B4V2673GK7HGVSG52R2P,01KJN7BYA5X3A2G30KZECRY2HY,B,B,1,0.25,4.0,1.0
01KJN6MMPQTMDYRN709DP5DSDA,page5-28,01KJN77XQHYQ5TVVY4HZM02E7R,01KJN7931DXZ65NXTWK1GNEZMW,C,C,1,0.25,5.0,1.0
01KJN6MMPQTMDYRN709DP5DSDA,page5-28,01KJN77XQHYQ5TVVY4HZM02E7R,01KJN79PCAAMFX7P2QF70Y3HJM,C,A,0,0.0,5.0,1.0
01KJN6MMPQTMDYRN709DP5DSDA,page5-28,01KJN77XQHYQ5TVVY4HZM02E7R,01KJN79ZQD1E4YD03FE5CGJY8K,C,C,1,0.25,5.0,1.0
01KJN6MMPQTMDYRN709DP5DSDA,page5-28,01KJN77XQHYQ5TVVY4HZM02E7R,01KJN79ZRTRDMY6RH8ZCYCM9NV,C,A,0,0.0,5.0,1.0
01KJN6MMPQTMDYRN709DP5DSDA,page5-28,01KJN77XQHYQ5TVVY4HZM02E7R,01KJN7AAWT4GWKRZ7B9775509P,C,B,0,0.0,5.0,1.0
01KJN6MMPQTMDYRN709DP5DSDA,page5-28,01KJN77XQHYQ5TVVY4HZM02E7R,01KJN7B32C1C5254NSG6ZK1GRK,C,A,0,0.0,5.0,1.0
01KJN6MMPQTMDYRN709DP5DSDA,page5-28,01KJN77XQHYQ5TVVY4HZM02E7R,01KJN7B4V2673GK7HGVSG52R2P,C,B,0,0.0,5.0,1.0
01KJN6MMPQTMDYRN709DP5DSDA,page5-28,01KJN77XQHYQ5TVVY4HZM02E7R,01KJN7BYA5X3A2G30KZECRY2HY,C,B,0,0.0,5.0,1.0
01KJN6MMPQTMDYRN709DP5DSDA,page5-28,01KJN7931DXZ65NXTWK1GNEZMW,01KJN79PCAAMFX7P2QF70Y3HJM,C,A,0,0.0,5.0,1.0
01KJN6MMPQTMDYRN709DP5DSDA,page5-28,01KJN7931DXZ65NXTWK1GNEZMW,01KJN79ZQD1E4YD03FE5CGJY8K,C,C,1,1.0,5.0,1.0
01KJN6MMPQTMDYRN709DP5DSDA,page5-28,01KJN7931DXZ65NXTWK1GNEZMW,01KJN79ZRTRDMY6RH8ZCYCM9NV,C,A,0,0.0,5.0,1.0
01KJN6MMPQTMDYRN709DP5DSDA,page5-28,01KJN7931DXZ65NXTWK1GNEZMW,01KJN7AAWT4GWKRZ7B9775509P,C,B,0,0.0,5.0,1.0
01KJN6MMPQTMDYRN709DP5DSDA,page5-28,01KJN7931DXZ65NXTWK1GNEZMW,01KJN7B32C1C5254NSG6ZK1GRK,C,A,0,0.0,5.0,1.0
01KJN6MMPQTMDYRN709DP5DSDA,page5-28,01KJN7931DXZ65NXTWK1GNEZMW,01KJN7B4V2673GK7HGVSG52R2P,C,B,0,0.0,5.0,1.0
01KJN6MMPQTMDYRN709DP5DSDA,page5-28,01KJN7931DXZ65NXTWK1GNEZMW,01KJN7BYA5X3A2G30KZECRY2HY,C,B,0,0.0,5.0,1.0
01KJN6MMPQTMDYRN709DP5DSDA,page5-28,01KJN79PCAAMFX7P2QF70Y3HJM,01KJN79ZQD1E4YD03FE5CGJY8K,A,C,0,0.0,5.0,1.0
01KJN6MMPQTMDYRN709DP5DSDA,page5-28,01KJN79PCAAMFX7P2QF70Y3HJM,01KJN79ZRTRDMY6RH8ZCYCM9NV,A,A,1,1.0,5.0,1.0
01KJN6MMPQTMDYRN709DP5DSDA,page5-28,01KJN79PCAAMFX7P2QF70Y3HJM,01KJN7AAWT4GWKRZ7B9775509P,A,B,0,0.0,5.0,1.0
01KJN6MMPQTMDYRN709DP5DSDA,page5-28,01KJN79PCAAMFX7P2QF70Y3HJM,01KJN7B32C1C5254NSG6ZK1GRK,A,A,1,1.0,5.0,1.0
01KJN6MMPQTMDYRN709DP5DSDA,page5-28,01KJN79PCAAMFX7P2QF70Y3HJM,01KJN7B4V2673GK7HGVSG52R2P,A,B,0,0.0,5.0,1.0
01KJN6MMPQTMDYRN709DP5DSDA,page5-28,01KJN79PCAAMFX7P2QF70Y3HJM,01KJN7BYA5X3A2G30KZECRY2HY,A,B,0,0.0,5.0,1.0
01KJN6MMPQTMDYRN709DP5DSDA,page5-28,01KJN79ZQD1E4YD03FE5CGJY8K,01KJN79ZRTRDMY6RH8ZCYCM9NV,C,A,0,0.0,5.0,1.0
01KJN6MMPQTMDYRN709DP5DSDA,page5-28,01KJN79ZQD1E4YD03FE5CGJY8K,01KJN7AAWT4GWKRZ7B9775509P,C,B,0,0.0,5.0,1.0
01KJN6MMPQTMDYRN709DP5DSDA,page5-28,01KJN79ZQD1E4YD03FE5CGJY8K,01KJN7B32C1C5254NSG6ZK1GRK,C,A,0,0.0,5.0,1.0
01KJN6MMPQTMDYRN709DP5DSDA,page5-28,01KJN79ZQD1E4YD03FE5CGJY8K,01KJN7B4V2673GK7HGVSG52R2P,C,B,0,0.0,5.0,1.0
01KJN6MMPQTMDYRN709DP5DSDA,page5-28,01KJN79ZQD1E4YD03FE5CGJY8K,01KJN7BYA5X3A2G30KZECRY2HY,C,B,0,0.0,5.0,1.0
01KJN6MMPQTMDYRN709DP5DSDA,page5-28,01KJN79ZRTRDMY6RH8ZCYCM9NV,01KJN7AAWT4GWKRZ7B9775509P,A,B,0,0.0,5.0,1.0
01KJN6MMPQTMDYRN709DP5DSDA,page5-28,01KJN79ZRTRDMY6RH8ZCYCM9NV,01KJN7B32C1C5254NSG6ZK1GRK,A,A,1,1.0,5.0,1.0
01KJN6MMPQTMDYRN709DP5DSDA,page5-28,01KJN79ZRTRDMY6RH8ZCYCM9NV,01KJN7B4V2673GK7HGVSG52R2P,A,B,0,0.0,5.0,1.0
01KJN6MMPQTMDYRN709DP5DSDA,page5-28,01KJN79ZRTRDMY6RH8ZCYCM9NV,01KJN7BYA5X3A2G30KZECRY2HY,A,B,0,0.0,5.0,1.0
01KJN6MMPQTMDYRN709DP5DSDA,page5-28,01KJN7AAWT4GWKRZ7B9775509P,01KJN7B32C1C5254NSG6ZK1GRK,B,A,0,0.0,5.0,1.0
01KJN6MMPQTMDYRN709DP5DSDA,page5-28,01KJN7AAWT4GWKRZ7B9775509P,01KJN7B4V2673GK7HGVSG52R2P,B,B,1,0.5,5.0,1.0
01KJN6MMPQTMDYRN709DP5DSDA,page5-28,01KJN7AAWT4GWKRZ7B9775509P,01KJN7BYA5X3A2G30KZECRY2HY,B,B,1,0.5,5.0,1.0
01KJN6MMPQTMDYRN709DP5DSDA,page5-28,01KJN7B32C1C5254NSG6ZK1GRK,01KJN7B4V2673GK7HGVSG52R2P,A,B,0,0.0,5.0,1.0
01KJN6MMPQTMDYRN709DP5DSDA,page5-28,01KJN7B32C1C5254NSG6ZK1GRK,01KJN7BYA5X3A2G30KZECRY2HY,A,B,0,0.0,5.0,1.0
01KJN6MMPQTMDYRN709DP5DSDA,page5-28,01KJN7B4V2673GK7HGVSG52R2P,01KJN7BYA5X3A2G30KZECRY2HY,B,B,1,0.3333333333333333,5.0,1.0
01KJN6MMPQTMDYRN709DP5DSDA,page9-46,01KJN77XQHYQ5TVVY4HZM02E7R,01KJN79PCAAMFX7P2QF70Y3HJM,C,A,0,0.14285714285714285,1.0,1.0
01KJN6MMPQTMDYRN709DP5DSDA,page9-46,01KJN77XQHYQ5TVVY4HZM02E7R,01KJN79ZQD1E4YD03FE5CGJY8K,C,C,1,0.1,1.0,1.0
01KJN6MMPQTMDYRN709DP5DSDA,page9-46,01KJN77XQHYQ5TVVY4HZM02E7R,01KJN79ZRTRDMY6RH8ZCYCM9NV,C,A,0,0.0,1.0,1.0
01KJN6MMPQTMDYRN709DP5DSDA,page9-46,01KJN77XQHYQ5TVVY4HZM02E7R,01KJN7AAWT4GWKRZ7B9775509P,C,B,0,0.0,1.0,1.0
01KJN6MMPQTMDYRN709DP5DSDA,page9-46,01KJN77XQHYQ5TVVY4HZM02E7R,01KJN7B4V2673GK7HGVSG52R2P,C,B,0,0.0,1.0,1.0
01KJN6MMPQTMDYRN709DP5DSDA,page9-46,01KJN79PCAAMFX7P2QF70Y3HJM,01KJN79ZQD1E4YD03FE5CGJY8K,A,C,0,0.08333333333333333,1.0,1.0
01KJN6MMPQTMDYRN709DP5DSDA,page9-46,01KJN79PCAAMFX7P2QF70Y3HJM,01KJN79ZRTRDMY6RH8ZCYCM9NV,A,A,1,0.0,1.0,1.0
01KJN6MMPQTMDYRN709DP5DSDA,page9-46,01KJN79PCAAMFX7P2QF70Y3HJM,01KJN7AAWT4GWKRZ7B9775509P,A,B,0,0.1111111111111111,1.0,1.0
01KJN6MMPQTMDYRN709DP5DSDA,page9-46,01KJN79PCAAMFX7P2QF70Y3HJM,01KJN7B4V2673GK7HGVSG52R2P,A,B,0,0.18181818181818182,1.0,1.0
01KJN6MMPQTMDYRN709DP5DSDA,page9-46,01KJN79ZQD1E4YD03FE5CGJY8K,01KJN79ZRTRDMY6RH8ZCYCM9NV,C,A,0,0.1,1.0,1.0
01KJN6MMPQTMDYRN709DP5DSDA,page9-46,01KJN79ZQD1E4YD03FE5CGJY8K,01KJN7AAWT4GWKRZ7B9775509P,C,B,0,0.08333333333333333,1.0,1.0
01KJN6MMPQTMDYRN709DP5DSDA,page9-46,01KJN79ZQD1E4YD03FE5CGJY8K,01KJN7B4V2673GK7HGVSG52R2P,C,B,0,0.14285714285714285,1.0,1.0
01KJN6MMPQTMDYRN709DP5DSDA,page9-46,01KJN79ZRTRDMY6RH8ZCYCM9NV,01KJN7AAWT4GWKRZ7B9775509P,A,B,0,0.0,1.0,1.0
01KJN6MMPQTMDYRN709DP5DSDA,page9-46,01KJN79ZRTRDMY6RH8ZCYCM9NV,01KJN7B4V2673GK7HGVSG52R2P,A,B,0,0.375,1.0,1.0
01KJN6MMPQTMDYRN709DP5DSDA,page9-46,01KJN7AAWT4GWKRZ7B9775509P,01KJN7B4V2673GK7HGVSG52R2P,B,B,1,0.3,1.0,1.0
01KJN6MMPQTMDYRN709DP5DSDA,page9-46,01KJN77XQHYQ5TVVY4HZM02E7R,01KJN7931DXZ65NXTWK1GNEZMW,C,C,1,0.08333333333333333,2.0,1.0
01KJN6MMPQTMDYRN709DP5DSDA,page9-46,01KJN77XQHYQ5TVVY4HZM02E7R,01KJN79PCAAMFX7P2QF70Y3HJM,C,A,0,0.14285714285714285,2.0,1.0
01KJN6MMPQTMDYRN709DP5DSDA,page9-46,01KJN77XQHYQ5TVVY4HZM02E7R,01KJN79ZQD1E4YD03FE5CGJY8K,C,C,1,0.1,2.0,1.0
01KJN6MMPQTMDYRN709DP5DSDA,page9-46,01KJN77XQHYQ5TVVY4HZM02E7R,01KJN79ZRTRDMY6RH8ZCYCM9NV,C,A,0,0.0,2.0,1.0
01KJN6MMPQTMDYRN709DP5DSDA,page9-46,01KJN77XQHYQ5TVVY4HZM02E7R,01KJN7AAWT4GWKRZ7B9775509P,C,B,0,0.0,2.0,1.0
01KJN6MMPQTMDYRN709DP5DSDA,page9-46,01KJN77XQHYQ5TVVY4HZM02E7R,01KJN7B32C1C5254NSG6ZK1GRK,C,A,0,0.16666666666666666,2.0,1.0
01KJN6MMPQTMDYRN709DP5DSDA,page9-46,01KJN77XQHYQ5TVVY4HZM02E7R,01KJN7B4V2673GK7HGVSG52R2P,C,B,0,0.0,2.0,1.0
01KJN6MMPQTMDYRN709DP5DSDA,page9-46,01KJN77XQHYQ5TVVY4HZM02E7R,01KJN7BYA5X3A2G30KZECRY2HY,C,B,0,0.0,2.0,1.0
01KJN6MMPQTMDYRN709DP5DSDA,page9-46,01KJN7931DXZ65NXTWK1GNEZMW,01KJN79PCAAMFX7P2QF70Y3HJM,C,A,0,0.15384615384615385,2.0,1.0
01KJN6MMPQTMDYRN709DP5DSDA,page9-46,01KJN7931DXZ65NXTWK1GNEZMW,01KJN79ZQD1E4YD03FE5CGJY8K,C,C,1,0.058823529411764705,2.0,1.0
01KJN6MMPQTMDYRN709DP5DSDA,page9-46,01KJN7931DXZ65NXTWK1GNEZMW,01KJN79ZRTRDMY6RH8ZCYCM9NV,C,A,0,0.0,2.0,1.0
01KJN6MMPQTMDYRN709DP5DSDA,page9-46,01KJN7931DXZ65NXTWK1GNEZMW,01KJN7AAWT4GWKRZ7B9775509P,C,B,0,0.15384615384615385,2.0,1.0
01KJN6MMPQTMDYRN709DP5DSDA,page9-46,01KJN7931DXZ65NXTWK1GNEZMW,01KJN7B32C1C5254NSG6ZK1GRK,C,A,0,0.0,2.0,1.0
01KJN6MMPQTMDYRN709DP5DSDA,page9-46,01KJN7931DXZ65NXTWK1GNEZMW,01KJN7B4V2673GK7HGVSG52R2P,C,B,0,0.2,2.0,1.0
01KJN6MMPQTMDYRN709DP5DSDA,page9-46,01KJN7931DXZ65NXTWK1GNEZMW,01KJN7BYA5X3A2G30KZECRY2HY,C,B,0,0.15384615384615385,2.0,1.0
01KJN6MMPQTMDYRN709DP5DSDA,page9-46,01KJN79PCAAMFX7P2QF70Y3HJM,01KJN79ZQD1E4YD03FE5CGJY8K,A,C,0,0.08333333333333333,2.0,1.0
01KJN6MMPQTMDYRN709DP5DSDA,page9-46,01KJN79PCAAMFX7P2QF70Y3HJM,01KJN79ZRTRDMY6RH8ZCYCM9NV,A,A,1,0.0,2.0,1.0
01KJN6MMPQTMDYRN709DP5DSDA,page9-46,01KJN79PCAAMFX7P2QF70Y3HJM,01KJN7AAWT4GWKRZ7B9775509P,A,B,0,0.1111111111111111,2.0,1.0
01KJN6MMPQTMDYRN709DP5DSDA,page9-46,01KJN79PCAAMFX7P2QF70Y3HJM,01KJN7B32C1C5254NSG6ZK1GRK,A,A,1,0.125,2.0,1.0
01KJN6MMPQTMDYRN709DP5DSDA,page9-46,01KJN79PCAAMFX7P2QF70Y3HJM,01KJN7B4V2673GK7HGVSG52R2P,A,B,0,0.18181818181818182,2.0,1.0
01KJN6MMPQTMDYRN709DP5DSDA,page9-46,01KJN79PCAAMFX7P2QF70Y3HJM,01KJN7BYA5X3A2G30KZECRY2HY,A,B,0,0.25,2.0,1.0
01KJN6MMPQTMDYRN709DP5DSDA,page9-46,01KJN79ZQD1E4YD03FE5CGJY8K,01KJN79ZRTRDMY6RH8ZCYCM9NV,C,A,0,0.1,2.0,1.0
01KJN6MMPQTMDYRN709DP5DSDA,page9-46,01KJN79ZQD1E4YD03FE5CGJY8K,01KJN7AAWT4GWKRZ7B9775509P,C,B,0,0.08333333333333333,2.0,1.0
01KJN6MMPQTMDYRN709DP5DSDA,page9-46,01KJN79ZQD1E4YD03FE5CGJY8K,01KJN7B32C1C5254NSG6ZK1GRK,C,A,0,0.09090909090909091,2.0,1.0
01KJN6MMPQTMDYRN709DP5DSDA,page9-46,01KJN79ZQD1E4YD03FE5CGJY8K,01KJN7B4V2673GK7HGVSG52R2P,C,B,0,0.14285714285714285,2.0,1.0
01KJN6MMPQTMDYRN709DP5DSDA,page9-46,01KJN79ZQD1E4YD03FE5CGJY8K,01KJN7BYA5X3A2G30KZECRY2HY,C,B,0,0.08333333333333333,2.0,1.0
01KJN6MMPQTMDYRN709DP5DSDA,page9-46,01KJN79ZRTRDMY6RH8ZCYCM9NV,01KJN7AAWT4GWKRZ7B9775509P,A,B,0,0.0,2.0,1.0
01KJN6MMPQTMDYRN709DP5DSDA,page9-46,01KJN79ZRTRDMY6RH8ZCYCM9NV,01KJN7B32C1C5254NSG6ZK1GRK,A,A,1,0.16666666666666666,2.0,1.0
01KJN6MMPQTMDYRN709DP5DSDA,page9-46,01KJN79ZRTRDMY6RH8ZCYCM9NV,01KJN7B4V2673GK7HGVSG52R2P,A,B,0,0.375,2.0,1.0
01KJN6MMPQTMDYRN709DP5DSDA,page9-46,01KJN79ZRTRDMY6RH8ZCYCM9NV,01KJN7BYA5X3A2G30KZECRY2HY,A,B,0,0.6,2.0,1.0
01KJN6MMPQTMDYRN709DP5DSDA,page9-46,01KJN7AAWT4GWKRZ7B9775509P,01KJN7B32C1C5254NSG6ZK1GRK,B,A,0,0.0,2.0,1.0
01KJN6MMPQTMDYRN709DP5DSDA,page9-46,01KJN7AAWT4GWKRZ7B9775509P,01KJN7B4V2673GK7HGVSG52R2P,B,B,1,0.3,2.0,1.0
01KJN6MMPQTMDYRN709DP5DSDA,page9-46,01KJN7AAWT4GWKRZ7B9775509P,01KJN7BYA5X3A2G30KZECRY2HY,B,B,1,0.1111111111111111,2.0,1.0
01KJN6MMPQTMDYRN709DP5DSDA,page9-46,01KJN7B32C1C5254NSG6ZK1GRK,01KJN7B4V2673GK7HGVSG52R2P,A,B,0,0.09090909090909091,2.0,1.0
01KJN6MMPQTMDYRN709DP5DSDA,page9-46,01KJN7B32C1C5254NSG6ZK1GRK,01KJN7BYA5X3A2G30KZECRY2HY,A,B,0,0.125,2.0,1.0
01KJN6MMPQTMDYRN709DP5DSDA,page9-46,01KJN7B4V2673GK7HGVSG52R2P,01KJN7BYA5X3A2G30KZECRY2HY,B,B,1,0.625,2.0,1.0
01KJN6MMPQTMDYRN709DP5DSDA,page9-46,01KJN77XQHYQ5TVVY4HZM02E7R,01KJN7931DXZ65NXTWK1GNEZMW,C,C,1,0.08333333333333333,3.0,1.0
01KJN6MMPQTMDYRN709DP5DSDA,page9-46,01KJN77XQHYQ5TVVY4HZM02E7R,01KJN79PCAAMFX7P2QF70Y3HJM,C,A,0,0.2,3.0,1.0
01KJN6MMPQTMDYRN709DP5DSDA,page9-46,01KJN77XQHYQ5TVVY4HZM02E7R,01KJN79ZQD1E4YD03FE5CGJY8K,C,C,1,0.16666666666666666,3.0,1.0
01KJN6MMPQTMDYRN709DP5DSDA,page9-46,01KJN77XQHYQ5TVVY4HZM02E7R,01KJN79ZRTRDMY6RH8ZCYCM9NV,C,A,0,0.0,3.0,1.0
01KJN6MMPQTMDYRN709DP5DSDA,page9-46,01KJN77XQHYQ5TVVY4HZM02E7R,01KJN7AAWT4GWKRZ7B9775509P,C,B,0,0.0,3.0,1.0
01KJN6MMPQTMDYRN709DP5DSDA,page9-46,01KJN77XQHYQ5TVVY4HZM02E7R,01KJN7B32C1C5254NSG6ZK1GRK,C,A,0,0.16666666666666666,3.0,1.0
01KJN6MMPQTMDYRN709DP5DSDA,page9-46,01KJN77XQHYQ5TVVY4HZM02E7R,01KJN7B4V2673GK7HGVSG52R2P,C,B,0,0.0,3.0,1.0
01KJN6MMPQTMDYRN709DP5DSDA,page9-46,01KJN77XQHYQ5TVVY4HZM02E7R,01KJN7BYA5X3A2G30KZECRY2HY,C,B,0,0.0,3.0,1.0
01KJN6MMPQTMDYRN709DP5DSDA,page9-46,01KJN7931DXZ65NXTWK1GNEZMW,01KJN79PCAAMFX7P2QF70Y3HJM,C,A,0,0.0,3.0,1.0
01KJN6MMPQTMDYRN709DP5DSDA,page9-46,01KJN7931DXZ65NXTWK1GNEZMW,01KJN79ZQD1E4YD03FE5CGJY8K,C,C,1,0.0,3.0,1.0
01KJN6MMPQTMDYRN709DP5DSDA,page9-46,01KJN7931DXZ65NXTWK1GNEZMW,01KJN79ZRTRDMY6RH8ZCYCM9NV,C,A,0,0.0,3.0,1.0
01KJN6MMPQTMDYRN709DP5DSDA,page9-46,01KJN7931DXZ65NXTWK1GNEZMW,01KJN7AAWT4GWKRZ7B9775509P,C,B,0,0.15384615384615385,3.0,1.0
01KJN6MMPQTMDYRN709DP5DSDA,page9-46,01KJN7931DXZ65NXTWK1GNEZMW,01KJN7B32C1C5254NSG6ZK1GRK,C,A,0,0.0,3.0,1.0
01KJN6MMPQTMDYRN709DP5DSDA,page9-46,01KJN7931DXZ65NXTWK1GNEZMW,01KJN7B4V2673GK7HGVSG52R2P,C,B,0,0.16666666666666666,3.0,1.0
01KJN6MMPQTMDYRN709DP5DSDA,page9-46,01KJN7931DXZ65NXTWK1GNEZMW,01KJN7BYA5X3A2G30KZECRY2HY,C,B,0,0.15384615384615385,3.0,1.0
01KJN6MMPQTMDYRN709DP5DSDA,page9-46,01KJN79PCAAMFX7P2QF70Y3HJM,01KJN79ZQD1E4YD03FE5CGJY8K,A,C,0,0.16666666666666666,3.0,1.0
01KJN6MMPQTMDYRN709DP5DSDA,page9-46,01KJN79PCAAMFX7P2QF70Y3HJM,01KJN79ZRTRDMY6RH8ZCYCM9NV,A,A,1,0.2,3.0,1.0
01KJN6MMPQTMDYRN709DP5DSDA,page9-46,01KJN79PCAAMFX7P2QF70Y3HJM,01KJN7AAWT4GWKRZ7B9775509P,A,B,0,0.0,3.0,1.0
01KJN6MMPQTMDYRN709DP5DSDA,page9-46,01KJN79PCAAMFX7P2QF70Y3HJM,01KJN7B32C1C5254NSG6ZK1GRK,A,A,1,0.75,3.0,1.0
01KJN6MMPQTMDYRN709DP5DSDA,page9-46,01KJN79PCAAMFX7P2QF70Y3HJM,01KJN7B4V2673GK7HGVSG52R2P,A,B,0,0.16666666666666666,3.0,1.0
01KJN6MMPQTMDYRN709DP5DSDA,page9-46,01KJN79PCAAMFX7P2QF70Y3HJM,01KJN7BYA5X3A2G30KZECRY2HY,A,B,0,0.14285714285714285,3.0,1.0
01KJN6MMPQTMDYRN709DP5DSDA,page9-46,01KJN79ZQD1E4YD03FE5CGJY8K,01KJN79ZRTRDMY6RH8ZCYCM9NV,C,A,0,0.0,3.0,1.0
01KJN6MMPQTMDYRN709DP5DSDA,page9-46,01KJN79ZQD1E4YD03FE5CGJY8K,01KJN7AAWT4GWKRZ7B9775509P,C,B,0,0.0,3.0,1.0
01KJN6MMPQTMDYRN709DP5DSDA,page9-46,01KJN79ZQD1E4YD03FE5CGJY8K,01KJN7B32C1C5254NSG6ZK1GRK,C,A,0,0.14285714285714285,3.0,1.0
01KJN6MMPQTMDYRN709DP5DSDA,page9-46,01KJN79ZQD1E4YD03FE5CGJY8K,01KJN7B4V2673GK7HGVSG52R2P,C,B,0,0.0,3.0,1.0
01KJN6MMPQTMDYRN709DP5DSDA,page9-46,01KJN79ZQD1E4YD03FE5CGJY8K,01KJN7BYA5X3A2G30KZECRY2HY,C,B,0,0.0,3.0,1.0
01KJN6MMPQTMDYRN709DP5DSDA,page9-46,01KJN79ZRTRDMY6RH8ZCYCM9NV,01KJN7AAWT4GWKRZ7B9775509P,A,B,0,0.0,3.0,1.0
01KJN6MMPQTMDYRN709DP5DSDA,page9-46,01KJN79ZRTRDMY6RH8ZCYCM9NV,01KJN7B32C1C5254NSG6ZK1GRK,A,A,1,0.16666666666666666,3.0,1.0
01KJN6MMPQTMDYRN709DP5DSDA,page9-46,01KJN79ZRTRDMY6RH8ZCYCM9NV,01KJN7B4V2673GK7HGVSG52R2P,A,B,0,0.16666666666666666,3.0,1.0
01KJN6MMPQTMDYRN709DP5DSDA,page9-46,01KJN79ZRTRDMY6RH8ZCYCM9NV,01KJN7BYA5X3A2G30KZECRY2HY,A,B,0,0.6,3.0,1.0
01KJN6MMPQTMDYRN709DP5DSDA,page9-46,01KJN7AAWT4GWKRZ7B9775509P,01KJN7B32C1C5254NSG6ZK1GRK,B,A,0,0.0,3.0,1.0
01KJN6MMPQTMDYRN709DP5DSDA,page9-46,01KJN7AAWT4GWKRZ7B9775509P,01KJN7B4V2673GK7HGVSG52R2P,B,B,1,0.125,3.0,1.0
01KJN6MMPQTMDYRN709DP5DSDA,page9-46,01KJN7AAWT4GWKRZ7B9775509P,01KJN7BYA5X3A2G30KZECRY2HY,B,B,1,0.1111111111111111,3.0,1.0
01KJN6MMPQTMDYRN709DP5DSDA,page9-46,01KJN7B32C1C5254NSG6ZK1GRK,01KJN7B4V2673GK7HGVSG52R2P,A,B,0,0.14285714285714285,3.0,1.0
01KJN6MMPQTMDYRN709DP5DSDA,page9-46,01KJN7B32C1C5254NSG6ZK1GRK,01KJN7BYA5X3A2G30KZECRY2HY,A,B,0,0.125,3.0,1.0
01KJN6MMPQTMDYRN709DP5DSDA,page9-46,01KJN7B4V2673GK7HGVSG52R2P,01KJN7BYA5X3A2G30KZECRY2HY,B,B,1,0.5,3.0,1.0
01KJN6MMPQTMDYRN709DP5DSDA,page9-46,01KJN77XQHYQ5TVVY4HZM02E7R,01KJN7931DXZ65NXTWK1GNEZMW,C,C,1,0.1,4.0,1.0
01KJN6MMPQTMDYRN709DP5DSDA,page9-46,01KJN77XQHYQ5TVVY4HZM02E7R,01KJN79PCAAMFX7P2QF70Y3HJM,C,A,0,0.0,4.0,1.0
01KJN6MMPQTMDYRN709DP5DSDA,page9-46,01KJN77XQHYQ5TVVY4HZM02E7R,01KJN79ZQD1E4YD03FE5CGJY8K,C,C,1,0.0,4.0,1.0
01KJN6MMPQTMDYRN709DP5DSDA,page9-46,01KJN77XQHYQ5TVVY4HZM02E7R,01KJN79ZRTRDMY6RH8ZCYCM9NV,C,A,0,0.0,4.0,1.0
01KJN6MMPQTMDYRN709DP5DSDA,page9-46,01KJN77XQHYQ5TVVY4HZM02E7R,01KJN7AAWT4GWKRZ7B9775509P,C,B,0,0.0,4.0,1.0
01KJN6MMPQTMDYRN709DP5DSDA,page9-46,01KJN77XQHYQ5TVVY4HZM02E7R,01KJN7B32C1C5254NSG6ZK1GRK,C,A,0,0.0,4.0,1.0
01KJN6MMPQTMDYRN709DP5DSDA,page9-46,01KJN77XQHYQ5TVVY4HZM02E7R,01KJN7B4V2673GK7HGVSG52R2P,C,B,0,0.0,4.0,1.0
01KJN6MMPQTMDYRN709DP5DSDA,page9-46,01KJN77XQHYQ5TVVY4HZM02E7R,01KJN7BYA5X3A2G30KZECRY2HY,C,B,0,0.0,4.0,1.0
01KJN6MMPQTMDYRN709DP5DSDA,page9-46,01KJN7931DXZ65NXTWK1GNEZMW,01KJN79PCAAMFX7P2QF70Y3HJM,C,A,0,0.0,4.0,1.0
01KJN6MMPQTMDYRN709DP5DSDA,page9-46,01KJN7931DXZ65NXTWK1GNEZMW,01KJN79ZQD1E4YD03FE5CGJY8K,C,C,1,0.0,4.0,1.0
01KJN6MMPQTMDYRN709DP5DSDA,page9-46,01KJN7931DXZ65NXTWK1GNEZMW,01KJN79ZRTRDMY6RH8ZCYCM9NV,C,A,0,0.0,4.0,1.0
01KJN6MMPQTMDYRN709DP5DSDA,page9-46,01KJN7931DXZ65NXTWK1GNEZMW,01KJN7AAWT4GWKRZ7B9775509P,C,B,0,0.09090909090909091,4.0,1.0
01KJN6MMPQTMDYRN709DP5DSDA,page9-46,01KJN7931DXZ65NXTWK1GNEZMW,01KJN7B32C1C5254NSG6ZK1GRK,C,A,0,0.0,4.0,1.0
01KJN6MMPQTMDYRN709DP5DSDA,page9-46,01KJN7931DXZ65NXTWK1GNEZMW,01KJN7B4V2673GK7HGVSG52R2P,C,B,0,0.16666666666666666,4.0,1.0
01KJN6MMPQTMDYRN709DP5DSDA,page9-46,01KJN7931DXZ65NXTWK1GNEZMW,01KJN7BYA5X3A2G30KZECRY2HY,C,B,0,0.15384615384615385,4.0,1.0
01KJN6MMPQTMDYRN709DP5DSDA,page9-46,01KJN79PCAAMFX7P2QF70Y3HJM,01KJN79ZQD1E4YD03FE5CGJY8K,A,C,0,0.16666666666666666,4.0,1.0
01KJN6MMPQTMDYRN709DP5DSDA,page9-46,01KJN79PCAAMFX7P2QF70Y3HJM,01KJN79ZRTRDMY6RH8ZCYCM9NV,A,A,1,1.0,4.0,1.0
01KJN6MMPQTMDYRN709DP5DSDA,page9-46,01KJN79PCAAMFX7P2QF70Y3HJM,01KJN7AAWT4GWKRZ7B9775509P,A,B,0,0.25,4.0,1.0
01KJN6MMPQTMDYRN709DP5DSDA,page9-46,01KJN79PCAAMFX7P2QF70Y3HJM,01KJN7B32C1C5254NSG6ZK1GRK,A,A,1,0.75,4.0,1.0
01KJN6MMPQTMDYRN709DP5DSDA,page9-46,01KJN79PCAAMFX7P2QF70Y3HJM,01KJN7B4V2673GK7HGVSG52R2P,A,B,0,0.16666666666666666,4.0,1.0
01KJN6MMPQTMDYRN709DP5DSDA,page9-46,01KJN79PCAAMFX7P2QF70Y3HJM,01KJN7BYA5X3A2G30KZECRY2HY,A,B,0,0.14285714285714285,4.0,1.0
01KJN6MMPQTMDYRN709DP5DSDA,page9-46,01KJN79ZQD1E4YD03FE5CGJY8K,01KJN79ZRTRDMY6RH8ZCYCM9NV,C,A,0,0.16666666666666666,4.0,1.0
01KJN6MMPQTMDYRN709DP5DSDA,page9-46,01KJN79ZQD1E4YD03FE5CGJY8K,01KJN7AAWT4GWKRZ7B9775509P,C,B,0,0.0,4.0,1.0
01KJN6MMPQTMDYRN709DP5DSDA,page9-46,01KJN79ZQD1E4YD03FE5CGJY8K,01KJN7B32C1C5254NSG6ZK1GRK,C,A,0,0.14285714285714285,4.0,1.0
01KJN6MMPQTMDYRN709DP5DSDA,page9-46,01KJN79ZQD1E4YD03FE5CGJY8K,01KJN7B4V2673GK7HGVSG52R2P,C,B,0,0.0,4.0,1.0
01KJN6MMPQTMDYRN709DP5DSDA,page9-46,01KJN79ZQD1E4YD03FE5CGJY8K,01KJN7BYA5X3A2G30KZECRY2HY,C,B,0,0.0,4.0,1.0
01KJN6MMPQTMDYRN709DP5DSDA,page9-46,01KJN79ZRTRDMY6RH8ZCYCM9NV,01KJN7AAWT4GWKRZ7B9775509P,A,B,0,0.25,4.0,1.0
01KJN6MMPQTMDYRN709DP5DSDA,page9-46,01KJN79ZRTRDMY6RH8ZCYCM9NV,01KJN7B32C1C5254NSG6ZK1GRK,A,A,1,0.75,4.0,1.0
01KJN6MMPQTMDYRN709DP5DSDA,page9-46,01KJN79ZRTRDMY6RH8ZCYCM9NV,01KJN7B4V2673GK7HGVSG52R2P,A,B,0,0.16666666666666666,4.0,1.0
01KJN6MMPQTMDYRN709DP5DSDA,page9-46,01KJN79ZRTRDMY6RH8ZCYCM9NV,01KJN7BYA5X3A2G30KZECRY2HY,A,B,0,0.14285714285714285,4.0,1.0
01KJN6MMPQTMDYRN709DP5DSDA,page9-46,01KJN7AAWT4GWKRZ7B9775509P,01KJN7B32C1C5254NSG6ZK1GRK,B,A,0,0.2,4.0,1.0
01KJN6MMPQTMDYRN709DP5DSDA,page9-46,01KJN7AAWT4GWKRZ7B9775509P,01KJN7B4V2673GK7HGVSG52R2P,B,B,1,0.5,4.0,1.0
01KJN6MMPQTMDYRN709DP5DSDA,page9-46,01KJN7AAWT4GWKRZ7B9775509P,01KJN7BYA5X3A2G30KZECRY2HY,B,B,1,0.4,4.0,1.0
01KJN6MMPQTMDYRN709DP5DSDA,page9-46,01KJN7B32C1C5254NSG6ZK1GRK,01KJN7B4V2673GK7HGVSG52R2P,A,B,0,0.14285714285714285,4.0,1.0
01KJN6MMPQTMDYRN709DP5DSDA,page9-46,01KJN7B32C1C5254NSG6ZK1GRK,01KJN7BYA5X3A2G30KZECRY2HY,A,B,0,0.125,4.0,1.0
01KJN6MMPQTMDYRN709DP5DSDA,page9-46,01KJN7B4V2673GK7HGVSG52R2P,01KJN7BYA5X3A2G30KZECRY2HY,B,B,1,0.5,4.0,1.0
01KJN6MMPQTMDYRN709DP5DSDA,page9-46,01KJN77XQHYQ5TVVY4HZM02E7R,01KJN7931DXZ65NXTWK1GNEZMW,C,C,1,0.3333333333333333,5.0,1.0
01KJN6MMPQTMDYRN709DP5DSDA,page9-46,01KJN77XQHYQ5TVVY4HZM02E7R,01KJN79PCAAMFX7P2QF70Y3HJM,C,A,0,0.0,5.0,1.0
01KJN6MMPQTMDYRN709DP5DSDA,page9-46,01KJN77XQHYQ5TVVY4HZM02E7R,01KJN79ZQD1E4YD03FE5CGJY8K,C,C,1,0.0,5.0,1.0
01KJN6MMPQTMDYRN709DP5DSDA,page9-46,01KJN77XQHYQ5TVVY4HZM02E7R,01KJN79ZRTRDMY6RH8ZCYCM9NV,C,A,0,0.0,5.0,1.0
01KJN6MMPQTMDYRN709DP5DSDA,page9-46,01KJN77XQHYQ5TVVY4HZM02E7R,01KJN7AAWT4GWKRZ7B9775509P,C,B,0,0.0,5.0,1.0
01KJN6MMPQTMDYRN709DP5DSDA,page9-46,01KJN77XQHYQ5TVVY4HZM02E7R,01KJN7B32C1C5254NSG6ZK1GRK,C,A,0,0.0,5.0,1.0
01KJN6MMPQTMDYRN709DP5DSDA,page9-46,01KJN77XQHYQ5TVVY4HZM02E7R,01KJN7B4V2673GK7HGVSG52R2P,C,B,0,0.0,5.0,1.0
01KJN6MMPQTMDYRN709DP5DSDA,page9-46,01KJN77XQHYQ5TVVY4HZM02E7R,01KJN7BYA5X3A2G30KZECRY2HY,C,B,0,0.0,5.0,1.0
01KJN6MMPQTMDYRN709DP5DSDA,page9-46,01KJN7931DXZ65NXTWK1GNEZMW,01KJN79PCAAMFX7P2QF70Y3HJM,C,A,0,0.0,5.0,1.0
01KJN6MMPQTMDYRN709DP5DSDA,page9-46,01KJN7931DXZ65NXTWK1GNEZMW,01KJN79ZQD1E4YD03FE5CGJY8K,C,C,1,0.0,5.0,1.0
01KJN6MMPQTMDYRN709DP5DSDA,page9-46,01KJN7931DXZ65NXTWK1GNEZMW,01KJN79ZRTRDMY6RH8ZCYCM9NV,C,A,0,0.0,5.0,1.0
01KJN6MMPQTMDYRN709DP5DSDA,page9-46,01KJN7931DXZ65NXTWK1GNEZMW,01KJN7AAWT4GWKRZ7B9775509P,C,B,0,0.0,5.0,1.0
01KJN6MMPQTMDYRN709DP5DSDA,page9-46,01KJN7931DXZ65NXTWK1GNEZMW,01KJN7B32C1C5254NSG6ZK1GRK,C,A,0,0.0,5.0,1.0
01KJN6MMPQTMDYRN709DP5DSDA,page9-46,01KJN7931DXZ65NXTWK1GNEZMW,01KJN7B4V2673GK7HGVSG52R2P,C,B,0,0.0,5.0,1.0
01KJN6MMPQTMDYRN709DP5DSDA,page9-46,01KJN7931DXZ65NXTWK1GNEZMW,01KJN7BYA5X3A2G30KZECRY2HY,C,B,0,0.0,5.0,1.0
01KJN6MMPQTMDYRN709DP5DSDA,page9-46,01KJN79PCAAMFX7P2QF70Y3HJM,01KJN79ZQD1E4YD03FE5CGJY8K,A,C,0,0.16666666666666666,5.0,1.0
01KJN6MMPQTMDYRN709DP5DSDA,page9-46,01KJN79PCAAMFX7P2QF70Y3HJM,01KJN79ZRTRDMY6RH8ZCYCM9NV,A,A,1,1.0,5.0,1.0
01KJN6MMPQTMDYRN709DP5DSDA,page9-46,01KJN79PCAAMFX7P2QF70Y3HJM,01KJN7AAWT4GWKRZ7B9775509P,A,B,0,0.25,5.0,1.0
01KJN6MMPQTMDYRN709DP5DSDA,page9-46,01KJN79PCAAMFX7P2QF70Y3HJM,01KJN7B32C1C5254NSG6ZK1GRK,A,A,1,0.3333333333333333,5.0,1.0
01KJN6MMPQTMDYRN709DP5DSDA,page9-46,01KJN79PCAAMFX7P2QF70Y3HJM,01KJN7B4V2673GK7HGVSG52R2P,A,B,0,0.16666666666666666,5.0,1.0
01KJN6MMPQTMDYRN709DP5DSDA,page9-46,01KJN79PCAAMFX7P2QF70Y3HJM,01KJN7BYA5X3A2G30KZECRY2HY,A,B,0,0.25,5.0,1.0
01KJN6MMPQTMDYRN709DP5DSDA,page9-46,01KJN79ZQD1E4YD03FE5CGJY8K,01KJN79ZRTRDMY6RH8ZCYCM9NV,C,A,0,0.16666666666666666,5.0,1.0
01KJN6MMPQTMDYRN709DP5DSDA,page9-46,01KJN79ZQD1E4YD03FE5CGJY8K,01KJN7AAWT4GWKRZ7B9775509P,C,B,0,0.0,5.0,1.0
01KJN6MMPQTMDYRN709DP5DSDA,page9-46,01KJN79ZQD1E4YD03FE5CGJY8K,01KJN7B32C1C5254NSG6ZK1GRK,C,A,0,0.0,5.0,1.0
01KJN6MMPQTMDYRN709DP5DSDA,page9-46,01KJN79ZQD1E4YD03FE5CGJY8K,01KJN7B4V2673GK7HGVSG52R2P,C,B,0,0.0,5.0,1.0
01KJN6MMPQTMDYRN709DP5DSDA,page9-46,01KJN79ZQD1E4YD03FE5CGJY8K,01KJN7BYA5X3A2G30KZECRY2HY,C,B,0,0.0,5.0,1.0
01KJN6MMPQTMDYRN709DP5DSDA,page9-46,01KJN79ZRTRDMY6RH8ZCYCM9NV,01KJN7AAWT4GWKRZ7B9775509P,A,B,0,0.25,5.0,1.0
01KJN6MMPQTMDYRN709DP5DSDA,page9-46,01KJN79ZRTRDMY6RH8ZCYCM9NV,01KJN7B32C1C5254NSG6ZK1GRK,A,A,1,0.3333333333333333,5.0,1.0
01KJN6MMPQTMDYRN709DP5DSDA,page9-46,01KJN79ZRTRDMY6RH8ZCYCM9NV,01KJN7B4V2673GK7HGVSG52R2P,A,B,0,0.16666666666666666,5.0,1.0
01KJN6MMPQTMDYRN709DP5DSDA,page9-46,01KJN79ZRTRDMY6RH8ZCYCM9NV,01KJN7BYA5X3A2G30KZECRY2HY,A,B,0,0.25,5.0,1.0
01KJN6MMPQTMDYRN709DP5DSDA,page9-46,01KJN7AAWT4GWKRZ7B9775509P,01KJN7B32C1C5254NSG6ZK1GRK,B,A,0,0.5,5.0,1.0
01KJN6MMPQTMDYRN709DP5DSDA,page9-46,01KJN7AAWT4GWKRZ7B9775509P,01KJN7B4V2673GK7HGVSG52R2P,B,B,1,0.5,5.0,1.0
01KJN6MMPQTMDYRN709DP5DSDA,page9-46,01KJN7AAWT4GWKRZ7B9775509P,01KJN7BYA5X3A2G30KZECRY2HY,B,B,1,1.0,5.0,1.0
01KJN6MMPQTMDYRN709DP5DSDA,page9-46,01KJN7B32C1C5254NSG6ZK1GRK,01KJN7B4V2673GK7HGVSG52R2P,A,B,0,0.25,5.0,1.0
01KJN6MMPQTMDYRN709DP5DSDA,page9-46,01KJN7B32C1C5254NSG6ZK1GRK,01KJN7BYA5X3A2G30KZECRY2HY,A,B,0,0.5,5.0,1.0
01KJN6MMPQTMDYRN709DP5DSDA,page9-46,01KJN7B4V2673GK7HGVSG52R2P,01KJN7BYA5X3A2G30KZECRY2HY,B,B,1,0.5,5.0,1.0
01KJN6MMPQTMDYRN709DP5DSDA,page7-255,01KJN77XQHYQ5TVVY4HZM02E7R,01KJN79PCAAMFX7P2QF70Y3HJM,C,A,0,0.0,1.0,1.0
01KJN6MMPQTMDYRN709DP5DSDA,page7-255,01KJN77XQHYQ5TVVY4HZM02E7R,01KJN79ZQD1E4YD03FE5CGJY8K,C,C,1,0.06666666666666667,1.0,1.0
01KJN6MMPQTMDYRN709DP5DSDA,page7-255,01KJN77XQHYQ5TVVY4HZM02E7R,01KJN79ZRTRDMY6RH8ZCYCM9NV,C,A,0,0.16666666666666666,1.0,1.0
01KJN6MMPQTMDYRN709DP5DSDA,page7-255,01KJN77XQHYQ5TVVY4HZM02E7R,01KJN7AAWT4GWKRZ7B9775509P,C,B,0,0.18181818181818182,1.0,1.0
01KJN6MMPQTMDYRN709DP5DSDA,page7-255,01KJN77XQHYQ5TVVY4HZM02E7R,01KJN7B4V2673GK7HGVSG52R2P,C,B,0,0.0,1.0,1.0
01KJN6MMPQTMDYRN709DP5DSDA,page7-255,01KJN79PCAAMFX7P2QF70Y3HJM,01KJN79ZQD1E4YD03FE5CGJY8K,A,C,0,0.18181818181818182,1.0,1.0
01KJN6MMPQTMDYRN709DP5DSDA,page7-255,01KJN79PCAAMFX7P2QF70Y3HJM,01KJN79ZRTRDMY6RH8ZCYCM9NV,A,A,1,0.0,1.0,1.0
01KJN6MMPQTMDYRN709DP5DSDA,page7-255,01KJN79PCAAMFX7P2QF70Y3HJM,01KJN7AAWT4GWKRZ7B9775509P,A,B,0,0.0,1.0,1.0
01KJN6MMPQTMDYRN709DP5DSDA,page7-255,01KJN79PCAAMFX7P2QF70Y3HJM,01KJN7B4V2673GK7HGVSG52R2P,A,B,0,0.16666666666666666,1.0,1.0
01KJN6MMPQTMDYRN709DP5DSDA,page7-255,01KJN79ZQD1E4YD03FE5CGJY8K,01KJN79ZRTRDMY6RH8ZCYCM9NV,C,A,0,0.0,1.0,1.0
01KJN6MMPQTMDYRN709DP5DSDA,page7-255,01KJN79ZQD1E4YD03FE5CGJY8K,01KJN7AAWT4GWKRZ7B9775509P,C,B,0,0.0,1.0,1.0
01KJN6MMPQTMDYRN709DP5DSDA,page7-255,01KJN79ZQD1E4YD03FE5CGJY8K,01KJN7B4V2673GK7HGVSG52R2P,C,B,0,0.13333333333333333,1.0,1.0
01KJN6MMPQTMDYRN709DP5DSDA,page7-255,01KJN79ZRTRDMY6RH8ZCYCM9NV,01KJN7AAWT4GWKRZ7B9775509P,A,B,0,0.1,1.0,1.0
01KJN6MMPQTMDYRN709DP5DSDA,page7-255,01KJN79ZRTRDMY6RH8ZCYCM9NV,01KJN7B4V2673GK7HGVSG52R2P,A,B,0,0.0,1.0,1.0
01KJN6MMPQTMDYRN709DP5DSDA,page7-255,01KJN7AAWT4GWKRZ7B9775509P,01KJN7B4V2673GK7HGVSG52R2P,B,B,1,0.0,1.0,1.0
01KJN6MMPQTMDYRN709DP5DSDA,page7-255,01KJN77XQHYQ5TVVY4HZM02E7R,01KJN7931DXZ65NXTWK1GNEZMW,C,C,1,0.14285714285714285,2.0,1.0
01KJN6MMPQTMDYRN709DP5DSDA,page7-255,01KJN77XQHYQ5TVVY4HZM02E7R,01KJN79PCAAMFX7P2QF70Y3HJM,C,A,0,0.0,2.0,1.0
01KJN6MMPQTMDYRN709DP5DSDA,page7-255,01KJN77XQHYQ5TVVY4HZM02E7R,01KJN79ZQD1E4YD03FE5CGJY8K,C,C,1,0.06666666666666667,2.0,1.0
01KJN6MMPQTMDYRN709DP5DSDA,page7-255,01KJN77XQHYQ5TVVY4HZM02E7R,01KJN79ZRTRDMY6RH8ZCYCM9NV,C,A,0,0.16666666666666666,2.0,1.0
01KJN6MMPQTMDYRN709DP5DSDA,page7-255,01KJN77XQHYQ5TVVY4HZM02E7R,01KJN7AAWT4GWKRZ7B9775509P,C,B,0,0.18181818181818182,2.0,1.0
01KJN6MMPQTMDYRN709DP5DSDA,page7-255,01KJN77XQHYQ5TVVY4HZM02E7R,01KJN7B32C1C5254NSG6ZK1GRK,C,A,0,0.16666666666666666,2.0,1.0
01KJN6MMPQTMDYRN709DP5DSDA,page7-255,01KJN77XQHYQ5TVVY4HZM02E7R,01KJN7B4V2673GK7HGVSG52R2P,C,B,0,0.0,2.0,1.0
01KJN6MMPQTMDYRN709DP5DSDA,page7-255,01KJN77XQHYQ5TVVY4HZM02E7R,01KJN7BYA5X3A2G30KZECRY2HY,C,B,0,0.05263157894736842,2.0,1.0
01KJN6MMPQTMDYRN709DP5DSDA,page7-255,01KJN7931DXZ65NXTWK1GNEZMW,01KJN79PCAAMFX7P2QF70Y3HJM,C,A,0,0.18181818181818182,2.0,1.0
01KJN6MMPQTMDYRN709DP5DSDA,page7-255,01KJN7931DXZ65NXTWK1GNEZMW,01KJN79ZQD1E4YD03FE5CGJY8K,C,C,1,0.23076923076923078,2.0,1.0
01KJN6MMPQTMDYRN709DP5DSDA,page7-255,01KJN7931DXZ65NXTWK1GNEZMW,01KJN79ZRTRDMY6RH8ZCYCM9NV,C,A,0,0.0,2.0,1.0
01KJN6MMPQTMDYRN709DP5DSDA,page7-255,01KJN7931DXZ65NXTWK1GNEZMW,01KJN7AAWT4GWKRZ7B9775509P,C,B,0,0.08333333333333333,2.0,1.0
01KJN6MMPQTMDYRN709DP5DSDA,page7-255,01KJN7931DXZ65NXTWK1GNEZMW,01KJN7B32C1C5254NSG6ZK1GRK,C,A,0,0.07692307692307693,2.0,1.0
01KJN6MMPQTMDYRN709DP5DSDA,page7-255,01KJN7931DXZ65NXTWK1GNEZMW,01KJN7B4V2673GK7HGVSG52R2P,C,B,0,0.13333333333333333,2.0,1.0
01KJN6MMPQTMDYRN709DP5DSDA,page7-255,01KJN7931DXZ65NXTWK1GNEZMW,01KJN7BYA5X3A2G30KZECRY2HY,C,B,0,0.1111111111111111,2.0,1.0
01KJN6MMPQTMDYRN709DP5DSDA,page7-255,01KJN79PCAAMFX7P2QF70Y3HJM,01KJN79ZQD1E4YD03FE5CGJY8K,A,C,0,0.18181818181818182,2.0,1.0
01KJN6MMPQTMDYRN709DP5DSDA,page7-255,01KJN79PCAAMFX7P2QF70Y3HJM,01KJN79ZRTRDMY6RH8ZCYCM9NV,A,A,1,0.0,2.0,1.0
01KJN6MMPQTMDYRN709DP5DSDA,page7-255,01KJN79PCAAMFX7P2QF70Y3HJM,01KJN7AAWT4GWKRZ7B9775509P,A,B,0,0.0,2.0,1.0
01KJN6MMPQTMDYRN709DP5DSDA,page7-255,01KJN79PCAAMFX7P2QF70Y3HJM,01KJN7B32C1C5254NSG6ZK1GRK,A,A,1,0.0,2.0,1.0
01KJN6MMPQTMDYRN709DP5DSDA,page7-255,01KJN79PCAAMFX7P2QF70Y3HJM,01KJN7B4V2673GK7HGVSG52R2P,A,B,0,0.16666666666666666,2.0,1.0
01KJN6MMPQTMDYRN709DP5DSDA,page7-255,01KJN79PCAAMFX7P2QF70Y3HJM,01KJN7BYA5X3A2G30KZECRY2HY,A,B,0,0.0625,2.0,1.0
01KJN6MMPQTMDYRN709DP5DSDA,page7-255,01KJN79ZQD1E4YD03FE5CGJY8K,01KJN79ZRTRDMY6RH8ZCYCM9NV,C,A,0,0.0,2.0,1.0
01KJN6MMPQTMDYRN709DP5DSDA,page7-255,01KJN79ZQD1E4YD03FE5CGJY8K,01KJN7AAWT4GWKRZ7B9775509P,C,B,0,0.0,2.0,1.0
01KJN6MMPQTMDYRN709DP5DSDA,page7-255,01KJN79ZQD1E4YD03FE5CGJY8K,01KJN7B32C1C5254NSG6ZK1GRK,C,A,0,0.0,2.0,1.0
01KJN6MMPQTMDYRN709DP5DSDA,page7-255,01KJN79ZQD1E4YD03FE5CGJY8K,01KJN7B4V2673GK7HGVSG52R2P,C,B,0,0.13333333333333333,2.0,1.0
01KJN6MMPQTMDYRN709DP5DSDA,page7-255,01KJN79ZQD1E4YD03FE5CGJY8K,01KJN7BYA5X3A2G30KZECRY2HY,C,B,0,0.1111111111111111,2.0,1.0
01KJN6MMPQTMDYRN709DP5DSDA,page7-255,01KJN79ZRTRDMY6RH8ZCYCM9NV,01KJN7AAWT4GWKRZ7B9775509P,A,B,0,0.1,2.0,1.0
01KJN6MMPQTMDYRN709DP5DSDA,page7-255,01KJN79ZRTRDMY6RH8ZCYCM9NV,01KJN7B32C1C5254NSG6ZK1GRK,A,A,1,0.2,2.0,1.0
01KJN6MMPQTMDYRN709DP5DSDA,page7-255,01KJN79ZRTRDMY6RH8ZCYCM9NV,01KJN7B4V2673GK7HGVSG52R2P,A,B,0,0.0,2.0,1.0
01KJN6MMPQTMDYRN709DP5DSDA,page7-255,01KJN79ZRTRDMY6RH8ZCYCM9NV,01KJN7BYA5X3A2G30KZECRY2HY,A,B,0,0.058823529411764705,2.0,1.0
01KJN6MMPQTMDYRN709DP5DSDA,page7-255,01KJN7AAWT4GWKRZ7B9775509P,01KJN7B32C1C5254NSG6ZK1GRK,B,A,0,0.2222222222222222,2.0,1.0
01KJN6MMPQTMDYRN709DP5DSDA,page7-255,01KJN7AAWT4GWKRZ7B9775509P,01KJN7B4V2673GK7HGVSG52R2P,B,B,1,0.0,2.0,1.0
01KJN6MMPQTMDYRN709DP5DSDA,page7-255,01KJN7AAWT4GWKRZ7B9775509P,01KJN7BYA5X3A2G30KZECRY2HY,B,B,1,0.0625,2.0,1.0
01KJN6MMPQTMDYRN709DP5DSDA,page7-255,01KJN7B32C1C5254NSG6ZK1GRK,01KJN7B4V2673GK7HGVSG52R2P,A,B,0,0.0,2.0,1.0
01KJN6MMPQTMDYRN709DP5DSDA,page7-255,01KJN7B32C1C5254NSG6ZK1GRK,01KJN7BYA5X3A2G30KZECRY2HY,A,B,0,0.058823529411764705,2.0,1.0
01KJN6MMPQTMDYRN709DP5DSDA,page7-255,01KJN7B4V2673GK7HGVSG52R2P,01KJN7BYA5X3A2G30KZECRY2HY,B,B,1,0.16666666666666666,2.0,1.0
01KJN6MMPQTMDYRN709DP5DSDA,page7-255,01KJN77XQHYQ5TVVY4HZM02E7R,01KJN7931DXZ65NXTWK1GNEZMW,C,C,1,0.14285714285714285,3.0,1.0
01KJN6MMPQTMDYRN709DP5DSDA,page7-255,01KJN77XQHYQ5TVVY4HZM02E7R,01KJN79PCAAMFX7P2QF70Y3HJM,C,A,0,0.15384615384615385,3.0,1.0
01KJN6MMPQTMDYRN709DP5DSDA,page7-255,01KJN77XQHYQ5TVVY4HZM02E7R,01KJN79ZQD1E4YD03FE5CGJY8K,C,C,1,0.36363636363636365,3.0,1.0
01KJN6MMPQTMDYRN709DP5DSDA,page7-255,01KJN77XQHYQ5TVVY4HZM02E7R,01KJN79ZRTRDMY6RH8ZCYCM9NV,C,A,0,0.16666666666666666,3.0,1.0
01KJN6MMPQTMDYRN709DP5DSDA,page7-255,01KJN77XQHYQ5TVVY4HZM02E7R,01KJN7AAWT4GWKRZ7B9775509P,C,B,0,0.18181818181818182,3.0,1.0
01KJN6MMPQTMDYRN709DP5DSDA,page7-255,01KJN77XQHYQ5TVVY4HZM02E7R,01KJN7B32C1C5254NSG6ZK1GRK,C,A,0,0.16666666666666666,3.0,1.0
01KJN6MMPQTMDYRN709DP5DSDA,page7-255,01KJN77XQHYQ5TVVY4HZM02E7R,01KJN7B4V2673GK7HGVSG52R2P,C,B,0,0.0,3.0,1.0
01KJN6MMPQTMDYRN709DP5DSDA,page7-255,01KJN77XQHYQ5TVVY4HZM02E7R,01KJN7BYA5X3A2G30KZECRY2HY,C,B,0,0.05263157894736842,3.0,1.0
01KJN6MMPQTMDYRN709DP5DSDA,page7-255,01KJN7931DXZ65NXTWK1GNEZMW,01KJN79PCAAMFX7P2QF70Y3HJM,C,A,0,0.07142857142857142,3.0,1.0
01KJN6MMPQTMDYRN709DP5DSDA,page7-255,01KJN7931DXZ65NXTWK1GNEZMW,01KJN79ZQD1E4YD03FE5CGJY8K,C,C,1,0.15384615384615385,3.0,1.0
01KJN6MMPQTMDYRN709DP5DSDA,page7-255,01KJN7931DXZ65NXTWK1GNEZMW,01KJN79ZRTRDMY6RH8ZCYCM9NV,C,A,0,0.0,3.0,1.0
01KJN6MMPQTMDYRN709DP5DSDA,page7-255,01KJN7931DXZ65NXTWK1GNEZMW,01KJN7AAWT4GWKRZ7B9775509P,C,B,0,0.08333333333333333,3.0,1.0
01KJN6MMPQTMDYRN709DP5DSDA,page7-255,01KJN7931DXZ65NXTWK1GNEZMW,01KJN7B32C1C5254NSG6ZK1GRK,C,A,0,0.07692307692307693,3.0,1.0
01KJN6MMPQTMDYRN709DP5DSDA,page7-255,01KJN7931DXZ65NXTWK1GNEZMW,01KJN7B4V2673GK7HGVSG52R2P,C,B,0,0.0,3.0,1.0
01KJN6MMPQTMDYRN709DP5DSDA,page7-255,01KJN7931DXZ65NXTWK1GNEZMW,01KJN7BYA5X3A2G30KZECRY2HY,C,B,0,0.1111111111111111,3.0,1.0
01KJN6MMPQTMDYRN709DP5DSDA,page7-255,01KJN79PCAAMFX7P2QF70Y3HJM,01KJN79ZQD1E4YD03FE5CGJY8K,A,C,0,0.16666666666666666,3.0,1.0
01KJN6MMPQTMDYRN709DP5DSDA,page7-255,01KJN79PCAAMFX7P2QF70Y3HJM,01KJN79ZRTRDMY6RH8ZCYCM9NV,A,A,1,0.08333333333333333,3.0,1.0
01KJN6MMPQTMDYRN709DP5DSDA,page7-255,01KJN79PCAAMFX7P2QF70Y3HJM,01KJN7AAWT4GWKRZ7B9775509P,A,B,0,0.3333333333333333,3.0,1.0
01KJN6MMPQTMDYRN709DP5DSDA,page7-255,01KJN79PCAAMFX7P2QF70Y3HJM,01KJN7B32C1C5254NSG6ZK1GRK,A,A,1,0.4444444444444444,3.0,1.0
01KJN6MMPQTMDYRN709DP5DSDA,page7-255,01KJN79PCAAMFX7P2QF70Y3HJM,01KJN7B4V2673GK7HGVSG52R2P,A,B,0,0.0,3.0,1.0
01KJN6MMPQTMDYRN709DP5DSDA,page7-255,01KJN79PCAAMFX7P2QF70Y3HJM,01KJN7BYA5X3A2G30KZECRY2HY,A,B,0,0.05555555555555555,3.0,1.0
01KJN6MMPQTMDYRN709DP5DSDA,page7-255,01KJN79ZQD1E4YD03FE5CGJY8K,01KJN79ZRTRDMY6RH8ZCYCM9NV,C,A,0,0.18181818181818182,3.0,1.0
01KJN6MMPQTMDYRN709DP5DSDA,page7-255,01KJN79ZQD1E4YD03FE5CGJY8K,01KJN7AAWT4GWKRZ7B9775509P,C,B,0,0.2,3.0,1.0
01KJN6MMPQTMDYRN709DP5DSDA,page7-255,01KJN79ZQD1E4YD03FE5CGJY8K,01KJN7B32C1C5254NSG6ZK1GRK,C,A,0,0.18181818181818182,3.0,1.0
01KJN6MMPQTMDYRN709DP5DSDA,page7-255,01KJN79ZQD1E4YD03FE5CGJY8K,01KJN7B4V2673GK7HGVSG52R2P,C,B,0,0.0,3.0,1.0
01KJN6MMPQTMDYRN709DP5DSDA,page7-255,01KJN79ZQD1E4YD03FE5CGJY8K,01KJN7BYA5X3A2G30KZECRY2HY,C,B,0,0.11764705882352941,3.0,1.0
01KJN6MMPQTMDYRN709DP5DSDA,page7-255,01KJN79ZRTRDMY6RH8ZCYCM9NV,01KJN7AAWT4GWKRZ7B9775509P,A,B,0,0.1,3.0,1.0
01KJN6MMPQTMDYRN709DP5DSDA,page7-255,01KJN79ZRTRDMY6RH8ZCYCM9NV,01KJN7B32C1C5254NSG6ZK1GRK,A,A,1,0.2,3.0,1.0
01KJN6MMPQTMDYRN709DP5DSDA,page7-255,01KJN79ZRTRDMY6RH8ZCYCM9NV,01KJN7B4V2673GK7HGVSG52R2P,A,B,0,0.0,3.0,1.0
01KJN6MMPQTMDYRN709DP5DSDA,page7-255,01KJN79ZRTRDMY6RH8ZCYCM9NV,01KJN7BYA5X3A2G30KZECRY2HY,A,B,0,0.058823529411764705,3.0,1.0
01KJN6MMPQTMDYRN709DP5DSDA,page7-255,01KJN7AAWT4GWKRZ7B9775509P,01KJN7B32C1C5254NSG6ZK1GRK,B,A,0,0.2222222222222222,3.0,1.0
01KJN6MMPQTMDYRN709DP5DSDA,page7-255,01KJN7AAWT4GWKRZ7B9775509P,01KJN7B4V2673GK7HGVSG52R2P,B,B,1,0.0,3.0,1.0
01KJN6MMPQTMDYRN709DP5DSDA,page7-255,01KJN7AAWT4GWKRZ7B9775509P,01KJN7BYA5X3A2G30KZECRY2HY,B,B,1,0.0625,3.0,1.0
01KJN6MMPQTMDYRN709DP5DSDA,page7-255,01KJN7B32C1C5254NSG6ZK1GRK,01KJN7B4V2673GK7HGVSG52R2P,A,B,0,0.0,3.0,1.0
01KJN6MMPQTMDYRN709DP5DSDA,page7-255,01KJN7B32C1C5254NSG6ZK1GRK,01KJN7BYA5X3A2G30KZECRY2HY,A,B,0,0.058823529411764705,3.0,1.0
01KJN6MMPQTMDYRN709DP5DSDA,page7-255,01KJN7B4V2673GK7HGVSG52R2P,01KJN7BYA5X3A2G30KZECRY2HY,B,B,1,0.07142857142857142,3.0,1.0
01KJN6MMPQTMDYRN709DP5DSDA,page7-255,01KJN77XQHYQ5TVVY4HZM02E7R,01KJN7931DXZ65NXTWK1GNEZMW,C,C,1,0.1,4.0,1.0
01KJN6MMPQTMDYRN709DP5DSDA,page7-255,01KJN77XQHYQ5TVVY4HZM02E7R,01KJN79PCAAMFX7P2QF70Y3HJM,C,A,0,0.1111111111111111,4.0,1.0
01KJN6MMPQTMDYRN709DP5DSDA,page7-255,01KJN77XQHYQ5TVVY4HZM02E7R,01KJN79ZQD1E4YD03FE5CGJY8K,C,C,1,0.42857142857142855,4.0,1.0
01KJN6MMPQTMDYRN709DP5DSDA,page7-255,01KJN77XQHYQ5TVVY4HZM02E7R,01KJN79ZRTRDMY6RH8ZCYCM9NV,C,A,0,0.125,4.0,1.0
01KJN6MMPQTMDYRN709DP5DSDA,page7-255,01KJN77XQHYQ5TVVY4HZM02E7R,01KJN7AAWT4GWKRZ7B9775509P,C,B,0,0.0,4.0,1.0
01KJN6MMPQTMDYRN709DP5DSDA,page7-255,01KJN77XQHYQ5TVVY4HZM02E7R,01KJN7B32C1C5254NSG6ZK1GRK,C,A,0,0.125,4.0,1.0
01KJN6MMPQTMDYRN709DP5DSDA,page7-255,01KJN77XQHYQ5TVVY4HZM02E7R,01KJN7B4V2673GK7HGVSG52R2P,C,B,0,0.0,4.0,1.0
01KJN6MMPQTMDYRN709DP5DSDA,page7-255,01KJN77XQHYQ5TVVY4HZM02E7R,01KJN7BYA5X3A2G30KZECRY2HY,C,B,0,0.07142857142857142,4.0,1.0
01KJN6MMPQTMDYRN709DP5DSDA,page7-255,01KJN7931DXZ65NXTWK1GNEZMW,01KJN79PCAAMFX7P2QF70Y3HJM,C,A,0,0.07142857142857142,4.0,1.0
01KJN6MMPQTMDYRN709DP5DSDA,page7-255,01KJN7931DXZ65NXTWK1GNEZMW,01KJN79ZQD1E4YD03FE5CGJY8K,C,C,1,0.15384615384615385,4.0,1.0
01KJN6MMPQTMDYRN709DP5DSDA,page7-255,01KJN7931DXZ65NXTWK1GNEZMW,01KJN79ZRTRDMY6RH8ZCYCM9NV,C,A,0,0.0,4.0,1.0
01KJN6MMPQTMDYRN709DP5DSDA,page7-255,01KJN7931DXZ65NXTWK1GNEZMW,01KJN7AAWT4GWKRZ7B9775509P,C,B,0,0.0,4.0,1.0
01KJN6MMPQTMDYRN709DP5DSDA,page7-255,01KJN7931DXZ65NXTWK1GNEZMW,01KJN7B32C1C5254NSG6ZK1GRK,C,A,0,0.07692307692307693,4.0,1.0
01KJN6MMPQTMDYRN709DP5DSDA,page7-255,01KJN7931DXZ65NXTWK1GNEZMW,01KJN7B4V2673GK7HGVSG52R2P,C,B,0,0.0,4.0,1.0
01KJN6MMPQTMDYRN709DP5DSDA,page7-255,01KJN7931DXZ65NXTWK1GNEZMW,01KJN7BYA5X3A2G30KZECRY2HY,C,B,0,0.1111111111111111,4.0,1.0
01KJN6MMPQTMDYRN709DP5DSDA,page7-255,01KJN79PCAAMFX7P2QF70Y3HJM,01KJN79ZQD1E4YD03FE5CGJY8K,A,C,0,0.16666666666666666,4.0,1.0
01KJN6MMPQTMDYRN709DP5DSDA,page7-255,01KJN79PCAAMFX7P2QF70Y3HJM,01KJN79ZRTRDMY6RH8ZCYCM9NV,A,A,1,0.18181818181818182,4.0,1.0
01KJN6MMPQTMDYRN709DP5DSDA,page7-255,01KJN79PCAAMFX7P2QF70Y3HJM,01KJN7AAWT4GWKRZ7B9775509P,A,B,0,0.0,4.0,1.0
01KJN6MMPQTMDYRN709DP5DSDA,page7-255,01KJN79PCAAMFX7P2QF70Y3HJM,01KJN7B32C1C5254NSG6ZK1GRK,A,A,1,0.4444444444444444,4.0,1.0
01KJN6MMPQTMDYRN709DP5DSDA,page7-255,01KJN79PCAAMFX7P2QF70Y3HJM,01KJN7B4V2673GK7HGVSG52R2P,A,B,0,0.0,4.0,1.0
01KJN6MMPQTMDYRN709DP5DSDA,page7-255,01KJN79PCAAMFX7P2QF70Y3HJM,01KJN7BYA5X3A2G30KZECRY2HY,A,B,0,0.05555555555555555,4.0,1.0
01KJN6MMPQTMDYRN709DP5DSDA,page7-255,01KJN79ZQD1E4YD03FE5CGJY8K,01KJN79ZRTRDMY6RH8ZCYCM9NV,C,A,0,0.18181818181818182,4.0,1.0
01KJN6MMPQTMDYRN709DP5DSDA,page7-255,01KJN79ZQD1E4YD03FE5CGJY8K,01KJN7AAWT4GWKRZ7B9775509P,C,B,0,0.0,4.0,1.0
01KJN6MMPQTMDYRN709DP5DSDA,page7-255,01KJN79ZQD1E4YD03FE5CGJY8K,01KJN7B32C1C5254NSG6ZK1GRK,C,A,0,0.18181818181818182,4.0,1.0
01KJN6MMPQTMDYRN709DP5DSDA,page7-255,01KJN79ZQD1E4YD03FE5CGJY8K,01KJN7B4V2673GK7HGVSG52R2P,C,B,0,0.0,4.0,1.0
01KJN6MMPQTMDYRN709DP5DSDA,page7-255,01KJN79ZQD1E4YD03FE5CGJY8K,01KJN7BYA5X3A2G30KZECRY2HY,C,B,0,0.11764705882352941,4.0,1.0
01KJN6MMPQTMDYRN709DP5DSDA,page7-255,01KJN79ZRTRDMY6RH8ZCYCM9NV,01KJN7AAWT4GWKRZ7B9775509P,A,B,0,0.0,4.0,1.0
01KJN6MMPQTMDYRN709DP5DSDA,page7-255,01KJN79ZRTRDMY6RH8ZCYCM9NV,01KJN7B32C1C5254NSG6ZK1GRK,A,A,1,0.09090909090909091,4.0,1.0
01KJN6MMPQTMDYRN709DP5DSDA,page7-255,01KJN79ZRTRDMY6RH8ZCYCM9NV,01KJN7B4V2673GK7HGVSG52R2P,A,B,0,0.0,4.0,1.0
01KJN6MMPQTMDYRN709DP5DSDA,page7-255,01KJN79ZRTRDMY6RH8ZCYCM9NV,01KJN7BYA5X3A2G30KZECRY2HY,A,B,0,0.058823529411764705,4.0,1.0
01KJN6MMPQTMDYRN709DP5DSDA,page7-255,01KJN7AAWT4GWKRZ7B9775509P,01KJN7B32C1C5254NSG6ZK1GRK,B,A,0,0.0,4.0,1.0
01KJN6MMPQTMDYRN709DP5DSDA,page7-255,01KJN7AAWT4GWKRZ7B9775509P,01KJN7B4V2673GK7HGVSG52R2P,B,B,1,0.25,4.0,1.0
01KJN6MMPQTMDYRN709DP5DSDA,page7-255,01KJN7AAWT4GWKRZ7B9775509P,01KJN7BYA5X3A2G30KZECRY2HY,B,B,1,0.07692307692307693,4.0,1.0
01KJN6MMPQTMDYRN709DP5DSDA,page7-255,01KJN7B32C1C5254NSG6ZK1GRK,01KJN7B4V2673GK7HGVSG52R2P,A,B,0,0.0,4.0,1.0
01KJN6MMPQTMDYRN709DP5DSDA,page7-255,01KJN7B32C1C5254NSG6ZK1GRK,01KJN7BYA5X3A2G30KZECRY2HY,A,B,0,0.058823529411764705,4.0,1.0
01KJN6MMPQTMDYRN709DP5DSDA,page7-255,01KJN7B4V2673GK7HGVSG52R2P,01KJN7BYA5X3A2G30KZECRY2HY,B,B,1,0.07142857142857142,4.0,1.0
01KJN6MMPQTMDYRN709DP5DSDA,page7-255,01KJN77XQHYQ5TVVY4HZM02E7R,01KJN7931DXZ65NXTWK1GNEZMW,C,C,1,1.0,5.0,1.0
01KJN6MMPQTMDYRN709DP5DSDA,page7-255,01KJN77XQHYQ5TVVY4HZM02E7R,01KJN79PCAAMFX7P2QF70Y3HJM,C,A,0,0.1111111111111111,5.0,1.0
01KJN6MMPQTMDYRN709DP5DSDA,page7-255,01KJN77XQHYQ5TVVY4HZM02E7R,01KJN79ZQD1E4YD03FE5CGJY8K,C,C,1,0.42857142857142855,5.0,1.0
01KJN6MMPQTMDYRN709DP5DSDA,page7-255,01KJN77XQHYQ5TVVY4HZM02E7R,01KJN79ZRTRDMY6RH8ZCYCM9NV,C,A,0,0.125,5.0,1.0
01KJN6MMPQTMDYRN709DP5DSDA,page7-255,01KJN77XQHYQ5TVVY4HZM02E7R,01KJN7AAWT4GWKRZ7B9775509P,C,B,0,0.0,5.0,1.0
01KJN6MMPQTMDYRN709DP5DSDA,page7-255,01KJN77XQHYQ5TVVY4HZM02E7R,01KJN7B32C1C5254NSG6ZK1GRK,C,A,0,0.125,5.0,1.0
01KJN6MMPQTMDYRN709DP5DSDA,page7-255,01KJN77XQHYQ5TVVY4HZM02E7R,01KJN7B4V2673GK7HGVSG52R2P,C,B,0,0.0,5.0,1.0
01KJN6MMPQTMDYRN709DP5DSDA,page7-255,01KJN77XQHYQ5TVVY4HZM02E7R,01KJN7BYA5X3A2G30KZECRY2HY,C,B,0,0.0,5.0,1.0
01KJN6MMPQTMDYRN709DP5DSDA,page7-255,01KJN7931DXZ65NXTWK1GNEZMW,01KJN79PCAAMFX7P2QF70Y3HJM,C,A,0,0.1111111111111111,5.0,1.0
01KJN6MMPQTMDYRN709DP5DSDA,page7-255,01KJN7931DXZ65NXTWK1GNEZMW,01KJN79ZQD1E4YD03FE5CGJY8K,C,C,1,0.42857142857142855,5.0,1.0
01KJN6MMPQTMDYRN709DP5DSDA,page7-255,01KJN7931DXZ65NXTWK1GNEZMW,01KJN79ZRTRDMY6RH8ZCYCM9NV,C,A,0,0.125,5.0,1.0
01KJN6MMPQTMDYRN709DP5DSDA,page7-255,01KJN7931DXZ65NXTWK1GNEZMW,01KJN7AAWT4GWKRZ7B9775509P,C,B,0,0.0,5.0,1.0
01KJN6MMPQTMDYRN709DP5DSDA,page7-255,01KJN7931DXZ65NXTWK1GNEZMW,01KJN7B32C1C5254NSG6ZK1GRK,C,A,0,0.125,5.0,1.0
01KJN6MMPQTMDYRN709DP5DSDA,page7-255,01KJN7931DXZ65NXTWK1GNEZMW,01KJN7B4V2673GK7HGVSG52R2P,C,B,0,0.0,5.0,1.0
01KJN6MMPQTMDYRN709DP5DSDA,page7-255,01KJN7931DXZ65NXTWK1GNEZMW,01KJN7BYA5X3A2G30KZECRY2HY,C,B,0,0.0,5.0,1.0
01KJN6MMPQTMDYRN709DP5DSDA,page7-255,01KJN79PCAAMFX7P2QF70Y3HJM,01KJN79ZQD1E4YD03FE5CGJY8K,A,C,0,0.16666666666666666,5.0,1.0
01KJN6MMPQTMDYRN709DP5DSDA,page7-255,01KJN79PCAAMFX7P2QF70Y3HJM,01KJN79ZRTRDMY6RH8ZCYCM9NV,A,A,1,0.18181818181818182,5.0,1.0
01KJN6MMPQTMDYRN709DP5DSDA,page7-255,01KJN79PCAAMFX7P2QF70Y3HJM,01KJN7AAWT4GWKRZ7B9775509P,A,B,0,0.0,5.0,1.0
01KJN6MMPQTMDYRN709DP5DSDA,page7-255,01KJN79PCAAMFX7P2QF70Y3HJM,01KJN7B32C1C5254NSG6ZK1GRK,A,A,1,0.3,5.0,1.0
01KJN6MMPQTMDYRN709DP5DSDA,page7-255,01KJN79PCAAMFX7P2QF70Y3HJM,01KJN7B4V2673GK7HGVSG52R2P,A,B,0,0.0,5.0,1.0
01KJN6MMPQTMDYRN709DP5DSDA,page7-255,01KJN79PCAAMFX7P2QF70Y3HJM,01KJN7BYA5X3A2G30KZECRY2HY,A,B,0,0.0,5.0,1.0
01KJN6MMPQTMDYRN709DP5DSDA,page7-255,01KJN79ZQD1E4YD03FE5CGJY8K,01KJN79ZRTRDMY6RH8ZCYCM9NV,C,A,0,0.18181818181818182,5.0,1.0
01KJN6MMPQTMDYRN709DP5DSDA,page7-255,01KJN79ZQD1E4YD03FE5CGJY8K,01KJN7AAWT4GWKRZ7B9775509P,C,B,0,0.0,5.0,1.0
01KJN6MMPQTMDYRN709DP5DSDA,page7-255,01KJN79ZQD1E4YD03FE5CGJY8K,01KJN7B32C1C5254NSG6ZK1GRK,C,A,0,0.08333333333333333,5.0,1.0
01KJN6MMPQTMDYRN709DP5DSDA,page7-255,01KJN79ZQD1E4YD03FE5CGJY8K,01KJN7B4V2673GK7HGVSG52R2P,C,B,0,0.0,5.0,1.0
01KJN6MMPQTMDYRN709DP5DSDA,page7-255,01KJN79ZQD1E4YD03FE5CGJY8K,01KJN7BYA5X3A2G30KZECRY2HY,C,B,0,0.0,5.0,1.0
01KJN6MMPQTMDYRN709DP5DSDA,page7-255,01KJN79ZRTRDMY6RH8ZCYCM9NV,01KJN7AAWT4GWKRZ7B9775509P,A,B,0,0.0,5.0,1.0
01KJN6MMPQTMDYRN709DP5DSDA,page7-255,01KJN79ZRTRDMY6RH8ZCYCM9NV,01KJN7B32C1C5254NSG6ZK1GRK,A,A,1,0.2,5.0,1.0
01KJN6MMPQTMDYRN709DP5DSDA,page7-255,01KJN79ZRTRDMY6RH8ZCYCM9NV,01KJN7B4V2673GK7HGVSG52R2P,A,B,0,0.0,5.0,1.0
01KJN6MMPQTMDYRN709DP5DSDA,page7-255,01KJN79ZRTRDMY6RH8ZCYCM9NV,01KJN7BYA5X3A2G30KZECRY2HY,A,B,0,0.0,5.0,1.0
01KJN6MMPQTMDYRN709DP5DSDA,page7-255,01KJN7AAWT4GWKRZ7B9775509P,01KJN7B32C1C5254NSG6ZK1GRK,B,A,0,0.0,5.0,1.0
01KJN6MMPQTMDYRN709DP5DSDA,page7-255,01KJN7AAWT4GWKRZ7B9775509P,01KJN7B4V2673GK7HGVSG52R2P,B,B,1,0.25,5.0,1.0
01KJN6MMPQTMDYRN709DP5DSDA,page7-255,01KJN7AAWT4GWKRZ7B9775509P,01KJN7BYA5X3A2G30KZECRY2HY,B,B,1,1.0,5.0,1.0
01KJN6MMPQTMDYRN709DP5DSDA,page7-255,01KJN7B32C1C5254NSG6ZK1GRK,01KJN7B4V2673GK7HGVSG52R2P,A,B,0,0.0,5.0,1.0
01KJN6MMPQTMDYRN709DP5DSDA,page7-255,01KJN7B32C1C5254NSG6ZK1GRK,01KJN7BYA5X3A2G30KZECRY2HY,A,B,0,0.0,5.0,1.0
01KJN6MMPQTMDYRN709DP5DSDA,page7-255,01KJN7B4V2673GK7HGVSG52R2P,01KJN7BYA5X3A2G30KZECRY2HY,B,B,1,0.25,5.0,1.0
01KJN6MMPQTMDYRN709DP5DSDA,page-B,01KJN77XQHYQ5TVVY4HZM02E7R,01KJN79PCAAMFX7P2QF70Y3HJM,C,A,0,0.14285714285714285,1.0,1.0
01KJN6MMPQTMDYRN709DP5DSDA,page-B,01KJN77XQHYQ5TVVY4HZM02E7R,01KJN79ZQD1E4YD03FE5CGJY8K,C,C,1,0.08333333333333333,1.0,1.0
01KJN6MMPQTMDYRN709DP5DSDA,page-B,01KJN77XQHYQ5TVVY4HZM02E7R,01KJN79ZRTRDMY6RH8ZCYCM9NV,C,A,0,0.3,1.0,1.0
01KJN6MMPQTMDYRN709DP5DSDA,page-B,01KJN77XQHYQ5TVVY4HZM02E7R,01KJN7AAWT4GWKRZ7B9775509P,C,B,0,0.08333333333333333,1.0,1.0
01KJN6MMPQTMDYRN709DP5DSDA,page-B,01KJN77XQHYQ5TVVY4HZM02E7R,01KJN7B4V2673GK7HGVSG52R2P,C,B,0,0.07142857142857142,1.0,1.0
01KJN6MMPQTMDYRN709DP5DSDA,page-B,01KJN79PCAAMFX7P2QF70Y3HJM,01KJN79ZQD1E4YD03FE5CGJY8K,A,C,0,0.25,1.0,1.0
01KJN6MMPQTMDYRN709DP5DSDA,page-B,01KJN79PCAAMFX7P2QF70Y3HJM,01KJN79ZRTRDMY6RH8ZCYCM9NV,A,A,1,0.25,1.0,1.0
01KJN6MMPQTMDYRN709DP5DSDA,page-B,01KJN79PCAAMFX7P2QF70Y3HJM,01KJN7AAWT4GWKRZ7B9775509P,A,B,0,0.15384615384615385,1.0,1.0
01KJN6MMPQTMDYRN709DP5DSDA,page-B,01KJN79PCAAMFX7P2QF70Y3HJM,01KJN7B4V2673GK7HGVSG52R2P,A,B,0,0.3076923076923077,1.0,1.0
01KJN6MMPQTMDYRN709DP5DSDA,page-B,01KJN79ZQD1E4YD03FE5CGJY8K,01KJN79ZRTRDMY6RH8ZCYCM9NV,C,A,0,0.09090909090909091,1.0,1.0
01KJN6MMPQTMDYRN709DP5DSDA,page-B,01KJN79ZQD1E4YD03FE5CGJY8K,01KJN7AAWT4GWKRZ7B9775509P,C,B,0,0.3333333333333333,1.0,1.0
01KJN6MMPQTMDYRN709DP5DSDA,page-B,01KJN79ZQD1E4YD03FE5CGJY8K,01KJN7B4V2673GK7HGVSG52R2P,C,B,0,0.2727272727272727,1.0,1.0
01KJN6MMPQTMDYRN709DP5DSDA,page-B,01KJN79ZRTRDMY6RH8ZCYCM9NV,01KJN7AAWT4GWKRZ7B9775509P,A,B,0,0.09090909090909091,1.0,1.0
01KJN6MMPQTMDYRN709DP5DSDA,page-B,01KJN79ZRTRDMY6RH8ZCYCM9NV,01KJN7B4V2673GK7HGVSG52R2P,A,B,0,0.16666666666666666,1.0,1.0
01KJN6MMPQTMDYRN709DP5DSDA,page-B,01KJN7AAWT4GWKRZ7B9775509P,01KJN7B4V2673GK7HGVSG52R2P,B,B,1,0.4,1.0,1.0
01KJN6MMPQTMDYRN709DP5DSDA,page-B,01KJN77XQHYQ5TVVY4HZM02E7R,01KJN7931DXZ65NXTWK1GNEZMW,C,C,1,0.5,2.0,1.0
01KJN6MMPQTMDYRN709DP5DSDA,page-B,01KJN77XQHYQ5TVVY4HZM02E7R,01KJN79PCAAMFX7P2QF70Y3HJM,C,A,0,0.14285714285714285,2.0,1.0
01KJN6MMPQTMDYRN709DP5DSDA,page-B,01KJN77XQHYQ5TVVY4HZM02E7R,01KJN79ZQD1E4YD03FE5CGJY8K,C,C,1,0.08333333333333333,2.0,1.0
01KJN6MMPQTMDYRN709DP5DSDA,page-B,01KJN77XQHYQ5TVVY4HZM02E7R,01KJN79ZRTRDMY6RH8ZCYCM9NV,C,A,0,0.3,2.0,1.0
01KJN6MMPQTMDYRN709DP5DSDA,page-B,01KJN77XQHYQ5TVVY4HZM02E7R,01KJN7AAWT4GWKRZ7B9775509P,C,B,0,0.08333333333333333,2.0,1.0
01KJN6MMPQTMDYRN709DP5DSDA,page-B,01KJN77XQHYQ5TVVY4HZM02E7R,01KJN7B32C1C5254NSG6ZK1GRK,C,A,0,0.18181818181818182,2.0,1.0
01KJN6MMPQTMDYRN709DP5DSDA,page-B,01KJN77XQHYQ5TVVY4HZM02E7R,01KJN7B4V2673GK7HGVSG52R2P,C,B,0,0.07142857142857142,2.0,1.0
01KJN6MMPQTMDYRN709DP5DSDA,page-B,01KJN77XQHYQ5TVVY4HZM02E7R,01KJN7BYA5X3A2G30KZECRY2HY,C,B,0,0.08333333333333333,2.0,1.0
01KJN6MMPQTMDYRN709DP5DSDA,page-B,01KJN7931DXZ65NXTWK1GNEZMW,01KJN79PCAAMFX7P2QF70Y3HJM,C,A,0,0.13333333333333333,2.0,1.0
01KJN6MMPQTMDYRN709DP5DSDA,page-B,01KJN7931DXZ65NXTWK1GNEZMW,01KJN79ZQD1E4YD03FE5CGJY8K,C,C,1,0.07692307692307693,2.0,1.0
01KJN6MMPQTMDYRN709DP5DSDA,page-B,01KJN7931DXZ65NXTWK1GNEZMW,01KJN79ZRTRDMY6RH8ZCYCM9NV,C,A,0,0.2727272727272727,2.0,1.0
01KJN6MMPQTMDYRN709DP5DSDA,page-B,01KJN7931DXZ65NXTWK1GNEZMW,01KJN7AAWT4GWKRZ7B9775509P,C,B,0,0.07692307692307693,2.0,1.0
01KJN6MMPQTMDYRN709DP5DSDA,page-B,01KJN7931DXZ65NXTWK1GNEZMW,01KJN7B32C1C5254NSG6ZK1GRK,C,A,0,0.16666666666666666,2.0,1.0
01KJN6MMPQTMDYRN709DP5DSDA,page-B,01KJN7931DXZ65NXTWK1GNEZMW,01KJN7B4V2673GK7HGVSG52R2P,C,B,0,0.06666666666666667,2.0,1.0
01KJN6MMPQTMDYRN709DP5DSDA,page-B,01KJN7931DXZ65NXTWK1GNEZMW,01KJN7BYA5X3A2G30KZECRY2HY,C,B,0,0.07692307692307693,2.0,1.0
01KJN6MMPQTMDYRN709DP5DSDA,page-B,01KJN79PCAAMFX7P2QF70Y3HJM,01KJN79ZQD1E4YD03FE5CGJY8K,A,C,0,0.25,2.0,1.0
01KJN6MMPQTMDYRN709DP5DSDA,page-B,01KJN79PCAAMFX7P2QF70Y3HJM,01KJN79ZRTRDMY6RH8ZCYCM9NV,A,A,1,0.25,2.0,1.0
01KJN6MMPQTMDYRN709DP5DSDA,page-B,01KJN79PCAAMFX7P2QF70Y3HJM,01KJN7AAWT4GWKRZ7B9775509P,A,B,0,0.15384615384615385,2.0,1.0
01KJN6MMPQTMDYRN709DP5DSDA,page-B,01KJN79PCAAMFX7P2QF70Y3HJM,01KJN7B32C1C5254NSG6ZK1GRK,A,A,1,0.36363636363636365,2.0,1.0
01KJN6MMPQTMDYRN709DP5DSDA,page-B,01KJN79PCAAMFX7P2QF70Y3HJM,01KJN7B4V2673GK7HGVSG52R2P,A,B,0,0.3076923076923077,2.0,1.0
01KJN6MMPQTMDYRN709DP5DSDA,page-B,01KJN79PCAAMFX7P2QF70Y3HJM,01KJN7BYA5X3A2G30KZECRY2HY,A,B,0,0.25,2.0,1.0
01KJN6MMPQTMDYRN709DP5DSDA,page-B,01KJN79ZQD1E4YD03FE5CGJY8K,01KJN79ZRTRDMY6RH8ZCYCM9NV,C,A,0,0.09090909090909091,2.0,1.0
01KJN6MMPQTMDYRN709DP5DSDA,page-B,01KJN79ZQD1E4YD03FE5CGJY8K,01KJN7AAWT4GWKRZ7B9775509P,C,B,0,0.3333333333333333,2.0,1.0
01KJN6MMPQTMDYRN709DP5DSDA,page-B,01KJN79ZQD1E4YD03FE5CGJY8K,01KJN7B32C1C5254NSG6ZK1GRK,C,A,0,0.2,2.0,1.0
01KJN6MMPQTMDYRN709DP5DSDA,page-B,01KJN79ZQD1E4YD03FE5CGJY8K,01KJN7B4V2673GK7HGVSG52R2P,C,B,0,0.2727272727272727,2.0,1.0
01KJN6MMPQTMDYRN709DP5DSDA,page-B,01KJN79ZQD1E4YD03FE5CGJY8K,01KJN7BYA5X3A2G30KZECRY2HY,C,B,0,0.5,2.0,1.0
01KJN6MMPQTMDYRN709DP5DSDA,page-B,01KJN79ZRTRDMY6RH8ZCYCM9NV,01KJN7AAWT4GWKRZ7B9775509P,A,B,0,0.09090909090909091,2.0,1.0
01KJN6MMPQTMDYRN709DP5DSDA,page-B,01KJN79ZRTRDMY6RH8ZCYCM9NV,01KJN7B32C1C5254NSG6ZK1GRK,A,A,1,0.3333333333333333,2.0,1.0
01KJN6MMPQTMDYRN709DP5DSDA,page-B,01KJN79ZRTRDMY6RH8ZCYCM9NV,01KJN7B4V2673GK7HGVSG52R2P,A,B,0,0.16666666666666666,2.0,1.0
01KJN6MMPQTMDYRN709DP5DSDA,page-B,01KJN79ZRTRDMY6RH8ZCYCM9NV,01KJN7BYA5X3A2G30KZECRY2HY,A,B,0,0.09090909090909091,2.0,1.0
01KJN6MMPQTMDYRN709DP5DSDA,page-B,01KJN7AAWT4GWKRZ7B9775509P,01KJN7B32C1C5254NSG6ZK1GRK,B,A,0,0.3333333333333333,2.0,1.0
01KJN6MMPQTMDYRN709DP5DSDA,page-B,01KJN7AAWT4GWKRZ7B9775509P,01KJN7B4V2673GK7HGVSG52R2P,B,B,1,0.4,2.0,1.0
01KJN6MMPQTMDYRN709DP5DSDA,page-B,01KJN7AAWT4GWKRZ7B9775509P,01KJN7BYA5X3A2G30KZECRY2HY,B,B,1,0.3333333333333333,2.0,1.0
01KJN6MMPQTMDYRN709DP5DSDA,page-B,01KJN7B32C1C5254NSG6ZK1GRK,01KJN7B4V2673GK7HGVSG52R2P,A,B,0,0.4,2.0,1.0
01KJN6MMPQTMDYRN709DP5DSDA,page-B,01KJN7B32C1C5254NSG6ZK1GRK,01KJN7BYA5X3A2G30KZECRY2HY,A,B,0,0.3333333333333333,2.0,1.0
01KJN6MMPQTMDYRN709DP5DSDA,page-B,01KJN7B4V2673GK7HGVSG52R2P,01KJN7BYA5X3A2G30KZECRY2HY,B,B,1,0.2727272727272727,2.0,1.0
01KJN6MMPQTMDYRN709DP5DSDA,page-B,01KJN77XQHYQ5TVVY4HZM02E7R,01KJN7931DXZ65NXTWK1GNEZMW,C,C,1,0.5,3.0,1.0
01KJN6MMPQTMDYRN709DP5DSDA,page-B,01KJN77XQHYQ5TVVY4HZM02E7R,01KJN79PCAAMFX7P2QF70Y3HJM,C,A,0,0.2,3.0,1.0
01KJN6MMPQTMDYRN709DP5DSDA,page-B,01KJN77XQHYQ5TVVY4HZM02E7R,01KJN79ZQD1E4YD03FE5CGJY8K,C,C,1,0.4444444444444444,3.0,1.0
01KJN6MMPQTMDYRN709DP5DSDA,page-B,01KJN77XQHYQ5TVVY4HZM02E7R,01KJN79ZRTRDMY6RH8ZCYCM9NV,C,A,0,0.3,3.0,1.0
01KJN6MMPQTMDYRN709DP5DSDA,page-B,01KJN77XQHYQ5TVVY4HZM02E7R,01KJN7AAWT4GWKRZ7B9775509P,C,B,0,0.08333333333333333,3.0,1.0
01KJN6MMPQTMDYRN709DP5DSDA,page-B,01KJN77XQHYQ5TVVY4HZM02E7R,01KJN7B32C1C5254NSG6ZK1GRK,C,A,0,0.18181818181818182,3.0,1.0
01KJN6MMPQTMDYRN709DP5DSDA,page-B,01KJN77XQHYQ5TVVY4HZM02E7R,01KJN7B4V2673GK7HGVSG52R2P,C,B,0,0.09090909090909091,3.0,1.0
01KJN6MMPQTMDYRN709DP5DSDA,page-B,01KJN77XQHYQ5TVVY4HZM02E7R,01KJN7BYA5X3A2G30KZECRY2HY,C,B,0,0.08333333333333333,3.0,1.0
01KJN6MMPQTMDYRN709DP5DSDA,page-B,01KJN7931DXZ65NXTWK1GNEZMW,01KJN79PCAAMFX7P2QF70Y3HJM,C,A,0,0.18181818181818182,3.0,1.0
01KJN6MMPQTMDYRN709DP5DSDA,page-B,01KJN7931DXZ65NXTWK1GNEZMW,01KJN79ZQD1E4YD03FE5CGJY8K,C,C,1,0.5555555555555556,3.0,1.0
01KJN6MMPQTMDYRN709DP5DSDA,page-B,01KJN7931DXZ65NXTWK1GNEZMW,01KJN79ZRTRDMY6RH8ZCYCM9NV,C,A,0,0.2727272727272727,3.0,1.0
01KJN6MMPQTMDYRN709DP5DSDA,page-B,01KJN7931DXZ65NXTWK1GNEZMW,01KJN7AAWT4GWKRZ7B9775509P,C,B,0,0.07692307692307693,3.0,1.0
01KJN6MMPQTMDYRN709DP5DSDA,page-B,01KJN7931DXZ65NXTWK1GNEZMW,01KJN7B32C1C5254NSG6ZK1GRK,C,A,0,0.16666666666666666,3.0,1.0
01KJN6MMPQTMDYRN709DP5DSDA,page-B,01KJN7931DXZ65NXTWK1GNEZMW,01KJN7B4V2673GK7HGVSG52R2P,C,B,0,0.08333333333333333,3.0,1.0
01KJN6MMPQTMDYRN709DP5DSDA,page-B,01KJN7931DXZ65NXTWK1GNEZMW,01KJN7BYA5X3A2G30KZECRY2HY,C,B,0,0.07692307692307693,3.0,1.0
01KJN6MMPQTMDYRN709DP5DSDA,page-B,01KJN79PCAAMFX7P2QF70Y3HJM,01KJN79ZQD1E4YD03FE5CGJY8K,A,C,0,0.2222222222222222,3.0,1.0
01KJN6MMPQTMDYRN709DP5DSDA,page-B,01KJN79PCAAMFX7P2QF70Y3HJM,01KJN79ZRTRDMY6RH8ZCYCM9NV,A,A,1,0.375,3.0,1.0
01KJN6MMPQTMDYRN709DP5DSDA,page-B,01KJN79PCAAMFX7P2QF70Y3HJM,01KJN7AAWT4GWKRZ7B9775509P,A,B,0,0.375,3.0,1.0
01KJN6MMPQTMDYRN709DP5DSDA,page-B,01KJN79PCAAMFX7P2QF70Y3HJM,01KJN7B32C1C5254NSG6ZK1GRK,A,A,1,0.8333333333333334,3.0,1.0
01KJN6MMPQTMDYRN709DP5DSDA,page-B,01KJN79PCAAMFX7P2QF70Y3HJM,01KJN7B4V2673GK7HGVSG52R2P,A,B,0,0.42857142857142855,3.0,1.0
01KJN6MMPQTMDYRN709DP5DSDA,page-B,01KJN79PCAAMFX7P2QF70Y3HJM,01KJN7BYA5X3A2G30KZECRY2HY,A,B,0,0.375,3.0,1.0
01KJN6MMPQTMDYRN709DP5DSDA,page-B,01KJN79ZQD1E4YD03FE5CGJY8K,01KJN79ZRTRDMY6RH8ZCYCM9NV,C,A,0,0.3333333333333333,3.0,1.0
01KJN6MMPQTMDYRN709DP5DSDA,page-B,01KJN79ZQD1E4YD03FE5CGJY8K,01KJN7AAWT4GWKRZ7B9775509P,C,B,0,0.09090909090909091,3.0,1.0
01KJN6MMPQTMDYRN709DP5DSDA,page-B,01KJN79ZQD1E4YD03FE5CGJY8K,01KJN7B32C1C5254NSG6ZK1GRK,C,A,0,0.2,3.0,1.0
01KJN6MMPQTMDYRN709DP5DSDA,page-B,01KJN79ZQD1E4YD03FE5CGJY8K,01KJN7B4V2673GK7HGVSG52R2P,C,B,0,0.2222222222222222,3.0,1.0
01KJN6MMPQTMDYRN709DP5DSDA,page-B,01KJN79ZQD1E4YD03FE5CGJY8K,01KJN7BYA5X3A2G30KZECRY2HY,C,B,0,0.09090909090909091,3.0,1.0
01KJN6MMPQTMDYRN709DP5DSDA,page-B,01KJN79ZRTRDMY6RH8ZCYCM9NV,01KJN7AAWT4GWKRZ7B9775509P,A,B,0,0.09090909090909091,3.0,1.0
01KJN6MMPQTMDYRN709DP5DSDA,page-B,01KJN79ZRTRDMY6RH8ZCYCM9NV,01KJN7B32C1C5254NSG6ZK1GRK,A,A,1,0.3333333333333333,3.0,1.0
01KJN6MMPQTMDYRN709DP5DSDA,page-B,01KJN79ZRTRDMY6RH8ZCYCM9NV,01KJN7B4V2673GK7HGVSG52R2P,A,B,0,0.2222222222222222,3.0,1.0
01KJN6MMPQTMDYRN709DP5DSDA,page-B,01KJN79ZRTRDMY6RH8ZCYCM9NV,01KJN7BYA5X3A2G30KZECRY2HY,A,B,0,0.09090909090909091,3.0,1.0
01KJN6MMPQTMDYRN709DP5DSDA,page-B,01KJN7AAWT4GWKRZ7B9775509P,01KJN7B32C1C5254NSG6ZK1GRK,B,A,0,0.3333333333333333,3.0,1.0
01KJN6MMPQTMDYRN709DP5DSDA,page-B,01KJN7AAWT4GWKRZ7B9775509P,01KJN7B4V2673GK7HGVSG52R2P,B,B,1,0.375,3.0,1.0
01KJN6MMPQTMDYRN709DP5DSDA,page-B,01KJN7AAWT4GWKRZ7B9775509P,01KJN7BYA5X3A2G30KZECRY2HY,B,B,1,0.3333333333333333,3.0,1.0
01KJN6MMPQTMDYRN709DP5DSDA,page-B,01KJN7B32C1C5254NSG6ZK1GRK,01KJN7B4V2673GK7HGVSG52R2P,A,B,0,0.375,3.0,1.0
01KJN6MMPQTMDYRN709DP5DSDA,page-B,01KJN7B32C1C5254NSG6ZK1GRK,01KJN7BYA5X3A2G30KZECRY2HY,A,B,0,0.3333333333333333,3.0,1.0
01KJN6MMPQTMDYRN709DP5DSDA,page-B,01KJN7B4V2673GK7HGVSG52R2P,01KJN7BYA5X3A2G30KZECRY2HY,B,B,1,0.2222222222222222,3.0,1.0
01KJN6MMPQTMDYRN709DP5DSDA,page-B,01KJN77XQHYQ5TVVY4HZM02E7R,01KJN7931DXZ65NXTWK1GNEZMW,C,C,1,0.5,4.0,1.0
01KJN6MMPQTMDYRN709DP5DSDA,page-B,01KJN77XQHYQ5TVVY4HZM02E7R,01KJN79PCAAMFX7P2QF70Y3HJM,C,A,0,0.125,4.0,1.0
01KJN6MMPQTMDYRN709DP5DSDA,page-B,01KJN77XQHYQ5TVVY4HZM02E7R,01KJN79ZQD1E4YD03FE5CGJY8K,C,C,1,0.6666666666666666,4.0,1.0
01KJN6MMPQTMDYRN709DP5DSDA,page-B,01KJN77XQHYQ5TVVY4HZM02E7R,01KJN79ZRTRDMY6RH8ZCYCM9NV,C,A,0,0.2857142857142857,4.0,1.0
01KJN6MMPQTMDYRN709DP5DSDA,page-B,01KJN77XQHYQ5TVVY4HZM02E7R,01KJN7AAWT4GWKRZ7B9775509P,C,B,0,0.14285714285714285,4.0,1.0
01KJN6MMPQTMDYRN709DP5DSDA,page-B,01KJN77XQHYQ5TVVY4HZM02E7R,01KJN7B32C1C5254NSG6ZK1GRK,C,A,0,0.1111111111111111,4.0,1.0
01KJN6MMPQTMDYRN709DP5DSDA,page-B,01KJN77XQHYQ5TVVY4HZM02E7R,01KJN7B4V2673GK7HGVSG52R2P,C,B,0,0.125,4.0,1.0
01KJN6MMPQTMDYRN709DP5DSDA,page-B,01KJN77XQHYQ5TVVY4HZM02E7R,01KJN7BYA5X3A2G30KZECRY2HY,C,B,0,0.1111111111111111,4.0,1.0
01KJN6MMPQTMDYRN709DP5DSDA,page-B,01KJN7931DXZ65NXTWK1GNEZMW,01KJN79PCAAMFX7P2QF70Y3HJM,C,A,0,0.18181818181818182,4.0,1.0
01KJN6MMPQTMDYRN709DP5DSDA,page-B,01KJN7931DXZ65NXTWK1GNEZMW,01KJN79ZQD1E4YD03FE5CGJY8K,C,C,1,0.5555555555555556,4.0,1.0
01KJN6MMPQTMDYRN709DP5DSDA,page-B,01KJN7931DXZ65NXTWK1GNEZMW,01KJN79ZRTRDMY6RH8ZCYCM9NV,C,A,0,0.3,4.0,1.0
01KJN6MMPQTMDYRN709DP5DSDA,page-B,01KJN7931DXZ65NXTWK1GNEZMW,01KJN7AAWT4GWKRZ7B9775509P,C,B,0,0.09090909090909091,4.0,1.0
01KJN6MMPQTMDYRN709DP5DSDA,page-B,01KJN7931DXZ65NXTWK1GNEZMW,01KJN7B32C1C5254NSG6ZK1GRK,C,A,0,0.16666666666666666,4.0,1.0
01KJN6MMPQTMDYRN709DP5DSDA,page-B,01KJN7931DXZ65NXTWK1GNEZMW,01KJN7B4V2673GK7HGVSG52R2P,C,B,0,0.08333333333333333,4.0,1.0
01KJN6MMPQTMDYRN709DP5DSDA,page-B,01KJN7931DXZ65NXTWK1GNEZMW,01KJN7BYA5X3A2G30KZECRY2HY,C,B,0,0.07692307692307693,4.0,1.0
01KJN6MMPQTMDYRN709DP5DSDA,page-B,01KJN79PCAAMFX7P2QF70Y3HJM,01KJN79ZQD1E4YD03FE5CGJY8K,A,C,0,0.2222222222222222,4.0,1.0
01KJN6MMPQTMDYRN709DP5DSDA,page-B,01KJN79PCAAMFX7P2QF70Y3HJM,01KJN79ZRTRDMY6RH8ZCYCM9NV,A,A,1,0.6666666666666666,4.0,1.0
01KJN6MMPQTMDYRN709DP5DSDA,page-B,01KJN79PCAAMFX7P2QF70Y3HJM,01KJN7AAWT4GWKRZ7B9775509P,A,B,0,0.125,4.0,1.0
01KJN6MMPQTMDYRN709DP5DSDA,page-B,01KJN79PCAAMFX7P2QF70Y3HJM,01KJN7B32C1C5254NSG6ZK1GRK,A,A,1,0.8333333333333334,4.0,1.0
01KJN6MMPQTMDYRN709DP5DSDA,page-B,01KJN79PCAAMFX7P2QF70Y3HJM,01KJN7B4V2673GK7HGVSG52R2P,A,B,0,0.42857142857142855,4.0,1.0
01KJN6MMPQTMDYRN709DP5DSDA,page-B,01KJN79PCAAMFX7P2QF70Y3HJM,01KJN7BYA5X3A2G30KZECRY2HY,A,B,0,0.375,4.0,1.0
01KJN6MMPQTMDYRN709DP5DSDA,page-B,01KJN79ZQD1E4YD03FE5CGJY8K,01KJN79ZRTRDMY6RH8ZCYCM9NV,C,A,0,0.375,4.0,1.0
01KJN6MMPQTMDYRN709DP5DSDA,page-B,01KJN79ZQD1E4YD03FE5CGJY8K,01KJN7AAWT4GWKRZ7B9775509P,C,B,0,0.1111111111111111,4.0,1.0
01KJN6MMPQTMDYRN709DP5DSDA,page-B,01KJN79ZQD1E4YD03FE5CGJY8K,01KJN7B32C1C5254NSG6ZK1GRK,C,A,0,0.2,4.0,1.0
01KJN6MMPQTMDYRN709DP5DSDA,page-B,01KJN79ZQD1E4YD03FE5CGJY8K,01KJN7B4V2673GK7HGVSG52R2P,C,B,0,0.2222222222222222,4.0,1.0
01KJN6MMPQTMDYRN709DP5DSDA,page-B,01KJN79ZQD1E4YD03FE5CGJY8K,01KJN7BYA5X3A2G30KZECRY2HY,C,B,0,0.09090909090909091,4.0,1.0
01KJN6MMPQTMDYRN709DP5DSDA,page-B,01KJN79ZRTRDMY6RH8ZCYCM9NV,01KJN7AAWT4GWKRZ7B9775509P,A,B,0,0.125,4.0,1.0
01KJN6MMPQTMDYRN709DP5DSDA,page-B,01KJN79ZRTRDMY6RH8ZCYCM9NV,01KJN7B32C1C5254NSG6ZK1GRK,A,A,1,0.5714285714285714,4.0,1.0
01KJN6MMPQTMDYRN709DP5DSDA,page-B,01KJN79ZRTRDMY6RH8ZCYCM9NV,01KJN7B4V2673GK7HGVSG52R2P,A,B,0,0.42857142857142855,4.0,1.0
01KJN6MMPQTMDYRN709DP5DSDA,page-B,01KJN79ZRTRDMY6RH8ZCYCM9NV,01KJN7BYA5X3A2G30KZECRY2HY,A,B,0,0.2222222222222222,4.0,1.0
01KJN6MMPQTMDYRN709DP5DSDA,page-B,01KJN7AAWT4GWKRZ7B9775509P,01KJN7B32C1C5254NSG6ZK1GRK,B,A,0,0.1111111111111111,4.0,1.0
01KJN6MMPQTMDYRN709DP5DSDA,page-B,01KJN7AAWT4GWKRZ7B9775509P,01KJN7B4V2673GK7HGVSG52R2P,B,B,1,0.2857142857142857,4.0,1.0
01KJN6MMPQTMDYRN709DP5DSDA,page-B,01KJN7AAWT4GWKRZ7B9775509P,01KJN7BYA5X3A2G30KZECRY2HY,B,B,1,0.25,4.0,1.0
01KJN6MMPQTMDYRN709DP5DSDA,page-B,01KJN7B32C1C5254NSG6ZK1GRK,01KJN7B4V2673GK7HGVSG52R2P,A,B,0,0.375,4.0,1.0
01KJN6MMPQTMDYRN709DP5DSDA,page-B,01KJN7B32C1C5254NSG6ZK1GRK,01KJN7BYA5X3A2G30KZECRY2HY,A,B,0,0.3333333333333333,4.0,1.0
01KJN6MMPQTMDYRN709DP5DSDA,page-B,01KJN7B4V2673GK7HGVSG52R2P,01KJN7BYA5X3A2G30KZECRY2HY,B,B,1,0.2222222222222222,4.0,1.0
01KJN6MMPQTMDYRN709DP5DSDA,page-B,01KJN77XQHYQ5TVVY4HZM02E7R,01KJN7931DXZ65NXTWK1GNEZMW,C,C,1,1.0,5.0,1.0
01KJN6MMPQTMDYRN709DP5DSDA,page-B,01KJN77XQHYQ5TVVY4HZM02E7R,01KJN79PCAAMFX7P2QF70Y3HJM,C,A,0,0.125,5.0,1.0
01KJN6MMPQTMDYRN709DP5DSDA,page-B,01KJN77XQHYQ5TVVY4HZM02E7R,01KJN79ZQD1E4YD03FE5CGJY8K,C,C,1,0.6666666666666666,5.0,1.0
01KJN6MMPQTMDYRN709DP5DSDA,page-B,01KJN77XQHYQ5TVVY4HZM02E7R,01KJN79ZRTRDMY6RH8ZCYCM9NV,C,A,0,0.2857142857142857,5.0,1.0
01KJN6MMPQTMDYRN709DP5DSDA,page-B,01KJN77XQHYQ5TVVY4HZM02E7R,01KJN7AAWT4GWKRZ7B9775509P,C,B,0,0.14285714285714285,5.0,1.0
01KJN6MMPQTMDYRN709DP5DSDA,page-B,01KJN77XQHYQ5TVVY4HZM02E7R,01KJN7B32C1C5254NSG6ZK1GRK,C,A,0,0.125,5.0,1.0
01KJN6MMPQTMDYRN709DP5DSDA,page-B,01KJN77XQHYQ5TVVY4HZM02E7R,01KJN7B4V2673GK7HGVSG52R2P,C,B,0,0.125,5.0,1.0
01KJN6MMPQTMDYRN709DP5DSDA,page-B,01KJN77XQHYQ5TVVY4HZM02E7R,01KJN7BYA5X3A2G30KZECRY2HY,C,B,0,0.125,5.0,1.0
01KJN6MMPQTMDYRN709DP5DSDA,page-B,01KJN7931DXZ65NXTWK1GNEZMW,01KJN79PCAAMFX7P2QF70Y3HJM,C,A,0,0.125,5.0,1.0
01KJN6MMPQTMDYRN709DP5DSDA,page-B,01KJN7931DXZ65NXTWK1GNEZMW,01KJN79ZQD1E4YD03FE5CGJY8K,C,C,1,0.6666666666666666,5.0,1.0
01KJN6MMPQTMDYRN709DP5DSDA,page-B,01KJN7931DXZ65NXTWK1GNEZMW,01KJN79ZRTRDMY6RH8ZCYCM9NV,C,A,0,0.2857142857142857,5.0,1.0
01KJN6MMPQTMDYRN709DP5DSDA,page-B,01KJN7931DXZ65NXTWK1GNEZMW,01KJN7AAWT4GWKRZ7B9775509P,C,B,0,0.14285714285714285,5.0,1.0
01KJN6MMPQTMDYRN709DP5DSDA,page-B,01KJN7931DXZ65NXTWK1GNEZMW,01KJN7B32C1C5254NSG6ZK1GRK,C,A,0,0.125,5.0,1.0
01KJN6MMPQTMDYRN709DP5DSDA,page-B,01KJN7931DXZ65NXTWK1GNEZMW,01KJN7B4V2673GK7HGVSG52R2P,C,B,0,0.125,5.0,1.0
01KJN6MMPQTMDYRN709DP5DSDA,page-B,01KJN7931DXZ65NXTWK1GNEZMW,01KJN7BYA5X3A2G30KZECRY2HY,C,B,0,0.125,5.0,1.0
01KJN6MMPQTMDYRN709DP5DSDA,page-B,01KJN79PCAAMFX7P2QF70Y3HJM,01KJN79ZQD1E4YD03FE5CGJY8K,A,C,0,0.2222222222222222,5.0,1.0
01KJN6MMPQTMDYRN709DP5DSDA,page-B,01KJN79PCAAMFX7P2QF70Y3HJM,01KJN79ZRTRDMY6RH8ZCYCM9NV,A,A,1,0.6666666666666666,5.0,1.0
01KJN6MMPQTMDYRN709DP5DSDA,page-B,01KJN79PCAAMFX7P2QF70Y3HJM,01KJN7AAWT4GWKRZ7B9775509P,A,B,0,0.125,5.0,1.0
01KJN6MMPQTMDYRN709DP5DSDA,page-B,01KJN79PCAAMFX7P2QF70Y3HJM,01KJN7B32C1C5254NSG6ZK1GRK,A,A,1,0.6666666666666666,5.0,1.0
01KJN6MMPQTMDYRN709DP5DSDA,page-B,01KJN79PCAAMFX7P2QF70Y3HJM,01KJN7B4V2673GK7HGVSG52R2P,A,B,0,0.42857142857142855,5.0,1.0
01KJN6MMPQTMDYRN709DP5DSDA,page-B,01KJN79PCAAMFX7P2QF70Y3HJM,01KJN7BYA5X3A2G30KZECRY2HY,A,B,0,0.1111111111111111,5.0,1.0
01KJN6MMPQTMDYRN709DP5DSDA,page-B,01KJN79ZQD1E4YD03FE5CGJY8K,01KJN79ZRTRDMY6RH8ZCYCM9NV,C,A,0,0.375,5.0,1.0
01KJN6MMPQTMDYRN709DP5DSDA,page-B,01KJN79ZQD1E4YD03FE5CGJY8K,01KJN7AAWT4GWKRZ7B9775509P,C,B,0,0.1111111111111111,5.0,1.0
01KJN6MMPQTMDYRN709DP5DSDA,page-B,01KJN79ZQD1E4YD03FE5CGJY8K,01KJN7B32C1C5254NSG6ZK1GRK,C,A,0,0.2222222222222222,5.0,1.0
01KJN6MMPQTMDYRN709DP5DSDA,page-B,01KJN79ZQD1E4YD03FE5CGJY8K,01KJN7B4V2673GK7HGVSG52R2P,C,B,0,0.2222222222222222,5.0,1.0
01KJN6MMPQTMDYRN709DP5DSDA,page-B,01KJN79ZQD1E4YD03FE5CGJY8K,01KJN7BYA5X3A2G30KZECRY2HY,C,B,0,0.1,5.0,1.0
01KJN6MMPQTMDYRN709DP5DSDA,page-B,01KJN79ZRTRDMY6RH8ZCYCM9NV,01KJN7AAWT4GWKRZ7B9775509P,A,B,0,0.125,5.0,1.0
01KJN6MMPQTMDYRN709DP5DSDA,page-B,01KJN79ZRTRDMY6RH8ZCYCM9NV,01KJN7B32C1C5254NSG6ZK1GRK,A,A,1,0.6666666666666666,5.0,1.0
01KJN6MMPQTMDYRN709DP5DSDA,page-B,01KJN79ZRTRDMY6RH8ZCYCM9NV,01KJN7B4V2673GK7HGVSG52R2P,A,B,0,0.42857142857142855,5.0,1.0
01KJN6MMPQTMDYRN709DP5DSDA,page-B,01KJN79ZRTRDMY6RH8ZCYCM9NV,01KJN7BYA5X3A2G30KZECRY2HY,A,B,0,0.1111111111111111,5.0,1.0
01KJN6MMPQTMDYRN709DP5DSDA,page-B,01KJN7AAWT4GWKRZ7B9775509P,01KJN7B32C1C5254NSG6ZK1GRK,B,A,0,0.125,5.0,1.0
01KJN6MMPQTMDYRN709DP5DSDA,page-B,01KJN7AAWT4GWKRZ7B9775509P,01KJN7B4V2673GK7HGVSG52R2P,B,B,1,0.2857142857142857,5.0,1.0
01KJN6MMPQTMDYRN709DP5DSDA,page-B,01KJN7AAWT4GWKRZ7B9775509P,01KJN7BYA5X3A2G30KZECRY2HY,B,B,1,0.8,5.0,1.0
01KJN6MMPQTMDYRN709DP5DSDA,page-B,01KJN7B32C1C5254NSG6ZK1GRK,01KJN7B4V2673GK7HGVSG52R2P,A,B,0,0.42857142857142855,5.0,1.0
01KJN6MMPQTMDYRN709DP5DSDA,page-B,01KJN7B32C1C5254NSG6ZK1GRK,01KJN7BYA5X3A2G30KZECRY2HY,A,B,0,0.1111111111111111,5.0,1.0
01KJN6MMPQTMDYRN709DP5DSDA,page-B,01KJN7B4V2673GK7HGVSG52R2P,01KJN7BYA5X3A2G30KZECRY2HY,B,B,1,0.25,5.0,1.0
01KJN6MMPQTMDYRN709DP5DSDA,page7-107,01KJN77XQHYQ5TVVY4HZM02E7R,01KJN79PCAAMFX7P2QF70Y3HJM,C,A,0,0.5,1.0,2.0
01KJN6MMPQTMDYRN709DP5DSDA,page7-107,01KJN77XQHYQ5TVVY4HZM02E7R,01KJN79ZQD1E4YD03FE5CGJY8K,C,C,1,0.0,1.0,2.0
01KJN6MMPQTMDYRN709DP5DSDA,page7-107,01KJN77XQHYQ5TVVY4HZM02E7R,01KJN79ZRTRDMY6RH8ZCYCM9NV,C,A,0,0.0,1.0,2.0
01KJN6MMPQTMDYRN709DP5DSDA,page7-107,01KJN77XQHYQ5TVVY4HZM02E7R,01KJN7AAWT4GWKRZ7B9775509P,C,B,0,0.3333333333333333,1.0,2.0
01KJN6MMPQTMDYRN709DP5DSDA,page7-107,01KJN77XQHYQ5TVVY4HZM02E7R,01KJN7B4V2673GK7HGVSG52R2P,C,B,0,0.3333333333333333,1.0,2.0
01KJN6MMPQTMDYRN709DP5DSDA,page7-107,01KJN79PCAAMFX7P2QF70Y3HJM,01KJN79ZQD1E4YD03FE5CGJY8K,A,C,0,0.0,1.0,2.0
01KJN6MMPQTMDYRN709DP5DSDA,page7-107,01KJN79PCAAMFX7P2QF70Y3HJM,01KJN79ZRTRDMY6RH8ZCYCM9NV,A,A,1,0.0,1.0,2.0
01KJN6MMPQTMDYRN709DP5DSDA,page7-107,01KJN79PCAAMFX7P2QF70Y3HJM,01KJN7AAWT4GWKRZ7B9775509P,A,B,0,0.5,1.0,2.0
01KJN6MMPQTMDYRN709DP5DSDA,page7-107,01KJN79PCAAMFX7P2QF70Y3HJM,01KJN7B4V2673GK7HGVSG52R2P,A,B,0,0.5,1.0,2.0
01KJN6MMPQTMDYRN709DP5DSDA,page7-107,01KJN79ZQD1E4YD03FE5CGJY8K,01KJN79ZRTRDMY6RH8ZCYCM9NV,C,A,0,0.0,1.0,2.0
01KJN6MMPQTMDYRN709DP5DSDA,page7-107,01KJN79ZQD1E4YD03FE5CGJY8K,01KJN7AAWT4GWKRZ7B9775509P,C,B,0,0.0,1.0,2.0
01KJN6MMPQTMDYRN709DP5DSDA,page7-107,01KJN79ZQD1E4YD03FE5CGJY8K,01KJN7B4V2673GK7HGVSG52R2P,C,B,0,0.0,1.0,2.0
01KJN6MMPQTMDYRN709DP5DSDA,page7-107,01KJN79ZRTRDMY6RH8ZCYCM9NV,01KJN7AAWT4GWKRZ7B9775509P,A,B,0,0.0,1.0,2.0
01KJN6MMPQTMDYRN709DP5DSDA,page7-107,01KJN79ZRTRDMY6RH8ZCYCM9NV,01KJN7B4V2673GK7HGVSG52R2P,A,B,0,0.0,1.0,2.0
01KJN6MMPQTMDYRN709DP5DSDA,page7-107,01KJN7AAWT4GWKRZ7B9775509P,01KJN7B4V2673GK7HGVSG52R2P,B,B,1,0.3333333333333333,1.0,2.0
01KJN6MMPQTMDYRN709DP5DSDA,page7-107,01KJN77XQHYQ5TVVY4HZM02E7R,01KJN7931DXZ65NXTWK1GNEZMW,C,C,1,0.5,2.0,2.0
01KJN6MMPQTMDYRN709DP5DSDA,page7-107,01KJN77XQHYQ5TVVY4HZM02E7R,01KJN79PCAAMFX7P2QF70Y3HJM,C,A,0,0.5,2.0,2.0
01KJN6MMPQTMDYRN709DP5DSDA,page7-107,01KJN77XQHYQ5TVVY4HZM02E7R,01KJN79ZQD1E4YD03FE5CGJY8K,C,C,1,0.0,2.0,2.0
01KJN6MMPQTMDYRN709DP5DSDA,page7-107,01KJN77XQHYQ5TVVY4HZM02E7R,01KJN79ZRTRDMY6RH8ZCYCM9NV,C,A,0,0.0,2.0,2.0
01KJN6MMPQTMDYRN709DP5DSDA,page7-107,01KJN77XQHYQ5TVVY4HZM02E7R,01KJN7AAWT4GWKRZ7B9775509P,C,B,0,0.3333333333333333,2.0,2.0
01KJN6MMPQTMDYRN709DP5DSDA,page7-107,01KJN77XQHYQ5TVVY4HZM02E7R,01KJN7B32C1C5254NSG6ZK1GRK,C,A,0,0.5,2.0,2.0
01KJN6MMPQTMDYRN709DP5DSDA,page7-107,01KJN77XQHYQ5TVVY4HZM02E7R,01KJN7B4V2673GK7HGVSG52R2P,C,B,0,0.3333333333333333,2.0,2.0
01KJN6MMPQTMDYRN709DP5DSDA,page7-107,01KJN77XQHYQ5TVVY4HZM02E7R,01KJN7BYA5X3A2G30KZECRY2HY,C,B,0,0.3333333333333333,2.0,2.0
01KJN6MMPQTMDYRN709DP5DSDA,page7-107,01KJN7931DXZ65NXTWK1GNEZMW,01KJN79PCAAMFX7P2QF70Y3HJM,C,A,0,0.25,2.0,2.0
01KJN6MMPQTMDYRN709DP5DSDA,page7-107,01KJN7931DXZ65NXTWK1GNEZMW,01KJN79ZQD1E4YD03FE5CGJY8K,C,C,1,0.2,2.0,2.0
01KJN6MMPQTMDYRN709DP5DSDA,page7-107,01KJN7931DXZ65NXTWK1GNEZMW,01KJN79ZRTRDMY6RH8ZCYCM9NV,C,A,0,0.0,2.0,2.0
01KJN6MMPQTMDYRN709DP5DSDA,page7-107,01KJN7931DXZ65NXTWK1GNEZMW,01KJN7AAWT4GWKRZ7B9775509P,C,B,0,0.2,2.0,2.0
01KJN6MMPQTMDYRN709DP5DSDA,page7-107,01KJN7931DXZ65NXTWK1GNEZMW,01KJN7B32C1C5254NSG6ZK1GRK,C,A,0,0.25,2.0,2.0
01KJN6MMPQTMDYRN709DP5DSDA,page7-107,01KJN7931DXZ65NXTWK1GNEZMW,01KJN7B4V2673GK7HGVSG52R2P,C,B,0,0.2,2.0,2.0
01KJN6MMPQTMDYRN709DP5DSDA,page7-107,01KJN7931DXZ65NXTWK1GNEZMW,01KJN7BYA5X3A2G30KZECRY2HY,C,B,0,0.2,2.0,2.0
01KJN6MMPQTMDYRN709DP5DSDA,page7-107,01KJN79PCAAMFX7P2QF70Y3HJM,01KJN79ZQD1E4YD03FE5CGJY8K,A,C,0,0.0,2.0,2.0
01KJN6MMPQTMDYRN709DP5DSDA,page7-107,01KJN79PCAAMFX7P2QF70Y3HJM,01KJN79ZRTRDMY6RH8ZCYCM9NV,A,A,1,0.0,2.0,2.0
01KJN6MMPQTMDYRN709DP5DSDA,page7-107,01KJN79PCAAMFX7P2QF70Y3HJM,01KJN7AAWT4GWKRZ7B9775509P,A,B,0,0.5,2.0,2.0
01KJN6MMPQTMDYRN709DP5DSDA,page7-107,01KJN79PCAAMFX7P2QF70Y3HJM,01KJN7B32C1C5254NSG6ZK1GRK,A,A,1,1.0,2.0,2.0
01KJN6MMPQTMDYRN709DP5DSDA,page7-107,01KJN79PCAAMFX7P2QF70Y3HJM,01KJN7B4V2673GK7HGVSG52R2P,A,B,0,0.5,2.0,2.0
01KJN6MMPQTMDYRN709DP5DSDA,page7-107,01KJN79PCAAMFX7P2QF70Y3HJM,01KJN7BYA5X3A2G30KZECRY2HY,A,B,0,0.5,2.0,2.0
01KJN6MMPQTMDYRN709DP5DSDA,page7-107,01KJN79ZQD1E4YD03FE5CGJY8K,01KJN79ZRTRDMY6RH8ZCYCM9NV,C,A,0,0.0,2.0,2.0
01KJN6MMPQTMDYRN709DP5DSDA,page7-107,01KJN79ZQD1E4YD03FE5CGJY8K,01KJN7AAWT4GWKRZ7B9775509P,C,B,0,0.0,2.0,2.0
01KJN6MMPQTMDYRN709DP5DSDA,page7-107,01KJN79ZQD1E4YD03FE5CGJY8K,01KJN7B32C1C5254NSG6ZK1GRK,C,A,0,0.0,2.0,2.0
01KJN6MMPQTMDYRN709DP5DSDA,page7-107,01KJN79ZQD1E4YD03FE5CGJY8K,01KJN7B4V2673GK7HGVSG52R2P,C,B,0,0.0,2.0,2.0
01KJN6MMPQTMDYRN709DP5DSDA,page7-107,01KJN79ZQD1E4YD03FE5CGJY8K,01KJN7BYA5X3A2G30KZECRY2HY,C,B,0,0.0,2.0,2.0
01KJN6MMPQTMDYRN709DP5DSDA,page7-107,01KJN79ZRTRDMY6RH8ZCYCM9NV,01KJN7AAWT4GWKRZ7B9775509P,A,B,0,0.0,2.0,2.0
01KJN6MMPQTMDYRN709DP5DSDA,page7-107,01KJN79ZRTRDMY6RH8ZCYCM9NV,01KJN7B32C1C5254NSG6ZK1GRK,A,A,1,0.0,2.0,2.0
01KJN6MMPQTMDYRN709DP5DSDA,page7-107,01KJN79ZRTRDMY6RH8ZCYCM9NV,01KJN7B4V2673GK7HGVSG52R2P,A,B,0,0.0,2.0,2.0
01KJN6MMPQTMDYRN709DP5DSDA,page7-107,01KJN79ZRTRDMY6RH8ZCYCM9NV,01KJN7BYA5X3A2G30KZECRY2HY,A,B,0,0.0,2.0,2.0
01KJN6MMPQTMDYRN709DP5DSDA,page7-107,01KJN7AAWT4GWKRZ7B9775509P,01KJN7B32C1C5254NSG6ZK1GRK,B,A,0,0.5,2.0,2.0
01KJN6MMPQTMDYRN709DP5DSDA,page7-107,01KJN7AAWT4GWKRZ7B9775509P,01KJN7B4V2673GK7HGVSG52R2P,B,B,1,0.3333333333333333,2.0,2.0
01KJN6MMPQTMDYRN709DP5DSDA,page7-107,01KJN7AAWT4GWKRZ7B9775509P,01KJN7BYA5X3A2G30KZECRY2HY,B,B,1,0.3333333333333333,2.0,2.0
01KJN6MMPQTMDYRN709DP5DSDA,page7-107,01KJN7B32C1C5254NSG6ZK1GRK,01KJN7B4V2673GK7HGVSG52R2P,A,B,0,0.5,2.0,2.0
01KJN6MMPQTMDYRN709DP5DSDA,page7-107,01KJN7B32C1C5254NSG6ZK1GRK,01KJN7BYA5X3A2G30KZECRY2HY,A,B,0,0.5,2.0,2.0
01KJN6MMPQTMDYRN709DP5DSDA,page7-107,01KJN7B4V2673GK7HGVSG52R2P,01KJN7BYA5X3A2G30KZECRY2HY,B,B,1,1.0,2.0,2.0
01KJN6MMPQTMDYRN709DP5DSDA,page7-107,01KJN77XQHYQ5TVVY4HZM02E7R,01KJN7931DXZ65NXTWK1GNEZMW,C,C,1,0.5,3.0,2.0
01KJN6MMPQTMDYRN709DP5DSDA,page7-107,01KJN77XQHYQ5TVVY4HZM02E7R,01KJN79PCAAMFX7P2QF70Y3HJM,C,A,0,0.5,3.0,2.0
01KJN6MMPQTMDYRN709DP5DSDA,page7-107,01KJN77XQHYQ5TVVY4HZM02E7R,01KJN79ZQD1E4YD03FE5CGJY8K,C,C,1,0.0,3.0,2.0
01KJN6MMPQTMDYRN709DP5DSDA,page7-107,01KJN77XQHYQ5TVVY4HZM02E7R,01KJN79ZRTRDMY6RH8ZCYCM9NV,C,A,0,0.0,3.0,2.0
01KJN6MMPQTMDYRN709DP5DSDA,page7-107,01KJN77XQHYQ5TVVY4HZM02E7R,01KJN7AAWT4GWKRZ7B9775509P,C,B,0,0.3333333333333333,3.0,2.0
01KJN6MMPQTMDYRN709DP5DSDA,page7-107,01KJN77XQHYQ5TVVY4HZM02E7R,01KJN7B32C1C5254NSG6ZK1GRK,C,A,0,0.5,3.0,2.0
01KJN6MMPQTMDYRN709DP5DSDA,page7-107,01KJN77XQHYQ5TVVY4HZM02E7R,01KJN7B4V2673GK7HGVSG52R2P,C,B,0,0.3333333333333333,3.0,2.0
01KJN6MMPQTMDYRN709DP5DSDA,page7-107,01KJN77XQHYQ5TVVY4HZM02E7R,01KJN7BYA5X3A2G30KZECRY2HY,C,B,0,0.3333333333333333,3.0,2.0
01KJN6MMPQTMDYRN709DP5DSDA,page7-107,01KJN7931DXZ65NXTWK1GNEZMW,01KJN79PCAAMFX7P2QF70Y3HJM,C,A,0,0.25,3.0,2.0
01KJN6MMPQTMDYRN709DP5DSDA,page7-107,01KJN7931DXZ65NXTWK1GNEZMW,01KJN79ZQD1E4YD03FE5CGJY8K,C,C,1,0.2,3.0,2.0
01KJN6MMPQTMDYRN709DP5DSDA,page7-107,01KJN7931DXZ65NXTWK1GNEZMW,01KJN79ZRTRDMY6RH8ZCYCM9NV,C,A,0,0.0,3.0,2.0
01KJN6MMPQTMDYRN709DP5DSDA,page7-107,01KJN7931DXZ65NXTWK1GNEZMW,01KJN7AAWT4GWKRZ7B9775509P,C,B,0,0.2,3.0,2.0
01KJN6MMPQTMDYRN709DP5DSDA,page7-107,01KJN7931DXZ65NXTWK1GNEZMW,01KJN7B32C1C5254NSG6ZK1GRK,C,A,0,0.25,3.0,2.0
01KJN6MMPQTMDYRN709DP5DSDA,page7-107,01KJN7931DXZ65NXTWK1GNEZMW,01KJN7B4V2673GK7HGVSG52R2P,C,B,0,0.2,3.0,2.0
01KJN6MMPQTMDYRN709DP5DSDA,page7-107,01KJN7931DXZ65NXTWK1GNEZMW,01KJN7BYA5X3A2G30KZECRY2HY,C,B,0,0.2,3.0,2.0
01KJN6MMPQTMDYRN709DP5DSDA,page7-107,01KJN79PCAAMFX7P2QF70Y3HJM,01KJN79ZQD1E4YD03FE5CGJY8K,A,C,0,0.0,3.0,2.0
01KJN6MMPQTMDYRN709DP5DSDA,page7-107,01KJN79PCAAMFX7P2QF70Y3HJM,01KJN79ZRTRDMY6RH8ZCYCM9NV,A,A,1,0.0,3.0,2.0
01KJN6MMPQTMDYRN709DP5DSDA,page7-107,01KJN79PCAAMFX7P2QF70Y3HJM,01KJN7AAWT4GWKRZ7B9775509P,A,B,0,0.5,3.0,2.0
01KJN6MMPQTMDYRN709DP5DSDA,page7-107,01KJN79PCAAMFX7P2QF70Y3HJM,01KJN7B32C1C5254NSG6ZK1GRK,A,A,1,1.0,3.0,2.0
01KJN6MMPQTMDYRN709DP5DSDA,page7-107,01KJN79PCAAMFX7P2QF70Y3HJM,01KJN7B4V2673GK7HGVSG52R2P,A,B,0,0.5,3.0,2.0
01KJN6MMPQTMDYRN709DP5DSDA,page7-107,01KJN79PCAAMFX7P2QF70Y3HJM,01KJN7BYA5X3A2G30KZECRY2HY,A,B,0,0.5,3.0,2.0
01KJN6MMPQTMDYRN709DP5DSDA,page7-107,01KJN79ZQD1E4YD03FE5CGJY8K,01KJN79ZRTRDMY6RH8ZCYCM9NV,C,A,0,0.0,3.0,2.0
01KJN6MMPQTMDYRN709DP5DSDA,page7-107,01KJN79ZQD1E4YD03FE5CGJY8K,01KJN7AAWT4GWKRZ7B9775509P,C,B,0,0.0,3.0,2.0
01KJN6MMPQTMDYRN709DP5DSDA,page7-107,01KJN79ZQD1E4YD03FE5CGJY8K,01KJN7B32C1C5254NSG6ZK1GRK,C,A,0,0.0,3.0,2.0
01KJN6MMPQTMDYRN709DP5DSDA,page7-107,01KJN79ZQD1E4YD03FE5CGJY8K,01KJN7B4V2673GK7HGVSG52R2P,C,B,0,0.0,3.0,2.0
01KJN6MMPQTMDYRN709DP5DSDA,page7-107,01KJN79ZQD1E4YD03FE5CGJY8K,01KJN7BYA5X3A2G30KZECRY2HY,C,B,0,0.0,3.0,2.0
01KJN6MMPQTMDYRN709DP5DSDA,page7-107,01KJN79ZRTRDMY6RH8ZCYCM9NV,01KJN7AAWT4GWKRZ7B9775509P,A,B,0,0.0,3.0,2.0
01KJN6MMPQTMDYRN709DP5DSDA,page7-107,01KJN79ZRTRDMY6RH8ZCYCM9NV,01KJN7B32C1C5254NSG6ZK1GRK,A,A,1,0.0,3.0,2.0
01KJN6MMPQTMDYRN709DP5DSDA,page7-107,01KJN79ZRTRDMY6RH8ZCYCM9NV,01KJN7B4V2673GK7HGVSG52R2P,A,B,0,0.0,3.0,2.0
01KJN6MMPQTMDYRN709DP5DSDA,page7-107,01KJN79ZRTRDMY6RH8ZCYCM9NV,01KJN7BYA5X3A2G30KZECRY2HY,A,B,0,0.0,3.0,2.0
01KJN6MMPQTMDYRN709DP5DSDA,page7-107,01KJN7AAWT4GWKRZ7B9775509P,01KJN7B32C1C5254NSG6ZK1GRK,B,A,0,0.5,3.0,2.0
01KJN6MMPQTMDYRN709DP5DSDA,page7-107,01KJN7AAWT4GWKRZ7B9775509P,01KJN7B4V2673GK7HGVSG52R2P,B,B,1,0.3333333333333333,3.0,2.0
01KJN6MMPQTMDYRN709DP5DSDA,page7-107,01KJN7AAWT4GWKRZ7B9775509P,01KJN7BYA5X3A2G30KZECRY2HY,B,B,1,0.3333333333333333,3.0,2.0
01KJN6MMPQTMDYRN709DP5DSDA,page7-107,01KJN7B32C1C5254NSG6ZK1GRK,01KJN7B4V2673GK7HGVSG52R2P,A,B,0,0.5,3.0,2.0
01KJN6MMPQTMDYRN709DP5DSDA,page7-107,01KJN7B32C1C5254NSG6ZK1GRK,01KJN7BYA5X3A2G30KZECRY2HY,A,B,0,0.5,3.0,2.0
01KJN6MMPQTMDYRN709DP5DSDA,page7-107,01KJN7B4V2673GK7HGVSG52R2P,01KJN7BYA5X3A2G30KZECRY2HY,B,B,1,1.0,3.0,2.0
01KJN6MMPQTMDYRN709DP5DSDA,page7-107,01KJN77XQHYQ5TVVY4HZM02E7R,01KJN7931DXZ65NXTWK1GNEZMW,C,C,1,0.25,4.0,2.0
01KJN6MMPQTMDYRN709DP5DSDA,page7-107,01KJN77XQHYQ5TVVY4HZM02E7R,01KJN79PCAAMFX7P2QF70Y3HJM,C,A,0,1.0,4.0,2.0
01KJN6MMPQTMDYRN709DP5DSDA,page7-107,01KJN77XQHYQ5TVVY4HZM02E7R,01KJN79ZQD1E4YD03FE5CGJY8K,C,C,1,0.0,4.0,2.0
01KJN6MMPQTMDYRN709DP5DSDA,page7-107,01KJN77XQHYQ5TVVY4HZM02E7R,01KJN79ZRTRDMY6RH8ZCYCM9NV,C,A,0,0.0,4.0,2.0
01KJN6MMPQTMDYRN709DP5DSDA,page7-107,01KJN77XQHYQ5TVVY4HZM02E7R,01KJN7AAWT4GWKRZ7B9775509P,C,B,0,0.5,4.0,2.0
01KJN6MMPQTMDYRN709DP5DSDA,page7-107,01KJN77XQHYQ5TVVY4HZM02E7R,01KJN7B32C1C5254NSG6ZK1GRK,C,A,0,1.0,4.0,2.0
01KJN6MMPQTMDYRN709DP5DSDA,page7-107,01KJN77XQHYQ5TVVY4HZM02E7R,01KJN7B4V2673GK7HGVSG52R2P,C,B,0,0.5,4.0,2.0
01KJN6MMPQTMDYRN709DP5DSDA,page7-107,01KJN77XQHYQ5TVVY4HZM02E7R,01KJN7BYA5X3A2G30KZECRY2HY,C,B,0,0.5,4.0,2.0
01KJN6MMPQTMDYRN709DP5DSDA,page7-107,01KJN7931DXZ65NXTWK1GNEZMW,01KJN79PCAAMFX7P2QF70Y3HJM,C,A,0,0.25,4.0,2.0
01KJN6MMPQTMDYRN709DP5DSDA,page7-107,01KJN7931DXZ65NXTWK1GNEZMW,01KJN79ZQD1E4YD03FE5CGJY8K,C,C,1,0.2,4.0,2.0
01KJN6MMPQTMDYRN709DP5DSDA,page7-107,01KJN7931DXZ65NXTWK1GNEZMW,01KJN79ZRTRDMY6RH8ZCYCM9NV,C,A,0,0.0,4.0,2.0
01KJN6MMPQTMDYRN709DP5DSDA,page7-107,01KJN7931DXZ65NXTWK1GNEZMW,01KJN7AAWT4GWKRZ7B9775509P,C,B,0,0.2,4.0,2.0
01KJN6MMPQTMDYRN709DP5DSDA,page7-107,01KJN7931DXZ65NXTWK1GNEZMW,01KJN7B32C1C5254NSG6ZK1GRK,C,A,0,0.25,4.0,2.0
01KJN6MMPQTMDYRN709DP5DSDA,page7-107,01KJN7931DXZ65NXTWK1GNEZMW,01KJN7B4V2673GK7HGVSG52R2P,C,B,0,0.2,4.0,2.0
01KJN6MMPQTMDYRN709DP5DSDA,page7-107,01KJN7931DXZ65NXTWK1GNEZMW,01KJN7BYA5X3A2G30KZECRY2HY,C,B,0,0.2,4.0,2.0
01KJN6MMPQTMDYRN709DP5DSDA,page7-107,01KJN79PCAAMFX7P2QF70Y3HJM,01KJN79ZQD1E4YD03FE5CGJY8K,A,C,0,0.0,4.0,2.0
01KJN6MMPQTMDYRN709DP5DSDA,page7-107,01KJN79PCAAMFX7P2QF70Y3HJM,01KJN79ZRTRDMY6RH8ZCYCM9NV,A,A,1,0.0,4.0,2.0
01KJN6MMPQTMDYRN709DP5DSDA,page7-107,01KJN79PCAAMFX7P2QF70Y3HJM,01KJN7AAWT4GWKRZ7B9775509P,A,B,0,0.5,4.0,2.0
01KJN6MMPQTMDYRN709DP5DSDA,page7-107,01KJN79PCAAMFX7P2QF70Y3HJM,01KJN7B32C1C5254NSG6ZK1GRK,A,A,1,1.0,4.0,2.0
01KJN6MMPQTMDYRN709DP5DSDA,page7-107,01KJN79PCAAMFX7P2QF70Y3HJM,01KJN7B4V2673GK7HGVSG52R2P,A,B,0,0.5,4.0,2.0
01KJN6MMPQTMDYRN709DP5DSDA,page7-107,01KJN79PCAAMFX7P2QF70Y3HJM,01KJN7BYA5X3A2G30KZECRY2HY,A,B,0,0.5,4.0,2.0
01KJN6MMPQTMDYRN709DP5DSDA,page7-107,01KJN79ZQD1E4YD03FE5CGJY8K,01KJN79ZRTRDMY6RH8ZCYCM9NV,C,A,0,0.0,4.0,2.0
01KJN6MMPQTMDYRN709DP5DSDA,page7-107,01KJN79ZQD1E4YD03FE5CGJY8K,01KJN7AAWT4GWKRZ7B9775509P,C,B,0,0.0,4.0,2.0
01KJN6MMPQTMDYRN709DP5DSDA,page7-107,01KJN79ZQD1E4YD03FE5CGJY8K,01KJN7B32C1C5254NSG6ZK1GRK,C,A,0,0.0,4.0,2.0
01KJN6MMPQTMDYRN709DP5DSDA,page7-107,01KJN79ZQD1E4YD03FE5CGJY8K,01KJN7B4V2673GK7HGVSG52R2P,C,B,0,0.0,4.0,2.0
01KJN6MMPQTMDYRN709DP5DSDA,page7-107,01KJN79ZQD1E4YD03FE5CGJY8K,01KJN7BYA5X3A2G30KZECRY2HY,C,B,0,0.0,4.0,2.0
01KJN6MMPQTMDYRN709DP5DSDA,page7-107,01KJN79ZRTRDMY6RH8ZCYCM9NV,01KJN7AAWT4GWKRZ7B9775509P,A,B,0,0.0,4.0,2.0
01KJN6MMPQTMDYRN709DP5DSDA,page7-107,01KJN79ZRTRDMY6RH8ZCYCM9NV,01KJN7B32C1C5254NSG6ZK1GRK,A,A,1,0.0,4.0,2.0
01KJN6MMPQTMDYRN709DP5DSDA,page7-107,01KJN79ZRTRDMY6RH8ZCYCM9NV,01KJN7B4V2673GK7HGVSG52R2P,A,B,0,0.0,4.0,2.0
01KJN6MMPQTMDYRN709DP5DSDA,page7-107,01KJN79ZRTRDMY6RH8ZCYCM9NV,01KJN7BYA5X3A2G30KZECRY2HY,A,B,0,0.0,4.0,2.0
01KJN6MMPQTMDYRN709DP5DSDA,page7-107,01KJN7AAWT4GWKRZ7B9775509P,01KJN7B32C1C5254NSG6ZK1GRK,B,A,0,0.5,4.0,2.0
01KJN6MMPQTMDYRN709DP5DSDA,page7-107,01KJN7AAWT4GWKRZ7B9775509P,01KJN7B4V2673GK7HGVSG52R2P,B,B,1,1.0,4.0,2.0
01KJN6MMPQTMDYRN709DP5DSDA,page7-107,01KJN7AAWT4GWKRZ7B9775509P,01KJN7BYA5X3A2G30KZECRY2HY,B,B,1,1.0,4.0,2.0
01KJN6MMPQTMDYRN709DP5DSDA,page7-107,01KJN7B32C1C5254NSG6ZK1GRK,01KJN7B4V2673GK7HGVSG52R2P,A,B,0,0.5,4.0,2.0
01KJN6MMPQTMDYRN709DP5DSDA,page7-107,01KJN7B32C1C5254NSG6ZK1GRK,01KJN7BYA5X3A2G30KZECRY2HY,A,B,0,0.5,4.0,2.0
01KJN6MMPQTMDYRN709DP5DSDA,page7-107,01KJN7B4V2673GK7HGVSG52R2P,01KJN7BYA5X3A2G30KZECRY2HY,B,B,1,1.0,4.0,2.0
01KJN6MMPQTMDYRN709DP5DSDA,page7-107,01KJN77XQHYQ5TVVY4HZM02E7R,01KJN7931DXZ65NXTWK1GNEZMW,C,C,1,0.25,5.0,2.0
01KJN6MMPQTMDYRN709DP5DSDA,page7-107,01KJN77XQHYQ5TVVY4HZM02E7R,01KJN79PCAAMFX7P2QF70Y3HJM,C,A,0,1.0,5.0,2.0
01KJN6MMPQTMDYRN709DP5DSDA,page7-107,01KJN77XQHYQ5TVVY4HZM02E7R,01KJN79ZQD1E4YD03FE5CGJY8K,C,C,1,0.0,5.0,2.0
01KJN6MMPQTMDYRN709DP5DSDA,page7-107,01KJN77XQHYQ5TVVY4HZM02E7R,01KJN79ZRTRDMY6RH8ZCYCM9NV,C,A,0,0.0,5.0,2.0
01KJN6MMPQTMDYRN709DP5DSDA,page7-107,01KJN77XQHYQ5TVVY4HZM02E7R,01KJN7AAWT4GWKRZ7B9775509P,C,B,0,0.5,5.0,2.0
01KJN6MMPQTMDYRN709DP5DSDA,page7-107,01KJN77XQHYQ5TVVY4HZM02E7R,01KJN7B32C1C5254NSG6ZK1GRK,C,A,0,1.0,5.0,2.0
01KJN6MMPQTMDYRN709DP5DSDA,page7-107,01KJN77XQHYQ5TVVY4HZM02E7R,01KJN7B4V2673GK7HGVSG52R2P,C,B,0,0.5,5.0,2.0
01KJN6MMPQTMDYRN709DP5DSDA,page7-107,01KJN77XQHYQ5TVVY4HZM02E7R,01KJN7BYA5X3A2G30KZECRY2HY,C,B,0,0.5,5.0,2.0
01KJN6MMPQTMDYRN709DP5DSDA,page7-107,01KJN7931DXZ65NXTWK1GNEZMW,01KJN79PCAAMFX7P2QF70Y3HJM,C,A,0,0.25,5.0,2.0
01KJN6MMPQTMDYRN709DP5DSDA,page7-107,01KJN7931DXZ65NXTWK1GNEZMW,01KJN79ZQD1E4YD03FE5CGJY8K,C,C,1,0.2,5.0,2.0
01KJN6MMPQTMDYRN709DP5DSDA,page7-107,01KJN7931DXZ65NXTWK1GNEZMW,01KJN79ZRTRDMY6RH8ZCYCM9NV,C,A,0,0.0,5.0,2.0
01KJN6MMPQTMDYRN709DP5DSDA,page7-107,01KJN7931DXZ65NXTWK1GNEZMW,01KJN7AAWT4GWKRZ7B9775509P,C,B,0,0.2,5.0,2.0
01KJN6MMPQTMDYRN709DP5DSDA,page7-107,01KJN7931DXZ65NXTWK1GNEZMW,01KJN7B32C1C5254NSG6ZK1GRK,C,A,0,0.25,5.0,2.0
01KJN6MMPQTMDYRN709DP5DSDA,page7-107,01KJN7931DXZ65NXTWK1GNEZMW,01KJN7B4V2673GK7HGVSG52R2P,C,B,0,0.2,5.0,2.0
01KJN6MMPQTMDYRN709DP5DSDA,page7-107,01KJN7931DXZ65NXTWK1GNEZMW,01KJN7BYA5X3A2G30KZECRY2HY,C,B,0,0.2,5.0,2.0
01KJN6MMPQTMDYRN709DP5DSDA,page7-107,01KJN79PCAAMFX7P2QF70Y3HJM,01KJN79ZQD1E4YD03FE5CGJY8K,A,C,0,0.0,5.0,2.0
01KJN6MMPQTMDYRN709DP5DSDA,page7-107,01KJN79PCAAMFX7P2QF70Y3HJM,01KJN79ZRTRDMY6RH8ZCYCM9NV,A,A,1,0.0,5.0,2.0
01KJN6MMPQTMDYRN709DP5DSDA,page7-107,01KJN79PCAAMFX7P2QF70Y3HJM,01KJN7AAWT4GWKRZ7B9775509P,A,B,0,0.5,5.0,2.0
01KJN6MMPQTMDYRN709DP5DSDA,page7-107,01KJN79PCAAMFX7P2QF70Y3HJM,01KJN7B32C1C5254NSG6ZK1GRK,A,A,1,1.0,5.0,2.0
01KJN6MMPQTMDYRN709DP5DSDA,page7-107,01KJN79PCAAMFX7P2QF70Y3HJM,01KJN7B4V2673GK7HGVSG52R2P,A,B,0,0.5,5.0,2.0
01KJN6MMPQTMDYRN709DP5DSDA,page7-107,01KJN79PCAAMFX7P2QF70Y3HJM,01KJN7BYA5X3A2G30KZECRY2HY,A,B,0,0.5,5.0,2.0
01KJN6MMPQTMDYRN709DP5DSDA,page7-107,01KJN79ZQD1E4YD03FE5CGJY8K,01KJN79ZRTRDMY6RH8ZCYCM9NV,C,A,0,0.0,5.0,2.0
01KJN6MMPQTMDYRN709DP5DSDA,page7-107,01KJN79ZQD1E4YD03FE5CGJY8K,01KJN7AAWT4GWKRZ7B9775509P,C,B,0,0.0,5.0,2.0
01KJN6MMPQTMDYRN709DP5DSDA,page7-107,01KJN79ZQD1E4YD03FE5CGJY8K,01KJN7B32C1C5254NSG6ZK1GRK,C,A,0,0.0,5.0,2.0
01KJN6MMPQTMDYRN709DP5DSDA,page7-107,01KJN79ZQD1E4YD03FE5CGJY8K,01KJN7B4V2673GK7HGVSG52R2P,C,B,0,0.0,5.0,2.0
01KJN6MMPQTMDYRN709DP5DSDA,page7-107,01KJN79ZQD1E4YD03FE5CGJY8K,01KJN7BYA5X3A2G30KZECRY2HY,C,B,0,0.0,5.0,2.0
01KJN6MMPQTMDYRN709DP5DSDA,page7-107,01KJN79ZRTRDMY6RH8ZCYCM9NV,01KJN7AAWT4GWKRZ7B9775509P,A,B,0,0.0,5.0,2.0
01KJN6MMPQTMDYRN709DP5DSDA,page7-107,01KJN79ZRTRDMY6RH8ZCYCM9NV,01KJN7B32C1C5254NSG6ZK1GRK,A,A,1,0.0,5.0,2.0
01KJN6MMPQTMDYRN709DP5DSDA,page7-107,01KJN79ZRTRDMY6RH8ZCYCM9NV,01KJN7B4V2673GK7HGVSG52R2P,A,B,0,0.0,5.0,2.0
01KJN6MMPQTMDYRN709DP5DSDA,page7-107,01KJN79ZRTRDMY6RH8ZCYCM9NV,01KJN7BYA5X3A2G30KZECRY2HY,A,B,0,0.0,5.0,2.0
01KJN6MMPQTMDYRN709DP5DSDA,page7-107,01KJN7AAWT4GWKRZ7B9775509P,01KJN7B32C1C5254NSG6ZK1GRK,B,A,0,0.5,5.0,2.0
01KJN6MMPQTMDYRN709DP5DSDA,page7-107,01KJN7AAWT4GWKRZ7B9775509P,01KJN7B4V2673GK7HGVSG52R2P,B,B,1,1.0,5.0,2.0
01KJN6MMPQTMDYRN709DP5DSDA,page7-107,01KJN7AAWT4GWKRZ7B9775509P,01KJN7BYA5X3A2G30KZECRY2HY,B,B,1,1.0,5.0,2.0
01KJN6MMPQTMDYRN709DP5DSDA,page7-107,01KJN7B32C1C5254NSG6ZK1GRK,01KJN7B4V2673GK7HGVSG52R2P,A,B,0,0.5,5.0,2.0
01KJN6MMPQTMDYRN709DP5DSDA,page7-107,01KJN7B32C1C5254NSG6ZK1GRK,01KJN7BYA5X3A2G30KZECRY2HY,A,B,0,0.5,5.0,2.0
01KJN6MMPQTMDYRN709DP5DSDA,page7-107,01KJN7B4V2673GK7HGVSG52R2P,01KJN7BYA5X3A2G30KZECRY2HY,B,B,1,1.0,5.0,2.0
01KJN6MMPQTMDYRN709DP5DSDA,page3-35,01KJN77XQHYQ5TVVY4HZM02E7R,01KJN79PCAAMFX7P2QF70Y3HJM,C,A,0,0.0,1.0,2.0
01KJN6MMPQTMDYRN709DP5DSDA,page3-35,01KJN77XQHYQ5TVVY4HZM02E7R,01KJN79ZQD1E4YD03FE5CGJY8K,C,C,1,1.0,1.0,2.0
01KJN6MMPQTMDYRN709DP5DSDA,page3-35,01KJN77XQHYQ5TVVY4HZM02E7R,01KJN79ZRTRDMY6RH8ZCYCM9NV,C,A,0,1.0,1.0,2.0
01KJN6MMPQTMDYRN709DP5DSDA,page3-35,01KJN77XQHYQ5TVVY4HZM02E7R,01KJN7AAWT4GWKRZ7B9775509P,C,B,0,0.0,1.0,2.0
01KJN6MMPQTMDYRN709DP5DSDA,page3-35,01KJN77XQHYQ5TVVY4HZM02E7R,01KJN7B4V2673GK7HGVSG52R2P,C,B,0,0.0,1.0,2.0
01KJN6MMPQTMDYRN709DP5DSDA,page3-35,01KJN79PCAAMFX7P2QF70Y3HJM,01KJN79ZQD1E4YD03FE5CGJY8K,A,C,0,0.0,1.0,2.0
01KJN6MMPQTMDYRN709DP5DSDA,page3-35,01KJN79PCAAMFX7P2QF70Y3HJM,01KJN79ZRTRDMY6RH8ZCYCM9NV,A,A,1,0.0,1.0,2.0
01KJN6MMPQTMDYRN709DP5DSDA,page3-35,01KJN79PCAAMFX7P2QF70Y3HJM,01KJN7AAWT4GWKRZ7B9775509P,A,B,0,0.0,1.0,2.0
01KJN6MMPQTMDYRN709DP5DSDA,page3-35,01KJN79PCAAMFX7P2QF70Y3HJM,01KJN7B4V2673GK7HGVSG52R2P,A,B,0,0.0,1.0,2.0
01KJN6MMPQTMDYRN709DP5DSDA,page3-35,01KJN79ZQD1E4YD03FE5CGJY8K,01KJN79ZRTRDMY6RH8ZCYCM9NV,C,A,0,1.0,1.0,2.0
01KJN6MMPQTMDYRN709DP5DSDA,page3-35,01KJN79ZQD1E4YD03FE5CGJY8K,01KJN7AAWT4GWKRZ7B9775509P,C,B,0,0.0,1.0,2.0
01KJN6MMPQTMDYRN709DP5DSDA,page3-35,01KJN79ZQD1E4YD03FE5CGJY8K,01KJN7B4V2673GK7HGVSG52R2P,C,B,0,0.0,1.0,2.0
01KJN6MMPQTMDYRN709DP5DSDA,page3-35,01KJN79ZRTRDMY6RH8ZCYCM9NV,01KJN7AAWT4GWKRZ7B9775509P,A,B,0,0.0,1.0,2.0
01KJN6MMPQTMDYRN709DP5DSDA,page3-35,01KJN79ZRTRDMY6RH8ZCYCM9NV,01KJN7B4V2673GK7HGVSG52R2P,A,B,0,0.0,1.0,2.0
01KJN6MMPQTMDYRN709DP5DSDA,page3-35,01KJN7AAWT4GWKRZ7B9775509P,01KJN7B4V2673GK7HGVSG52R2P,B,B,1,1.0,1.0,2.0
01KJN6MMPQTMDYRN709DP5DSDA,page3-35,01KJN77XQHYQ5TVVY4HZM02E7R,01KJN7931DXZ65NXTWK1GNEZMW,C,C,1,0.0,2.0,2.0
01KJN6MMPQTMDYRN709DP5DSDA,page3-35,01KJN77XQHYQ5TVVY4HZM02E7R,01KJN79PCAAMFX7P2QF70Y3HJM,C,A,0,0.0,2.0,2.0
01KJN6MMPQTMDYRN709DP5DSDA,page3-35,01KJN77XQHYQ5TVVY4HZM02E7R,01KJN79ZQD1E4YD03FE5CGJY8K,C,C,1,1.0,2.0,2.0
01KJN6MMPQTMDYRN709DP5DSDA,page3-35,01KJN77XQHYQ5TVVY4HZM02E7R,01KJN79ZRTRDMY6RH8ZCYCM9NV,C,A,0,1.0,2.0,2.0
01KJN6MMPQTMDYRN709DP5DSDA,page3-35,01KJN77XQHYQ5TVVY4HZM02E7R,01KJN7AAWT4GWKRZ7B9775509P,C,B,0,0.0,2.0,2.0
01KJN6MMPQTMDYRN709DP5DSDA,page3-35,01KJN77XQHYQ5TVVY4HZM02E7R,01KJN7B32C1C5254NSG6ZK1GRK,C,A,0,1.0,2.0,2.0
01KJN6MMPQTMDYRN709DP5DSDA,page3-35,01KJN77XQHYQ5TVVY4HZM02E7R,01KJN7B4V2673GK7HGVSG52R2P,C,B,0,0.0,2.0,2.0
01KJN6MMPQTMDYRN709DP5DSDA,page3-35,01KJN77XQHYQ5TVVY4HZM02E7R,01KJN7BYA5X3A2G30KZECRY2HY,C,B,0,0.0,2.0,2.0
01KJN6MMPQTMDYRN709DP5DSDA,page3-35,01KJN7931DXZ65NXTWK1GNEZMW,01KJN79PCAAMFX7P2QF70Y3HJM,C,A,0,0.5,2.0,2.0
01KJN6MMPQTMDYRN709DP5DSDA,page3-35,01KJN7931DXZ65NXTWK1GNEZMW,01KJN79ZQD1E4YD03FE5CGJY8K,C,C,1,0.0,2.0,2.0
01KJN6MMPQTMDYRN709DP5DSDA,page3-35,01KJN7931DXZ65NXTWK1GNEZMW,01KJN79ZRTRDMY6RH8ZCYCM9NV,C,A,0,0.0,2.0,2.0
01KJN6MMPQTMDYRN709DP5DSDA,page3-35,01KJN7931DXZ65NXTWK1GNEZMW,01KJN7AAWT4GWKRZ7B9775509P,C,B,0,0.0,2.0,2.0
01KJN6MMPQTMDYRN709DP5DSDA,page3-35,01KJN7931DXZ65NXTWK1GNEZMW,01KJN7B32C1C5254NSG6ZK1GRK,C,A,0,0.0,2.0,2.0
01KJN6MMPQTMDYRN709DP5DSDA,page3-35,01KJN7931DXZ65NXTWK1GNEZMW,01KJN7B4V2673GK7HGVSG52R2P,C,B,0,0.0,2.0,2.0
01KJN6MMPQTMDYRN709DP5DSDA,page3-35,01KJN7931DXZ65NXTWK1GNEZMW,01KJN7BYA5X3A2G30KZECRY2HY,C,B,0,0.0,2.0,2.0
01KJN6MMPQTMDYRN709DP5DSDA,page3-35,01KJN79PCAAMFX7P2QF70Y3HJM,01KJN79ZQD1E4YD03FE5CGJY8K,A,C,0,0.0,2.0,2.0
01KJN6MMPQTMDYRN709DP5DSDA,page3-35,01KJN79PCAAMFX7P2QF70Y3HJM,01KJN79ZRTRDMY6RH8ZCYCM9NV,A,A,1,0.0,2.0,2.0
01KJN6MMPQTMDYRN709DP5DSDA,page3-35,01KJN79PCAAMFX7P2QF70Y3HJM,01KJN7AAWT4GWKRZ7B9775509P,A,B,0,0.0,2.0,2.0
01KJN6MMPQTMDYRN709DP5DSDA,page3-35,01KJN79PCAAMFX7P2QF70Y3HJM,01KJN7B32C1C5254NSG6ZK1GRK,A,A,1,0.0,2.0,2.0
01KJN6MMPQTMDYRN709DP5DSDA,page3-35,01KJN79PCAAMFX7P2QF70Y3HJM,01KJN7B4V2673GK7HGVSG52R2P,A,B,0,0.0,2.0,2.0
01KJN6MMPQTMDYRN709DP5DSDA,page3-35,01KJN79PCAAMFX7P2QF70Y3HJM,01KJN7BYA5X3A2G30KZECRY2HY,A,B,0,0.0,2.0,2.0
01KJN6MMPQTMDYRN709DP5DSDA,page3-35,01KJN79ZQD1E4YD03FE5CGJY8K,01KJN79ZRTRDMY6RH8ZCYCM9NV,C,A,0,1.0,2.0,2.0
01KJN6MMPQTMDYRN709DP5DSDA,page3-35,01KJN79ZQD1E4YD03FE5CGJY8K,01KJN7AAWT4GWKRZ7B9775509P,C,B,0,0.0,2.0,2.0
01KJN6MMPQTMDYRN709DP5DSDA,page3-35,01KJN79ZQD1E4YD03FE5CGJY8K,01KJN7B32C1C5254NSG6ZK1GRK,C,A,0,1.0,2.0,2.0
01KJN6MMPQTMDYRN709DP5DSDA,page3-35,01KJN79ZQD1E4YD03FE5CGJY8K,01KJN7B4V2673GK7HGVSG52R2P,C,B,0,0.0,2.0,2.0
01KJN6MMPQTMDYRN709DP5DSDA,page3-35,01KJN79ZQD1E4YD03FE5CGJY8K,01KJN7BYA5X3A2G30KZECRY2HY,C,B,0,0.0,2.0,2.0
01KJN6MMPQTMDYRN709DP5DSDA,page3-35,01KJN79ZRTRDMY6RH8ZCYCM9NV,01KJN7AAWT4GWKRZ7B9775509P,A,B,0,0.0,2.0,2.0
01KJN6MMPQTMDYRN709DP5DSDA,page3-35,01KJN79ZRTRDMY6RH8ZCYCM9NV,01KJN7B32C1C5254NSG6ZK1GRK,A,A,1,1.0,2.0,2.0
01KJN6MMPQTMDYRN709DP5DSDA,page3-35,01KJN79ZRTRDMY6RH8ZCYCM9NV,01KJN7B4V2673GK7HGVSG52R2P,A,B,0,0.0,2.0,2.0
01KJN6MMPQTMDYRN709DP5DSDA,page3-35,01KJN79ZRTRDMY6RH8ZCYCM9NV,01KJN7BYA5X3A2G30KZECRY2HY,A,B,0,0.0,2.0,2.0
01KJN6MMPQTMDYRN709DP5DSDA,page3-35,01KJN7AAWT4GWKRZ7B9775509P,01KJN7B32C1C5254NSG6ZK1GRK,B,A,0,0.0,2.0,2.0
01KJN6MMPQTMDYRN709DP5DSDA,page3-35,01KJN7AAWT4GWKRZ7B9775509P,01KJN7B4V2673GK7HGVSG52R2P,B,B,1,1.0,2.0,2.0
01KJN6MMPQTMDYRN709DP5DSDA,page3-35,01KJN7AAWT4GWKRZ7B9775509P,01KJN7BYA5X3A2G30KZECRY2HY,B,B,1,1.0,2.0,2.0
01KJN6MMPQTMDYRN709DP5DSDA,page3-35,01KJN7B32C1C5254NSG6ZK1GRK,01KJN7B4V2673GK7HGVSG52R2P,A,B,0,0.0,2.0,2.0
01KJN6MMPQTMDYRN709DP5DSDA,page3-35,01KJN7B32C1C5254NSG6ZK1GRK,01KJN7BYA5X3A2G30KZECRY2HY,A,B,0,0.0,2.0,2.0
01KJN6MMPQTMDYRN709DP5DSDA,page3-35,01KJN7B4V2673GK7HGVSG52R2P,01KJN7BYA5X3A2G30KZECRY2HY,B,B,1,1.0,2.0,2.0
01KJN6MMPQTMDYRN709DP5DSDA,page3-35,01KJN77XQHYQ5TVVY4HZM02E7R,01KJN7931DXZ65NXTWK1GNEZMW,C,C,1,0.0,3.0,2.0
01KJN6MMPQTMDYRN709DP5DSDA,page3-35,01KJN77XQHYQ5TVVY4HZM02E7R,01KJN79PCAAMFX7P2QF70Y3HJM,C,A,0,0.0,3.0,2.0
01KJN6MMPQTMDYRN709DP5DSDA,page3-35,01KJN77XQHYQ5TVVY4HZM02E7R,01KJN79ZQD1E4YD03FE5CGJY8K,C,C,1,1.0,3.0,2.0
01KJN6MMPQTMDYRN709DP5DSDA,page3-35,01KJN77XQHYQ5TVVY4HZM02E7R,01KJN79ZRTRDMY6RH8ZCYCM9NV,C,A,0,1.0,3.0,2.0
01KJN6MMPQTMDYRN709DP5DSDA,page3-35,01KJN77XQHYQ5TVVY4HZM02E7R,01KJN7AAWT4GWKRZ7B9775509P,C,B,0,0.0,3.0,2.0
01KJN6MMPQTMDYRN709DP5DSDA,page3-35,01KJN77XQHYQ5TVVY4HZM02E7R,01KJN7B32C1C5254NSG6ZK1GRK,C,A,0,1.0,3.0,2.0
01KJN6MMPQTMDYRN709DP5DSDA,page3-35,01KJN77XQHYQ5TVVY4HZM02E7R,01KJN7B4V2673GK7HGVSG52R2P,C,B,0,0.0,3.0,2.0
01KJN6MMPQTMDYRN709DP5DSDA,page3-35,01KJN77XQHYQ5TVVY4HZM02E7R,01KJN7BYA5X3A2G30KZECRY2HY,C,B,0,0.0,3.0,2.0
01KJN6MMPQTMDYRN709DP5DSDA,page3-35,01KJN7931DXZ65NXTWK1GNEZMW,01KJN79PCAAMFX7P2QF70Y3HJM,C,A,0,0.5,3.0,2.0
01KJN6MMPQTMDYRN709DP5DSDA,page3-35,01KJN7931DXZ65NXTWK1GNEZMW,01KJN79ZQD1E4YD03FE5CGJY8K,C,C,1,0.0,3.0,2.0
01KJN6MMPQTMDYRN709DP5DSDA,page3-35,01KJN7931DXZ65NXTWK1GNEZMW,01KJN79ZRTRDMY6RH8ZCYCM9NV,C,A,0,0.0,3.0,2.0
01KJN6MMPQTMDYRN709DP5DSDA,page3-35,01KJN7931DXZ65NXTWK1GNEZMW,01KJN7AAWT4GWKRZ7B9775509P,C,B,0,0.0,3.0,2.0
01KJN6MMPQTMDYRN709DP5DSDA,page3-35,01KJN7931DXZ65NXTWK1GNEZMW,01KJN7B32C1C5254NSG6ZK1GRK,C,A,0,0.0,3.0,2.0
01KJN6MMPQTMDYRN709DP5DSDA,page3-35,01KJN7931DXZ65NXTWK1GNEZMW,01KJN7B4V2673GK7HGVSG52R2P,C,B,0,0.0,3.0,2.0
01KJN6MMPQTMDYRN709DP5DSDA,page3-35,01KJN7931DXZ65NXTWK1GNEZMW,01KJN7BYA5X3A2G30KZECRY2HY,C,B,0,0.0,3.0,2.0
01KJN6MMPQTMDYRN709DP5DSDA,page3-35,01KJN79PCAAMFX7P2QF70Y3HJM,01KJN79ZQD1E4YD03FE5CGJY8K,A,C,0,0.0,3.0,2.0
01KJN6MMPQTMDYRN709DP5DSDA,page3-35,01KJN79PCAAMFX7P2QF70Y3HJM,01KJN79ZRTRDMY6RH8ZCYCM9NV,A,A,1,0.0,3.0,2.0
01KJN6MMPQTMDYRN709DP5DSDA,page3-35,01KJN79PCAAMFX7P2QF70Y3HJM,01KJN7AAWT4GWKRZ7B9775509P,A,B,0,0.0,3.0,2.0
01KJN6MMPQTMDYRN709DP5DSDA,page3-35,01KJN79PCAAMFX7P2QF70Y3HJM,01KJN7B32C1C5254NSG6ZK1GRK,A,A,1,0.0,3.0,2.0
01KJN6MMPQTMDYRN709DP5DSDA,page3-35,01KJN79PCAAMFX7P2QF70Y3HJM,01KJN7B4V2673GK7HGVSG52R2P,A,B,0,0.0,3.0,2.0
01KJN6MMPQTMDYRN709DP5DSDA,page3-35,01KJN79PCAAMFX7P2QF70Y3HJM,01KJN7BYA5X3A2G30KZECRY2HY,A,B,0,0.0,3.0,2.0
01KJN6MMPQTMDYRN709DP5DSDA,page3-35,01KJN79ZQD1E4YD03FE5CGJY8K,01KJN79ZRTRDMY6RH8ZCYCM9NV,C,A,0,1.0,3.0,2.0
01KJN6MMPQTMDYRN709DP5DSDA,page3-35,01KJN79ZQD1E4YD03FE5CGJY8K,01KJN7AAWT4GWKRZ7B9775509P,C,B,0,0.0,3.0,2.0
01KJN6MMPQTMDYRN709DP5DSDA,page3-35,01KJN79ZQD1E4YD03FE5CGJY8K,01KJN7B32C1C5254NSG6ZK1GRK,C,A,0,1.0,3.0,2.0
01KJN6MMPQTMDYRN709DP5DSDA,page3-35,01KJN79ZQD1E4YD03FE5CGJY8K,01KJN7B4V2673GK7HGVSG52R2P,C,B,0,0.0,3.0,2.0
01KJN6MMPQTMDYRN709DP5DSDA,page3-35,01KJN79ZQD1E4YD03FE5CGJY8K,01KJN7BYA5X3A2G30KZECRY2HY,C,B,0,0.0,3.0,2.0
01KJN6MMPQTMDYRN709DP5DSDA,page3-35,01KJN79ZRTRDMY6RH8ZCYCM9NV,01KJN7AAWT4GWKRZ7B9775509P,A,B,0,0.0,3.0,2.0
01KJN6MMPQTMDYRN709DP5DSDA,page3-35,01KJN79ZRTRDMY6RH8ZCYCM9NV,01KJN7B32C1C5254NSG6ZK1GRK,A,A,1,1.0,3.0,2.0
01KJN6MMPQTMDYRN709DP5DSDA,page3-35,01KJN79ZRTRDMY6RH8ZCYCM9NV,01KJN7B4V2673GK7HGVSG52R2P,A,B,0,0.0,3.0,2.0
01KJN6MMPQTMDYRN709DP5DSDA,page3-35,01KJN79ZRTRDMY6RH8ZCYCM9NV,01KJN7BYA5X3A2G30KZECRY2HY,A,B,0,0.0,3.0,2.0
01KJN6MMPQTMDYRN709DP5DSDA,page3-35,01KJN7AAWT4GWKRZ7B9775509P,01KJN7B32C1C5254NSG6ZK1GRK,B,A,0,0.0,3.0,2.0
01KJN6MMPQTMDYRN709DP5DSDA,page3-35,01KJN7AAWT4GWKRZ7B9775509P,01KJN7B4V2673GK7HGVSG52R2P,B,B,1,1.0,3.0,2.0
01KJN6MMPQTMDYRN709DP5DSDA,page3-35,01KJN7AAWT4GWKRZ7B9775509P,01KJN7BYA5X3A2G30KZECRY2HY,B,B,1,1.0,3.0,2.0
01KJN6MMPQTMDYRN709DP5DSDA,page3-35,01KJN7B32C1C5254NSG6ZK1GRK,01KJN7B4V2673GK7HGVSG52R2P,A,B,0,0.0,3.0,2.0
01KJN6MMPQTMDYRN709DP5DSDA,page3-35,01KJN7B32C1C5254NSG6ZK1GRK,01KJN7BYA5X3A2G30KZECRY2HY,A,B,0,0.0,3.0,2.0
01KJN6MMPQTMDYRN709DP5DSDA,page3-35,01KJN7B4V2673GK7HGVSG52R2P,01KJN7BYA5X3A2G30KZECRY2HY,B,B,1,1.0,3.0,2.0
01KJN6MMPQTMDYRN709DP5DSDA,page3-35,01KJN77XQHYQ5TVVY4HZM02E7R,01KJN7931DXZ65NXTWK1GNEZMW,C,C,1,0.0,4.0,2.0
01KJN6MMPQTMDYRN709DP5DSDA,page3-35,01KJN77XQHYQ5TVVY4HZM02E7R,01KJN79PCAAMFX7P2QF70Y3HJM,C,A,0,0.0,4.0,2.0
01KJN6MMPQTMDYRN709DP5DSDA,page3-35,01KJN77XQHYQ5TVVY4HZM02E7R,01KJN79ZQD1E4YD03FE5CGJY8K,C,C,1,0.0,4.0,2.0
01KJN6MMPQTMDYRN709DP5DSDA,page3-35,01KJN77XQHYQ5TVVY4HZM02E7R,01KJN79ZRTRDMY6RH8ZCYCM9NV,C,A,0,0.0,4.0,2.0
01KJN6MMPQTMDYRN709DP5DSDA,page3-35,01KJN77XQHYQ5TVVY4HZM02E7R,01KJN7AAWT4GWKRZ7B9775509P,C,B,0,0.0,4.0,2.0
01KJN6MMPQTMDYRN709DP5DSDA,page3-35,01KJN77XQHYQ5TVVY4HZM02E7R,01KJN7B32C1C5254NSG6ZK1GRK,C,A,0,0.0,4.0,2.0
01KJN6MMPQTMDYRN709DP5DSDA,page3-35,01KJN77XQHYQ5TVVY4HZM02E7R,01KJN7B4V2673GK7HGVSG52R2P,C,B,0,0.0,4.0,2.0
01KJN6MMPQTMDYRN709DP5DSDA,page3-35,01KJN77XQHYQ5TVVY4HZM02E7R,01KJN7BYA5X3A2G30KZECRY2HY,C,B,0,0.0,4.0,2.0
01KJN6MMPQTMDYRN709DP5DSDA,page3-35,01KJN7931DXZ65NXTWK1GNEZMW,01KJN79PCAAMFX7P2QF70Y3HJM,C,A,0,0.5,4.0,2.0
01KJN6MMPQTMDYRN709DP5DSDA,page3-35,01KJN7931DXZ65NXTWK1GNEZMW,01KJN79ZQD1E4YD03FE5CGJY8K,C,C,1,0.0,4.0,2.0
01KJN6MMPQTMDYRN709DP5DSDA,page3-35,01KJN7931DXZ65NXTWK1GNEZMW,01KJN79ZRTRDMY6RH8ZCYCM9NV,C,A,0,0.0,4.0,2.0
01KJN6MMPQTMDYRN709DP5DSDA,page3-35,01KJN7931DXZ65NXTWK1GNEZMW,01KJN7AAWT4GWKRZ7B9775509P,C,B,0,0.0,4.0,2.0
01KJN6MMPQTMDYRN709DP5DSDA,page3-35,01KJN7931DXZ65NXTWK1GNEZMW,01KJN7B32C1C5254NSG6ZK1GRK,C,A,0,0.0,4.0,2.0
01KJN6MMPQTMDYRN709DP5DSDA,page3-35,01KJN7931DXZ65NXTWK1GNEZMW,01KJN7B4V2673GK7HGVSG52R2P,C,B,0,0.0,4.0,2.0
01KJN6MMPQTMDYRN709DP5DSDA,page3-35,01KJN7931DXZ65NXTWK1GNEZMW,01KJN7BYA5X3A2G30KZECRY2HY,C,B,0,0.0,4.0,2.0
01KJN6MMPQTMDYRN709DP5DSDA,page3-35,01KJN79PCAAMFX7P2QF70Y3HJM,01KJN79ZQD1E4YD03FE5CGJY8K,A,C,0,0.0,4.0,2.0
01KJN6MMPQTMDYRN709DP5DSDA,page3-35,01KJN79PCAAMFX7P2QF70Y3HJM,01KJN79ZRTRDMY6RH8ZCYCM9NV,A,A,1,0.0,4.0,2.0
01KJN6MMPQTMDYRN709DP5DSDA,page3-35,01KJN79PCAAMFX7P2QF70Y3HJM,01KJN7AAWT4GWKRZ7B9775509P,A,B,0,0.0,4.0,2.0
01KJN6MMPQTMDYRN709DP5DSDA,page3-35,01KJN79PCAAMFX7P2QF70Y3HJM,01KJN7B32C1C5254NSG6ZK1GRK,A,A,1,0.0,4.0,2.0
01KJN6MMPQTMDYRN709DP5DSDA,page3-35,01KJN79PCAAMFX7P2QF70Y3HJM,01KJN7B4V2673GK7HGVSG52R2P,A,B,0,0.0,4.0,2.0
01KJN6MMPQTMDYRN709DP5DSDA,page3-35,01KJN79PCAAMFX7P2QF70Y3HJM,01KJN7BYA5X3A2G30KZECRY2HY,A,B,0,0.0,4.0,2.0
01KJN6MMPQTMDYRN709DP5DSDA,page3-35,01KJN79ZQD1E4YD03FE5CGJY8K,01KJN79ZRTRDMY6RH8ZCYCM9NV,C,A,0,0.0,4.0,2.0
01KJN6MMPQTMDYRN709DP5DSDA,page3-35,01KJN79ZQD1E4YD03FE5CGJY8K,01KJN7AAWT4GWKRZ7B9775509P,C,B,0,0.0,4.0,2.0
01KJN6MMPQTMDYRN709DP5DSDA,page3-35,01KJN79ZQD1E4YD03FE5CGJY8K,01KJN7B32C1C5254NSG6ZK1GRK,C,A,0,1.0,4.0,2.0
01KJN6MMPQTMDYRN709DP5DSDA,page3-35,01KJN79ZQD1E4YD03FE5CGJY8K,01KJN7B4V2673GK7HGVSG52R2P,C,B,0,0.0,4.0,2.0
01KJN6MMPQTMDYRN709DP5DSDA,page3-35,01KJN79ZQD1E4YD03FE5CGJY8K,01KJN7BYA5X3A2G30KZECRY2HY,C,B,0,0.0,4.0,2.0
01KJN6MMPQTMDYRN709DP5DSDA,page3-35,01KJN79ZRTRDMY6RH8ZCYCM9NV,01KJN7AAWT4GWKRZ7B9775509P,A,B,0,0.0,4.0,2.0
01KJN6MMPQTMDYRN709DP5DSDA,page3-35,01KJN79ZRTRDMY6RH8ZCYCM9NV,01KJN7B32C1C5254NSG6ZK1GRK,A,A,1,0.0,4.0,2.0
01KJN6MMPQTMDYRN709DP5DSDA,page3-35,01KJN79ZRTRDMY6RH8ZCYCM9NV,01KJN7B4V2673GK7HGVSG52R2P,A,B,0,0.0,4.0,2.0
01KJN6MMPQTMDYRN709DP5DSDA,page3-35,01KJN79ZRTRDMY6RH8ZCYCM9NV,01KJN7BYA5X3A2G30KZECRY2HY,A,B,0,0.0,4.0,2.0
01KJN6MMPQTMDYRN709DP5DSDA,page3-35,01KJN7AAWT4GWKRZ7B9775509P,01KJN7B32C1C5254NSG6ZK1GRK,B,A,0,0.0,4.0,2.0
01KJN6MMPQTMDYRN709DP5DSDA,page3-35,01KJN7AAWT4GWKRZ7B9775509P,01KJN7B4V2673GK7HGVSG52R2P,B,B,1,1.0,4.0,2.0
01KJN6MMPQTMDYRN709DP5DSDA,page3-35,01KJN7AAWT4GWKRZ7B9775509P,01KJN7BYA5X3A2G30KZECRY2HY,B,B,1,1.0,4.0,2.0
01KJN6MMPQTMDYRN709DP5DSDA,page3-35,01KJN7B32C1C5254NSG6ZK1GRK,01KJN7B4V2673GK7HGVSG52R2P,A,B,0,0.0,4.0,2.0
01KJN6MMPQTMDYRN709DP5DSDA,page3-35,01KJN7B32C1C5254NSG6ZK1GRK,01KJN7BYA5X3A2G30KZECRY2HY,A,B,0,0.0,4.0,2.0
01KJN6MMPQTMDYRN709DP5DSDA,page3-35,01KJN7B4V2673GK7HGVSG52R2P,01KJN7BYA5X3A2G30KZECRY2HY,B,B,1,1.0,4.0,2.0
01KJN6MMPQTMDYRN709DP5DSDA,page3-35,01KJN77XQHYQ5TVVY4HZM02E7R,01KJN7931DXZ65NXTWK1GNEZMW,C,C,1,0.0,5.0,2.0
01KJN6MMPQTMDYRN709DP5DSDA,page3-35,01KJN77XQHYQ5TVVY4HZM02E7R,01KJN79PCAAMFX7P2QF70Y3HJM,C,A,0,0.0,5.0,2.0
01KJN6MMPQTMDYRN709DP5DSDA,page3-35,01KJN77XQHYQ5TVVY4HZM02E7R,01KJN79ZQD1E4YD03FE5CGJY8K,C,C,1,0.0,5.0,2.0
01KJN6MMPQTMDYRN709DP5DSDA,page3-35,01KJN77XQHYQ5TVVY4HZM02E7R,01KJN79ZRTRDMY6RH8ZCYCM9NV,C,A,0,0.0,5.0,2.0
01KJN6MMPQTMDYRN709DP5DSDA,page3-35,01KJN77XQHYQ5TVVY4HZM02E7R,01KJN7AAWT4GWKRZ7B9775509P,C,B,0,0.0,5.0,2.0
01KJN6MMPQTMDYRN709DP5DSDA,page3-35,01KJN77XQHYQ5TVVY4HZM02E7R,01KJN7B32C1C5254NSG6ZK1GRK,C,A,0,0.0,5.0,2.0
01KJN6MMPQTMDYRN709DP5DSDA,page3-35,01KJN77XQHYQ5TVVY4HZM02E7R,01KJN7B4V2673GK7HGVSG52R2P,C,B,0,0.0,5.0,2.0
01KJN6MMPQTMDYRN709DP5DSDA,page3-35,01KJN77XQHYQ5TVVY4HZM02E7R,01KJN7BYA5X3A2G30KZECRY2HY,C,B,0,0.0,5.0,2.0
01KJN6MMPQTMDYRN709DP5DSDA,page3-35,01KJN7931DXZ65NXTWK1GNEZMW,01KJN79PCAAMFX7P2QF70Y3HJM,C,A,0,0.5,5.0,2.0
01KJN6MMPQTMDYRN709DP5DSDA,page3-35,01KJN7931DXZ65NXTWK1GNEZMW,01KJN79ZQD1E4YD03FE5CGJY8K,C,C,1,0.0,5.0,2.0
01KJN6MMPQTMDYRN709DP5DSDA,page3-35,01KJN7931DXZ65NXTWK1GNEZMW,01KJN79ZRTRDMY6RH8ZCYCM9NV,C,A,0,0.0,5.0,2.0
01KJN6MMPQTMDYRN709DP5DSDA,page3-35,01KJN7931DXZ65NXTWK1GNEZMW,01KJN7AAWT4GWKRZ7B9775509P,C,B,0,0.0,5.0,2.0
01KJN6MMPQTMDYRN709DP5DSDA,page3-35,01KJN7931DXZ65NXTWK1GNEZMW,01KJN7B32C1C5254NSG6ZK1GRK,C,A,0,0.0,5.0,2.0
01KJN6MMPQTMDYRN709DP5DSDA,page3-35,01KJN7931DXZ65NXTWK1GNEZMW,01KJN7B4V2673GK7HGVSG52R2P,C,B,0,0.0,5.0,2.0
01KJN6MMPQTMDYRN709DP5DSDA,page3-35,01KJN7931DXZ65NXTWK1GNEZMW,01KJN7BYA5X3A2G30KZECRY2HY,C,B,0,0.0,5.0,2.0
01KJN6MMPQTMDYRN709DP5DSDA,page3-35,01KJN79PCAAMFX7P2QF70Y3HJM,01KJN79ZQD1E4YD03FE5CGJY8K,A,C,0,0.0,5.0,2.0
01KJN6MMPQTMDYRN709DP5DSDA,page3-35,01KJN79PCAAMFX7P2QF70Y3HJM,01KJN79ZRTRDMY6RH8ZCYCM9NV,A,A,1,0.0,5.0,2.0
01KJN6MMPQTMDYRN709DP5DSDA,page3-35,01KJN79PCAAMFX7P2QF70Y3HJM,01KJN7AAWT4GWKRZ7B9775509P,A,B,0,0.0,5.0,2.0
01KJN6MMPQTMDYRN709DP5DSDA,page3-35,01KJN79PCAAMFX7P2QF70Y3HJM,01KJN7B32C1C5254NSG6ZK1GRK,A,A,1,0.0,5.0,2.0
01KJN6MMPQTMDYRN709DP5DSDA,page3-35,01KJN79PCAAMFX7P2QF70Y3HJM,01KJN7B4V2673GK7HGVSG52R2P,A,B,0,0.0,5.0,2.0
01KJN6MMPQTMDYRN709DP5DSDA,page3-35,01KJN79PCAAMFX7P2QF70Y3HJM,01KJN7BYA5X3A2G30KZECRY2HY,A,B,0,0.0,5.0,2.0
01KJN6MMPQTMDYRN709DP5DSDA,page3-35,01KJN79ZQD1E4YD03FE5CGJY8K,01KJN79ZRTRDMY6RH8ZCYCM9NV,C,A,0,0.0,5.0,2.0
01KJN6MMPQTMDYRN709DP5DSDA,page3-35,01KJN79ZQD1E4YD03FE5CGJY8K,01KJN7AAWT4GWKRZ7B9775509P,C,B,0,0.0,5.0,2.0
01KJN6MMPQTMDYRN709DP5DSDA,page3-35,01KJN79ZQD1E4YD03FE5CGJY8K,01KJN7B32C1C5254NSG6ZK1GRK,C,A,0,1.0,5.0,2.0
01KJN6MMPQTMDYRN709DP5DSDA,page3-35,01KJN79ZQD1E4YD03FE5CGJY8K,01KJN7B4V2673GK7HGVSG52R2P,C,B,0,0.0,5.0,2.0
01KJN6MMPQTMDYRN709DP5DSDA,page3-35,01KJN79ZQD1E4YD03FE5CGJY8K,01KJN7BYA5X3A2G30KZECRY2HY,C,B,0,0.0,5.0,2.0
01KJN6MMPQTMDYRN709DP5DSDA,page3-35,01KJN79ZRTRDMY6RH8ZCYCM9NV,01KJN7AAWT4GWKRZ7B9775509P,A,B,0,0.0,5.0,2.0
01KJN6MMPQTMDYRN709DP5DSDA,page3-35,01KJN79ZRTRDMY6RH8ZCYCM9NV,01KJN7B32C1C5254NSG6ZK1GRK,A,A,1,0.0,5.0,2.0
01KJN6MMPQTMDYRN709DP5DSDA,page3-35,01KJN79ZRTRDMY6RH8ZCYCM9NV,01KJN7B4V2673GK7HGVSG52R2P,A,B,0,0.0,5.0,2.0
01KJN6MMPQTMDYRN709DP5DSDA,page3-35,01KJN79ZRTRDMY6RH8ZCYCM9NV,01KJN7BYA5X3A2G30KZECRY2HY,A,B,0,0.0,5.0,2.0
01KJN6MMPQTMDYRN709DP5DSDA,page3-35,01KJN7AAWT4GWKRZ7B9775509P,01KJN7B32C1C5254NSG6ZK1GRK,B,A,0,0.0,5.0,2.0
01KJN6MMPQTMDYRN709DP5DSDA,page3-35,01KJN7AAWT4GWKRZ7B9775509P,01KJN7B4V2673GK7HGVSG52R2P,B,B,1,1.0,5.0,2.0
01KJN6MMPQTMDYRN709DP5DSDA,page3-35,01KJN7AAWT4GWKRZ7B9775509P,01KJN7BYA5X3A2G30KZECRY2HY,B,B,1,1.0,5.0,2.0
01KJN6MMPQTMDYRN709DP5DSDA,page3-35,01KJN7B32C1C5254NSG6ZK1GRK,01KJN7B4V2673GK7HGVSG52R2P,A,B,0,0.0,5.0,2.0
01KJN6MMPQTMDYRN709DP5DSDA,page3-35,01KJN7B32C1C5254NSG6ZK1GRK,01KJN7BYA5X3A2G30KZECRY2HY,A,B,0,0.0,5.0,2.0
01KJN6MMPQTMDYRN709DP5DSDA,page3-35,01KJN7B4V2673GK7HGVSG52R2P,01KJN7BYA5X3A2G30KZECRY2HY,B,B,1,1.0,5.0,2.0
01KJN6MMPQTMDYRN709DP5DSDA,page5-28,01KJN77XQHYQ5TVVY4HZM02E7R,01KJN79PCAAMFX7P2QF70Y3HJM,C,A,0,0.0,1.0,2.0
01KJN6MMPQTMDYRN709DP5DSDA,page5-28,01KJN77XQHYQ5TVVY4HZM02E7R,01KJN79ZQD1E4YD03FE5CGJY8K,C,C,1,0.3333333333333333,1.0,2.0
01KJN6MMPQTMDYRN709DP5DSDA,page5-28,01KJN77XQHYQ5TVVY4HZM02E7R,01KJN79ZRTRDMY6RH8ZCYCM9NV,C,A,0,0.0,1.0,2.0
01KJN6MMPQTMDYRN709DP5DSDA,page5-28,01KJN77XQHYQ5TVVY4HZM02E7R,01KJN7AAWT4GWKRZ7B9775509P,C,B,0,0.0,1.0,2.0
01KJN6MMPQTMDYRN709DP5DSDA,page5-28,01KJN77XQHYQ5TVVY4HZM02E7R,01KJN7B4V2673GK7HGVSG52R2P,C,B,0,0.0,1.0,2.0
01KJN6MMPQTMDYRN709DP5DSDA,page5-28,01KJN79PCAAMFX7P2QF70Y3HJM,01KJN79ZQD1E4YD03FE5CGJY8K,A,C,0,0.0,1.0,2.0
01KJN6MMPQTMDYRN709DP5DSDA,page5-28,01KJN79PCAAMFX7P2QF70Y3HJM,01KJN79ZRTRDMY6RH8ZCYCM9NV,A,A,1,1.0,1.0,2.0
01KJN6MMPQTMDYRN709DP5DSDA,page5-28,01KJN79PCAAMFX7P2QF70Y3HJM,01KJN7AAWT4GWKRZ7B9775509P,A,B,0,0.0,1.0,2.0
01KJN6MMPQTMDYRN709DP5DSDA,page5-28,01KJN79PCAAMFX7P2QF70Y3HJM,01KJN7B4V2673GK7HGVSG52R2P,A,B,0,0.0,1.0,2.0
01KJN6MMPQTMDYRN709DP5DSDA,page5-28,01KJN79ZQD1E4YD03FE5CGJY8K,01KJN79ZRTRDMY6RH8ZCYCM9NV,C,A,0,0.0,1.0,2.0
01KJN6MMPQTMDYRN709DP5DSDA,page5-28,01KJN79ZQD1E4YD03FE5CGJY8K,01KJN7AAWT4GWKRZ7B9775509P,C,B,0,0.0,1.0,2.0
01KJN6MMPQTMDYRN709DP5DSDA,page5-28,01KJN79ZQD1E4YD03FE5CGJY8K,01KJN7B4V2673GK7HGVSG52R2P,C,B,0,0.0,1.0,2.0
01KJN6MMPQTMDYRN709DP5DSDA,page5-28,01KJN79ZRTRDMY6RH8ZCYCM9NV,01KJN7AAWT4GWKRZ7B9775509P,A,B,0,0.0,1.0,2.0
01KJN6MMPQTMDYRN709DP5DSDA,page5-28,01KJN79ZRTRDMY6RH8ZCYCM9NV,01KJN7B4V2673GK7HGVSG52R2P,A,B,0,0.0,1.0,2.0
01KJN6MMPQTMDYRN709DP5DSDA,page5-28,01KJN7AAWT4GWKRZ7B9775509P,01KJN7B4V2673GK7HGVSG52R2P,B,B,1,0.25,1.0,2.0
01KJN6MMPQTMDYRN709DP5DSDA,page5-28,01KJN77XQHYQ5TVVY4HZM02E7R,01KJN7931DXZ65NXTWK1GNEZMW,C,C,1,0.25,2.0,2.0
01KJN6MMPQTMDYRN709DP5DSDA,page5-28,01KJN77XQHYQ5TVVY4HZM02E7R,01KJN79PCAAMFX7P2QF70Y3HJM,C,A,0,0.0,2.0,2.0
01KJN6MMPQTMDYRN709DP5DSDA,page5-28,01KJN77XQHYQ5TVVY4HZM02E7R,01KJN79ZQD1E4YD03FE5CGJY8K,C,C,1,0.3333333333333333,2.0,2.0
01KJN6MMPQTMDYRN709DP5DSDA,page5-28,01KJN77XQHYQ5TVVY4HZM02E7R,01KJN79ZRTRDMY6RH8ZCYCM9NV,C,A,0,0.0,2.0,2.0
01KJN6MMPQTMDYRN709DP5DSDA,page5-28,01KJN77XQHYQ5TVVY4HZM02E7R,01KJN7AAWT4GWKRZ7B9775509P,C,B,0,0.0,2.0,2.0
01KJN6MMPQTMDYRN709DP5DSDA,page5-28,01KJN77XQHYQ5TVVY4HZM02E7R,01KJN7B32C1C5254NSG6ZK1GRK,C,A,0,0.0,2.0,2.0
01KJN6MMPQTMDYRN709DP5DSDA,page5-28,01KJN77XQHYQ5TVVY4HZM02E7R,01KJN7B4V2673GK7HGVSG52R2P,C,B,0,0.0,2.0,2.0
01KJN6MMPQTMDYRN709DP5DSDA,page5-28,01KJN77XQHYQ5TVVY4HZM02E7R,01KJN7BYA5X3A2G30KZECRY2HY,C,B,0,0.0,2.0,2.0
01KJN6MMPQTMDYRN709DP5DSDA,page5-28,01KJN7931DXZ65NXTWK1GNEZMW,01KJN79PCAAMFX7P2QF70Y3HJM,C,A,0,0.0,2.0,2.0
01KJN6MMPQTMDYRN709DP5DSDA,page5-28,01KJN7931DXZ65NXTWK1GNEZMW,01KJN79ZQD1E4YD03FE5CGJY8K,C,C,1,0.25,2.0,2.0
01KJN6MMPQTMDYRN709DP5DSDA,page5-28,01KJN7931DXZ65NXTWK1GNEZMW,01KJN79ZRTRDMY6RH8ZCYCM9NV,C,A,0,0.0,2.0,2.0
01KJN6MMPQTMDYRN709DP5DSDA,page5-28,01KJN7931DXZ65NXTWK1GNEZMW,01KJN7AAWT4GWKRZ7B9775509P,C,B,0,0.0,2.0,2.0
01KJN6MMPQTMDYRN709DP5DSDA,page5-28,01KJN7931DXZ65NXTWK1GNEZMW,01KJN7B32C1C5254NSG6ZK1GRK,C,A,0,0.0,2.0,2.0
01KJN6MMPQTMDYRN709DP5DSDA,page5-28,01KJN7931DXZ65NXTWK1GNEZMW,01KJN7B4V2673GK7HGVSG52R2P,C,B,0,0.0,2.0,2.0
01KJN6MMPQTMDYRN709DP5DSDA,page5-28,01KJN7931DXZ65NXTWK1GNEZMW,01KJN7BYA5X3A2G30KZECRY2HY,C,B,0,0.0,2.0,2.0
01KJN6MMPQTMDYRN709DP5DSDA,page5-28,01KJN79PCAAMFX7P2QF70Y3HJM,01KJN79ZQD1E4YD03FE5CGJY8K,A,C,0,0.0,2.0,2.0
01KJN6MMPQTMDYRN709DP5DSDA,page5-28,01KJN79PCAAMFX7P2QF70Y3HJM,01KJN79ZRTRDMY6RH8ZCYCM9NV,A,A,1,1.0,2.0,2.0
01KJN6MMPQTMDYRN709DP5DSDA,page5-28,01KJN79PCAAMFX7P2QF70Y3HJM,01KJN7AAWT4GWKRZ7B9775509P,A,B,0,0.0,2.0,2.0
01KJN6MMPQTMDYRN709DP5DSDA,page5-28,01KJN79PCAAMFX7P2QF70Y3HJM,01KJN7B32C1C5254NSG6ZK1GRK,A,A,1,1.0,2.0,2.0
01KJN6MMPQTMDYRN709DP5DSDA,page5-28,01KJN79PCAAMFX7P2QF70Y3HJM,01KJN7B4V2673GK7HGVSG52R2P,A,B,0,0.0,2.0,2.0
01KJN6MMPQTMDYRN709DP5DSDA,page5-28,01KJN79PCAAMFX7P2QF70Y3HJM,01KJN7BYA5X3A2G30KZECRY2HY,A,B,0,0.0,2.0,2.0
01KJN6MMPQTMDYRN709DP5DSDA,page5-28,01KJN79ZQD1E4YD03FE5CGJY8K,01KJN79ZRTRDMY6RH8ZCYCM9NV,C,A,0,0.0,2.0,2.0
01KJN6MMPQTMDYRN709DP5DSDA,page5-28,01KJN79ZQD1E4YD03FE5CGJY8K,01KJN7AAWT4GWKRZ7B9775509P,C,B,0,0.0,2.0,2.0
01KJN6MMPQTMDYRN709DP5DSDA,page5-28,01KJN79ZQD1E4YD03FE5CGJY8K,01KJN7B32C1C5254NSG6ZK1GRK,C,A,0,0.0,2.0,2.0
01KJN6MMPQTMDYRN709DP5DSDA,page5-28,01KJN79ZQD1E4YD03FE5CGJY8K,01KJN7B4V2673GK7HGVSG52R2P,C,B,0,0.0,2.0,2.0
01KJN6MMPQTMDYRN709DP5DSDA,page5-28,01KJN79ZQD1E4YD03FE5CGJY8K,01KJN7BYA5X3A2G30KZECRY2HY,C,B,0,0.0,2.0,2.0
01KJN6MMPQTMDYRN709DP5DSDA,page5-28,01KJN79ZRTRDMY6RH8ZCYCM9NV,01KJN7AAWT4GWKRZ7B9775509P,A,B,0,0.0,2.0,2.0
01KJN6MMPQTMDYRN709DP5DSDA,page5-28,01KJN79ZRTRDMY6RH8ZCYCM9NV,01KJN7B32C1C5254NSG6ZK1GRK,A,A,1,1.0,2.0,2.0
01KJN6MMPQTMDYRN709DP5DSDA,page5-28,01KJN79ZRTRDMY6RH8ZCYCM9NV,01KJN7B4V2673GK7HGVSG52R2P,A,B,0,0.0,2.0,2.0
01KJN6MMPQTMDYRN709DP5DSDA,page5-28,01KJN79ZRTRDMY6RH8ZCYCM9NV,01KJN7BYA5X3A2G30KZECRY2HY,A,B,0,0.0,2.0,2.0
01KJN6MMPQTMDYRN709DP5DSDA,page5-28,01KJN7AAWT4GWKRZ7B9775509P,01KJN7B32C1C5254NSG6ZK1GRK,B,A,0,0.0,2.0,2.0
01KJN6MMPQTMDYRN709DP5DSDA,page5-28,01KJN7AAWT4GWKRZ7B9775509P,01KJN7B4V2673GK7HGVSG52R2P,B,B,1,0.25,2.0,2.0
01KJN6MMPQTMDYRN709DP5DSDA,page5-28,01KJN7AAWT4GWKRZ7B9775509P,01KJN7BYA5X3A2G30KZECRY2HY,B,B,1,0.5,2.0,2.0
01KJN6MMPQTMDYRN709DP5DSDA,page5-28,01KJN7B32C1C5254NSG6ZK1GRK,01KJN7B4V2673GK7HGVSG52R2P,A,B,0,0.0,2.0,2.0
01KJN6MMPQTMDYRN709DP5DSDA,page5-28,01KJN7B32C1C5254NSG6ZK1GRK,01KJN7BYA5X3A2G30KZECRY2HY,A,B,0,0.0,2.0,2.0
01KJN6MMPQTMDYRN709DP5DSDA,page5-28,01KJN7B4V2673GK7HGVSG52R2P,01KJN7BYA5X3A2G30KZECRY2HY,B,B,1,0.25,2.0,2.0
01KJN6MMPQTMDYRN709DP5DSDA,page5-28,01KJN77XQHYQ5TVVY4HZM02E7R,01KJN7931DXZ65NXTWK1GNEZMW,C,C,1,0.25,3.0,2.0
01KJN6MMPQTMDYRN709DP5DSDA,page5-28,01KJN77XQHYQ5TVVY4HZM02E7R,01KJN79PCAAMFX7P2QF70Y3HJM,C,A,0,0.0,3.0,2.0
01KJN6MMPQTMDYRN709DP5DSDA,page5-28,01KJN77XQHYQ5TVVY4HZM02E7R,01KJN79ZQD1E4YD03FE5CGJY8K,C,C,1,1.0,3.0,2.0
01KJN6MMPQTMDYRN709DP5DSDA,page5-28,01KJN77XQHYQ5TVVY4HZM02E7R,01KJN79ZRTRDMY6RH8ZCYCM9NV,C,A,0,0.0,3.0,2.0
01KJN6MMPQTMDYRN709DP5DSDA,page5-28,01KJN77XQHYQ5TVVY4HZM02E7R,01KJN7AAWT4GWKRZ7B9775509P,C,B,0,0.0,3.0,2.0
01KJN6MMPQTMDYRN709DP5DSDA,page5-28,01KJN77XQHYQ5TVVY4HZM02E7R,01KJN7B32C1C5254NSG6ZK1GRK,C,A,0,0.0,3.0,2.0
01KJN6MMPQTMDYRN709DP5DSDA,page5-28,01KJN77XQHYQ5TVVY4HZM02E7R,01KJN7B4V2673GK7HGVSG52R2P,C,B,0,0.0,3.0,2.0
01KJN6MMPQTMDYRN709DP5DSDA,page5-28,01KJN77XQHYQ5TVVY4HZM02E7R,01KJN7BYA5X3A2G30KZECRY2HY,C,B,0,0.0,3.0,2.0
01KJN6MMPQTMDYRN709DP5DSDA,page5-28,01KJN7931DXZ65NXTWK1GNEZMW,01KJN79PCAAMFX7P2QF70Y3HJM,C,A,0,0.0,3.0,2.0
01KJN6MMPQTMDYRN709DP5DSDA,page5-28,01KJN7931DXZ65NXTWK1GNEZMW,01KJN79ZQD1E4YD03FE5CGJY8K,C,C,1,0.25,3.0,2.0
01KJN6MMPQTMDYRN709DP5DSDA,page5-28,01KJN7931DXZ65NXTWK1GNEZMW,01KJN79ZRTRDMY6RH8ZCYCM9NV,C,A,0,0.0,3.0,2.0
01KJN6MMPQTMDYRN709DP5DSDA,page5-28,01KJN7931DXZ65NXTWK1GNEZMW,01KJN7AAWT4GWKRZ7B9775509P,C,B,0,0.0,3.0,2.0
01KJN6MMPQTMDYRN709DP5DSDA,page5-28,01KJN7931DXZ65NXTWK1GNEZMW,01KJN7B32C1C5254NSG6ZK1GRK,C,A,0,0.0,3.0,2.0
01KJN6MMPQTMDYRN709DP5DSDA,page5-28,01KJN7931DXZ65NXTWK1GNEZMW,01KJN7B4V2673GK7HGVSG52R2P,C,B,0,0.0,3.0,2.0
01KJN6MMPQTMDYRN709DP5DSDA,page5-28,01KJN7931DXZ65NXTWK1GNEZMW,01KJN7BYA5X3A2G30KZECRY2HY,C,B,0,0.0,3.0,2.0
01KJN6MMPQTMDYRN709DP5DSDA,page5-28,01KJN79PCAAMFX7P2QF70Y3HJM,01KJN79ZQD1E4YD03FE5CGJY8K,A,C,0,0.0,3.0,2.0
01KJN6MMPQTMDYRN709DP5DSDA,page5-28,01KJN79PCAAMFX7P2QF70Y3HJM,01KJN79ZRTRDMY6RH8ZCYCM9NV,A,A,1,1.0,3.0,2.0
01KJN6MMPQTMDYRN709DP5DSDA,page5-28,01KJN79PCAAMFX7P2QF70Y3HJM,01KJN7AAWT4GWKRZ7B9775509P,A,B,0,0.0,3.0,2.0
01KJN6MMPQTMDYRN709DP5DSDA,page5-28,01KJN79PCAAMFX7P2QF70Y3HJM,01KJN7B32C1C5254NSG6ZK1GRK,A,A,1,1.0,3.0,2.0
01KJN6MMPQTMDYRN709DP5DSDA,page5-28,01KJN79PCAAMFX7P2QF70Y3HJM,01KJN7B4V2673GK7HGVSG52R2P,A,B,0,0.0,3.0,2.0
01KJN6MMPQTMDYRN709DP5DSDA,page5-28,01KJN79PCAAMFX7P2QF70Y3HJM,01KJN7BYA5X3A2G30KZECRY2HY,A,B,0,0.0,3.0,2.0
01KJN6MMPQTMDYRN709DP5DSDA,page5-28,01KJN79ZQD1E4YD03FE5CGJY8K,01KJN79ZRTRDMY6RH8ZCYCM9NV,C,A,0,0.0,3.0,2.0
01KJN6MMPQTMDYRN709DP5DSDA,page5-28,01KJN79ZQD1E4YD03FE5CGJY8K,01KJN7AAWT4GWKRZ7B9775509P,C,B,0,0.0,3.0,2.0
01KJN6MMPQTMDYRN709DP5DSDA,page5-28,01KJN79ZQD1E4YD03FE5CGJY8K,01KJN7B32C1C5254NSG6ZK1GRK,C,A,0,0.0,3.0,2.0
01KJN6MMPQTMDYRN709DP5DSDA,page5-28,01KJN79ZQD1E4YD03FE5CGJY8K,01KJN7B4V2673GK7HGVSG52R2P,C,B,0,0.0,3.0,2.0
01KJN6MMPQTMDYRN709DP5DSDA,page5-28,01KJN79ZQD1E4YD03FE5CGJY8K,01KJN7BYA5X3A2G30KZECRY2HY,C,B,0,0.0,3.0,2.0
01KJN6MMPQTMDYRN709DP5DSDA,page5-28,01KJN79ZRTRDMY6RH8ZCYCM9NV,01KJN7AAWT4GWKRZ7B9775509P,A,B,0,0.0,3.0,2.0
01KJN6MMPQTMDYRN709DP5DSDA,page5-28,01KJN79ZRTRDMY6RH8ZCYCM9NV,01KJN7B32C1C5254NSG6ZK1GRK,A,A,1,1.0,3.0,2.0
01KJN6MMPQTMDYRN709DP5DSDA,page5-28,01KJN79ZRTRDMY6RH8ZCYCM9NV,01KJN7B4V2673GK7HGVSG52R2P,A,B,0,0.0,3.0,2.0
01KJN6MMPQTMDYRN709DP5DSDA,page5-28,01KJN79ZRTRDMY6RH8ZCYCM9NV,01KJN7BYA5X3A2G30KZECRY2HY,A,B,0,0.0,3.0,2.0
01KJN6MMPQTMDYRN709DP5DSDA,page5-28,01KJN7AAWT4GWKRZ7B9775509P,01KJN7B32C1C5254NSG6ZK1GRK,B,A,0,0.0,3.0,2.0
01KJN6MMPQTMDYRN709DP5DSDA,page5-28,01KJN7AAWT4GWKRZ7B9775509P,01KJN7B4V2673GK7HGVSG52R2P,B,B,1,0.5,3.0,2.0
01KJN6MMPQTMDYRN709DP5DSDA,page5-28,01KJN7AAWT4GWKRZ7B9775509P,01KJN7BYA5X3A2G30KZECRY2HY,B,B,1,0.5,3.0,2.0
01KJN6MMPQTMDYRN709DP5DSDA,page5-28,01KJN7B32C1C5254NSG6ZK1GRK,01KJN7B4V2673GK7HGVSG52R2P,A,B,0,0.0,3.0,2.0
01KJN6MMPQTMDYRN709DP5DSDA,page5-28,01KJN7B32C1C5254NSG6ZK1GRK,01KJN7BYA5X3A2G30KZECRY2HY,A,B,0,0.0,3.0,2.0
01KJN6MMPQTMDYRN709DP5DSDA,page5-28,01KJN7B4V2673GK7HGVSG52R2P,01KJN7BYA5X3A2G30KZECRY2HY,B,B,1,1.0,3.0,2.0
01KJN6MMPQTMDYRN709DP5DSDA,page5-28,01KJN77XQHYQ5TVVY4HZM02E7R,01KJN7931DXZ65NXTWK1GNEZMW,C,C,1,0.25,4.0,2.0
01KJN6MMPQTMDYRN709DP5DSDA,page5-28,01KJN77XQHYQ5TVVY4HZM02E7R,01KJN79PCAAMFX7P2QF70Y3HJM,C,A,0,0.0,4.0,2.0
01KJN6MMPQTMDYRN709DP5DSDA,page5-28,01KJN77XQHYQ5TVVY4HZM02E7R,01KJN79ZQD1E4YD03FE5CGJY8K,C,C,1,1.0,4.0,2.0
01KJN6MMPQTMDYRN709DP5DSDA,page5-28,01KJN77XQHYQ5TVVY4HZM02E7R,01KJN79ZRTRDMY6RH8ZCYCM9NV,C,A,0,0.0,4.0,2.0
01KJN6MMPQTMDYRN709DP5DSDA,page5-28,01KJN77XQHYQ5TVVY4HZM02E7R,01KJN7AAWT4GWKRZ7B9775509P,C,B,0,0.0,4.0,2.0
01KJN6MMPQTMDYRN709DP5DSDA,page5-28,01KJN77XQHYQ5TVVY4HZM02E7R,01KJN7B32C1C5254NSG6ZK1GRK,C,A,0,0.0,4.0,2.0
01KJN6MMPQTMDYRN709DP5DSDA,page5-28,01KJN77XQHYQ5TVVY4HZM02E7R,01KJN7B4V2673GK7HGVSG52R2P,C,B,0,0.0,4.0,2.0
01KJN6MMPQTMDYRN709DP5DSDA,page5-28,01KJN77XQHYQ5TVVY4HZM02E7R,01KJN7BYA5X3A2G30KZECRY2HY,C,B,0,0.0,4.0,2.0
01KJN6MMPQTMDYRN709DP5DSDA,page5-28,01KJN7931DXZ65NXTWK1GNEZMW,01KJN79PCAAMFX7P2QF70Y3HJM,C,A,0,0.0,4.0,2.0
01KJN6MMPQTMDYRN709DP5DSDA,page5-28,01KJN7931DXZ65NXTWK1GNEZMW,01KJN79ZQD1E4YD03FE5CGJY8K,C,C,1,0.25,4.0,2.0
01KJN6MMPQTMDYRN709DP5DSDA,page5-28,01KJN7931DXZ65NXTWK1GNEZMW,01KJN79ZRTRDMY6RH8ZCYCM9NV,C,A,0,0.0,4.0,2.0
01KJN6MMPQTMDYRN709DP5DSDA,page5-28,01KJN7931DXZ65NXTWK1GNEZMW,01KJN7AAWT4GWKRZ7B9775509P,C,B,0,0.0,4.0,2.0
01KJN6MMPQTMDYRN709DP5DSDA,page5-28,01KJN7931DXZ65NXTWK1GNEZMW,01KJN7B32C1C5254NSG6ZK1GRK,C,A,0,0.0,4.0,2.0
01KJN6MMPQTMDYRN709DP5DSDA,page5-28,01KJN7931DXZ65NXTWK1GNEZMW,01KJN7B4V2673GK7HGVSG52R2P,C,B,0,0.0,4.0,2.0
01KJN6MMPQTMDYRN709DP5DSDA,page5-28,01KJN7931DXZ65NXTWK1GNEZMW,01KJN7BYA5X3A2G30KZECRY2HY,C,B,0,0.0,4.0,2.0
01KJN6MMPQTMDYRN709DP5DSDA,page5-28,01KJN79PCAAMFX7P2QF70Y3HJM,01KJN79ZQD1E4YD03FE5CGJY8K,A,C,0,0.0,4.0,2.0
01KJN6MMPQTMDYRN709DP5DSDA,page5-28,01KJN79PCAAMFX7P2QF70Y3HJM,01KJN79ZRTRDMY6RH8ZCYCM9NV,A,A,1,1.0,4.0,2.0
01KJN6MMPQTMDYRN709DP5DSDA,page5-28,01KJN79PCAAMFX7P2QF70Y3HJM,01KJN7AAWT4GWKRZ7B9775509P,A,B,0,0.0,4.0,2.0
01KJN6MMPQTMDYRN709DP5DSDA,page5-28,01KJN79PCAAMFX7P2QF70Y3HJM,01KJN7B32C1C5254NSG6ZK1GRK,A,A,1,1.0,4.0,2.0
01KJN6MMPQTMDYRN709DP5DSDA,page5-28,01KJN79PCAAMFX7P2QF70Y3HJM,01KJN7B4V2673GK7HGVSG52R2P,A,B,0,0.0,4.0,2.0
01KJN6MMPQTMDYRN709DP5DSDA,page5-28,01KJN79PCAAMFX7P2QF70Y3HJM,01KJN7BYA5X3A2G30KZECRY2HY,A,B,0,0.0,4.0,2.0
01KJN6MMPQTMDYRN709DP5DSDA,page5-28,01KJN79ZQD1E4YD03FE5CGJY8K,01KJN79ZRTRDMY6RH8ZCYCM9NV,C,A,0,0.0,4.0,2.0
01KJN6MMPQTMDYRN709DP5DSDA,page5-28,01KJN79ZQD1E4YD03FE5CGJY8K,01KJN7AAWT4GWKRZ7B9775509P,C,B,0,0.0,4.0,2.0
01KJN6MMPQTMDYRN709DP5DSDA,page5-28,01KJN79ZQD1E4YD03FE5CGJY8K,01KJN7B32C1C5254NSG6ZK1GRK,C,A,0,0.0,4.0,2.0
01KJN6MMPQTMDYRN709DP5DSDA,page5-28,01KJN79ZQD1E4YD03FE5CGJY8K,01KJN7B4V2673GK7HGVSG52R2P,C,B,0,0.0,4.0,2.0
01KJN6MMPQTMDYRN709DP5DSDA,page5-28,01KJN79ZQD1E4YD03FE5CGJY8K,01KJN7BYA5X3A2G30KZECRY2HY,C,B,0,0.0,4.0,2.0
01KJN6MMPQTMDYRN709DP5DSDA,page5-28,01KJN79ZRTRDMY6RH8ZCYCM9NV,01KJN7AAWT4GWKRZ7B9775509P,A,B,0,0.0,4.0,2.0
01KJN6MMPQTMDYRN709DP5DSDA,page5-28,01KJN79ZRTRDMY6RH8ZCYCM9NV,01KJN7B32C1C5254NSG6ZK1GRK,A,A,1,1.0,4.0,2.0
01KJN6MMPQTMDYRN709DP5DSDA,page5-28,01KJN79ZRTRDMY6RH8ZCYCM9NV,01KJN7B4V2673GK7HGVSG52R2P,A,B,0,0.0,4.0,2.0
01KJN6MMPQTMDYRN709DP5DSDA,page5-28,01KJN79ZRTRDMY6RH8ZCYCM9NV,01KJN7BYA5X3A2G30KZECRY2HY,A,B,0,0.0,4.0,2.0
01KJN6MMPQTMDYRN709DP5DSDA,page5-28,01KJN7AAWT4GWKRZ7B9775509P,01KJN7B32C1C5254NSG6ZK1GRK,B,A,0,0.0,4.0,2.0
01KJN6MMPQTMDYRN709DP5DSDA,page5-28,01KJN7AAWT4GWKRZ7B9775509P,01KJN7B4V2673GK7HGVSG52R2P,B,B,1,0.4,4.0,2.0
01KJN6MMPQTMDYRN709DP5DSDA,page5-28,01KJN7AAWT4GWKRZ7B9775509P,01KJN7BYA5X3A2G30KZECRY2HY,B,B,1,0.4,4.0,2.0
01KJN6MMPQTMDYRN709DP5DSDA,page5-28,01KJN7B32C1C5254NSG6ZK1GRK,01KJN7B4V2673GK7HGVSG52R2P,A,B,0,0.0,4.0,2.0
01KJN6MMPQTMDYRN709DP5DSDA,page5-28,01KJN7B32C1C5254NSG6ZK1GRK,01KJN7BYA5X3A2G30KZECRY2HY,A,B,0,0.0,4.0,2.0
01KJN6MMPQTMDYRN709DP5DSDA,page5-28,01KJN7B4V2673GK7HGVSG52R2P,01KJN7BYA5X3A2G30KZECRY2HY,B,B,1,1.0,4.0,2.0
01KJN6MMPQTMDYRN709DP5DSDA,page5-28,01KJN77XQHYQ5TVVY4HZM02E7R,01KJN7931DXZ65NXTWK1GNEZMW,C,C,1,0.25,5.0,2.0
01KJN6MMPQTMDYRN709DP5DSDA,page5-28,01KJN77XQHYQ5TVVY4HZM02E7R,01KJN79PCAAMFX7P2QF70Y3HJM,C,A,0,0.0,5.0,2.0
01KJN6MMPQTMDYRN709DP5DSDA,page5-28,01KJN77XQHYQ5TVVY4HZM02E7R,01KJN79ZQD1E4YD03FE5CGJY8K,C,C,1,1.0,5.0,2.0
01KJN6MMPQTMDYRN709DP5DSDA,page5-28,01KJN77XQHYQ5TVVY4HZM02E7R,01KJN79ZRTRDMY6RH8ZCYCM9NV,C,A,0,0.0,5.0,2.0
01KJN6MMPQTMDYRN709DP5DSDA,page5-28,01KJN77XQHYQ5TVVY4HZM02E7R,01KJN7AAWT4GWKRZ7B9775509P,C,B,0,0.0,5.0,2.0
01KJN6MMPQTMDYRN709DP5DSDA,page5-28,01KJN77XQHYQ5TVVY4HZM02E7R,01KJN7B32C1C5254NSG6ZK1GRK,C,A,0,0.0,5.0,2.0
01KJN6MMPQTMDYRN709DP5DSDA,page5-28,01KJN77XQHYQ5TVVY4HZM02E7R,01KJN7B4V2673GK7HGVSG52R2P,C,B,0,0.0,5.0,2.0
01KJN6MMPQTMDYRN709DP5DSDA,page5-28,01KJN77XQHYQ5TVVY4HZM02E7R,01KJN7BYA5X3A2G30KZECRY2HY,C,B,0,0.0,5.0,2.0
01KJN6MMPQTMDYRN709DP5DSDA,page5-28,01KJN7931DXZ65NXTWK1GNEZMW,01KJN79PCAAMFX7P2QF70Y3HJM,C,A,0,0.0,5.0,2.0
01KJN6MMPQTMDYRN709DP5DSDA,page5-28,01KJN7931DXZ65NXTWK1GNEZMW,01KJN79ZQD1E4YD03FE5CGJY8K,C,C,1,0.25,5.0,2.0
01KJN6MMPQTMDYRN709DP5DSDA,page5-28,01KJN7931DXZ65NXTWK1GNEZMW,01KJN79ZRTRDMY6RH8ZCYCM9NV,C,A,0,0.0,5.0,2.0
01KJN6MMPQTMDYRN709DP5DSDA,page5-28,01KJN7931DXZ65NXTWK1GNEZMW,01KJN7AAWT4GWKRZ7B9775509P,C,B,0,0.0,5.0,2.0
01KJN6MMPQTMDYRN709DP5DSDA,page5-28,01KJN7931DXZ65NXTWK1GNEZMW,01KJN7B32C1C5254NSG6ZK1GRK,C,A,0,0.0,5.0,2.0
01KJN6MMPQTMDYRN709DP5DSDA,page5-28,01KJN7931DXZ65NXTWK1GNEZMW,01KJN7B4V2673GK7HGVSG52R2P,C,B,0,0.0,5.0,2.0
01KJN6MMPQTMDYRN709DP5DSDA,page5-28,01KJN7931DXZ65NXTWK1GNEZMW,01KJN7BYA5X3A2G30KZECRY2HY,C,B,0,0.0,5.0,2.0
01KJN6MMPQTMDYRN709DP5DSDA,page5-28,01KJN79PCAAMFX7P2QF70Y3HJM,01KJN79ZQD1E4YD03FE5CGJY8K,A,C,0,0.0,5.0,2.0
01KJN6MMPQTMDYRN709DP5DSDA,page5-28,01KJN79PCAAMFX7P2QF70Y3HJM,01KJN79ZRTRDMY6RH8ZCYCM9NV,A,A,1,1.0,5.0,2.0
01KJN6MMPQTMDYRN709DP5DSDA,page5-28,01KJN79PCAAMFX7P2QF70Y3HJM,01KJN7AAWT4GWKRZ7B9775509P,A,B,0,0.0,5.0,2.0
01KJN6MMPQTMDYRN709DP5DSDA,page5-28,01KJN79PCAAMFX7P2QF70Y3HJM,01KJN7B32C1C5254NSG6ZK1GRK,A,A,1,1.0,5.0,2.0
01KJN6MMPQTMDYRN709DP5DSDA,page5-28,01KJN79PCAAMFX7P2QF70Y3HJM,01KJN7B4V2673GK7HGVSG52R2P,A,B,0,0.0,5.0,2.0
01KJN6MMPQTMDYRN709DP5DSDA,page5-28,01KJN79PCAAMFX7P2QF70Y3HJM,01KJN7BYA5X3A2G30KZECRY2HY,A,B,0,0.0,5.0,2.0
01KJN6MMPQTMDYRN709DP5DSDA,page5-28,01KJN79ZQD1E4YD03FE5CGJY8K,01KJN79ZRTRDMY6RH8ZCYCM9NV,C,A,0,0.0,5.0,2.0
01KJN6MMPQTMDYRN709DP5DSDA,page5-28,01KJN79ZQD1E4YD03FE5CGJY8K,01KJN7AAWT4GWKRZ7B9775509P,C,B,0,0.0,5.0,2.0
01KJN6MMPQTMDYRN709DP5DSDA,page5-28,01KJN79ZQD1E4YD03FE5CGJY8K,01KJN7B32C1C5254NSG6ZK1GRK,C,A,0,0.0,5.0,2.0
01KJN6MMPQTMDYRN709DP5DSDA,page5-28,01KJN79ZQD1E4YD03FE5CGJY8K,01KJN7B4V2673GK7HGVSG52R2P,C,B,0,0.0,5.0,2.0
01KJN6MMPQTMDYRN709DP5DSDA,page5-28,01KJN79ZQD1E4YD03FE5CGJY8K,01KJN7BYA5X3A2G30KZECRY2HY,C,B,0,0.0,5.0,2.0
01KJN6MMPQTMDYRN709DP5DSDA,page5-28,01KJN79ZRTRDMY6RH8ZCYCM9NV,01KJN7AAWT4GWKRZ7B9775509P,A,B,0,0.0,5.0,2.0
01KJN6MMPQTMDYRN709DP5DSDA,page5-28,01KJN79ZRTRDMY6RH8ZCYCM9NV,01KJN7B32C1C5254NSG6ZK1GRK,A,A,1,1.0,5.0,2.0
01KJN6MMPQTMDYRN709DP5DSDA,page5-28,01KJN79ZRTRDMY6RH8ZCYCM9NV,01KJN7B4V2673GK7HGVSG52R2P,A,B,0,0.0,5.0,2.0
01KJN6MMPQTMDYRN709DP5DSDA,page5-28,01KJN79ZRTRDMY6RH8ZCYCM9NV,01KJN7BYA5X3A2G30KZECRY2HY,A,B,0,0.0,5.0,2.0
01KJN6MMPQTMDYRN709DP5DSDA,page5-28,01KJN7AAWT4GWKRZ7B9775509P,01KJN7B32C1C5254NSG6ZK1GRK,B,A,0,0.0,5.0,2.0
01KJN6MMPQTMDYRN709DP5DSDA,page5-28,01KJN7AAWT4GWKRZ7B9775509P,01KJN7B4V2673GK7HGVSG52R2P,B,B,1,0.4,5.0,2.0
01KJN6MMPQTMDYRN709DP5DSDA,page5-28,01KJN7AAWT4GWKRZ7B9775509P,01KJN7BYA5X3A2G30KZECRY2HY,B,B,1,0.4,5.0,2.0
01KJN6MMPQTMDYRN709DP5DSDA,page5-28,01KJN7B32C1C5254NSG6ZK1GRK,01KJN7B4V2673GK7HGVSG52R2P,A,B,0,0.0,5.0,2.0
01KJN6MMPQTMDYRN709DP5DSDA,page5-28,01KJN7B32C1C5254NSG6ZK1GRK,01KJN7BYA5X3A2G30KZECRY2HY,A,B,0,0.0,5.0,2.0
01KJN6MMPQTMDYRN709DP5DSDA,page5-28,01KJN7B4V2673GK7HGVSG52R2P,01KJN7BYA5X3A2G30KZECRY2HY,B,B,1,1.0,5.0,2.0
01KJN6MMPQTMDYRN709DP5DSDA,page9-46,01KJN77XQHYQ5TVVY4HZM02E7R,01KJN79PCAAMFX7P2QF70Y3HJM,C,A,0,0.0,1.0,2.0
01KJN6MMPQTMDYRN709DP5DSDA,page9-46,01KJN77XQHYQ5TVVY4HZM02E7R,01KJN79ZQD1E4YD03FE5CGJY8K,C,C,1,0.25,1.0,2.0
01KJN6MMPQTMDYRN709DP5DSDA,page9-46,01KJN77XQHYQ5TVVY4HZM02E7R,01KJN79ZRTRDMY6RH8ZCYCM9NV,C,A,0,0.0,1.0,2.0
01KJN6MMPQTMDYRN709DP5DSDA,page9-46,01KJN77XQHYQ5TVVY4HZM02E7R,01KJN7AAWT4GWKRZ7B9775509P,C,B,0,0.0,1.0,2.0
01KJN6MMPQTMDYRN709DP5DSDA,page9-46,01KJN77XQHYQ5TVVY4HZM02E7R,01KJN7B4V2673GK7HGVSG52R2P,C,B,0,0.0,1.0,2.0
01KJN6MMPQTMDYRN709DP5DSDA,page9-46,01KJN79PCAAMFX7P2QF70Y3HJM,01KJN79ZQD1E4YD03FE5CGJY8K,A,C,0,0.0,1.0,2.0
01KJN6MMPQTMDYRN709DP5DSDA,page9-46,01KJN79PCAAMFX7P2QF70Y3HJM,01KJN79ZRTRDMY6RH8ZCYCM9NV,A,A,1,1.0,1.0,2.0
01KJN6MMPQTMDYRN709DP5DSDA,page9-46,01KJN79PCAAMFX7P2QF70Y3HJM,01KJN7AAWT4GWKRZ7B9775509P,A,B,0,0.5,1.0,2.0
01KJN6MMPQTMDYRN709DP5DSDA,page9-46,01KJN79PCAAMFX7P2QF70Y3HJM,01KJN7B4V2673GK7HGVSG52R2P,A,B,0,0.5,1.0,2.0
01KJN6MMPQTMDYRN709DP5DSDA,page9-46,01KJN79ZQD1E4YD03FE5CGJY8K,01KJN79ZRTRDMY6RH8ZCYCM9NV,C,A,0,0.0,1.0,2.0
01KJN6MMPQTMDYRN709DP5DSDA,page9-46,01KJN79ZQD1E4YD03FE5CGJY8K,01KJN7AAWT4GWKRZ7B9775509P,C,B,0,0.0,1.0,2.0
01KJN6MMPQTMDYRN709DP5DSDA,page9-46,01KJN79ZQD1E4YD03FE5CGJY8K,01KJN7B4V2673GK7HGVSG52R2P,C,B,0,0.0,1.0,2.0
01KJN6MMPQTMDYRN709DP5DSDA,page9-46,01KJN79ZRTRDMY6RH8ZCYCM9NV,01KJN7AAWT4GWKRZ7B9775509P,A,B,0,0.5,1.0,2.0
01KJN6MMPQTMDYRN709DP5DSDA,page9-46,01KJN79ZRTRDMY6RH8ZCYCM9NV,01KJN7B4V2673GK7HGVSG52R2P,A,B,0,0.5,1.0,2.0
01KJN6MMPQTMDYRN709DP5DSDA,page9-46,01KJN7AAWT4GWKRZ7B9775509P,01KJN7B4V2673GK7HGVSG52R2P,B,B,1,1.0,1.0,2.0
01KJN6MMPQTMDYRN709DP5DSDA,page9-46,01KJN77XQHYQ5TVVY4HZM02E7R,01KJN7931DXZ65NXTWK1GNEZMW,C,C,1,0.0,2.0,2.0
01KJN6MMPQTMDYRN709DP5DSDA,page9-46,01KJN77XQHYQ5TVVY4HZM02E7R,01KJN79PCAAMFX7P2QF70Y3HJM,C,A,0,0.0,2.0,2.0
01KJN6MMPQTMDYRN709DP5DSDA,page9-46,01KJN77XQHYQ5TVVY4HZM02E7R,01KJN79ZQD1E4YD03FE5CGJY8K,C,C,1,0.25,2.0,2.0
01KJN6MMPQTMDYRN709DP5DSDA,page9-46,01KJN77XQHYQ5TVVY4HZM02E7R,01KJN79ZRTRDMY6RH8ZCYCM9NV,C,A,0,0.0,2.0,2.0
01KJN6MMPQTMDYRN709DP5DSDA,page9-46,01KJN77XQHYQ5TVVY4HZM02E7R,01KJN7AAWT4GWKRZ7B9775509P,C,B,0,0.0,2.0,2.0
01KJN6MMPQTMDYRN709DP5DSDA,page9-46,01KJN77XQHYQ5TVVY4HZM02E7R,01KJN7B32C1C5254NSG6ZK1GRK,C,A,0,0.0,2.0,2.0
01KJN6MMPQTMDYRN709DP5DSDA,page9-46,01KJN77XQHYQ5TVVY4HZM02E7R,01KJN7B4V2673GK7HGVSG52R2P,C,B,0,0.0,2.0,2.0
01KJN6MMPQTMDYRN709DP5DSDA,page9-46,01KJN77XQHYQ5TVVY4HZM02E7R,01KJN7BYA5X3A2G30KZECRY2HY,C,B,0,0.0,2.0,2.0
01KJN6MMPQTMDYRN709DP5DSDA,page9-46,01KJN7931DXZ65NXTWK1GNEZMW,01KJN79PCAAMFX7P2QF70Y3HJM,C,A,0,0.0,2.0,2.0
01KJN6MMPQTMDYRN709DP5DSDA,page9-46,01KJN7931DXZ65NXTWK1GNEZMW,01KJN79ZQD1E4YD03FE5CGJY8K,C,C,1,0.0,2.0,2.0
01KJN6MMPQTMDYRN709DP5DSDA,page9-46,01KJN7931DXZ65NXTWK1GNEZMW,01KJN79ZRTRDMY6RH8ZCYCM9NV,C,A,0,0.0,2.0,2.0
01KJN6MMPQTMDYRN709DP5DSDA,page9-46,01KJN7931DXZ65NXTWK1GNEZMW,01KJN7AAWT4GWKRZ7B9775509P,C,B,0,0.0,2.0,2.0
01KJN6MMPQTMDYRN709DP5DSDA,page9-46,01KJN7931DXZ65NXTWK1GNEZMW,01KJN7B32C1C5254NSG6ZK1GRK,C,A,0,0.0,2.0,2.0
01KJN6MMPQTMDYRN709DP5DSDA,page9-46,01KJN7931DXZ65NXTWK1GNEZMW,01KJN7B4V2673GK7HGVSG52R2P,C,B,0,0.0,2.0,2.0
01KJN6MMPQTMDYRN709DP5DSDA,page9-46,01KJN7931DXZ65NXTWK1GNEZMW,01KJN7BYA5X3A2G30KZECRY2HY,C,B,0,0.0,2.0,2.0
01KJN6MMPQTMDYRN709DP5DSDA,page9-46,01KJN79PCAAMFX7P2QF70Y3HJM,01KJN79ZQD1E4YD03FE5CGJY8K,A,C,0,0.0,2.0,2.0
01KJN6MMPQTMDYRN709DP5DSDA,page9-46,01KJN79PCAAMFX7P2QF70Y3HJM,01KJN79ZRTRDMY6RH8ZCYCM9NV,A,A,1,1.0,2.0,2.0
01KJN6MMPQTMDYRN709DP5DSDA,page9-46,01KJN79PCAAMFX7P2QF70Y3HJM,01KJN7AAWT4GWKRZ7B9775509P,A,B,0,0.5,2.0,2.0
01KJN6MMPQTMDYRN709DP5DSDA,page9-46,01KJN79PCAAMFX7P2QF70Y3HJM,01KJN7B32C1C5254NSG6ZK1GRK,A,A,1,1.0,2.0,2.0
01KJN6MMPQTMDYRN709DP5DSDA,page9-46,01KJN79PCAAMFX7P2QF70Y3HJM,01KJN7B4V2673GK7HGVSG52R2P,A,B,0,0.5,2.0,2.0
01KJN6MMPQTMDYRN709DP5DSDA,page9-46,01KJN79PCAAMFX7P2QF70Y3HJM,01KJN7BYA5X3A2G30KZECRY2HY,A,B,0,0.5,2.0,2.0
01KJN6MMPQTMDYRN709DP5DSDA,page9-46,01KJN79ZQD1E4YD03FE5CGJY8K,01KJN79ZRTRDMY6RH8ZCYCM9NV,C,A,0,0.0,2.0,2.0
01KJN6MMPQTMDYRN709DP5DSDA,page9-46,01KJN79ZQD1E4YD03FE5CGJY8K,01KJN7AAWT4GWKRZ7B9775509P,C,B,0,0.0,2.0,2.0
01KJN6MMPQTMDYRN709DP5DSDA,page9-46,01KJN79ZQD1E4YD03FE5CGJY8K,01KJN7B32C1C5254NSG6ZK1GRK,C,A,0,0.0,2.0,2.0
01KJN6MMPQTMDYRN709DP5DSDA,page9-46,01KJN79ZQD1E4YD03FE5CGJY8K,01KJN7B4V2673GK7HGVSG52R2P,C,B,0,0.0,2.0,2.0
01KJN6MMPQTMDYRN709DP5DSDA,page9-46,01KJN79ZQD1E4YD03FE5CGJY8K,01KJN7BYA5X3A2G30KZECRY2HY,C,B,0,0.0,2.0,2.0
01KJN6MMPQTMDYRN709DP5DSDA,page9-46,01KJN79ZRTRDMY6RH8ZCYCM9NV,01KJN7AAWT4GWKRZ7B9775509P,A,B,0,0.5,2.0,2.0
01KJN6MMPQTMDYRN709DP5DSDA,page9-46,01KJN79ZRTRDMY6RH8ZCYCM9NV,01KJN7B32C1C5254NSG6ZK1GRK,A,A,1,1.0,2.0,2.0
01KJN6MMPQTMDYRN709DP5DSDA,page9-46,01KJN79ZRTRDMY6RH8ZCYCM9NV,01KJN7B4V2673GK7HGVSG52R2P,A,B,0,0.5,2.0,2.0
01KJN6MMPQTMDYRN709DP5DSDA,page9-46,01KJN79ZRTRDMY6RH8ZCYCM9NV,01KJN7BYA5X3A2G30KZECRY2HY,A,B,0,0.5,2.0,2.0
01KJN6MMPQTMDYRN709DP5DSDA,page9-46,01KJN7AAWT4GWKRZ7B9775509P,01KJN7B32C1C5254NSG6ZK1GRK,B,A,0,0.5,2.0,2.0
01KJN6MMPQTMDYRN709DP5DSDA,page9-46,01KJN7AAWT4GWKRZ7B9775509P,01KJN7B4V2673GK7HGVSG52R2P,B,B,1,1.0,2.0,2.0
01KJN6MMPQTMDYRN709DP5DSDA,page9-46,01KJN7AAWT4GWKRZ7B9775509P,01KJN7BYA5X3A2G30KZECRY2HY,B,B,1,1.0,2.0,2.0
01KJN6MMPQTMDYRN709DP5DSDA,page9-46,01KJN7B32C1C5254NSG6ZK1GRK,01KJN7B4V2673GK7HGVSG52R2P,A,B,0,0.5,2.0,2.0
01KJN6MMPQTMDYRN709DP5DSDA,page9-46,01KJN7B32C1C5254NSG6ZK1GRK,01KJN7BYA5X3A2G30KZECRY2HY,A,B,0,0.5,2.0,2.0
01KJN6MMPQTMDYRN709DP5DSDA,page9-46,01KJN7B4V2673GK7HGVSG52R2P,01KJN7BYA5X3A2G30KZECRY2HY,B,B,1,1.0,2.0,2.0
01KJN6MMPQTMDYRN709DP5DSDA,page9-46,01KJN77XQHYQ5TVVY4HZM02E7R,01KJN7931DXZ65NXTWK1GNEZMW,C,C,1,0.0,3.0,2.0
01KJN6MMPQTMDYRN709DP5DSDA,page9-46,01KJN77XQHYQ5TVVY4HZM02E7R,01KJN79PCAAMFX7P2QF70Y3HJM,C,A,0,0.0,3.0,2.0
01KJN6MMPQTMDYRN709DP5DSDA,page9-46,01KJN77XQHYQ5TVVY4HZM02E7R,01KJN79ZQD1E4YD03FE5CGJY8K,C,C,1,0.5,3.0,2.0
01KJN6MMPQTMDYRN709DP5DSDA,page9-46,01KJN77XQHYQ5TVVY4HZM02E7R,01KJN79ZRTRDMY6RH8ZCYCM9NV,C,A,0,0.0,3.0,2.0
01KJN6MMPQTMDYRN709DP5DSDA,page9-46,01KJN77XQHYQ5TVVY4HZM02E7R,01KJN7AAWT4GWKRZ7B9775509P,C,B,0,0.0,3.0,2.0
01KJN6MMPQTMDYRN709DP5DSDA,page9-46,01KJN77XQHYQ5TVVY4HZM02E7R,01KJN7B32C1C5254NSG6ZK1GRK,C,A,0,0.0,3.0,2.0
01KJN6MMPQTMDYRN709DP5DSDA,page9-46,01KJN77XQHYQ5TVVY4HZM02E7R,01KJN7B4V2673GK7HGVSG52R2P,C,B,0,0.0,3.0,2.0
01KJN6MMPQTMDYRN709DP5DSDA,page9-46,01KJN77XQHYQ5TVVY4HZM02E7R,01KJN7BYA5X3A2G30KZECRY2HY,C,B,0,0.0,3.0,2.0
01KJN6MMPQTMDYRN709DP5DSDA,page9-46,01KJN7931DXZ65NXTWK1GNEZMW,01KJN79PCAAMFX7P2QF70Y3HJM,C,A,0,0.0,3.0,2.0
01KJN6MMPQTMDYRN709DP5DSDA,page9-46,01KJN7931DXZ65NXTWK1GNEZMW,01KJN79ZQD1E4YD03FE5CGJY8K,C,C,1,0.0,3.0,2.0
01KJN6MMPQTMDYRN709DP5DSDA,page9-46,01KJN7931DXZ65NXTWK1GNEZMW,01KJN79ZRTRDMY6RH8ZCYCM9NV,C,A,0,0.0,3.0,2.0
01KJN6MMPQTMDYRN709DP5DSDA,page9-46,01KJN7931DXZ65NXTWK1GNEZMW,01KJN7AAWT4GWKRZ7B9775509P,C,B,0,0.0,3.0,2.0
01KJN6MMPQTMDYRN709DP5DSDA,page9-46,01KJN7931DXZ65NXTWK1GNEZMW,01KJN7B32C1C5254NSG6ZK1GRK,C,A,0,0.0,3.0,2.0
01KJN6MMPQTMDYRN709DP5DSDA,page9-46,01KJN7931DXZ65NXTWK1GNEZMW,01KJN7B4V2673GK7HGVSG52R2P,C,B,0,0.0,3.0,2.0
01KJN6MMPQTMDYRN709DP5DSDA,page9-46,01KJN7931DXZ65NXTWK1GNEZMW,01KJN7BYA5X3A2G30KZECRY2HY,C,B,0,0.0,3.0,2.0
01KJN6MMPQTMDYRN709DP5DSDA,page9-46,01KJN79PCAAMFX7P2QF70Y3HJM,01KJN79ZQD1E4YD03FE5CGJY8K,A,C,0,0.0,3.0,2.0
01KJN6MMPQTMDYRN709DP5DSDA,page9-46,01KJN79PCAAMFX7P2QF70Y3HJM,01KJN79ZRTRDMY6RH8ZCYCM9NV,A,A,1,1.0,3.0,2.0
01KJN6MMPQTMDYRN709DP5DSDA,page9-46,01KJN79PCAAMFX7P2QF70Y3HJM,01KJN7AAWT4GWKRZ7B9775509P,A,B,0,0.5,3.0,2.0
01KJN6MMPQTMDYRN709DP5DSDA,page9-46,01KJN79PCAAMFX7P2QF70Y3HJM,01KJN7B32C1C5254NSG6ZK1GRK,A,A,1,1.0,3.0,2.0
01KJN6MMPQTMDYRN709DP5DSDA,page9-46,01KJN79PCAAMFX7P2QF70Y3HJM,01KJN7B4V2673GK7HGVSG52R2P,A,B,0,0.5,3.0,2.0
01KJN6MMPQTMDYRN709DP5DSDA,page9-46,01KJN79PCAAMFX7P2QF70Y3HJM,01KJN7BYA5X3A2G30KZECRY2HY,A,B,0,0.5,3.0,2.0
01KJN6MMPQTMDYRN709DP5DSDA,page9-46,01KJN79ZQD1E4YD03FE5CGJY8K,01KJN79ZRTRDMY6RH8ZCYCM9NV,C,A,0,0.0,3.0,2.0
01KJN6MMPQTMDYRN709DP5DSDA,page9-46,01KJN79ZQD1E4YD03FE5CGJY8K,01KJN7AAWT4GWKRZ7B9775509P,C,B,0,0.0,3.0,2.0
01KJN6MMPQTMDYRN709DP5DSDA,page9-46,01KJN79ZQD1E4YD03FE5CGJY8K,01KJN7B32C1C5254NSG6ZK1GRK,C,A,0,0.0,3.0,2.0
01KJN6MMPQTMDYRN709DP5DSDA,page9-46,01KJN79ZQD1E4YD03FE5CGJY8K,01KJN7B4V2673GK7HGVSG52R2P,C,B,0,0.0,3.0,2.0
01KJN6MMPQTMDYRN709DP5DSDA,page9-46,01KJN79ZQD1E4YD03FE5CGJY8K,01KJN7BYA5X3A2G30KZECRY2HY,C,B,0,0.0,3.0,2.0
01KJN6MMPQTMDYRN709DP5DSDA,page9-46,01KJN79ZRTRDMY6RH8ZCYCM9NV,01KJN7AAWT4GWKRZ7B9775509P,A,B,0,0.5,3.0,2.0
01KJN6MMPQTMDYRN709DP5DSDA,page9-46,01KJN79ZRTRDMY6RH8ZCYCM9NV,01KJN7B32C1C5254NSG6ZK1GRK,A,A,1,1.0,3.0,2.0
01KJN6MMPQTMDYRN709DP5DSDA,page9-46,01KJN79ZRTRDMY6RH8ZCYCM9NV,01KJN7B4V2673GK7HGVSG52R2P,A,B,0,0.5,3.0,2.0
01KJN6MMPQTMDYRN709DP5DSDA,page9-46,01KJN79ZRTRDMY6RH8ZCYCM9NV,01KJN7BYA5X3A2G30KZECRY2HY,A,B,0,0.5,3.0,2.0
01KJN6MMPQTMDYRN709DP5DSDA,page9-46,01KJN7AAWT4GWKRZ7B9775509P,01KJN7B32C1C5254NSG6ZK1GRK,B,A,0,0.5,3.0,2.0
01KJN6MMPQTMDYRN709DP5DSDA,page9-46,01KJN7AAWT4GWKRZ7B9775509P,01KJN7B4V2673GK7HGVSG52R2P,B,B,1,1.0,3.0,2.0
01KJN6MMPQTMDYRN709DP5DSDA,page9-46,01KJN7AAWT4GWKRZ7B9775509P,01KJN7BYA5X3A2G30KZECRY2HY,B,B,1,1.0,3.0,2.0
01KJN6MMPQTMDYRN709DP5DSDA,page9-46,01KJN7B32C1C5254NSG6ZK1GRK,01KJN7B4V2673GK7HGVSG52R2P,A,B,0,0.5,3.0,2.0
01KJN6MMPQTMDYRN709DP5DSDA,page9-46,01KJN7B32C1C5254NSG6ZK1GRK,01KJN7BYA5X3A2G30KZECRY2HY,A,B,0,0.5,3.0,2.0
01KJN6MMPQTMDYRN709DP5DSDA,page9-46,01KJN7B4V2673GK7HGVSG52R2P,01KJN7BYA5X3A2G30KZECRY2HY,B,B,1,1.0,3.0,2.0
01KJN6MMPQTMDYRN709DP5DSDA,page9-46,01KJN77XQHYQ5TVVY4HZM02E7R,01KJN7931DXZ65NXTWK1GNEZMW,C,C,1,0.0,4.0,2.0
01KJN6MMPQTMDYRN709DP5DSDA,page9-46,01KJN77XQHYQ5TVVY4HZM02E7R,01KJN79PCAAMFX7P2QF70Y3HJM,C,A,0,0.0,4.0,2.0
01KJN6MMPQTMDYRN709DP5DSDA,page9-46,01KJN77XQHYQ5TVVY4HZM02E7R,01KJN79ZQD1E4YD03FE5CGJY8K,C,C,1,0.5,4.0,2.0
01KJN6MMPQTMDYRN709DP5DSDA,page9-46,01KJN77XQHYQ5TVVY4HZM02E7R,01KJN79ZRTRDMY6RH8ZCYCM9NV,C,A,0,0.0,4.0,2.0
01KJN6MMPQTMDYRN709DP5DSDA,page9-46,01KJN77XQHYQ5TVVY4HZM02E7R,01KJN7AAWT4GWKRZ7B9775509P,C,B,0,0.0,4.0,2.0
01KJN6MMPQTMDYRN709DP5DSDA,page9-46,01KJN77XQHYQ5TVVY4HZM02E7R,01KJN7B32C1C5254NSG6ZK1GRK,C,A,0,0.0,4.0,2.0
01KJN6MMPQTMDYRN709DP5DSDA,page9-46,01KJN77XQHYQ5TVVY4HZM02E7R,01KJN7B4V2673GK7HGVSG52R2P,C,B,0,0.0,4.0,2.0
01KJN6MMPQTMDYRN709DP5DSDA,page9-46,01KJN77XQHYQ5TVVY4HZM02E7R,01KJN7BYA5X3A2G30KZECRY2HY,C,B,0,0.0,4.0,2.0
01KJN6MMPQTMDYRN709DP5DSDA,page9-46,01KJN7931DXZ65NXTWK1GNEZMW,01KJN79PCAAMFX7P2QF70Y3HJM,C,A,0,0.0,4.0,2.0
01KJN6MMPQTMDYRN709DP5DSDA,page9-46,01KJN7931DXZ65NXTWK1GNEZMW,01KJN79ZQD1E4YD03FE5CGJY8K,C,C,1,0.0,4.0,2.0
01KJN6MMPQTMDYRN709DP5DSDA,page9-46,01KJN7931DXZ65NXTWK1GNEZMW,01KJN79ZRTRDMY6RH8ZCYCM9NV,C,A,0,0.0,4.0,2.0
01KJN6MMPQTMDYRN709DP5DSDA,page9-46,01KJN7931DXZ65NXTWK1GNEZMW,01KJN7AAWT4GWKRZ7B9775509P,C,B,0,0.0,4.0,2.0
01KJN6MMPQTMDYRN709DP5DSDA,page9-46,01KJN7931DXZ65NXTWK1GNEZMW,01KJN7B32C1C5254NSG6ZK1GRK,C,A,0,0.0,4.0,2.0
01KJN6MMPQTMDYRN709DP5DSDA,page9-46,01KJN7931DXZ65NXTWK1GNEZMW,01KJN7B4V2673GK7HGVSG52R2P,C,B,0,0.0,4.0,2.0
01KJN6MMPQTMDYRN709DP5DSDA,page9-46,01KJN7931DXZ65NXTWK1GNEZMW,01KJN7BYA5X3A2G30KZECRY2HY,C,B,0,0.0,4.0,2.0
01KJN6MMPQTMDYRN709DP5DSDA,page9-46,01KJN79PCAAMFX7P2QF70Y3HJM,01KJN79ZQD1E4YD03FE5CGJY8K,A,C,0,0.0,4.0,2.0
01KJN6MMPQTMDYRN709DP5DSDA,page9-46,01KJN79PCAAMFX7P2QF70Y3HJM,01KJN79ZRTRDMY6RH8ZCYCM9NV,A,A,1,1.0,4.0,2.0
01KJN6MMPQTMDYRN709DP5DSDA,page9-46,01KJN79PCAAMFX7P2QF70Y3HJM,01KJN7AAWT4GWKRZ7B9775509P,A,B,0,0.5,4.0,2.0
01KJN6MMPQTMDYRN709DP5DSDA,page9-46,01KJN79PCAAMFX7P2QF70Y3HJM,01KJN7B32C1C5254NSG6ZK1GRK,A,A,1,1.0,4.0,2.0
01KJN6MMPQTMDYRN709DP5DSDA,page9-46,01KJN79PCAAMFX7P2QF70Y3HJM,01KJN7B4V2673GK7HGVSG52R2P,A,B,0,0.5,4.0,2.0
01KJN6MMPQTMDYRN709DP5DSDA,page9-46,01KJN79PCAAMFX7P2QF70Y3HJM,01KJN7BYA5X3A2G30KZECRY2HY,A,B,0,0.5,4.0,2.0
01KJN6MMPQTMDYRN709DP5DSDA,page9-46,01KJN79ZQD1E4YD03FE5CGJY8K,01KJN79ZRTRDMY6RH8ZCYCM9NV,C,A,0,0.0,4.0,2.0
01KJN6MMPQTMDYRN709DP5DSDA,page9-46,01KJN79ZQD1E4YD03FE5CGJY8K,01KJN7AAWT4GWKRZ7B9775509P,C,B,0,0.0,4.0,2.0
01KJN6MMPQTMDYRN709DP5DSDA,page9-46,01KJN79ZQD1E4YD03FE5CGJY8K,01KJN7B32C1C5254NSG6ZK1GRK,C,A,0,0.0,4.0,2.0
01KJN6MMPQTMDYRN709DP5DSDA,page9-46,01KJN79ZQD1E4YD03FE5CGJY8K,01KJN7B4V2673GK7HGVSG52R2P,C,B,0,0.0,4.0,2.0
01KJN6MMPQTMDYRN709DP5DSDA,page9-46,01KJN79ZQD1E4YD03FE5CGJY8K,01KJN7BYA5X3A2G30KZECRY2HY,C,B,0,0.0,4.0,2.0
01KJN6MMPQTMDYRN709DP5DSDA,page9-46,01KJN79ZRTRDMY6RH8ZCYCM9NV,01KJN7AAWT4GWKRZ7B9775509P,A,B,0,0.5,4.0,2.0
01KJN6MMPQTMDYRN709DP5DSDA,page9-46,01KJN79ZRTRDMY6RH8ZCYCM9NV,01KJN7B32C1C5254NSG6ZK1GRK,A,A,1,1.0,4.0,2.0
01KJN6MMPQTMDYRN709DP5DSDA,page9-46,01KJN79ZRTRDMY6RH8ZCYCM9NV,01KJN7B4V2673GK7HGVSG52R2P,A,B,0,0.5,4.0,2.0
01KJN6MMPQTMDYRN709DP5DSDA,page9-46,01KJN79ZRTRDMY6RH8ZCYCM9NV,01KJN7BYA5X3A2G30KZECRY2HY,A,B,0,0.5,4.0,2.0
01KJN6MMPQTMDYRN709DP5DSDA,page9-46,01KJN7AAWT4GWKRZ7B9775509P,01KJN7B32C1C5254NSG6ZK1GRK,B,A,0,0.5,4.0,2.0
01KJN6MMPQTMDYRN709DP5DSDA,page9-46,01KJN7AAWT4GWKRZ7B9775509P,01KJN7B4V2673GK7HGVSG52R2P,B,B,1,1.0,4.0,2.0
01KJN6MMPQTMDYRN709DP5DSDA,page9-46,01KJN7AAWT4GWKRZ7B9775509P,01KJN7BYA5X3A2G30KZECRY2HY,B,B,1,1.0,4.0,2.0
01KJN6MMPQTMDYRN709DP5DSDA,page9-46,01KJN7B32C1C5254NSG6ZK1GRK,01KJN7B4V2673GK7HGVSG52R2P,A,B,0,0.5,4.0,2.0
01KJN6MMPQTMDYRN709DP5DSDA,page9-46,01KJN7B32C1C5254NSG6ZK1GRK,01KJN7BYA5X3A2G30KZECRY2HY,A,B,0,0.5,4.0,2.0
01KJN6MMPQTMDYRN709DP5DSDA,page9-46,01KJN7B4V2673GK7HGVSG52R2P,01KJN7BYA5X3A2G30KZECRY2HY,B,B,1,1.0,4.0,2.0
01KJN6MMPQTMDYRN709DP5DSDA,page9-46,01KJN77XQHYQ5TVVY4HZM02E7R,01KJN7931DXZ65NXTWK1GNEZMW,C,C,1,0.0,5.0,2.0
01KJN6MMPQTMDYRN709DP5DSDA,page9-46,01KJN77XQHYQ5TVVY4HZM02E7R,01KJN79PCAAMFX7P2QF70Y3HJM,C,A,0,0.0,5.0,2.0
01KJN6MMPQTMDYRN709DP5DSDA,page9-46,01KJN77XQHYQ5TVVY4HZM02E7R,01KJN79ZQD1E4YD03FE5CGJY8K,C,C,1,0.5,5.0,2.0
01KJN6MMPQTMDYRN709DP5DSDA,page9-46,01KJN77XQHYQ5TVVY4HZM02E7R,01KJN79ZRTRDMY6RH8ZCYCM9NV,C,A,0,0.0,5.0,2.0
01KJN6MMPQTMDYRN709DP5DSDA,page9-46,01KJN77XQHYQ5TVVY4HZM02E7R,01KJN7AAWT4GWKRZ7B9775509P,C,B,0,0.0,5.0,2.0
01KJN6MMPQTMDYRN709DP5DSDA,page9-46,01KJN77XQHYQ5TVVY4HZM02E7R,01KJN7B32C1C5254NSG6ZK1GRK,C,A,0,0.0,5.0,2.0
01KJN6MMPQTMDYRN709DP5DSDA,page9-46,01KJN77XQHYQ5TVVY4HZM02E7R,01KJN7B4V2673GK7HGVSG52R2P,C,B,0,0.0,5.0,2.0
01KJN6MMPQTMDYRN709DP5DSDA,page9-46,01KJN77XQHYQ5TVVY4HZM02E7R,01KJN7BYA5X3A2G30KZECRY2HY,C,B,0,0.0,5.0,2.0
01KJN6MMPQTMDYRN709DP5DSDA,page9-46,01KJN7931DXZ65NXTWK1GNEZMW,01KJN79PCAAMFX7P2QF70Y3HJM,C,A,0,0.0,5.0,2.0
01KJN6MMPQTMDYRN709DP5DSDA,page9-46,01KJN7931DXZ65NXTWK1GNEZMW,01KJN79ZQD1E4YD03FE5CGJY8K,C,C,1,0.0,5.0,2.0
01KJN6MMPQTMDYRN709DP5DSDA,page9-46,01KJN7931DXZ65NXTWK1GNEZMW,01KJN79ZRTRDMY6RH8ZCYCM9NV,C,A,0,0.0,5.0,2.0
01KJN6MMPQTMDYRN709DP5DSDA,page9-46,01KJN7931DXZ65NXTWK1GNEZMW,01KJN7AAWT4GWKRZ7B9775509P,C,B,0,0.0,5.0,2.0
01KJN6MMPQTMDYRN709DP5DSDA,page9-46,01KJN7931DXZ65NXTWK1GNEZMW,01KJN7B32C1C5254NSG6ZK1GRK,C,A,0,0.0,5.0,2.0
01KJN6MMPQTMDYRN709DP5DSDA,page9-46,01KJN7931DXZ65NXTWK1GNEZMW,01KJN7B4V2673GK7HGVSG52R2P,C,B,0,0.0,5.0,2.0
01KJN6MMPQTMDYRN709DP5DSDA,page9-46,01KJN7931DXZ65NXTWK1GNEZMW,01KJN7BYA5X3A2G30KZECRY2HY,C,B,0,0.0,5.0,2.0
01KJN6MMPQTMDYRN709DP5DSDA,page9-46,01KJN79PCAAMFX7P2QF70Y3HJM,01KJN79ZQD1E4YD03FE5CGJY8K,A,C,0,0.0,5.0,2.0
01KJN6MMPQTMDYRN709DP5DSDA,page9-46,01KJN79PCAAMFX7P2QF70Y3HJM,01KJN79ZRTRDMY6RH8ZCYCM9NV,A,A,1,1.0,5.0,2.0
01KJN6MMPQTMDYRN709DP5DSDA,page9-46,01KJN79PCAAMFX7P2QF70Y3HJM,01KJN7AAWT4GWKRZ7B9775509P,A,B,0,0.5,5.0,2.0
01KJN6MMPQTMDYRN709DP5DSDA,page9-46,01KJN79PCAAMFX7P2QF70Y3HJM,01KJN7B32C1C5254NSG6ZK1GRK,A,A,1,1.0,5.0,2.0
01KJN6MMPQTMDYRN709DP5DSDA,page9-46,01KJN79PCAAMFX7P2QF70Y3HJM,01KJN7B4V2673GK7HGVSG52R2P,A,B,0,0.5,5.0,2.0
01KJN6MMPQTMDYRN709DP5DSDA,page9-46,01KJN79PCAAMFX7P2QF70Y3HJM,01KJN7BYA5X3A2G30KZECRY2HY,A,B,0,1.0,5.0,2.0
01KJN6MMPQTMDYRN709DP5DSDA,page9-46,01KJN79ZQD1E4YD03FE5CGJY8K,01KJN79ZRTRDMY6RH8ZCYCM9NV,C,A,0,0.0,5.0,2.0
01KJN6MMPQTMDYRN709DP5DSDA,page9-46,01KJN79ZQD1E4YD03FE5CGJY8K,01KJN7AAWT4GWKRZ7B9775509P,C,B,0,0.0,5.0,2.0
01KJN6MMPQTMDYRN709DP5DSDA,page9-46,01KJN79ZQD1E4YD03FE5CGJY8K,01KJN7B32C1C5254NSG6ZK1GRK,C,A,0,0.0,5.0,2.0
01KJN6MMPQTMDYRN709DP5DSDA,page9-46,01KJN79ZQD1E4YD03FE5CGJY8K,01KJN7B4V2673GK7HGVSG52R2P,C,B,0,0.0,5.0,2.0
01KJN6MMPQTMDYRN709DP5DSDA,page9-46,01KJN79ZQD1E4YD03FE5CGJY8K,01KJN7BYA5X3A2G30KZECRY2HY,C,B,0,0.0,5.0,2.0
01KJN6MMPQTMDYRN709DP5DSDA,page9-46,01KJN79ZRTRDMY6RH8ZCYCM9NV,01KJN7AAWT4GWKRZ7B9775509P,A,B,0,0.5,5.0,2.0
01KJN6MMPQTMDYRN709DP5DSDA,page9-46,01KJN79ZRTRDMY6RH8ZCYCM9NV,01KJN7B32C1C5254NSG6ZK1GRK,A,A,1,1.0,5.0,2.0
01KJN6MMPQTMDYRN709DP5DSDA,page9-46,01KJN79ZRTRDMY6RH8ZCYCM9NV,01KJN7B4V2673GK7HGVSG52R2P,A,B,0,0.5,5.0,2.0
01KJN6MMPQTMDYRN709DP5DSDA,page9-46,01KJN79ZRTRDMY6RH8ZCYCM9NV,01KJN7BYA5X3A2G30KZECRY2HY,A,B,0,1.0,5.0,2.0
01KJN6MMPQTMDYRN709DP5DSDA,page9-46,01KJN7AAWT4GWKRZ7B9775509P,01KJN7B32C1C5254NSG6ZK1GRK,B,A,0,0.5,5.0,2.0
01KJN6MMPQTMDYRN709DP5DSDA,page9-46,01KJN7AAWT4GWKRZ7B9775509P,01KJN7B4V2673GK7HGVSG52R2P,B,B,1,1.0,5.0,2.0
01KJN6MMPQTMDYRN709DP5DSDA,page9-46,01KJN7AAWT4GWKRZ7B9775509P,01KJN7BYA5X3A2G30KZECRY2HY,B,B,1,0.5,5.0,2.0
01KJN6MMPQTMDYRN709DP5DSDA,page9-46,01KJN7B32C1C5254NSG6ZK1GRK,01KJN7B4V2673GK7HGVSG52R2P,A,B,0,0.5,5.0,2.0
01KJN6MMPQTMDYRN709DP5DSDA,page9-46,01KJN7B32C1C5254NSG6ZK1GRK,01KJN7BYA5X3A2G30KZECRY2HY,A,B,0,1.0,5.0,2.0
01KJN6MMPQTMDYRN709DP5DSDA,page9-46,01KJN7B4V2673GK7HGVSG52R2P,01KJN7BYA5X3A2G30KZECRY2HY,B,B,1,0.5,5.0,2.0
01KJN6MMPQTMDYRN709DP5DSDA,page7-255,01KJN77XQHYQ5TVVY4HZM02E7R,01KJN79PCAAMFX7P2QF70Y3HJM,C,A,0,0.0,1.0,2.0
01KJN6MMPQTMDYRN709DP5DSDA,page7-255,01KJN77XQHYQ5TVVY4HZM02E7R,01KJN79ZQD1E4YD03FE5CGJY8K,C,C,1,1.0,1.0,2.0
01KJN6MMPQTMDYRN709DP5DSDA,page7-255,01KJN77XQHYQ5TVVY4HZM02E7R,01KJN79ZRTRDMY6RH8ZCYCM9NV,C,A,0,0.0,1.0,2.0
01KJN6MMPQTMDYRN709DP5DSDA,page7-255,01KJN77XQHYQ5TVVY4HZM02E7R,01KJN7AAWT4GWKRZ7B9775509P,C,B,0,0.0,1.0,2.0
01KJN6MMPQTMDYRN709DP5DSDA,page7-255,01KJN77XQHYQ5TVVY4HZM02E7R,01KJN7B4V2673GK7HGVSG52R2P,C,B,0,0.0,1.0,2.0
01KJN6MMPQTMDYRN709DP5DSDA,page7-255,01KJN79PCAAMFX7P2QF70Y3HJM,01KJN79ZQD1E4YD03FE5CGJY8K,A,C,0,0.0,1.0,2.0
01KJN6MMPQTMDYRN709DP5DSDA,page7-255,01KJN79PCAAMFX7P2QF70Y3HJM,01KJN79ZRTRDMY6RH8ZCYCM9NV,A,A,1,1.0,1.0,2.0
01KJN6MMPQTMDYRN709DP5DSDA,page7-255,01KJN79PCAAMFX7P2QF70Y3HJM,01KJN7AAWT4GWKRZ7B9775509P,A,B,0,0.0,1.0,2.0
01KJN6MMPQTMDYRN709DP5DSDA,page7-255,01KJN79PCAAMFX7P2QF70Y3HJM,01KJN7B4V2673GK7HGVSG52R2P,A,B,0,0.0,1.0,2.0
01KJN6MMPQTMDYRN709DP5DSDA,page7-255,01KJN79ZQD1E4YD03FE5CGJY8K,01KJN79ZRTRDMY6RH8ZCYCM9NV,C,A,0,0.0,1.0,2.0
01KJN6MMPQTMDYRN709DP5DSDA,page7-255,01KJN79ZQD1E4YD03FE5CGJY8K,01KJN7AAWT4GWKRZ7B9775509P,C,B,0,0.0,1.0,2.0
01KJN6MMPQTMDYRN709DP5DSDA,page7-255,01KJN79ZQD1E4YD03FE5CGJY8K,01KJN7B4V2673GK7HGVSG52R2P,C,B,0,0.0,1.0,2.0
01KJN6MMPQTMDYRN709DP5DSDA,page7-255,01KJN79ZRTRDMY6RH8ZCYCM9NV,01KJN7AAWT4GWKRZ7B9775509P,A,B,0,0.0,1.0,2.0
01KJN6MMPQTMDYRN709DP5DSDA,page7-255,01KJN79ZRTRDMY6RH8ZCYCM9NV,01KJN7B4V2673GK7HGVSG52R2P,A,B,0,0.0,1.0,2.0
01KJN6MMPQTMDYRN709DP5DSDA,page7-255,01KJN7AAWT4GWKRZ7B9775509P,01KJN7B4V2673GK7HGVSG52R2P,B,B,1,0.0,1.0,2.0
01KJN6MMPQTMDYRN709DP5DSDA,page7-255,01KJN77XQHYQ5TVVY4HZM02E7R,01KJN7931DXZ65NXTWK1GNEZMW,C,C,1,1.0,2.0,2.0
01KJN6MMPQTMDYRN709DP5DSDA,page7-255,01KJN77XQHYQ5TVVY4HZM02E7R,01KJN79PCAAMFX7P2QF70Y3HJM,C,A,0,0.0,2.0,2.0
01KJN6MMPQTMDYRN709DP5DSDA,page7-255,01KJN77XQHYQ5TVVY4HZM02E7R,01KJN79ZQD1E4YD03FE5CGJY8K,C,C,1,1.0,2.0,2.0
01KJN6MMPQTMDYRN709DP5DSDA,page7-255,01KJN77XQHYQ5TVVY4HZM02E7R,01KJN79ZRTRDMY6RH8ZCYCM9NV,C,A,0,0.0,2.0,2.0
01KJN6MMPQTMDYRN709DP5DSDA,page7-255,01KJN77XQHYQ5TVVY4HZM02E7R,01KJN7AAWT4GWKRZ7B9775509P,C,B,0,0.0,2.0,2.0
01KJN6MMPQTMDYRN709DP5DSDA,page7-255,01KJN77XQHYQ5TVVY4HZM02E7R,01KJN7B32C1C5254NSG6ZK1GRK,C,A,0,0.0,2.0,2.0
01KJN6MMPQTMDYRN709DP5DSDA,page7-255,01KJN77XQHYQ5TVVY4HZM02E7R,01KJN7B4V2673GK7HGVSG52R2P,C,B,0,0.0,2.0,2.0
01KJN6MMPQTMDYRN709DP5DSDA,page7-255,01KJN77XQHYQ5TVVY4HZM02E7R,01KJN7BYA5X3A2G30KZECRY2HY,C,B,0,0.0,2.0,2.0
01KJN6MMPQTMDYRN709DP5DSDA,page7-255,01KJN7931DXZ65NXTWK1GNEZMW,01KJN79PCAAMFX7P2QF70Y3HJM,C,A,0,0.0,2.0,2.0
01KJN6MMPQTMDYRN709DP5DSDA,page7-255,01KJN7931DXZ65NXTWK1GNEZMW,01KJN79ZQD1E4YD03FE5CGJY8K,C,C,1,1.0,2.0,2.0
01KJN6MMPQTMDYRN709DP5DSDA,page7-255,01KJN7931DXZ65NXTWK1GNEZMW,01KJN79ZRTRDMY6RH8ZCYCM9NV,C,A,0,0.0,2.0,2.0
01KJN6MMPQTMDYRN709DP5DSDA,page7-255,01KJN7931DXZ65NXTWK1GNEZMW,01KJN7AAWT4GWKRZ7B9775509P,C,B,0,0.0,2.0,2.0
01KJN6MMPQTMDYRN709DP5DSDA,page7-255,01KJN7931DXZ65NXTWK1GNEZMW,01KJN7B32C1C5254NSG6ZK1GRK,C,A,0,0.0,2.0,2.0
01KJN6MMPQTMDYRN709DP5DSDA,page7-255,01KJN7931DXZ65NXTWK1GNEZMW,01KJN7B4V2673GK7HGVSG52R2P,C,B,0,0.0,2.0,2.0
01KJN6MMPQTMDYRN709DP5DSDA,page7-255,01KJN7931DXZ65NXTWK1GNEZMW,01KJN7BYA5X3A2G30KZECRY2HY,C,B,0,0.0,2.0,2.0
01KJN6MMPQTMDYRN709DP5DSDA,page7-255,01KJN79PCAAMFX7P2QF70Y3HJM,01KJN79ZQD1E4YD03FE5CGJY8K,A,C,0,0.0,2.0,2.0
01KJN6MMPQTMDYRN709DP5DSDA,page7-255,01KJN79PCAAMFX7P2QF70Y3HJM,01KJN79ZRTRDMY6RH8ZCYCM9NV,A,A,1,1.0,2.0,2.0
01KJN6MMPQTMDYRN709DP5DSDA,page7-255,01KJN79PCAAMFX7P2QF70Y3HJM,01KJN7AAWT4GWKRZ7B9775509P,A,B,0,0.0,2.0,2.0
01KJN6MMPQTMDYRN709DP5DSDA,page7-255,01KJN79PCAAMFX7P2QF70Y3HJM,01KJN7B32C1C5254NSG6ZK1GRK,A,A,1,0.3333333333333333,2.0,2.0
01KJN6MMPQTMDYRN709DP5DSDA,page7-255,01KJN79PCAAMFX7P2QF70Y3HJM,01KJN7B4V2673GK7HGVSG52R2P,A,B,0,0.0,2.0,2.0
01KJN6MMPQTMDYRN709DP5DSDA,page7-255,01KJN79PCAAMFX7P2QF70Y3HJM,01KJN7BYA5X3A2G30KZECRY2HY,A,B,0,0.0,2.0,2.0
01KJN6MMPQTMDYRN709DP5DSDA,page7-255,01KJN79ZQD1E4YD03FE5CGJY8K,01KJN79ZRTRDMY6RH8ZCYCM9NV,C,A,0,0.0,2.0,2.0
01KJN6MMPQTMDYRN709DP5DSDA,page7-255,01KJN79ZQD1E4YD03FE5CGJY8K,01KJN7AAWT4GWKRZ7B9775509P,C,B,0,0.0,2.0,2.0
01KJN6MMPQTMDYRN709DP5DSDA,page7-255,01KJN79ZQD1E4YD03FE5CGJY8K,01KJN7B32C1C5254NSG6ZK1GRK,C,A,0,0.0,2.0,2.0
01KJN6MMPQTMDYRN709DP5DSDA,page7-255,01KJN79ZQD1E4YD03FE5CGJY8K,01KJN7B4V2673GK7HGVSG52R2P,C,B,0,0.0,2.0,2.0
01KJN6MMPQTMDYRN709DP5DSDA,page7-255,01KJN79ZQD1E4YD03FE5CGJY8K,01KJN7BYA5X3A2G30KZECRY2HY,C,B,0,0.0,2.0,2.0
01KJN6MMPQTMDYRN709DP5DSDA,page7-255,01KJN79ZRTRDMY6RH8ZCYCM9NV,01KJN7AAWT4GWKRZ7B9775509P,A,B,0,0.0,2.0,2.0
01KJN6MMPQTMDYRN709DP5DSDA,page7-255,01KJN79ZRTRDMY6RH8ZCYCM9NV,01KJN7B32C1C5254NSG6ZK1GRK,A,A,1,0.3333333333333333,2.0,2.0
01KJN6MMPQTMDYRN709DP5DSDA,page7-255,01KJN79ZRTRDMY6RH8ZCYCM9NV,01KJN7B4V2673GK7HGVSG52R2P,A,B,0,0.0,2.0,2.0
01KJN6MMPQTMDYRN709DP5DSDA,page7-255,01KJN79ZRTRDMY6RH8ZCYCM9NV,01KJN7BYA5X3A2G30KZECRY2HY,A,B,0,0.0,2.0,2.0
01KJN6MMPQTMDYRN709DP5DSDA,page7-255,01KJN7AAWT4GWKRZ7B9775509P,01KJN7B32C1C5254NSG6ZK1GRK,B,A,0,0.0,2.0,2.0
01KJN6MMPQTMDYRN709DP5DSDA,page7-255,01KJN7AAWT4GWKRZ7B9775509P,01KJN7B4V2673GK7HGVSG52R2P,B,B,1,0.0,2.0,2.0
01KJN6MMPQTMDYRN709DP5DSDA,page7-255,01KJN7AAWT4GWKRZ7B9775509P,01KJN7BYA5X3A2G30KZECRY2HY,B,B,1,0.0,2.0,2.0
01KJN6MMPQTMDYRN709DP5DSDA,page7-255,01KJN7B32C1C5254NSG6ZK1GRK,01KJN7B4V2673GK7HGVSG52R2P,A,B,0,0.0,2.0,2.0
01KJN6MMPQTMDYRN709DP5DSDA,page7-255,01KJN7B32C1C5254NSG6ZK1GRK,01KJN7BYA5X3A2G30KZECRY2HY,A,B,0,0.0,2.0,2.0
01KJN6MMPQTMDYRN709DP5DSDA,page7-255,01KJN7B4V2673GK7HGVSG52R2P,01KJN7BYA5X3A2G30KZECRY2HY,B,B,1,1.0,2.0,2.0
01KJN6MMPQTMDYRN709DP5DSDA,page7-255,01KJN77XQHYQ5TVVY4HZM02E7R,01KJN7931DXZ65NXTWK1GNEZMW,C,C,1,1.0,3.0,2.0
01KJN6MMPQTMDYRN709DP5DSDA,page7-255,01KJN77XQHYQ5TVVY4HZM02E7R,01KJN79PCAAMFX7P2QF70Y3HJM,C,A,0,0.0,3.0,2.0
01KJN6MMPQTMDYRN709DP5DSDA,page7-255,01KJN77XQHYQ5TVVY4HZM02E7R,01KJN79ZQD1E4YD03FE5CGJY8K,C,C,1,1.0,3.0,2.0
01KJN6MMPQTMDYRN709DP5DSDA,page7-255,01KJN77XQHYQ5TVVY4HZM02E7R,01KJN79ZRTRDMY6RH8ZCYCM9NV,C,A,0,0.0,3.0,2.0
01KJN6MMPQTMDYRN709DP5DSDA,page7-255,01KJN77XQHYQ5TVVY4HZM02E7R,01KJN7AAWT4GWKRZ7B9775509P,C,B,0,0.0,3.0,2.0
01KJN6MMPQTMDYRN709DP5DSDA,page7-255,01KJN77XQHYQ5TVVY4HZM02E7R,01KJN7B32C1C5254NSG6ZK1GRK,C,A,0,0.0,3.0,2.0
01KJN6MMPQTMDYRN709DP5DSDA,page7-255,01KJN77XQHYQ5TVVY4HZM02E7R,01KJN7B4V2673GK7HGVSG52R2P,C,B,0,0.0,3.0,2.0
01KJN6MMPQTMDYRN709DP5DSDA,page7-255,01KJN77XQHYQ5TVVY4HZM02E7R,01KJN7BYA5X3A2G30KZECRY2HY,C,B,0,0.0,3.0,2.0
01KJN6MMPQTMDYRN709DP5DSDA,page7-255,01KJN7931DXZ65NXTWK1GNEZMW,01KJN79PCAAMFX7P2QF70Y3HJM,C,A,0,0.0,3.0,2.0
01KJN6MMPQTMDYRN709DP5DSDA,page7-255,01KJN7931DXZ65NXTWK1GNEZMW,01KJN79ZQD1E4YD03FE5CGJY8K,C,C,1,1.0,3.0,2.0
01KJN6MMPQTMDYRN709DP5DSDA,page7-255,01KJN7931DXZ65NXTWK1GNEZMW,01KJN79ZRTRDMY6RH8ZCYCM9NV,C,A,0,0.0,3.0,2.0
01KJN6MMPQTMDYRN709DP5DSDA,page7-255,01KJN7931DXZ65NXTWK1GNEZMW,01KJN7AAWT4GWKRZ7B9775509P,C,B,0,0.0,3.0,2.0
01KJN6MMPQTMDYRN709DP5DSDA,page7-255,01KJN7931DXZ65NXTWK1GNEZMW,01KJN7B32C1C5254NSG6ZK1GRK,C,A,0,0.0,3.0,2.0
01KJN6MMPQTMDYRN709DP5DSDA,page7-255,01KJN7931DXZ65NXTWK1GNEZMW,01KJN7B4V2673GK7HGVSG52R2P,C,B,0,0.0,3.0,2.0
01KJN6MMPQTMDYRN709DP5DSDA,page7-255,01KJN7931DXZ65NXTWK1GNEZMW,01KJN7BYA5X3A2G30KZECRY2HY,C,B,0,0.0,3.0,2.0
01KJN6MMPQTMDYRN709DP5DSDA,page7-255,01KJN79PCAAMFX7P2QF70Y3HJM,01KJN79ZQD1E4YD03FE5CGJY8K,A,C,0,0.0,3.0,2.0
01KJN6MMPQTMDYRN709DP5DSDA,page7-255,01KJN79PCAAMFX7P2QF70Y3HJM,01KJN79ZRTRDMY6RH8ZCYCM9NV,A,A,1,0.6666666666666666,3.0,2.0
01KJN6MMPQTMDYRN709DP5DSDA,page7-255,01KJN79PCAAMFX7P2QF70Y3HJM,01KJN7AAWT4GWKRZ7B9775509P,A,B,0,0.0,3.0,2.0
01KJN6MMPQTMDYRN709DP5DSDA,page7-255,01KJN79PCAAMFX7P2QF70Y3HJM,01KJN7B32C1C5254NSG6ZK1GRK,A,A,1,0.25,3.0,2.0
01KJN6MMPQTMDYRN709DP5DSDA,page7-255,01KJN79PCAAMFX7P2QF70Y3HJM,01KJN7B4V2673GK7HGVSG52R2P,A,B,0,0.0,3.0,2.0
01KJN6MMPQTMDYRN709DP5DSDA,page7-255,01KJN79PCAAMFX7P2QF70Y3HJM,01KJN7BYA5X3A2G30KZECRY2HY,A,B,0,0.0,3.0,2.0
01KJN6MMPQTMDYRN709DP5DSDA,page7-255,01KJN79ZQD1E4YD03FE5CGJY8K,01KJN79ZRTRDMY6RH8ZCYCM9NV,C,A,0,0.0,3.0,2.0
01KJN6MMPQTMDYRN709DP5DSDA,page7-255,01KJN79ZQD1E4YD03FE5CGJY8K,01KJN7AAWT4GWKRZ7B9775509P,C,B,0,0.0,3.0,2.0
01KJN6MMPQTMDYRN709DP5DSDA,page7-255,01KJN79ZQD1E4YD03FE5CGJY8K,01KJN7B32C1C5254NSG6ZK1GRK,C,A,0,0.0,3.0,2.0
01KJN6MMPQTMDYRN709DP5DSDA,page7-255,01KJN79ZQD1E4YD03FE5CGJY8K,01KJN7B4V2673GK7HGVSG52R2P,C,B,0,0.0,3.0,2.0
01KJN6MMPQTMDYRN709DP5DSDA,page7-255,01KJN79ZQD1E4YD03FE5CGJY8K,01KJN7BYA5X3A2G30KZECRY2HY,C,B,0,0.0,3.0,2.0
01KJN6MMPQTMDYRN709DP5DSDA,page7-255,01KJN79ZRTRDMY6RH8ZCYCM9NV,01KJN7AAWT4GWKRZ7B9775509P,A,B,0,0.0,3.0,2.0
01KJN6MMPQTMDYRN709DP5DSDA,page7-255,01KJN79ZRTRDMY6RH8ZCYCM9NV,01KJN7B32C1C5254NSG6ZK1GRK,A,A,1,0.3333333333333333,3.0,2.0
01KJN6MMPQTMDYRN709DP5DSDA,page7-255,01KJN79ZRTRDMY6RH8ZCYCM9NV,01KJN7B4V2673GK7HGVSG52R2P,A,B,0,0.0,3.0,2.0
01KJN6MMPQTMDYRN709DP5DSDA,page7-255,01KJN79ZRTRDMY6RH8ZCYCM9NV,01KJN7BYA5X3A2G30KZECRY2HY,A,B,0,0.0,3.0,2.0
01KJN6MMPQTMDYRN709DP5DSDA,page7-255,01KJN7AAWT4GWKRZ7B9775509P,01KJN7B32C1C5254NSG6ZK1GRK,B,A,0,0.0,3.0,2.0
01KJN6MMPQTMDYRN709DP5DSDA,page7-255,01KJN7AAWT4GWKRZ7B9775509P,01KJN7B4V2673GK7HGVSG52R2P,B,B,1,0.0,3.0,2.0
01KJN6MMPQTMDYRN709DP5DSDA,page7-255,01KJN7AAWT4GWKRZ7B9775509P,01KJN7BYA5X3A2G30KZECRY2HY,B,B,1,0.0,3.0,2.0
01KJN6MMPQTMDYRN709DP5DSDA,page7-255,01KJN7B32C1C5254NSG6ZK1GRK,01KJN7B4V2673GK7HGVSG52R2P,A,B,0,0.0,3.0,2.0
01KJN6MMPQTMDYRN709DP5DSDA,page7-255,01KJN7B32C1C5254NSG6ZK1GRK,01KJN7BYA5X3A2G30KZECRY2HY,A,B,0,0.0,3.0,2.0
01KJN6MMPQTMDYRN709DP5DSDA,page7-255,01KJN7B4V2673GK7HGVSG52R2P,01KJN7BYA5X3A2G30KZECRY2HY,B,B,1,1.0,3.0,2.0
01KJN6MMPQTMDYRN709DP5DSDA,page7-255,01KJN77XQHYQ5TVVY4HZM02E7R,01KJN7931DXZ65NXTWK1GNEZMW,C,C,1,1.0,4.0,2.0
01KJN6MMPQTMDYRN709DP5DSDA,page7-255,01KJN77XQHYQ5TVVY4HZM02E7R,01KJN79PCAAMFX7P2QF70Y3HJM,C,A,0,0.0,4.0,2.0
01KJN6MMPQTMDYRN709DP5DSDA,page7-255,01KJN77XQHYQ5TVVY4HZM02E7R,01KJN79ZQD1E4YD03FE5CGJY8K,C,C,1,1.0,4.0,2.0
01KJN6MMPQTMDYRN709DP5DSDA,page7-255,01KJN77XQHYQ5TVVY4HZM02E7R,01KJN79ZRTRDMY6RH8ZCYCM9NV,C,A,0,0.0,4.0,2.0
01KJN6MMPQTMDYRN709DP5DSDA,page7-255,01KJN77XQHYQ5TVVY4HZM02E7R,01KJN7AAWT4GWKRZ7B9775509P,C,B,0,0.0,4.0,2.0
01KJN6MMPQTMDYRN709DP5DSDA,page7-255,01KJN77XQHYQ5TVVY4HZM02E7R,01KJN7B32C1C5254NSG6ZK1GRK,C,A,0,0.0,4.0,2.0
01KJN6MMPQTMDYRN709DP5DSDA,page7-255,01KJN77XQHYQ5TVVY4HZM02E7R,01KJN7B4V2673GK7HGVSG52R2P,C,B,0,0.0,4.0,2.0
01KJN6MMPQTMDYRN709DP5DSDA,page7-255,01KJN77XQHYQ5TVVY4HZM02E7R,01KJN7BYA5X3A2G30KZECRY2HY,C,B,0,0.0,4.0,2.0
01KJN6MMPQTMDYRN709DP5DSDA,page7-255,01KJN7931DXZ65NXTWK1GNEZMW,01KJN79PCAAMFX7P2QF70Y3HJM,C,A,0,0.0,4.0,2.0
01KJN6MMPQTMDYRN709DP5DSDA,page7-255,01KJN7931DXZ65NXTWK1GNEZMW,01KJN79ZQD1E4YD03FE5CGJY8K,C,C,1,1.0,4.0,2.0
01KJN6MMPQTMDYRN709DP5DSDA,page7-255,01KJN7931DXZ65NXTWK1GNEZMW,01KJN79ZRTRDMY6RH8ZCYCM9NV,C,A,0,0.0,4.0,2.0
01KJN6MMPQTMDYRN709DP5DSDA,page7-255,01KJN7931DXZ65NXTWK1GNEZMW,01KJN7AAWT4GWKRZ7B9775509P,C,B,0,0.0,4.0,2.0
01KJN6MMPQTMDYRN709DP5DSDA,page7-255,01KJN7931DXZ65NXTWK1GNEZMW,01KJN7B32C1C5254NSG6ZK1GRK,C,A,0,0.0,4.0,2.0
01KJN6MMPQTMDYRN709DP5DSDA,page7-255,01KJN7931DXZ65NXTWK1GNEZMW,01KJN7B4V2673GK7HGVSG52R2P,C,B,0,0.0,4.0,2.0
01KJN6MMPQTMDYRN709DP5DSDA,page7-255,01KJN7931DXZ65NXTWK1GNEZMW,01KJN7BYA5X3A2G30KZECRY2HY,C,B,0,0.0,4.0,2.0
01KJN6MMPQTMDYRN709DP5DSDA,page7-255,01KJN79PCAAMFX7P2QF70Y3HJM,01KJN79ZQD1E4YD03FE5CGJY8K,A,C,0,0.0,4.0,2.0
01KJN6MMPQTMDYRN709DP5DSDA,page7-255,01KJN79PCAAMFX7P2QF70Y3HJM,01KJN79ZRTRDMY6RH8ZCYCM9NV,A,A,1,0.25,4.0,2.0
01KJN6MMPQTMDYRN709DP5DSDA,page7-255,01KJN79PCAAMFX7P2QF70Y3HJM,01KJN7AAWT4GWKRZ7B9775509P,A,B,0,0.0,4.0,2.0
01KJN6MMPQTMDYRN709DP5DSDA,page7-255,01KJN79PCAAMFX7P2QF70Y3HJM,01KJN7B32C1C5254NSG6ZK1GRK,A,A,1,0.25,4.0,2.0
01KJN6MMPQTMDYRN709DP5DSDA,page7-255,01KJN79PCAAMFX7P2QF70Y3HJM,01KJN7B4V2673GK7HGVSG52R2P,A,B,0,0.0,4.0,2.0
01KJN6MMPQTMDYRN709DP5DSDA,page7-255,01KJN79PCAAMFX7P2QF70Y3HJM,01KJN7BYA5X3A2G30KZECRY2HY,A,B,0,0.0,4.0,2.0
01KJN6MMPQTMDYRN709DP5DSDA,page7-255,01KJN79ZQD1E4YD03FE5CGJY8K,01KJN79ZRTRDMY6RH8ZCYCM9NV,C,A,0,0.0,4.0,2.0
01KJN6MMPQTMDYRN709DP5DSDA,page7-255,01KJN79ZQD1E4YD03FE5CGJY8K,01KJN7AAWT4GWKRZ7B9775509P,C,B,0,0.0,4.0,2.0
01KJN6MMPQTMDYRN709DP5DSDA,page7-255,01KJN79ZQD1E4YD03FE5CGJY8K,01KJN7B32C1C5254NSG6ZK1GRK,C,A,0,0.0,4.0,2.0
01KJN6MMPQTMDYRN709DP5DSDA,page7-255,01KJN79ZQD1E4YD03FE5CGJY8K,01KJN7B4V2673GK7HGVSG52R2P,C,B,0,0.0,4.0,2.0
01KJN6MMPQTMDYRN709DP5DSDA,page7-255,01KJN79ZQD1E4YD03FE5CGJY8K,01KJN7BYA5X3A2G30KZECRY2HY,C,B,0,0.0,4.0,2.0
01KJN6MMPQTMDYRN709DP5DSDA,page7-255,01KJN79ZRTRDMY6RH8ZCYCM9NV,01KJN7AAWT4GWKRZ7B9775509P,A,B,0,0.0,4.0,2.0
01KJN6MMPQTMDYRN709DP5DSDA,page7-255,01KJN79ZRTRDMY6RH8ZCYCM9NV,01KJN7B32C1C5254NSG6ZK1GRK,A,A,1,0.0,4.0,2.0
01KJN6MMPQTMDYRN709DP5DSDA,page7-255,01KJN79ZRTRDMY6RH8ZCYCM9NV,01KJN7B4V2673GK7HGVSG52R2P,A,B,0,0.0,4.0,2.0
01KJN6MMPQTMDYRN709DP5DSDA,page7-255,01KJN79ZRTRDMY6RH8ZCYCM9NV,01KJN7BYA5X3A2G30KZECRY2HY,A,B,0,0.0,4.0,2.0
01KJN6MMPQTMDYRN709DP5DSDA,page7-255,01KJN7AAWT4GWKRZ7B9775509P,01KJN7B32C1C5254NSG6ZK1GRK,B,A,0,0.0,4.0,2.0
01KJN6MMPQTMDYRN709DP5DSDA,page7-255,01KJN7AAWT4GWKRZ7B9775509P,01KJN7B4V2673GK7HGVSG52R2P,B,B,1,0.0,4.0,2.0
01KJN6MMPQTMDYRN709DP5DSDA,page7-255,01KJN7AAWT4GWKRZ7B9775509P,01KJN7BYA5X3A2G30KZECRY2HY,B,B,1,0.0,4.0,2.0
01KJN6MMPQTMDYRN709DP5DSDA,page7-255,01KJN7B32C1C5254NSG6ZK1GRK,01KJN7B4V2673GK7HGVSG52R2P,A,B,0,0.0,4.0,2.0
01KJN6MMPQTMDYRN709DP5DSDA,page7-255,01KJN7B32C1C5254NSG6ZK1GRK,01KJN7BYA5X3A2G30KZECRY2HY,A,B,0,0.0,4.0,2.0
01KJN6MMPQTMDYRN709DP5DSDA,page7-255,01KJN7B4V2673GK7HGVSG52R2P,01KJN7BYA5X3A2G30KZECRY2HY,B,B,1,1.0,4.0,2.0
01KJN6MMPQTMDYRN709DP5DSDA,page7-255,01KJN77XQHYQ5TVVY4HZM02E7R,01KJN7931DXZ65NXTWK1GNEZMW,C,C,1,1.0,5.0,2.0
01KJN6MMPQTMDYRN709DP5DSDA,page7-255,01KJN77XQHYQ5TVVY4HZM02E7R,01KJN79PCAAMFX7P2QF70Y3HJM,C,A,0,0.0,5.0,2.0
01KJN6MMPQTMDYRN709DP5DSDA,page7-255,01KJN77XQHYQ5TVVY4HZM02E7R,01KJN79ZQD1E4YD03FE5CGJY8K,C,C,1,1.0,5.0,2.0
01KJN6MMPQTMDYRN709DP5DSDA,page7-255,01KJN77XQHYQ5TVVY4HZM02E7R,01KJN79ZRTRDMY6RH8ZCYCM9NV,C,A,0,0.0,5.0,2.0
01KJN6MMPQTMDYRN709DP5DSDA,page7-255,01KJN77XQHYQ5TVVY4HZM02E7R,01KJN7AAWT4GWKRZ7B9775509P,C,B,0,0.0,5.0,2.0
01KJN6MMPQTMDYRN709DP5DSDA,page7-255,01KJN77XQHYQ5TVVY4HZM02E7R,01KJN7B32C1C5254NSG6ZK1GRK,C,A,0,0.0,5.0,2.0
01KJN6MMPQTMDYRN709DP5DSDA,page7-255,01KJN77XQHYQ5TVVY4HZM02E7R,01KJN7B4V2673GK7HGVSG52R2P,C,B,0,0.0,5.0,2.0
01KJN6MMPQTMDYRN709DP5DSDA,page7-255,01KJN77XQHYQ5TVVY4HZM02E7R,01KJN7BYA5X3A2G30KZECRY2HY,C,B,0,0.0,5.0,2.0
01KJN6MMPQTMDYRN709DP5DSDA,page7-255,01KJN7931DXZ65NXTWK1GNEZMW,01KJN79PCAAMFX7P2QF70Y3HJM,C,A,0,0.0,5.0,2.0
01KJN6MMPQTMDYRN709DP5DSDA,page7-255,01KJN7931DXZ65NXTWK1GNEZMW,01KJN79ZQD1E4YD03FE5CGJY8K,C,C,1,1.0,5.0,2.0
01KJN6MMPQTMDYRN709DP5DSDA,page7-255,01KJN7931DXZ65NXTWK1GNEZMW,01KJN79ZRTRDMY6RH8ZCYCM9NV,C,A,0,0.0,5.0,2.0
01KJN6MMPQTMDYRN709DP5DSDA,page7-255,01KJN7931DXZ65NXTWK1GNEZMW,01KJN7AAWT4GWKRZ7B9775509P,C,B,0,0.0,5.0,2.0
01KJN6MMPQTMDYRN709DP5DSDA,page7-255,01KJN7931DXZ65NXTWK1GNEZMW,01KJN7B32C1C5254NSG6ZK1GRK,C,A,0,0.0,5.0,2.0
01KJN6MMPQTMDYRN709DP5DSDA,page7-255,01KJN7931DXZ65NXTWK1GNEZMW,01KJN7B4V2673GK7HGVSG52R2P,C,B,0,0.0,5.0,2.0
01KJN6MMPQTMDYRN709DP5DSDA,page7-255,01KJN7931DXZ65NXTWK1GNEZMW,01KJN7BYA5X3A2G30KZECRY2HY,C,B,0,0.0,5.0,2.0
01KJN6MMPQTMDYRN709DP5DSDA,page7-255,01KJN79PCAAMFX7P2QF70Y3HJM,01KJN79ZQD1E4YD03FE5CGJY8K,A,C,0,0.0,5.0,2.0
01KJN6MMPQTMDYRN709DP5DSDA,page7-255,01KJN79PCAAMFX7P2QF70Y3HJM,01KJN79ZRTRDMY6RH8ZCYCM9NV,A,A,1,0.25,5.0,2.0
01KJN6MMPQTMDYRN709DP5DSDA,page7-255,01KJN79PCAAMFX7P2QF70Y3HJM,01KJN7AAWT4GWKRZ7B9775509P,A,B,0,0.0,5.0,2.0
01KJN6MMPQTMDYRN709DP5DSDA,page7-255,01KJN79PCAAMFX7P2QF70Y3HJM,01KJN7B32C1C5254NSG6ZK1GRK,A,A,1,0.6666666666666666,5.0,2.0
01KJN6MMPQTMDYRN709DP5DSDA,page7-255,01KJN79PCAAMFX7P2QF70Y3HJM,01KJN7B4V2673GK7HGVSG52R2P,A,B,0,0.0,5.0,2.0
01KJN6MMPQTMDYRN709DP5DSDA,page7-255,01KJN79PCAAMFX7P2QF70Y3HJM,01KJN7BYA5X3A2G30KZECRY2HY,A,B,0,0.0,5.0,2.0
01KJN6MMPQTMDYRN709DP5DSDA,page7-255,01KJN79ZQD1E4YD03FE5CGJY8K,01KJN79ZRTRDMY6RH8ZCYCM9NV,C,A,0,0.0,5.0,2.0
01KJN6MMPQTMDYRN709DP5DSDA,page7-255,01KJN79ZQD1E4YD03FE5CGJY8K,01KJN7AAWT4GWKRZ7B9775509P,C,B,0,0.0,5.0,2.0
01KJN6MMPQTMDYRN709DP5DSDA,page7-255,01KJN79ZQD1E4YD03FE5CGJY8K,01KJN7B32C1C5254NSG6ZK1GRK,C,A,0,0.0,5.0,2.0
01KJN6MMPQTMDYRN709DP5DSDA,page7-255,01KJN79ZQD1E4YD03FE5CGJY8K,01KJN7B4V2673GK7HGVSG52R2P,C,B,0,0.0,5.0,2.0
01KJN6MMPQTMDYRN709DP5DSDA,page7-255,01KJN79ZQD1E4YD03FE5CGJY8K,01KJN7BYA5X3A2G30KZECRY2HY,C,B,0,0.0,5.0,2.0
01KJN6MMPQTMDYRN709DP5DSDA,page7-255,01KJN79ZRTRDMY6RH8ZCYCM9NV,01KJN7AAWT4GWKRZ7B9775509P,A,B,0,0.0,5.0,2.0
01KJN6MMPQTMDYRN709DP5DSDA,page7-255,01KJN79ZRTRDMY6RH8ZCYCM9NV,01KJN7B32C1C5254NSG6ZK1GRK,A,A,1,0.3333333333333333,5.0,2.0
01KJN6MMPQTMDYRN709DP5DSDA,page7-255,01KJN79ZRTRDMY6RH8ZCYCM9NV,01KJN7B4V2673GK7HGVSG52R2P,A,B,0,0.0,5.0,2.0
01KJN6MMPQTMDYRN709DP5DSDA,page7-255,01KJN79ZRTRDMY6RH8ZCYCM9NV,01KJN7BYA5X3A2G30KZECRY2HY,A,B,0,0.0,5.0,2.0
01KJN6MMPQTMDYRN709DP5DSDA,page7-255,01KJN7AAWT4GWKRZ7B9775509P,01KJN7B32C1C5254NSG6ZK1GRK,B,A,0,0.0,5.0,2.0
01KJN6MMPQTMDYRN709DP5DSDA,page7-255,01KJN7AAWT4GWKRZ7B9775509P,01KJN7B4V2673GK7HGVSG52R2P,B,B,1,0.0,5.0,2.0
01KJN6MMPQTMDYRN709DP5DSDA,page7-255,01KJN7AAWT4GWKRZ7B9775509P,01KJN7BYA5X3A2G30KZECRY2HY,B,B,1,1.0,5.0,2.0
01KJN6MMPQTMDYRN709DP5DSDA,page7-255,01KJN7B32C1C5254NSG6ZK1GRK,01KJN7B4V2673GK7HGVSG52R2P,A,B,0,0.0,5.0,2.0
01KJN6MMPQTMDYRN709DP5DSDA,page7-255,01KJN7B32C1C5254NSG6ZK1GRK,01KJN7BYA5X3A2G30KZECRY2HY,A,B,0,0.0,5.0,2.0
01KJN6MMPQTMDYRN709DP5DSDA,page7-255,01KJN7B4V2673GK7HGVSG52R2P,01KJN7BYA5X3A2G30KZECRY2HY,B,B,1,0.0,5.0,2.0
01KJN6MMPQTMDYRN709DP5DSDA,page-B,01KJN77XQHYQ5TVVY4HZM02E7R,01KJN79PCAAMFX7P2QF70Y3HJM,C,A,0,0.2,1.0,2.0
01KJN6MMPQTMDYRN709DP5DSDA,page-B,01KJN77XQHYQ5TVVY4HZM02E7R,01KJN79ZQD1E4YD03FE5CGJY8K,C,C,1,0.0,1.0,2.0
01KJN6MMPQTMDYRN709DP5DSDA,page-B,01KJN77XQHYQ5TVVY4HZM02E7R,01KJN79ZRTRDMY6RH8ZCYCM9NV,C,A,0,1.0,1.0,2.0
01KJN6MMPQTMDYRN709DP5DSDA,page-B,01KJN77XQHYQ5TVVY4HZM02E7R,01KJN7AAWT4GWKRZ7B9775509P,C,B,0,0.25,1.0,2.0
01KJN6MMPQTMDYRN709DP5DSDA,page-B,01KJN77XQHYQ5TVVY4HZM02E7R,01KJN7B4V2673GK7HGVSG52R2P,C,B,0,0.2,1.0,2.0
01KJN6MMPQTMDYRN709DP5DSDA,page-B,01KJN79PCAAMFX7P2QF70Y3HJM,01KJN79ZQD1E4YD03FE5CGJY8K,A,C,0,0.0,1.0,2.0
01KJN6MMPQTMDYRN709DP5DSDA,page-B,01KJN79PCAAMFX7P2QF70Y3HJM,01KJN79ZRTRDMY6RH8ZCYCM9NV,A,A,1,0.2,1.0,2.0
01KJN6MMPQTMDYRN709DP5DSDA,page-B,01KJN79PCAAMFX7P2QF70Y3HJM,01KJN7AAWT4GWKRZ7B9775509P,A,B,0,0.16666666666666666,1.0,2.0
01KJN6MMPQTMDYRN709DP5DSDA,page-B,01KJN79PCAAMFX7P2QF70Y3HJM,01KJN7B4V2673GK7HGVSG52R2P,A,B,0,0.3333333333333333,1.0,2.0
01KJN6MMPQTMDYRN709DP5DSDA,page-B,01KJN79ZQD1E4YD03FE5CGJY8K,01KJN79ZRTRDMY6RH8ZCYCM9NV,C,A,0,0.0,1.0,2.0
01KJN6MMPQTMDYRN709DP5DSDA,page-B,01KJN79ZQD1E4YD03FE5CGJY8K,01KJN7AAWT4GWKRZ7B9775509P,C,B,0,0.0,1.0,2.0
01KJN6MMPQTMDYRN709DP5DSDA,page-B,01KJN79ZQD1E4YD03FE5CGJY8K,01KJN7B4V2673GK7HGVSG52R2P,C,B,0,0.0,1.0,2.0
01KJN6MMPQTMDYRN709DP5DSDA,page-B,01KJN79ZRTRDMY6RH8ZCYCM9NV,01KJN7AAWT4GWKRZ7B9775509P,A,B,0,0.25,1.0,2.0
01KJN6MMPQTMDYRN709DP5DSDA,page-B,01KJN79ZRTRDMY6RH8ZCYCM9NV,01KJN7B4V2673GK7HGVSG52R2P,A,B,0,0.2,1.0,2.0
01KJN6MMPQTMDYRN709DP5DSDA,page-B,01KJN7AAWT4GWKRZ7B9775509P,01KJN7B4V2673GK7HGVSG52R2P,B,B,1,0.4,1.0,2.0
01KJN6MMPQTMDYRN709DP5DSDA,page-B,01KJN77XQHYQ5TVVY4HZM02E7R,01KJN7931DXZ65NXTWK1GNEZMW,C,C,1,0.6666666666666666,2.0,2.0
01KJN6MMPQTMDYRN709DP5DSDA,page-B,01KJN77XQHYQ5TVVY4HZM02E7R,01KJN79PCAAMFX7P2QF70Y3HJM,C,A,0,0.2,2.0,2.0
01KJN6MMPQTMDYRN709DP5DSDA,page-B,01KJN77XQHYQ5TVVY4HZM02E7R,01KJN79ZQD1E4YD03FE5CGJY8K,C,C,1,0.0,2.0,2.0
01KJN6MMPQTMDYRN709DP5DSDA,page-B,01KJN77XQHYQ5TVVY4HZM02E7R,01KJN79ZRTRDMY6RH8ZCYCM9NV,C,A,0,1.0,2.0,2.0
01KJN6MMPQTMDYRN709DP5DSDA,page-B,01KJN77XQHYQ5TVVY4HZM02E7R,01KJN7AAWT4GWKRZ7B9775509P,C,B,0,0.25,2.0,2.0
01KJN6MMPQTMDYRN709DP5DSDA,page-B,01KJN77XQHYQ5TVVY4HZM02E7R,01KJN7B32C1C5254NSG6ZK1GRK,C,A,0,1.0,2.0,2.0
01KJN6MMPQTMDYRN709DP5DSDA,page-B,01KJN77XQHYQ5TVVY4HZM02E7R,01KJN7B4V2673GK7HGVSG52R2P,C,B,0,0.2,2.0,2.0
01KJN6MMPQTMDYRN709DP5DSDA,page-B,01KJN77XQHYQ5TVVY4HZM02E7R,01KJN7BYA5X3A2G30KZECRY2HY,C,B,0,0.25,2.0,2.0
01KJN6MMPQTMDYRN709DP5DSDA,page-B,01KJN7931DXZ65NXTWK1GNEZMW,01KJN79PCAAMFX7P2QF70Y3HJM,C,A,0,0.16666666666666666,2.0,2.0
01KJN6MMPQTMDYRN709DP5DSDA,page-B,01KJN7931DXZ65NXTWK1GNEZMW,01KJN79ZQD1E4YD03FE5CGJY8K,C,C,1,0.16666666666666666,2.0,2.0
01KJN6MMPQTMDYRN709DP5DSDA,page-B,01KJN7931DXZ65NXTWK1GNEZMW,01KJN79ZRTRDMY6RH8ZCYCM9NV,C,A,0,0.6666666666666666,2.0,2.0
01KJN6MMPQTMDYRN709DP5DSDA,page-B,01KJN7931DXZ65NXTWK1GNEZMW,01KJN7AAWT4GWKRZ7B9775509P,C,B,0,0.2,2.0,2.0
01KJN6MMPQTMDYRN709DP5DSDA,page-B,01KJN7931DXZ65NXTWK1GNEZMW,01KJN7B32C1C5254NSG6ZK1GRK,C,A,0,0.6666666666666666,2.0,2.0
01KJN6MMPQTMDYRN709DP5DSDA,page-B,01KJN7931DXZ65NXTWK1GNEZMW,01KJN7B4V2673GK7HGVSG52R2P,C,B,0,0.16666666666666666,2.0,2.0
01KJN6MMPQTMDYRN709DP5DSDA,page-B,01KJN7931DXZ65NXTWK1GNEZMW,01KJN7BYA5X3A2G30KZECRY2HY,C,B,0,0.2,2.0,2.0
01KJN6MMPQTMDYRN709DP5DSDA,page-B,01KJN79PCAAMFX7P2QF70Y3HJM,01KJN79ZQD1E4YD03FE5CGJY8K,A,C,0,0.0,2.0,2.0
01KJN6MMPQTMDYRN709DP5DSDA,page-B,01KJN79PCAAMFX7P2QF70Y3HJM,01KJN79ZRTRDMY6RH8ZCYCM9NV,A,A,1,0.2,2.0,2.0
01KJN6MMPQTMDYRN709DP5DSDA,page-B,01KJN79PCAAMFX7P2QF70Y3HJM,01KJN7AAWT4GWKRZ7B9775509P,A,B,0,0.16666666666666666,2.0,2.0
01KJN6MMPQTMDYRN709DP5DSDA,page-B,01KJN79PCAAMFX7P2QF70Y3HJM,01KJN7B32C1C5254NSG6ZK1GRK,A,A,1,0.2,2.0,2.0
01KJN6MMPQTMDYRN709DP5DSDA,page-B,01KJN79PCAAMFX7P2QF70Y3HJM,01KJN7B4V2673GK7HGVSG52R2P,A,B,0,0.3333333333333333,2.0,2.0
01KJN6MMPQTMDYRN709DP5DSDA,page-B,01KJN79PCAAMFX7P2QF70Y3HJM,01KJN7BYA5X3A2G30KZECRY2HY,A,B,0,0.4,2.0,2.0
01KJN6MMPQTMDYRN709DP5DSDA,page-B,01KJN79ZQD1E4YD03FE5CGJY8K,01KJN79ZRTRDMY6RH8ZCYCM9NV,C,A,0,0.0,2.0,2.0
01KJN6MMPQTMDYRN709DP5DSDA,page-B,01KJN79ZQD1E4YD03FE5CGJY8K,01KJN7AAWT4GWKRZ7B9775509P,C,B,0,0.0,2.0,2.0
01KJN6MMPQTMDYRN709DP5DSDA,page-B,01KJN79ZQD1E4YD03FE5CGJY8K,01KJN7B32C1C5254NSG6ZK1GRK,C,A,0,0.0,2.0,2.0
01KJN6MMPQTMDYRN709DP5DSDA,page-B,01KJN79ZQD1E4YD03FE5CGJY8K,01KJN7B4V2673GK7HGVSG52R2P,C,B,0,0.0,2.0,2.0
01KJN6MMPQTMDYRN709DP5DSDA,page-B,01KJN79ZQD1E4YD03FE5CGJY8K,01KJN7BYA5X3A2G30KZECRY2HY,C,B,0,0.0,2.0,2.0
01KJN6MMPQTMDYRN709DP5DSDA,page-B,01KJN79ZRTRDMY6RH8ZCYCM9NV,01KJN7AAWT4GWKRZ7B9775509P,A,B,0,0.25,2.0,2.0
01KJN6MMPQTMDYRN709DP5DSDA,page-B,01KJN79ZRTRDMY6RH8ZCYCM9NV,01KJN7B32C1C5254NSG6ZK1GRK,A,A,1,1.0,2.0,2.0
01KJN6MMPQTMDYRN709DP5DSDA,page-B,01KJN79ZRTRDMY6RH8ZCYCM9NV,01KJN7B4V2673GK7HGVSG52R2P,A,B,0,0.2,2.0,2.0
01KJN6MMPQTMDYRN709DP5DSDA,page-B,01KJN79ZRTRDMY6RH8ZCYCM9NV,01KJN7BYA5X3A2G30KZECRY2HY,A,B,0,0.25,2.0,2.0
01KJN6MMPQTMDYRN709DP5DSDA,page-B,01KJN7AAWT4GWKRZ7B9775509P,01KJN7B32C1C5254NSG6ZK1GRK,B,A,0,0.25,2.0,2.0
01KJN6MMPQTMDYRN709DP5DSDA,page-B,01KJN7AAWT4GWKRZ7B9775509P,01KJN7B4V2673GK7HGVSG52R2P,B,B,1,0.4,2.0,2.0
01KJN6MMPQTMDYRN709DP5DSDA,page-B,01KJN7AAWT4GWKRZ7B9775509P,01KJN7BYA5X3A2G30KZECRY2HY,B,B,1,0.5,2.0,2.0
01KJN6MMPQTMDYRN709DP5DSDA,page-B,01KJN7B32C1C5254NSG6ZK1GRK,01KJN7B4V2673GK7HGVSG52R2P,A,B,0,0.2,2.0,2.0
01KJN6MMPQTMDYRN709DP5DSDA,page-B,01KJN7B32C1C5254NSG6ZK1GRK,01KJN7BYA5X3A2G30KZECRY2HY,A,B,0,0.25,2.0,2.0
01KJN6MMPQTMDYRN709DP5DSDA,page-B,01KJN7B4V2673GK7HGVSG52R2P,01KJN7BYA5X3A2G30KZECRY2HY,B,B,1,0.75,2.0,2.0
01KJN6MMPQTMDYRN709DP5DSDA,page-B,01KJN77XQHYQ5TVVY4HZM02E7R,01KJN7931DXZ65NXTWK1GNEZMW,C,C,1,0.6666666666666666,3.0,2.0
01KJN6MMPQTMDYRN709DP5DSDA,page-B,01KJN77XQHYQ5TVVY4HZM02E7R,01KJN79PCAAMFX7P2QF70Y3HJM,C,A,0,1.0,3.0,2.0
01KJN6MMPQTMDYRN709DP5DSDA,page-B,01KJN77XQHYQ5TVVY4HZM02E7R,01KJN79ZQD1E4YD03FE5CGJY8K,C,C,1,0.0,3.0,2.0
01KJN6MMPQTMDYRN709DP5DSDA,page-B,01KJN77XQHYQ5TVVY4HZM02E7R,01KJN79ZRTRDMY6RH8ZCYCM9NV,C,A,0,1.0,3.0,2.0
01KJN6MMPQTMDYRN709DP5DSDA,page-B,01KJN77XQHYQ5TVVY4HZM02E7R,01KJN7AAWT4GWKRZ7B9775509P,C,B,0,0.25,3.0,2.0
01KJN6MMPQTMDYRN709DP5DSDA,page-B,01KJN77XQHYQ5TVVY4HZM02E7R,01KJN7B32C1C5254NSG6ZK1GRK,C,A,0,1.0,3.0,2.0
01KJN6MMPQTMDYRN709DP5DSDA,page-B,01KJN77XQHYQ5TVVY4HZM02E7R,01KJN7B4V2673GK7HGVSG52R2P,C,B,0,0.25,3.0,2.0
01KJN6MMPQTMDYRN709DP5DSDA,page-B,01KJN77XQHYQ5TVVY4HZM02E7R,01KJN7BYA5X3A2G30KZECRY2HY,C,B,0,0.25,3.0,2.0
01KJN6MMPQTMDYRN709DP5DSDA,page-B,01KJN7931DXZ65NXTWK1GNEZMW,01KJN79PCAAMFX7P2QF70Y3HJM,C,A,0,0.6666666666666666,3.0,2.0
01KJN6MMPQTMDYRN709DP5DSDA,page-B,01KJN7931DXZ65NXTWK1GNEZMW,01KJN79ZQD1E4YD03FE5CGJY8K,C,C,1,0.0,3.0,2.0
01KJN6MMPQTMDYRN709DP5DSDA,page-B,01KJN7931DXZ65NXTWK1GNEZMW,01KJN79ZRTRDMY6RH8ZCYCM9NV,C,A,0,0.6666666666666666,3.0,2.0
01KJN6MMPQTMDYRN709DP5DSDA,page-B,01KJN7931DXZ65NXTWK1GNEZMW,01KJN7AAWT4GWKRZ7B9775509P,C,B,0,0.2,3.0,2.0
01KJN6MMPQTMDYRN709DP5DSDA,page-B,01KJN7931DXZ65NXTWK1GNEZMW,01KJN7B32C1C5254NSG6ZK1GRK,C,A,0,0.6666666666666666,3.0,2.0
01KJN6MMPQTMDYRN709DP5DSDA,page-B,01KJN7931DXZ65NXTWK1GNEZMW,01KJN7B4V2673GK7HGVSG52R2P,C,B,0,0.2,3.0,2.0
01KJN6MMPQTMDYRN709DP5DSDA,page-B,01KJN7931DXZ65NXTWK1GNEZMW,01KJN7BYA5X3A2G30KZECRY2HY,C,B,0,0.2,3.0,2.0
01KJN6MMPQTMDYRN709DP5DSDA,page-B,01KJN79PCAAMFX7P2QF70Y3HJM,01KJN79ZQD1E4YD03FE5CGJY8K,A,C,0,0.0,3.0,2.0
01KJN6MMPQTMDYRN709DP5DSDA,page-B,01KJN79PCAAMFX7P2QF70Y3HJM,01KJN79ZRTRDMY6RH8ZCYCM9NV,A,A,1,1.0,3.0,2.0
01KJN6MMPQTMDYRN709DP5DSDA,page-B,01KJN79PCAAMFX7P2QF70Y3HJM,01KJN7AAWT4GWKRZ7B9775509P,A,B,0,0.25,3.0,2.0
01KJN6MMPQTMDYRN709DP5DSDA,page-B,01KJN79PCAAMFX7P2QF70Y3HJM,01KJN7B32C1C5254NSG6ZK1GRK,A,A,1,1.0,3.0,2.0
01KJN6MMPQTMDYRN709DP5DSDA,page-B,01KJN79PCAAMFX7P2QF70Y3HJM,01KJN7B4V2673GK7HGVSG52R2P,A,B,0,0.25,3.0,2.0
01KJN6MMPQTMDYRN709DP5DSDA,page-B,01KJN79PCAAMFX7P2QF70Y3HJM,01KJN7BYA5X3A2G30KZECRY2HY,A,B,0,0.25,3.0,2.0
01KJN6MMPQTMDYRN709DP5DSDA,page-B,01KJN79ZQD1E4YD03FE5CGJY8K,01KJN79ZRTRDMY6RH8ZCYCM9NV,C,A,0,0.0,3.0,2.0
01KJN6MMPQTMDYRN709DP5DSDA,page-B,01KJN79ZQD1E4YD03FE5CGJY8K,01KJN7AAWT4GWKRZ7B9775509P,C,B,0,0.0,3.0,2.0
01KJN6MMPQTMDYRN709DP5DSDA,page-B,01KJN79ZQD1E4YD03FE5CGJY8K,01KJN7B32C1C5254NSG6ZK1GRK,C,A,0,0.0,3.0,2.0
01KJN6MMPQTMDYRN709DP5DSDA,page-B,01KJN79ZQD1E4YD03FE5CGJY8K,01KJN7B4V2673GK7HGVSG52R2P,C,B,0,0.0,3.0,2.0
01KJN6MMPQTMDYRN709DP5DSDA,page-B,01KJN79ZQD1E4YD03FE5CGJY8K,01KJN7BYA5X3A2G30KZECRY2HY,C,B,0,0.0,3.0,2.0
01KJN6MMPQTMDYRN709DP5DSDA,page-B,01KJN79ZRTRDMY6RH8ZCYCM9NV,01KJN7AAWT4GWKRZ7B9775509P,A,B,0,0.25,3.0,2.0
01KJN6MMPQTMDYRN709DP5DSDA,page-B,01KJN79ZRTRDMY6RH8ZCYCM9NV,01KJN7B32C1C5254NSG6ZK1GRK,A,A,1,1.0,3.0,2.0
01KJN6MMPQTMDYRN709DP5DSDA,page-B,01KJN79ZRTRDMY6RH8ZCYCM9NV,01KJN7B4V2673GK7HGVSG52R2P,A,B,0,0.25,3.0,2.0
01KJN6MMPQTMDYRN709DP5DSDA,page-B,01KJN79ZRTRDMY6RH8ZCYCM9NV,01KJN7BYA5X3A2G30KZECRY2HY,A,B,0,0.25,3.0,2.0
01KJN6MMPQTMDYRN709DP5DSDA,page-B,01KJN7AAWT4GWKRZ7B9775509P,01KJN7B32C1C5254NSG6ZK1GRK,B,A,0,0.25,3.0,2.0
01KJN6MMPQTMDYRN709DP5DSDA,page-B,01KJN7AAWT4GWKRZ7B9775509P,01KJN7B4V2673GK7HGVSG52R2P,B,B,1,1.0,3.0,2.0
01KJN6MMPQTMDYRN709DP5DSDA,page-B,01KJN7AAWT4GWKRZ7B9775509P,01KJN7BYA5X3A2G30KZECRY2HY,B,B,1,0.5,3.0,2.0
01KJN6MMPQTMDYRN709DP5DSDA,page-B,01KJN7B32C1C5254NSG6ZK1GRK,01KJN7B4V2673GK7HGVSG52R2P,A,B,0,0.25,3.0,2.0
01KJN6MMPQTMDYRN709DP5DSDA,page-B,01KJN7B32C1C5254NSG6ZK1GRK,01KJN7BYA5X3A2G30KZECRY2HY,A,B,0,0.25,3.0,2.0
01KJN6MMPQTMDYRN709DP5DSDA,page-B,01KJN7B4V2673GK7HGVSG52R2P,01KJN7BYA5X3A2G30KZECRY2HY,B,B,1,0.5,3.0,2.0
01KJN6MMPQTMDYRN709DP5DSDA,page-B,01KJN77XQHYQ5TVVY4HZM02E7R,01KJN7931DXZ65NXTWK1GNEZMW,C,C,1,0.6666666666666666,4.0,2.0
01KJN6MMPQTMDYRN709DP5DSDA,page-B,01KJN77XQHYQ5TVVY4HZM02E7R,01KJN79PCAAMFX7P2QF70Y3HJM,C,A,0,1.0,4.0,2.0
01KJN6MMPQTMDYRN709DP5DSDA,page-B,01KJN77XQHYQ5TVVY4HZM02E7R,01KJN79ZQD1E4YD03FE5CGJY8K,C,C,1,0.0,4.0,2.0
01KJN6MMPQTMDYRN709DP5DSDA,page-B,01KJN77XQHYQ5TVVY4HZM02E7R,01KJN79ZRTRDMY6RH8ZCYCM9NV,C,A,0,1.0,4.0,2.0
01KJN6MMPQTMDYRN709DP5DSDA,page-B,01KJN77XQHYQ5TVVY4HZM02E7R,01KJN7AAWT4GWKRZ7B9775509P,C,B,0,0.25,4.0,2.0
01KJN6MMPQTMDYRN709DP5DSDA,page-B,01KJN77XQHYQ5TVVY4HZM02E7R,01KJN7B32C1C5254NSG6ZK1GRK,C,A,0,1.0,4.0,2.0
01KJN6MMPQTMDYRN709DP5DSDA,page-B,01KJN77XQHYQ5TVVY4HZM02E7R,01KJN7B4V2673GK7HGVSG52R2P,C,B,0,0.25,4.0,2.0
01KJN6MMPQTMDYRN709DP5DSDA,page-B,01KJN77XQHYQ5TVVY4HZM02E7R,01KJN7BYA5X3A2G30KZECRY2HY,C,B,0,0.25,4.0,2.0
01KJN6MMPQTMDYRN709DP5DSDA,page-B,01KJN7931DXZ65NXTWK1GNEZMW,01KJN79PCAAMFX7P2QF70Y3HJM,C,A,0,0.6666666666666666,4.0,2.0
01KJN6MMPQTMDYRN709DP5DSDA,page-B,01KJN7931DXZ65NXTWK1GNEZMW,01KJN79ZQD1E4YD03FE5CGJY8K,C,C,1,0.0,4.0,2.0
01KJN6MMPQTMDYRN709DP5DSDA,page-B,01KJN7931DXZ65NXTWK1GNEZMW,01KJN79ZRTRDMY6RH8ZCYCM9NV,C,A,0,0.6666666666666666,4.0,2.0
01KJN6MMPQTMDYRN709DP5DSDA,page-B,01KJN7931DXZ65NXTWK1GNEZMW,01KJN7AAWT4GWKRZ7B9775509P,C,B,0,0.2,4.0,2.0
01KJN6MMPQTMDYRN709DP5DSDA,page-B,01KJN7931DXZ65NXTWK1GNEZMW,01KJN7B32C1C5254NSG6ZK1GRK,C,A,0,0.6666666666666666,4.0,2.0
01KJN6MMPQTMDYRN709DP5DSDA,page-B,01KJN7931DXZ65NXTWK1GNEZMW,01KJN7B4V2673GK7HGVSG52R2P,C,B,0,0.2,4.0,2.0
01KJN6MMPQTMDYRN709DP5DSDA,page-B,01KJN7931DXZ65NXTWK1GNEZMW,01KJN7BYA5X3A2G30KZECRY2HY,C,B,0,0.2,4.0,2.0
01KJN6MMPQTMDYRN709DP5DSDA,page-B,01KJN79PCAAMFX7P2QF70Y3HJM,01KJN79ZQD1E4YD03FE5CGJY8K,A,C,0,0.0,4.0,2.0
01KJN6MMPQTMDYRN709DP5DSDA,page-B,01KJN79PCAAMFX7P2QF70Y3HJM,01KJN79ZRTRDMY6RH8ZCYCM9NV,A,A,1,1.0,4.0,2.0
01KJN6MMPQTMDYRN709DP5DSDA,page-B,01KJN79PCAAMFX7P2QF70Y3HJM,01KJN7AAWT4GWKRZ7B9775509P,A,B,0,0.25,4.0,2.0
01KJN6MMPQTMDYRN709DP5DSDA,page-B,01KJN79PCAAMFX7P2QF70Y3HJM,01KJN7B32C1C5254NSG6ZK1GRK,A,A,1,1.0,4.0,2.0
01KJN6MMPQTMDYRN709DP5DSDA,page-B,01KJN79PCAAMFX7P2QF70Y3HJM,01KJN7B4V2673GK7HGVSG52R2P,A,B,0,0.25,4.0,2.0
01KJN6MMPQTMDYRN709DP5DSDA,page-B,01KJN79PCAAMFX7P2QF70Y3HJM,01KJN7BYA5X3A2G30KZECRY2HY,A,B,0,0.25,4.0,2.0
01KJN6MMPQTMDYRN709DP5DSDA,page-B,01KJN79ZQD1E4YD03FE5CGJY8K,01KJN79ZRTRDMY6RH8ZCYCM9NV,C,A,0,0.0,4.0,2.0
01KJN6MMPQTMDYRN709DP5DSDA,page-B,01KJN79ZQD1E4YD03FE5CGJY8K,01KJN7AAWT4GWKRZ7B9775509P,C,B,0,0.0,4.0,2.0
01KJN6MMPQTMDYRN709DP5DSDA,page-B,01KJN79ZQD1E4YD03FE5CGJY8K,01KJN7B32C1C5254NSG6ZK1GRK,C,A,0,0.0,4.0,2.0
01KJN6MMPQTMDYRN709DP5DSDA,page-B,01KJN79ZQD1E4YD03FE5CGJY8K,01KJN7B4V2673GK7HGVSG52R2P,C,B,0,0.0,4.0,2.0
01KJN6MMPQTMDYRN709DP5DSDA,page-B,01KJN79ZQD1E4YD03FE5CGJY8K,01KJN7BYA5X3A2G30KZECRY2HY,C,B,0,0.0,4.0,2.0
01KJN6MMPQTMDYRN709DP5DSDA,page-B,01KJN79ZRTRDMY6RH8ZCYCM9NV,01KJN7AAWT4GWKRZ7B9775509P,A,B,0,0.25,4.0,2.0
01KJN6MMPQTMDYRN709DP5DSDA,page-B,01KJN79ZRTRDMY6RH8ZCYCM9NV,01KJN7B32C1C5254NSG6ZK1GRK,A,A,1,1.0,4.0,2.0
01KJN6MMPQTMDYRN709DP5DSDA,page-B,01KJN79ZRTRDMY6RH8ZCYCM9NV,01KJN7B4V2673GK7HGVSG52R2P,A,B,0,0.25,4.0,2.0
01KJN6MMPQTMDYRN709DP5DSDA,page-B,01KJN79ZRTRDMY6RH8ZCYCM9NV,01KJN7BYA5X3A2G30KZECRY2HY,A,B,0,0.25,4.0,2.0
01KJN6MMPQTMDYRN709DP5DSDA,page-B,01KJN7AAWT4GWKRZ7B9775509P,01KJN7B32C1C5254NSG6ZK1GRK,B,A,0,0.25,4.0,2.0
01KJN6MMPQTMDYRN709DP5DSDA,page-B,01KJN7AAWT4GWKRZ7B9775509P,01KJN7B4V2673GK7HGVSG52R2P,B,B,1,1.0,4.0,2.0
01KJN6MMPQTMDYRN709DP5DSDA,page-B,01KJN7AAWT4GWKRZ7B9775509P,01KJN7BYA5X3A2G30KZECRY2HY,B,B,1,0.5,4.0,2.0
01KJN6MMPQTMDYRN709DP5DSDA,page-B,01KJN7B32C1C5254NSG6ZK1GRK,01KJN7B4V2673GK7HGVSG52R2P,A,B,0,0.25,4.0,2.0
01KJN6MMPQTMDYRN709DP5DSDA,page-B,01KJN7B32C1C5254NSG6ZK1GRK,01KJN7BYA5X3A2G30KZECRY2HY,A,B,0,0.25,4.0,2.0
01KJN6MMPQTMDYRN709DP5DSDA,page-B,01KJN7B4V2673GK7HGVSG52R2P,01KJN7BYA5X3A2G30KZECRY2HY,B,B,1,0.5,4.0,2.0
01KJN6MMPQTMDYRN709DP5DSDA,page-B,01KJN77XQHYQ5TVVY4HZM02E7R,01KJN7931DXZ65NXTWK1GNEZMW,C,C,1,0.6666666666666666,5.0,2.0
01KJN6MMPQTMDYRN709DP5DSDA,page-B,01KJN77XQHYQ5TVVY4HZM02E7R,01KJN79PCAAMFX7P2QF70Y3HJM,C,A,0,1.0,5.0,2.0
01KJN6MMPQTMDYRN709DP5DSDA,page-B,01KJN77XQHYQ5TVVY4HZM02E7R,01KJN79ZQD1E4YD03FE5CGJY8K,C,C,1,0.0,5.0,2.0
01KJN6MMPQTMDYRN709DP5DSDA,page-B,01KJN77XQHYQ5TVVY4HZM02E7R,01KJN79ZRTRDMY6RH8ZCYCM9NV,C,A,0,1.0,5.0,2.0
01KJN6MMPQTMDYRN709DP5DSDA,page-B,01KJN77XQHYQ5TVVY4HZM02E7R,01KJN7AAWT4GWKRZ7B9775509P,C,B,0,0.25,5.0,2.0
01KJN6MMPQTMDYRN709DP5DSDA,page-B,01KJN77XQHYQ5TVVY4HZM02E7R,01KJN7B32C1C5254NSG6ZK1GRK,C,A,0,1.0,5.0,2.0
01KJN6MMPQTMDYRN709DP5DSDA,page-B,01KJN77XQHYQ5TVVY4HZM02E7R,01KJN7B4V2673GK7HGVSG52R2P,C,B,0,0.25,5.0,2.0
01KJN6MMPQTMDYRN709DP5DSDA,page-B,01KJN77XQHYQ5TVVY4HZM02E7R,01KJN7BYA5X3A2G30KZECRY2HY,C,B,0,0.25,5.0,2.0
01KJN6MMPQTMDYRN709DP5DSDA,page-B,01KJN7931DXZ65NXTWK1GNEZMW,01KJN79PCAAMFX7P2QF70Y3HJM,C,A,0,0.6666666666666666,5.0,2.0
01KJN6MMPQTMDYRN709DP5DSDA,page-B,01KJN7931DXZ65NXTWK1GNEZMW,01KJN79ZQD1E4YD03FE5CGJY8K,C,C,1,0.0,5.0,2.0
01KJN6MMPQTMDYRN709DP5DSDA,page-B,01KJN7931DXZ65NXTWK1GNEZMW,01KJN79ZRTRDMY6RH8ZCYCM9NV,C,A,0,0.6666666666666666,5.0,2.0
01KJN6MMPQTMDYRN709DP5DSDA,page-B,01KJN7931DXZ65NXTWK1GNEZMW,01KJN7AAWT4GWKRZ7B9775509P,C,B,0,0.2,5.0,2.0
01KJN6MMPQTMDYRN709DP5DSDA,page-B,01KJN7931DXZ65NXTWK1GNEZMW,01KJN7B32C1C5254NSG6ZK1GRK,C,A,0,0.6666666666666666,5.0,2.0
01KJN6MMPQTMDYRN709DP5DSDA,page-B,01KJN7931DXZ65NXTWK1GNEZMW,01KJN7B4V2673GK7HGVSG52R2P,C,B,0,0.2,5.0,2.0
01KJN6MMPQTMDYRN709DP5DSDA,page-B,01KJN7931DXZ65NXTWK1GNEZMW,01KJN7BYA5X3A2G30KZECRY2HY,C,B,0,0.2,5.0,2.0
01KJN6MMPQTMDYRN709DP5DSDA,page-B,01KJN79PCAAMFX7P2QF70Y3HJM,01KJN79ZQD1E4YD03FE5CGJY8K,A,C,0,0.0,5.0,2.0
01KJN6MMPQTMDYRN709DP5DSDA,page-B,01KJN79PCAAMFX7P2QF70Y3HJM,01KJN79ZRTRDMY6RH8ZCYCM9NV,A,A,1,1.0,5.0,2.0
01KJN6MMPQTMDYRN709DP5DSDA,page-B,01KJN79PCAAMFX7P2QF70Y3HJM,01KJN7AAWT4GWKRZ7B9775509P,A,B,0,0.25,5.0,2.0
01KJN6MMPQTMDYRN709DP5DSDA,page-B,01KJN79PCAAMFX7P2QF70Y3HJM,01KJN7B32C1C5254NSG6ZK1GRK,A,A,1,1.0,5.0,2.0
01KJN6MMPQTMDYRN709DP5DSDA,page-B,01KJN79PCAAMFX7P2QF70Y3HJM,01KJN7B4V2673GK7HGVSG52R2P,A,B,0,0.25,5.0,2.0
01KJN6MMPQTMDYRN709DP5DSDA,page-B,01KJN79PCAAMFX7P2QF70Y3HJM,01KJN7BYA5X3A2G30KZECRY2HY,A,B,0,0.25,5.0,2.0
01KJN6MMPQTMDYRN709DP5DSDA,page-B,01KJN79ZQD1E4YD03FE5CGJY8K,01KJN79ZRTRDMY6RH8ZCYCM9NV,C,A,0,0.0,5.0,2.0
01KJN6MMPQTMDYRN709DP5DSDA,page-B,01KJN79ZQD1E4YD03FE5CGJY8K,01KJN7AAWT4GWKRZ7B9775509P,C,B,0,0.0,5.0,2.0
01KJN6MMPQTMDYRN709DP5DSDA,page-B,01KJN79ZQD1E4YD03FE5CGJY8K,01KJN7B32C1C5254NSG6ZK1GRK,C,A,0,0.0,5.0,2.0
01KJN6MMPQTMDYRN709DP5DSDA,page-B,01KJN79ZQD1E4YD03FE5CGJY8K,01KJN7B4V2673GK7HGVSG52R2P,C,B,0,0.0,5.0,2.0
01KJN6MMPQTMDYRN709DP5DSDA,page-B,01KJN79ZQD1E4YD03FE5CGJY8K,01KJN7BYA5X3A2G30KZECRY2HY,C,B,0,0.0,5.0,2.0
01KJN6MMPQTMDYRN709DP5DSDA,page-B,01KJN79ZRTRDMY6RH8ZCYCM9NV,01KJN7AAWT4GWKRZ7B9775509P,A,B,0,0.25,5.0,2.0
01KJN6MMPQTMDYRN709DP5DSDA,page-B,01KJN79ZRTRDMY6RH8ZCYCM9NV,01KJN7B32C1C5254NSG6ZK1GRK,A,A,1,1.0,5.0,2.0
01KJN6MMPQTMDYRN709DP5DSDA,page-B,01KJN79ZRTRDMY6RH8ZCYCM9NV,01KJN7B4V2673GK7HGVSG52R2P,A,B,0,0.25,5.0,2.0
01KJN6MMPQTMDYRN709DP5DSDA,page-B,01KJN79ZRTRDMY6RH8ZCYCM9NV,01KJN7BYA5X3A2G30KZECRY2HY,A,B,0,0.25,5.0,2.0
01KJN6MMPQTMDYRN709DP5DSDA,page-B,01KJN7AAWT4GWKRZ7B9775509P,01KJN7B32C1C5254NSG6ZK1GRK,B,A,0,0.25,5.0,2.0
01KJN6MMPQTMDYRN709DP5DSDA,page-B,01KJN7AAWT4GWKRZ7B9775509P,01KJN7B4V2673GK7HGVSG52R2P,B,B,1,1.0,5.0,2.0
01KJN6MMPQTMDYRN709DP5DSDA,page-B,01KJN7AAWT4GWKRZ7B9775509P,01KJN7BYA5X3A2G30KZECRY2HY,B,B,1,0.5,5.0,2.0
01KJN6MMPQTMDYRN709DP5DSDA,page-B,01KJN7B32C1C5254NSG6ZK1GRK,01KJN7B4V2673GK7HGVSG52R2P,A,B,0,0.25,5.0,2.0
01KJN6MMPQTMDYRN709DP5DSDA,page-B,01KJN7B32C1C5254NSG6ZK1GRK,01KJN7BYA5X3A2G30KZECRY2HY,A,B,0,0.25,5.0,2.0
01KJN6MMPQTMDYRN709DP5DSDA,page-B,01KJN7B4V2673GK7HGVSG52R2P,01KJN7BYA5X3A2G30KZECRY2HY,B,B,1,0.5,5.0,2.0
01KJN6MMQ03KZPZN0275VZXK6R,page7-255,01KJN7863BFF3ZYZGVVSATZTH7,01KJN792W85XPK9QGH8A6HSYSJ,C,B,0,0.0,1.0,1.0
01KJN6MMQ03KZPZN0275VZXK6R,page7-255,01KJN7863BFF3ZYZGVVSATZTH7,01KJN79B14FBSYSKKCG2BYVBB6,C,A,0,0.25,1.0,1.0
01KJN6MMQ03KZPZN0275VZXK6R,page7-255,01KJN7863BFF3ZYZGVVSATZTH7,01KJN79J529BWBWTESKB6D9MB7,C,C,1,0.0,1.0,1.0
01KJN6MMQ03KZPZN0275VZXK6R,page7-255,01KJN7863BFF3ZYZGVVSATZTH7,01KJN7AAX1VHZ1A7ZB35BNRH8N,C,A,0,0.09090909090909091,1.0,1.0
01KJN6MMQ03KZPZN0275VZXK6R,page7-255,01KJN7863BFF3ZYZGVVSATZTH7,01KJN7C40WEQBDF48ACG18M0EV,C,B,0,0.15384615384615385,1.0,1.0
01KJN6MMQ03KZPZN0275VZXK6R,page7-255,01KJN792W85XPK9QGH8A6HSYSJ,01KJN79B14FBSYSKKCG2BYVBB6,B,A,0,0.0,1.0,1.0
01KJN6MMQ03KZPZN0275VZXK6R,page7-255,01KJN792W85XPK9QGH8A6HSYSJ,01KJN79J529BWBWTESKB6D9MB7,B,C,0,0.0,1.0,1.0
01KJN6MMQ03KZPZN0275VZXK6R,page7-255,01KJN792W85XPK9QGH8A6HSYSJ,01KJN7AAX1VHZ1A7ZB35BNRH8N,B,A,0,0.0,1.0,1.0
01KJN6MMQ03KZPZN0275VZXK6R,page7-255,01KJN792W85XPK9QGH8A6HSYSJ,01KJN7C40WEQBDF48ACG18M0EV,B,B,1,0.0,1.0,1.0
01KJN6MMQ03KZPZN0275VZXK6R,page7-255,01KJN79B14FBSYSKKCG2BYVBB6,01KJN79J529BWBWTESKB6D9MB7,A,C,0,0.0,1.0,1.0
01KJN6MMQ03KZPZN0275VZXK6R,page7-255,01KJN79B14FBSYSKKCG2BYVBB6,01KJN7AAX1VHZ1A7ZB35BNRH8N,A,A,1,0.16666666666666666,1.0,1.0
01KJN6MMQ03KZPZN0275VZXK6R,page7-255,01KJN79B14FBSYSKKCG2BYVBB6,01KJN7C40WEQBDF48ACG18M0EV,A,B,0,0.13333333333333333,1.0,1.0
01KJN6MMQ03KZPZN0275VZXK6R,page7-255,01KJN79J529BWBWTESKB6D9MB7,01KJN7AAX1VHZ1A7ZB35BNRH8N,C,A,0,0.0,1.0,1.0
01KJN6MMQ03KZPZN0275VZXK6R,page7-255,01KJN79J529BWBWTESKB6D9MB7,01KJN7C40WEQBDF48ACG18M0EV,C,B,0,0.07142857142857142,1.0,1.0
01KJN6MMQ03KZPZN0275VZXK6R,page7-255,01KJN7AAX1VHZ1A7ZB35BNRH8N,01KJN7C40WEQBDF48ACG18M0EV,A,B,0,0.11764705882352941,1.0,1.0
01KJN6MMQ03KZPZN0275VZXK6R,page7-255,01KJN7863BFF3ZYZGVVSATZTH7,01KJN78DQ6KC0F9N1HA0BPB44R,C,C,1,0.0,2.0,1.0
01KJN6MMQ03KZPZN0275VZXK6R,page7-255,01KJN7863BFF3ZYZGVVSATZTH7,01KJN792W85XPK9QGH8A6HSYSJ,C,B,0,0.0,2.0,1.0
01KJN6MMQ03KZPZN0275VZXK6R,page7-255,01KJN7863BFF3ZYZGVVSATZTH7,01KJN79B14FBSYSKKCG2BYVBB6,C,A,0,0.25,2.0,1.0
01KJN6MMQ03KZPZN0275VZXK6R,page7-255,01KJN7863BFF3ZYZGVVSATZTH7,01KJN79J529BWBWTESKB6D9MB7,C,C,1,0.0,2.0,1.0
01KJN6MMQ03KZPZN0275VZXK6R,page7-255,01KJN7863BFF3ZYZGVVSATZTH7,01KJN7A44GGBE9XR412KV5BFSC,C,B,0,0.0,2.0,1.0
01KJN6MMQ03KZPZN0275VZXK6R,page7-255,01KJN7863BFF3ZYZGVVSATZTH7,01KJN7AAX1VHZ1A7ZB35BNRH8N,C,A,0,0.09090909090909091,2.0,1.0
01KJN6MMQ03KZPZN0275VZXK6R,page7-255,01KJN7863BFF3ZYZGVVSATZTH7,01KJN7AZC7FAG17CY924MRTCF7,C,A,0,0.0,2.0,1.0
01KJN6MMQ03KZPZN0275VZXK6R,page7-255,01KJN7863BFF3ZYZGVVSATZTH7,01KJN7C40WEQBDF48ACG18M0EV,C,B,0,0.15384615384615385,2.0,1.0
01KJN6MMQ03KZPZN0275VZXK6R,page7-255,01KJN78DQ6KC0F9N1HA0BPB44R,01KJN792W85XPK9QGH8A6HSYSJ,C,B,0,0.0,2.0,1.0
01KJN6MMQ03KZPZN0275VZXK6R,page7-255,01KJN78DQ6KC0F9N1HA0BPB44R,01KJN79B14FBSYSKKCG2BYVBB6,C,A,0,0.0,2.0,1.0
01KJN6MMQ03KZPZN0275VZXK6R,page7-255,01KJN78DQ6KC0F9N1HA0BPB44R,01KJN79J529BWBWTESKB6D9MB7,C,C,1,0.0,2.0,1.0
01KJN6MMQ03KZPZN0275VZXK6R,page7-255,01KJN78DQ6KC0F9N1HA0BPB44R,01KJN7A44GGBE9XR412KV5BFSC,C,B,0,0.0,2.0,1.0
01KJN6MMQ03KZPZN0275VZXK6R,page7-255,01KJN78DQ6KC0F9N1HA0BPB44R,01KJN7AAX1VHZ1A7ZB35BNRH8N,C,A,0,0.0,2.0,1.0
01KJN6MMQ03KZPZN0275VZXK6R,page7-255,01KJN78DQ6KC0F9N1HA0BPB44R,01KJN7AZC7FAG17CY924MRTCF7,C,A,0,0.0,2.0,1.0
01KJN6MMQ03KZPZN0275VZXK6R,page7-255,01KJN78DQ6KC0F9N1HA0BPB44R,01KJN7C40WEQBDF48ACG18M0EV,C,B,0,0.0,2.0,1.0
01KJN6MMQ03KZPZN0275VZXK6R,page7-255,01KJN792W85XPK9QGH8A6HSYSJ,01KJN79B14FBSYSKKCG2BYVBB6,B,A,0,0.0,2.0,1.0
01KJN6MMQ03KZPZN0275VZXK6R,page7-255,01KJN792W85XPK9QGH8A6HSYSJ,01KJN79J529BWBWTESKB6D9MB7,B,C,0,0.0,2.0,1.0
01KJN6MMQ03KZPZN0275VZXK6R,page7-255,01KJN792W85XPK9QGH8A6HSYSJ,01KJN7A44GGBE9XR412KV5BFSC,B,B,1,0.0,2.0,1.0
01KJN6MMQ03KZPZN0275VZXK6R,page7-255,01KJN792W85XPK9QGH8A6HSYSJ,01KJN7AAX1VHZ1A7ZB35BNRH8N,B,A,0,0.0,2.0,1.0
01KJN6MMQ03KZPZN0275VZXK6R,page7-255,01KJN792W85XPK9QGH8A6HSYSJ,01KJN7AZC7FAG17CY924MRTCF7,B,A,0,0.0,2.0,1.0
01KJN6MMQ03KZPZN0275VZXK6R,page7-255,01KJN792W85XPK9QGH8A6HSYSJ,01KJN7C40WEQBDF48ACG18M0EV,B,B,1,0.0,2.0,1.0
01KJN6MMQ03KZPZN0275VZXK6R,page7-255,01KJN79B14FBSYSKKCG2BYVBB6,01KJN79J529BWBWTESKB6D9MB7,A,C,0,0.0,2.0,1.0
01KJN6MMQ03KZPZN0275VZXK6R,page7-255,01KJN79B14FBSYSKKCG2BYVBB6,01KJN7A44GGBE9XR412KV5BFSC,A,B,0,0.0,2.0,1.0
01KJN6MMQ03KZPZN0275VZXK6R,page7-255,01KJN79B14FBSYSKKCG2BYVBB6,01KJN7AAX1VHZ1A7ZB35BNRH8N,A,A,1,0.16666666666666666,2.0,1.0
01KJN6MMQ03KZPZN0275VZXK6R,page7-255,01KJN79B14FBSYSKKCG2BYVBB6,01KJN7AZC7FAG17CY924MRTCF7,A,A,1,0.0,2.0,1.0
01KJN6MMQ03KZPZN0275VZXK6R,page7-255,01KJN79B14FBSYSKKCG2BYVBB6,01KJN7C40WEQBDF48ACG18M0EV,A,B,0,0.13333333333333333,2.0,1.0
01KJN6MMQ03KZPZN0275VZXK6R,page7-255,01KJN79J529BWBWTESKB6D9MB7,01KJN7A44GGBE9XR412KV5BFSC,C,B,0,0.0,2.0,1.0
01KJN6MMQ03KZPZN0275VZXK6R,page7-255,01KJN79J529BWBWTESKB6D9MB7,01KJN7AAX1VHZ1A7ZB35BNRH8N,C,A,0,0.0,2.0,1.0
01KJN6MMQ03KZPZN0275VZXK6R,page7-255,01KJN79J529BWBWTESKB6D9MB7,01KJN7AZC7FAG17CY924MRTCF7,C,A,0,0.0,2.0,1.0
01KJN6MMQ03KZPZN0275VZXK6R,page7-255,01KJN79J529BWBWTESKB6D9MB7,01KJN7C40WEQBDF48ACG18M0EV,C,B,0,0.07142857142857142,2.0,1.0
01KJN6MMQ03KZPZN0275VZXK6R,page7-255,01KJN7A44GGBE9XR412KV5BFSC,01KJN7AAX1VHZ1A7ZB35BNRH8N,B,A,0,0.0,2.0,1.0
01KJN6MMQ03KZPZN0275VZXK6R,page7-255,01KJN7A44GGBE9XR412KV5BFSC,01KJN7AZC7FAG17CY924MRTCF7,B,A,0,0.0,2.0,1.0
01KJN6MMQ03KZPZN0275VZXK6R,page7-255,01KJN7A44GGBE9XR412KV5BFSC,01KJN7C40WEQBDF48ACG18M0EV,B,B,1,0.16666666666666666,2.0,1.0
01KJN6MMQ03KZPZN0275VZXK6R,page7-255,01KJN7AAX1VHZ1A7ZB35BNRH8N,01KJN7AZC7FAG17CY924MRTCF7,A,A,1,0.0,2.0,1.0
01KJN6MMQ03KZPZN0275VZXK6R,page7-255,01KJN7AAX1VHZ1A7ZB35BNRH8N,01KJN7C40WEQBDF48ACG18M0EV,A,B,0,0.11764705882352941,2.0,1.0
01KJN6MMQ03KZPZN0275VZXK6R,page7-255,01KJN7AZC7FAG17CY924MRTCF7,01KJN7C40WEQBDF48ACG18M0EV,A,B,0,0.0,2.0,1.0
01KJN6MMQ03KZPZN0275VZXK6R,page7-255,01KJN7863BFF3ZYZGVVSATZTH7,01KJN78DQ6KC0F9N1HA0BPB44R,C,C,1,0.0,3.0,1.0
01KJN6MMQ03KZPZN0275VZXK6R,page7-255,01KJN7863BFF3ZYZGVVSATZTH7,01KJN792W85XPK9QGH8A6HSYSJ,C,B,0,0.0,3.0,1.0
01KJN6MMQ03KZPZN0275VZXK6R,page7-255,01KJN7863BFF3ZYZGVVSATZTH7,01KJN79B14FBSYSKKCG2BYVBB6,C,A,0,0.0,3.0,1.0
01KJN6MMQ03KZPZN0275VZXK6R,page7-255,01KJN7863BFF3ZYZGVVSATZTH7,01KJN79J529BWBWTESKB6D9MB7,C,C,1,0.5,3.0,1.0
01KJN6MMQ03KZPZN0275VZXK6R,page7-255,01KJN7863BFF3ZYZGVVSATZTH7,01KJN7A44GGBE9XR412KV5BFSC,C,B,0,0.0,3.0,1.0
01KJN6MMQ03KZPZN0275VZXK6R,page7-255,01KJN7863BFF3ZYZGVVSATZTH7,01KJN7AAX1VHZ1A7ZB35BNRH8N,C,A,0,0.09090909090909091,3.0,1.0
01KJN6MMQ03KZPZN0275VZXK6R,page7-255,01KJN7863BFF3ZYZGVVSATZTH7,01KJN7AZC7FAG17CY924MRTCF7,C,A,0,0.0,3.0,1.0
01KJN6MMQ03KZPZN0275VZXK6R,page7-255,01KJN7863BFF3ZYZGVVSATZTH7,01KJN7C40WEQBDF48ACG18M0EV,C,B,0,0.0,3.0,1.0
01KJN6MMQ03KZPZN0275VZXK6R,page7-255,01KJN78DQ6KC0F9N1HA0BPB44R,01KJN792W85XPK9QGH8A6HSYSJ,C,B,0,0.0,3.0,1.0
01KJN6MMQ03KZPZN0275VZXK6R,page7-255,01KJN78DQ6KC0F9N1HA0BPB44R,01KJN79B14FBSYSKKCG2BYVBB6,C,A,0,0.0,3.0,1.0
01KJN6MMQ03KZPZN0275VZXK6R,page7-255,01KJN78DQ6KC0F9N1HA0BPB44R,01KJN79J529BWBWTESKB6D9MB7,C,C,1,0.0,3.0,1.0
01KJN6MMQ03KZPZN0275VZXK6R,page7-255,01KJN78DQ6KC0F9N1HA0BPB44R,01KJN7A44GGBE9XR412KV5BFSC,C,B,0,0.0,3.0,1.0
01KJN6MMQ03KZPZN0275VZXK6R,page7-255,01KJN78DQ6KC0F9N1HA0BPB44R,01KJN7AAX1VHZ1A7ZB35BNRH8N,C,A,0,0.0,3.0,1.0
01KJN6MMQ03KZPZN0275VZXK6R,page7-255,01KJN78DQ6KC0F9N1HA0BPB44R,01KJN7AZC7FAG17CY924MRTCF7,C,A,0,0.0,3.0,1.0
01KJN6MMQ03KZPZN0275VZXK6R,page7-255,01KJN78DQ6KC0F9N1HA0BPB44R,01KJN7C40WEQBDF48ACG18M0EV,C,B,0,0.0,3.0,1.0
01KJN6MMQ03KZPZN0275VZXK6R,page7-255,01KJN792W85XPK9QGH8A6HSYSJ,01KJN79B14FBSYSKKCG2BYVBB6,B,A,0,0.0,3.0,1.0
01KJN6MMQ03KZPZN0275VZXK6R,page7-255,01KJN792W85XPK9QGH8A6HSYSJ,01KJN79J529BWBWTESKB6D9MB7,B,C,0,0.0,3.0,1.0
01KJN6MMQ03KZPZN0275VZXK6R,page7-255,01KJN792W85XPK9QGH8A6HSYSJ,01KJN7A44GGBE9XR412KV5BFSC,B,B,1,0.0,3.0,1.0
01KJN6MMQ03KZPZN0275VZXK6R,page7-255,01KJN792W85XPK9QGH8A6HSYSJ,01KJN7AAX1VHZ1A7ZB35BNRH8N,B,A,0,0.0,3.0,1.0
01KJN6MMQ03KZPZN0275VZXK6R,page7-255,01KJN792W85XPK9QGH8A6HSYSJ,01KJN7AZC7FAG17CY924MRTCF7,B,A,0,0.0,3.0,1.0
01KJN6MMQ03KZPZN0275VZXK6R,page7-255,01KJN792W85XPK9QGH8A6HSYSJ,01KJN7C40WEQBDF48ACG18M0EV,B,B,1,0.16666666666666666,3.0,1.0
01KJN6MMQ03KZPZN0275VZXK6R,page7-255,01KJN79B14FBSYSKKCG2BYVBB6,01KJN79J529BWBWTESKB6D9MB7,A,C,0,0.0,3.0,1.0
01KJN6MMQ03KZPZN0275VZXK6R,page7-255,01KJN79B14FBSYSKKCG2BYVBB6,01KJN7A44GGBE9XR412KV5BFSC,A,B,0,0.0,3.0,1.0
01KJN6MMQ03KZPZN0275VZXK6R,page7-255,01KJN79B14FBSYSKKCG2BYVBB6,01KJN7AAX1VHZ1A7ZB35BNRH8N,A,A,1,0.25,3.0,1.0
01KJN6MMQ03KZPZN0275VZXK6R,page7-255,01KJN79B14FBSYSKKCG2BYVBB6,01KJN7AZC7FAG17CY924MRTCF7,A,A,1,0.0,3.0,1.0
01KJN6MMQ03KZPZN0275VZXK6R,page7-255,01KJN79B14FBSYSKKCG2BYVBB6,01KJN7C40WEQBDF48ACG18M0EV,A,B,0,0.0,3.0,1.0
01KJN6MMQ03KZPZN0275VZXK6R,page7-255,01KJN79J529BWBWTESKB6D9MB7,01KJN7A44GGBE9XR412KV5BFSC,C,B,0,0.0,3.0,1.0
01KJN6MMQ03KZPZN0275VZXK6R,page7-255,01KJN79J529BWBWTESKB6D9MB7,01KJN7AAX1VHZ1A7ZB35BNRH8N,C,A,0,0.0,3.0,1.0
01KJN6MMQ03KZPZN0275VZXK6R,page7-255,01KJN79J529BWBWTESKB6D9MB7,01KJN7AZC7FAG17CY924MRTCF7,C,A,0,0.0,3.0,1.0
01KJN6MMQ03KZPZN0275VZXK6R,page7-255,01KJN79J529BWBWTESKB6D9MB7,01KJN7C40WEQBDF48ACG18M0EV,C,B,0,0.0,3.0,1.0
01KJN6MMQ03KZPZN0275VZXK6R,page7-255,01KJN7A44GGBE9XR412KV5BFSC,01KJN7AAX1VHZ1A7ZB35BNRH8N,B,A,0,0.0,3.0,1.0
01KJN6MMQ03KZPZN0275VZXK6R,page7-255,01KJN7A44GGBE9XR412KV5BFSC,01KJN7AZC7FAG17CY924MRTCF7,B,A,0,0.0,3.0,1.0
01KJN6MMQ03KZPZN0275VZXK6R,page7-255,01KJN7A44GGBE9XR412KV5BFSC,01KJN7C40WEQBDF48ACG18M0EV,B,B,1,0.08333333333333333,3.0,1.0
01KJN6MMQ03KZPZN0275VZXK6R,page7-255,01KJN7AAX1VHZ1A7ZB35BNRH8N,01KJN7AZC7FAG17CY924MRTCF7,A,A,1,0.0,3.0,1.0
01KJN6MMQ03KZPZN0275VZXK6R,page7-255,01KJN7AAX1VHZ1A7ZB35BNRH8N,01KJN7C40WEQBDF48ACG18M0EV,A,B,0,0.058823529411764705,3.0,1.0
01KJN6MMQ03KZPZN0275VZXK6R,page7-255,01KJN7AZC7FAG17CY924MRTCF7,01KJN7C40WEQBDF48ACG18M0EV,A,B,0,0.0,3.0,1.0
01KJN6MMQ03KZPZN0275VZXK6R,page7-255,01KJN7863BFF3ZYZGVVSATZTH7,01KJN78DQ6KC0F9N1HA0BPB44R,C,C,1,0.2,4.0,1.0
01KJN6MMQ03KZPZN0275VZXK6R,page7-255,01KJN7863BFF3ZYZGVVSATZTH7,01KJN792W85XPK9QGH8A6HSYSJ,C,B,0,0.0,4.0,1.0
01KJN6MMQ03KZPZN0275VZXK6R,page7-255,01KJN7863BFF3ZYZGVVSATZTH7,01KJN79B14FBSYSKKCG2BYVBB6,C,A,0,0.0,4.0,1.0
01KJN6MMQ03KZPZN0275VZXK6R,page7-255,01KJN7863BFF3ZYZGVVSATZTH7,01KJN79J529BWBWTESKB6D9MB7,C,C,1,0.6666666666666666,4.0,1.0
01KJN6MMQ03KZPZN0275VZXK6R,page7-255,01KJN7863BFF3ZYZGVVSATZTH7,01KJN7A44GGBE9XR412KV5BFSC,C,B,0,0.0,4.0,1.0
01KJN6MMQ03KZPZN0275VZXK6R,page7-255,01KJN7863BFF3ZYZGVVSATZTH7,01KJN7AAX1VHZ1A7ZB35BNRH8N,C,A,0,0.0,4.0,1.0
01KJN6MMQ03KZPZN0275VZXK6R,page7-255,01KJN7863BFF3ZYZGVVSATZTH7,01KJN7AZC7FAG17CY924MRTCF7,C,A,0,0.0,4.0,1.0
01KJN6MMQ03KZPZN0275VZXK6R,page7-255,01KJN7863BFF3ZYZGVVSATZTH7,01KJN7C40WEQBDF48ACG18M0EV,C,B,0,0.0,4.0,1.0
01KJN6MMQ03KZPZN0275VZXK6R,page7-255,01KJN78DQ6KC0F9N1HA0BPB44R,01KJN792W85XPK9QGH8A6HSYSJ,C,B,0,0.0,4.0,1.0
01KJN6MMQ03KZPZN0275VZXK6R,page7-255,01KJN78DQ6KC0F9N1HA0BPB44R,01KJN79B14FBSYSKKCG2BYVBB6,C,A,0,0.0,4.0,1.0
01KJN6MMQ03KZPZN0275VZXK6R,page7-255,01KJN78DQ6KC0F9N1HA0BPB44R,01KJN79J529BWBWTESKB6D9MB7,C,C,1,0.0,4.0,1.0
01KJN6MMQ03KZPZN0275VZXK6R,page7-255,01KJN78DQ6KC0F9N1HA0BPB44R,01KJN7A44GGBE9XR412KV5BFSC,C,B,0,0.0,4.0,1.0
01KJN6MMQ03KZPZN0275VZXK6R,page7-255,01KJN78DQ6KC0F9N1HA0BPB44R,01KJN7AAX1VHZ1A7ZB35BNRH8N,C,A,0,0.0,4.0,1.0
01KJN6MMQ03KZPZN0275VZXK6R,page7-255,01KJN78DQ6KC0F9N1HA0BPB44R,01KJN7AZC7FAG17CY924MRTCF7,C,A,0,0.0,4.0,1.0
01KJN6MMQ03KZPZN0275VZXK6R,page7-255,01KJN78DQ6KC0F9N1HA0BPB44R,01KJN7C40WEQBDF48ACG18M0EV,C,B,0,0.0,4.0,1.0
01KJN6MMQ03KZPZN0275VZXK6R,page7-255,01KJN792W85XPK9QGH8A6HSYSJ,01KJN79B14FBSYSKKCG2BYVBB6,B,A,0,0.0,4.0,1.0
01KJN6MMQ03KZPZN0275VZXK6R,page7-255,01KJN792W85XPK9QGH8A6HSYSJ,01KJN79J529BWBWTESKB6D9MB7,B,C,0,0.0,4.0,1.0
01KJN6MMQ03KZPZN0275VZXK6R,page7-255,01KJN792W85XPK9QGH8A6HSYSJ,01KJN7A44GGBE9XR412KV5BFSC,B,B,1,0.0,4.0,1.0
01KJN6MMQ03KZPZN0275VZXK6R,page7-255,01KJN792W85XPK9QGH8A6HSYSJ,01KJN7AAX1VHZ1A7ZB35BNRH8N,B,A,0,0.0,4.0,1.0
01KJN6MMQ03KZPZN0275VZXK6R,page7-255,01KJN792W85XPK9QGH8A6HSYSJ,01KJN7AZC7FAG17CY924MRTCF7,B,A,0,0.0,4.0,1.0
01KJN6MMQ03KZPZN0275VZXK6R,page7-255,01KJN792W85XPK9QGH8A6HSYSJ,01KJN7C40WEQBDF48ACG18M0EV,B,B,1,0.3333333333333333,4.0,1.0
01KJN6MMQ03KZPZN0275VZXK6R,page7-255,01KJN79B14FBSYSKKCG2BYVBB6,01KJN79J529BWBWTESKB6D9MB7,A,C,0,0.0,4.0,1.0
01KJN6MMQ03KZPZN0275VZXK6R,page7-255,01KJN79B14FBSYSKKCG2BYVBB6,01KJN7A44GGBE9XR412KV5BFSC,A,B,0,0.0,4.0,1.0
01KJN6MMQ03KZPZN0275VZXK6R,page7-255,01KJN79B14FBSYSKKCG2BYVBB6,01KJN7AAX1VHZ1A7ZB35BNRH8N,A,A,1,0.6666666666666666,4.0,1.0
01KJN6MMQ03KZPZN0275VZXK6R,page7-255,01KJN79B14FBSYSKKCG2BYVBB6,01KJN7AZC7FAG17CY924MRTCF7,A,A,1,0.0,4.0,1.0
01KJN6MMQ03KZPZN0275VZXK6R,page7-255,01KJN79B14FBSYSKKCG2BYVBB6,01KJN7C40WEQBDF48ACG18M0EV,A,B,0,0.0,4.0,1.0
01KJN6MMQ03KZPZN0275VZXK6R,page7-255,01KJN79J529BWBWTESKB6D9MB7,01KJN7A44GGBE9XR412KV5BFSC,C,B,0,0.0,4.0,1.0
01KJN6MMQ03KZPZN0275VZXK6R,page7-255,01KJN79J529BWBWTESKB6D9MB7,01KJN7AAX1VHZ1A7ZB35BNRH8N,C,A,0,0.0,4.0,1.0
01KJN6MMQ03KZPZN0275VZXK6R,page7-255,01KJN79J529BWBWTESKB6D9MB7,01KJN7AZC7FAG17CY924MRTCF7,C,A,0,0.0,4.0,1.0
01KJN6MMQ03KZPZN0275VZXK6R,page7-255,01KJN79J529BWBWTESKB6D9MB7,01KJN7C40WEQBDF48ACG18M0EV,C,B,0,0.0,4.0,1.0
01KJN6MMQ03KZPZN0275VZXK6R,page7-255,01KJN7A44GGBE9XR412KV5BFSC,01KJN7AAX1VHZ1A7ZB35BNRH8N,B,A,0,0.0,4.0,1.0
01KJN6MMQ03KZPZN0275VZXK6R,page7-255,01KJN7A44GGBE9XR412KV5BFSC,01KJN7AZC7FAG17CY924MRTCF7,B,A,0,0.0,4.0,1.0
01KJN6MMQ03KZPZN0275VZXK6R,page7-255,01KJN7A44GGBE9XR412KV5BFSC,01KJN7C40WEQBDF48ACG18M0EV,B,B,1,0.08333333333333333,4.0,1.0
01KJN6MMQ03KZPZN0275VZXK6R,page7-255,01KJN7AAX1VHZ1A7ZB35BNRH8N,01KJN7AZC7FAG17CY924MRTCF7,A,A,1,0.0,4.0,1.0
01KJN6MMQ03KZPZN0275VZXK6R,page7-255,01KJN7AAX1VHZ1A7ZB35BNRH8N,01KJN7C40WEQBDF48ACG18M0EV,A,B,0,0.0,4.0,1.0
01KJN6MMQ03KZPZN0275VZXK6R,page7-255,01KJN7AZC7FAG17CY924MRTCF7,01KJN7C40WEQBDF48ACG18M0EV,A,B,0,0.0,4.0,1.0
01KJN6MMQ03KZPZN0275VZXK6R,page7-255,01KJN7863BFF3ZYZGVVSATZTH7,01KJN78DQ6KC0F9N1HA0BPB44R,C,C,1,0.6666666666666666,5.0,1.0
01KJN6MMQ03KZPZN0275VZXK6R,page7-255,01KJN7863BFF3ZYZGVVSATZTH7,01KJN792W85XPK9QGH8A6HSYSJ,C,B,0,0.0,5.0,1.0
01KJN6MMQ03KZPZN0275VZXK6R,page7-255,01KJN7863BFF3ZYZGVVSATZTH7,01KJN79B14FBSYSKKCG2BYVBB6,C,A,0,0.0,5.0,1.0
01KJN6MMQ03KZPZN0275VZXK6R,page7-255,01KJN7863BFF3ZYZGVVSATZTH7,01KJN79J529BWBWTESKB6D9MB7,C,C,1,0.6666666666666666,5.0,1.0
01KJN6MMQ03KZPZN0275VZXK6R,page7-255,01KJN7863BFF3ZYZGVVSATZTH7,01KJN7A44GGBE9XR412KV5BFSC,C,B,0,0.0,5.0,1.0
01KJN6MMQ03KZPZN0275VZXK6R,page7-255,01KJN7863BFF3ZYZGVVSATZTH7,01KJN7AAX1VHZ1A7ZB35BNRH8N,C,A,0,0.0,5.0,1.0
01KJN6MMQ03KZPZN0275VZXK6R,page7-255,01KJN7863BFF3ZYZGVVSATZTH7,01KJN7AZC7FAG17CY924MRTCF7,C,A,0,0.0,5.0,1.0
01KJN6MMQ03KZPZN0275VZXK6R,page7-255,01KJN7863BFF3ZYZGVVSATZTH7,01KJN7C40WEQBDF48ACG18M0EV,C,B,0,0.0,5.0,1.0
01KJN6MMQ03KZPZN0275VZXK6R,page7-255,01KJN78DQ6KC0F9N1HA0BPB44R,01KJN792W85XPK9QGH8A6HSYSJ,C,B,0,0.0,5.0,1.0
01KJN6MMQ03KZPZN0275VZXK6R,page7-255,01KJN78DQ6KC0F9N1HA0BPB44R,01KJN79B14FBSYSKKCG2BYVBB6,C,A,0,0.0,5.0,1.0
01KJN6MMQ03KZPZN0275VZXK6R,page7-255,01KJN78DQ6KC0F9N1HA0BPB44R,01KJN79J529BWBWTESKB6D9MB7,C,C,1,0.3333333333333333,5.0,1.0
01KJN6MMQ03KZPZN0275VZXK6R,page7-255,01KJN78DQ6KC0F9N1HA0BPB44R,01KJN7A44GGBE9XR412KV5BFSC,C,B,0,0.0,5.0,1.0
01KJN6MMQ03KZPZN0275VZXK6R,page7-255,01KJN78DQ6KC0F9N1HA0BPB44R,01KJN7AAX1VHZ1A7ZB35BNRH8N,C,A,0,0.0,5.0,1.0
01KJN6MMQ03KZPZN0275VZXK6R,page7-255,01KJN78DQ6KC0F9N1HA0BPB44R,01KJN7AZC7FAG17CY924MRTCF7,C,A,0,0.0,5.0,1.0
01KJN6MMQ03KZPZN0275VZXK6R,page7-255,01KJN78DQ6KC0F9N1HA0BPB44R,01KJN7C40WEQBDF48ACG18M0EV,C,B,0,0.0,5.0,1.0
01KJN6MMQ03KZPZN0275VZXK6R,page7-255,01KJN792W85XPK9QGH8A6HSYSJ,01KJN79B14FBSYSKKCG2BYVBB6,B,A,0,0.0,5.0,1.0
01KJN6MMQ03KZPZN0275VZXK6R,page7-255,01KJN792W85XPK9QGH8A6HSYSJ,01KJN79J529BWBWTESKB6D9MB7,B,C,0,0.0,5.0,1.0
01KJN6MMQ03KZPZN0275VZXK6R,page7-255,01KJN792W85XPK9QGH8A6HSYSJ,01KJN7A44GGBE9XR412KV5BFSC,B,B,1,0.0,5.0,1.0
01KJN6MMQ03KZPZN0275VZXK6R,page7-255,01KJN792W85XPK9QGH8A6HSYSJ,01KJN7AAX1VHZ1A7ZB35BNRH8N,B,A,0,0.0,5.0,1.0
01KJN6MMQ03KZPZN0275VZXK6R,page7-255,01KJN792W85XPK9QGH8A6HSYSJ,01KJN7AZC7FAG17CY924MRTCF7,B,A,0,0.0,5.0,1.0
01KJN6MMQ03KZPZN0275VZXK6R,page7-255,01KJN792W85XPK9QGH8A6HSYSJ,01KJN7C40WEQBDF48ACG18M0EV,B,B,1,0.3333333333333333,5.0,1.0
01KJN6MMQ03KZPZN0275VZXK6R,page7-255,01KJN79B14FBSYSKKCG2BYVBB6,01KJN79J529BWBWTESKB6D9MB7,A,C,0,0.0,5.0,1.0
01KJN6MMQ03KZPZN0275VZXK6R,page7-255,01KJN79B14FBSYSKKCG2BYVBB6,01KJN7A44GGBE9XR412KV5BFSC,A,B,0,0.0,5.0,1.0
01KJN6MMQ03KZPZN0275VZXK6R,page7-255,01KJN79B14FBSYSKKCG2BYVBB6,01KJN7AAX1VHZ1A7ZB35BNRH8N,A,A,1,0.6666666666666666,5.0,1.0
01KJN6MMQ03KZPZN0275VZXK6R,page7-255,01KJN79B14FBSYSKKCG2BYVBB6,01KJN7AZC7FAG17CY924MRTCF7,A,A,1,0.5,5.0,1.0
01KJN6MMQ03KZPZN0275VZXK6R,page7-255,01KJN79B14FBSYSKKCG2BYVBB6,01KJN7C40WEQBDF48ACG18M0EV,A,B,0,0.0,5.0,1.0
01KJN6MMQ03KZPZN0275VZXK6R,page7-255,01KJN79J529BWBWTESKB6D9MB7,01KJN7A44GGBE9XR412KV5BFSC,C,B,0,0.0,5.0,1.0
01KJN6MMQ03KZPZN0275VZXK6R,page7-255,01KJN79J529BWBWTESKB6D9MB7,01KJN7AAX1VHZ1A7ZB35BNRH8N,C,A,0,0.0,5.0,1.0
01KJN6MMQ03KZPZN0275VZXK6R,page7-255,01KJN79J529BWBWTESKB6D9MB7,01KJN7AZC7FAG17CY924MRTCF7,C,A,0,0.0,5.0,1.0
01KJN6MMQ03KZPZN0275VZXK6R,page7-255,01KJN79J529BWBWTESKB6D9MB7,01KJN7C40WEQBDF48ACG18M0EV,C,B,0,0.0,5.0,1.0
01KJN6MMQ03KZPZN0275VZXK6R,page7-255,01KJN7A44GGBE9XR412KV5BFSC,01KJN7AAX1VHZ1A7ZB35BNRH8N,B,A,0,0.0,5.0,1.0
01KJN6MMQ03KZPZN0275VZXK6R,page7-255,01KJN7A44GGBE9XR412KV5BFSC,01KJN7AZC7FAG17CY924MRTCF7,B,A,0,0.0,5.0,1.0
01KJN6MMQ03KZPZN0275VZXK6R,page7-255,01KJN7A44GGBE9XR412KV5BFSC,01KJN7C40WEQBDF48ACG18M0EV,B,B,1,0.08333333333333333,5.0,1.0
01KJN6MMQ03KZPZN0275VZXK6R,page7-255,01KJN7AAX1VHZ1A7ZB35BNRH8N,01KJN7AZC7FAG17CY924MRTCF7,A,A,1,0.3333333333333333,5.0,1.0
01KJN6MMQ03KZPZN0275VZXK6R,page7-255,01KJN7AAX1VHZ1A7ZB35BNRH8N,01KJN7C40WEQBDF48ACG18M0EV,A,B,0,0.0,5.0,1.0
01KJN6MMQ03KZPZN0275VZXK6R,page7-255,01KJN7AZC7FAG17CY924MRTCF7,01KJN7C40WEQBDF48ACG18M0EV,A,B,0,0.0,5.0,1.0
01KJN6MMQ03KZPZN0275VZXK6R,page5-28,01KJN7863BFF3ZYZGVVSATZTH7,01KJN792W85XPK9QGH8A6HSYSJ,C,B,0,0.6666666666666666,1.0,1.0
01KJN6MMQ03KZPZN0275VZXK6R,page5-28,01KJN7863BFF3ZYZGVVSATZTH7,01KJN79B14FBSYSKKCG2BYVBB6,C,A,0,0.18181818181818182,1.0,1.0
01KJN6MMQ03KZPZN0275VZXK6R,page5-28,01KJN7863BFF3ZYZGVVSATZTH7,01KJN79J529BWBWTESKB6D9MB7,C,C,1,0.125,1.0,1.0
01KJN6MMQ03KZPZN0275VZXK6R,page5-28,01KJN7863BFF3ZYZGVVSATZTH7,01KJN7AAX1VHZ1A7ZB35BNRH8N,C,A,0,0.1111111111111111,1.0,1.0
01KJN6MMQ03KZPZN0275VZXK6R,page5-28,01KJN7863BFF3ZYZGVVSATZTH7,01KJN7C40WEQBDF48ACG18M0EV,C,B,0,0.3333333333333333,1.0,1.0
01KJN6MMQ03KZPZN0275VZXK6R,page5-28,01KJN792W85XPK9QGH8A6HSYSJ,01KJN79B14FBSYSKKCG2BYVBB6,B,A,0,0.18181818181818182,1.0,1.0
01KJN6MMQ03KZPZN0275VZXK6R,page5-28,01KJN792W85XPK9QGH8A6HSYSJ,01KJN79J529BWBWTESKB6D9MB7,B,C,0,0.125,1.0,1.0
01KJN6MMQ03KZPZN0275VZXK6R,page5-28,01KJN792W85XPK9QGH8A6HSYSJ,01KJN7AAX1VHZ1A7ZB35BNRH8N,B,A,0,0.1111111111111111,1.0,1.0
01KJN6MMQ03KZPZN0275VZXK6R,page5-28,01KJN792W85XPK9QGH8A6HSYSJ,01KJN7C40WEQBDF48ACG18M0EV,B,B,1,0.3333333333333333,1.0,1.0
01KJN6MMQ03KZPZN0275VZXK6R,page5-28,01KJN79B14FBSYSKKCG2BYVBB6,01KJN79J529BWBWTESKB6D9MB7,A,C,0,0.09090909090909091,1.0,1.0
01KJN6MMQ03KZPZN0275VZXK6R,page5-28,01KJN79B14FBSYSKKCG2BYVBB6,01KJN7AAX1VHZ1A7ZB35BNRH8N,A,A,1,0.3,1.0,1.0
01KJN6MMQ03KZPZN0275VZXK6R,page5-28,01KJN79B14FBSYSKKCG2BYVBB6,01KJN7C40WEQBDF48ACG18M0EV,A,B,0,0.25,1.0,1.0
01KJN6MMQ03KZPZN0275VZXK6R,page5-28,01KJN79J529BWBWTESKB6D9MB7,01KJN7AAX1VHZ1A7ZB35BNRH8N,C,A,0,0.0,1.0,1.0
01KJN6MMQ03KZPZN0275VZXK6R,page5-28,01KJN79J529BWBWTESKB6D9MB7,01KJN7C40WEQBDF48ACG18M0EV,C,B,0,0.1,1.0,1.0
01KJN6MMQ03KZPZN0275VZXK6R,page5-28,01KJN7AAX1VHZ1A7ZB35BNRH8N,01KJN7C40WEQBDF48ACG18M0EV,A,B,0,0.2,1.0,1.0
01KJN6MMQ03KZPZN0275VZXK6R,page5-28,01KJN7863BFF3ZYZGVVSATZTH7,01KJN78DQ6KC0F9N1HA0BPB44R,C,C,1,0.2,2.0,1.0
01KJN6MMQ03KZPZN0275VZXK6R,page5-28,01KJN7863BFF3ZYZGVVSATZTH7,01KJN792W85XPK9QGH8A6HSYSJ,C,B,0,0.6666666666666666,2.0,1.0
01KJN6MMQ03KZPZN0275VZXK6R,page5-28,01KJN7863BFF3ZYZGVVSATZTH7,01KJN79B14FBSYSKKCG2BYVBB6,C,A,0,0.18181818181818182,2.0,1.0
01KJN6MMQ03KZPZN0275VZXK6R,page5-28,01KJN7863BFF3ZYZGVVSATZTH7,01KJN79J529BWBWTESKB6D9MB7,C,C,1,0.125,2.0,1.0
01KJN6MMQ03KZPZN0275VZXK6R,page5-28,01KJN7863BFF3ZYZGVVSATZTH7,01KJN7A44GGBE9XR412KV5BFSC,C,B,0,0.125,2.0,1.0
01KJN6MMQ03KZPZN0275VZXK6R,page5-28,01KJN7863BFF3ZYZGVVSATZTH7,01KJN7AAX1VHZ1A7ZB35BNRH8N,C,A,0,0.1111111111111111,2.0,1.0
01KJN6MMQ03KZPZN0275VZXK6R,page5-28,01KJN7863BFF3ZYZGVVSATZTH7,01KJN7AZC7FAG17CY924MRTCF7,C,A,0,0.2727272727272727,2.0,1.0
01KJN6MMQ03KZPZN0275VZXK6R,page5-28,01KJN7863BFF3ZYZGVVSATZTH7,01KJN7C40WEQBDF48ACG18M0EV,C,B,0,0.3333333333333333,2.0,1.0
01KJN6MMQ03KZPZN0275VZXK6R,page5-28,01KJN78DQ6KC0F9N1HA0BPB44R,01KJN792W85XPK9QGH8A6HSYSJ,C,B,0,0.3333333333333333,2.0,1.0
01KJN6MMQ03KZPZN0275VZXK6R,page5-28,01KJN78DQ6KC0F9N1HA0BPB44R,01KJN79B14FBSYSKKCG2BYVBB6,C,A,0,0.5,2.0,1.0
01KJN6MMQ03KZPZN0275VZXK6R,page5-28,01KJN78DQ6KC0F9N1HA0BPB44R,01KJN79J529BWBWTESKB6D9MB7,C,C,1,0.1,2.0,1.0
01KJN6MMQ03KZPZN0275VZXK6R,page5-28,01KJN78DQ6KC0F9N1HA0BPB44R,01KJN7A44GGBE9XR412KV5BFSC,C,B,0,0.2222222222222222,2.0,1.0
01KJN6MMQ03KZPZN0275VZXK6R,page5-28,01KJN78DQ6KC0F9N1HA0BPB44R,01KJN7AAX1VHZ1A7ZB35BNRH8N,C,A,0,0.3333333333333333,2.0,1.0
01KJN6MMQ03KZPZN0275VZXK6R,page5-28,01KJN78DQ6KC0F9N1HA0BPB44R,01KJN7AZC7FAG17CY924MRTCF7,C,A,0,0.06666666666666667,2.0,1.0
01KJN6MMQ03KZPZN0275VZXK6R,page5-28,01KJN78DQ6KC0F9N1HA0BPB44R,01KJN7C40WEQBDF48ACG18M0EV,C,B,0,0.2727272727272727,2.0,1.0
01KJN6MMQ03KZPZN0275VZXK6R,page5-28,01KJN792W85XPK9QGH8A6HSYSJ,01KJN79B14FBSYSKKCG2BYVBB6,B,A,0,0.18181818181818182,2.0,1.0
01KJN6MMQ03KZPZN0275VZXK6R,page5-28,01KJN792W85XPK9QGH8A6HSYSJ,01KJN79J529BWBWTESKB6D9MB7,B,C,0,0.125,2.0,1.0
01KJN6MMQ03KZPZN0275VZXK6R,page5-28,01KJN792W85XPK9QGH8A6HSYSJ,01KJN7A44GGBE9XR412KV5BFSC,B,B,1,0.125,2.0,1.0
01KJN6MMQ03KZPZN0275VZXK6R,page5-28,01KJN792W85XPK9QGH8A6HSYSJ,01KJN7AAX1VHZ1A7ZB35BNRH8N,B,A,0,0.1111111111111111,2.0,1.0
01KJN6MMQ03KZPZN0275VZXK6R,page5-28,01KJN792W85XPK9QGH8A6HSYSJ,01KJN7AZC7FAG17CY924MRTCF7,B,A,0,0.2727272727272727,2.0,1.0
01KJN6MMQ03KZPZN0275VZXK6R,page5-28,01KJN792W85XPK9QGH8A6HSYSJ,01KJN7C40WEQBDF48ACG18M0EV,B,B,1,0.3333333333333333,2.0,1.0
01KJN6MMQ03KZPZN0275VZXK6R,page5-28,01KJN79B14FBSYSKKCG2BYVBB6,01KJN79J529BWBWTESKB6D9MB7,A,C,0,0.09090909090909091,2.0,1.0
01KJN6MMQ03KZPZN0275VZXK6R,page5-28,01KJN79B14FBSYSKKCG2BYVBB6,01KJN7A44GGBE9XR412KV5BFSC,A,B,0,0.3333333333333333,2.0,1.0
01KJN6MMQ03KZPZN0275VZXK6R,page5-28,01KJN79B14FBSYSKKCG2BYVBB6,01KJN7AAX1VHZ1A7ZB35BNRH8N,A,A,1,0.3,2.0,1.0
01KJN6MMQ03KZPZN0275VZXK6R,page5-28,01KJN79B14FBSYSKKCG2BYVBB6,01KJN7AZC7FAG17CY924MRTCF7,A,A,1,0.0625,2.0,1.0
01KJN6MMQ03KZPZN0275VZXK6R,page5-28,01KJN79B14FBSYSKKCG2BYVBB6,01KJN7C40WEQBDF48ACG18M0EV,A,B,0,0.25,2.0,1.0
01KJN6MMQ03KZPZN0275VZXK6R,page5-28,01KJN79J529BWBWTESKB6D9MB7,01KJN7A44GGBE9XR412KV5BFSC,C,B,0,0.14285714285714285,2.0,1.0
01KJN6MMQ03KZPZN0275VZXK6R,page5-28,01KJN79J529BWBWTESKB6D9MB7,01KJN7AAX1VHZ1A7ZB35BNRH8N,C,A,0,0.0,2.0,1.0
01KJN6MMQ03KZPZN0275VZXK6R,page5-28,01KJN79J529BWBWTESKB6D9MB7,01KJN7AZC7FAG17CY924MRTCF7,C,A,0,0.08333333333333333,2.0,1.0
01KJN6MMQ03KZPZN0275VZXK6R,page5-28,01KJN79J529BWBWTESKB6D9MB7,01KJN7C40WEQBDF48ACG18M0EV,C,B,0,0.1,2.0,1.0
01KJN6MMQ03KZPZN0275VZXK6R,page5-28,01KJN7A44GGBE9XR412KV5BFSC,01KJN7AAX1VHZ1A7ZB35BNRH8N,B,A,0,0.125,2.0,1.0
01KJN6MMQ03KZPZN0275VZXK6R,page5-28,01KJN7A44GGBE9XR412KV5BFSC,01KJN7AZC7FAG17CY924MRTCF7,B,A,0,0.08333333333333333,2.0,1.0
01KJN6MMQ03KZPZN0275VZXK6R,page5-28,01KJN7A44GGBE9XR412KV5BFSC,01KJN7C40WEQBDF48ACG18M0EV,B,B,1,0.2222222222222222,2.0,1.0
01KJN6MMQ03KZPZN0275VZXK6R,page5-28,01KJN7AAX1VHZ1A7ZB35BNRH8N,01KJN7AZC7FAG17CY924MRTCF7,A,A,1,0.0,2.0,1.0
01KJN6MMQ03KZPZN0275VZXK6R,page5-28,01KJN7AAX1VHZ1A7ZB35BNRH8N,01KJN7C40WEQBDF48ACG18M0EV,A,B,0,0.2,2.0,1.0
01KJN6MMQ03KZPZN0275VZXK6R,page5-28,01KJN7AZC7FAG17CY924MRTCF7,01KJN7C40WEQBDF48ACG18M0EV,A,B,0,0.14285714285714285,2.0,1.0
01KJN6MMQ03KZPZN0275VZXK6R,page5-28,01KJN7863BFF3ZYZGVVSATZTH7,01KJN78DQ6KC0F9N1HA0BPB44R,C,C,1,0.2,3.0,1.0
01KJN6MMQ03KZPZN0275VZXK6R,page5-28,01KJN7863BFF3ZYZGVVSATZTH7,01KJN792W85XPK9QGH8A6HSYSJ,C,B,0,0.6666666666666666,3.0,1.0
01KJN6MMQ03KZPZN0275VZXK6R,page5-28,01KJN7863BFF3ZYZGVVSATZTH7,01KJN79B14FBSYSKKCG2BYVBB6,C,A,0,0.3333333333333333,3.0,1.0
01KJN6MMQ03KZPZN0275VZXK6R,page5-28,01KJN7863BFF3ZYZGVVSATZTH7,01KJN79J529BWBWTESKB6D9MB7,C,C,1,0.5,3.0,1.0
01KJN6MMQ03KZPZN0275VZXK6R,page5-28,01KJN7863BFF3ZYZGVVSATZTH7,01KJN7A44GGBE9XR412KV5BFSC,C,B,0,0.125,3.0,1.0
01KJN6MMQ03KZPZN0275VZXK6R,page5-28,01KJN7863BFF3ZYZGVVSATZTH7,01KJN7AAX1VHZ1A7ZB35BNRH8N,C,A,0,0.1111111111111111,3.0,1.0
01KJN6MMQ03KZPZN0275VZXK6R,page5-28,01KJN7863BFF3ZYZGVVSATZTH7,01KJN7AZC7FAG17CY924MRTCF7,C,A,0,0.2727272727272727,3.0,1.0
01KJN6MMQ03KZPZN0275VZXK6R,page5-28,01KJN7863BFF3ZYZGVVSATZTH7,01KJN7C40WEQBDF48ACG18M0EV,C,B,0,0.3333333333333333,3.0,1.0
01KJN6MMQ03KZPZN0275VZXK6R,page5-28,01KJN78DQ6KC0F9N1HA0BPB44R,01KJN792W85XPK9QGH8A6HSYSJ,C,B,0,0.3333333333333333,3.0,1.0
01KJN6MMQ03KZPZN0275VZXK6R,page5-28,01KJN78DQ6KC0F9N1HA0BPB44R,01KJN79B14FBSYSKKCG2BYVBB6,C,A,0,0.2727272727272727,3.0,1.0
01KJN6MMQ03KZPZN0275VZXK6R,page5-28,01KJN78DQ6KC0F9N1HA0BPB44R,01KJN79J529BWBWTESKB6D9MB7,C,C,1,0.2727272727272727,3.0,1.0
01KJN6MMQ03KZPZN0275VZXK6R,page5-28,01KJN78DQ6KC0F9N1HA0BPB44R,01KJN7A44GGBE9XR412KV5BFSC,C,B,0,0.2222222222222222,3.0,1.0
01KJN6MMQ03KZPZN0275VZXK6R,page5-28,01KJN78DQ6KC0F9N1HA0BPB44R,01KJN7AAX1VHZ1A7ZB35BNRH8N,C,A,0,0.3333333333333333,3.0,1.0
01KJN6MMQ03KZPZN0275VZXK6R,page5-28,01KJN78DQ6KC0F9N1HA0BPB44R,01KJN7AZC7FAG17CY924MRTCF7,C,A,0,0.06666666666666667,3.0,1.0
01KJN6MMQ03KZPZN0275VZXK6R,page5-28,01KJN78DQ6KC0F9N1HA0BPB44R,01KJN7C40WEQBDF48ACG18M0EV,C,B,0,0.4,3.0,1.0
01KJN6MMQ03KZPZN0275VZXK6R,page5-28,01KJN792W85XPK9QGH8A6HSYSJ,01KJN79B14FBSYSKKCG2BYVBB6,B,A,0,0.3333333333333333,3.0,1.0
01KJN6MMQ03KZPZN0275VZXK6R,page5-28,01KJN792W85XPK9QGH8A6HSYSJ,01KJN79J529BWBWTESKB6D9MB7,B,C,0,0.5,3.0,1.0
01KJN6MMQ03KZPZN0275VZXK6R,page5-28,01KJN792W85XPK9QGH8A6HSYSJ,01KJN7A44GGBE9XR412KV5BFSC,B,B,1,0.125,3.0,1.0
01KJN6MMQ03KZPZN0275VZXK6R,page5-28,01KJN792W85XPK9QGH8A6HSYSJ,01KJN7AAX1VHZ1A7ZB35BNRH8N,B,A,0,0.1111111111111111,3.0,1.0
01KJN6MMQ03KZPZN0275VZXK6R,page5-28,01KJN792W85XPK9QGH8A6HSYSJ,01KJN7AZC7FAG17CY924MRTCF7,B,A,0,0.2727272727272727,3.0,1.0
01KJN6MMQ03KZPZN0275VZXK6R,page5-28,01KJN792W85XPK9QGH8A6HSYSJ,01KJN7C40WEQBDF48ACG18M0EV,B,B,1,0.5,3.0,1.0
01KJN6MMQ03KZPZN0275VZXK6R,page5-28,01KJN79B14FBSYSKKCG2BYVBB6,01KJN79J529BWBWTESKB6D9MB7,A,C,0,0.2727272727272727,3.0,1.0
01KJN6MMQ03KZPZN0275VZXK6R,page5-28,01KJN79B14FBSYSKKCG2BYVBB6,01KJN7A44GGBE9XR412KV5BFSC,A,B,0,0.1,3.0,1.0
01KJN6MMQ03KZPZN0275VZXK6R,page5-28,01KJN79B14FBSYSKKCG2BYVBB6,01KJN7AAX1VHZ1A7ZB35BNRH8N,A,A,1,0.2,3.0,1.0
01KJN6MMQ03KZPZN0275VZXK6R,page5-28,01KJN79B14FBSYSKKCG2BYVBB6,01KJN7AZC7FAG17CY924MRTCF7,A,A,1,0.14285714285714285,3.0,1.0
01KJN6MMQ03KZPZN0275VZXK6R,page5-28,01KJN79B14FBSYSKKCG2BYVBB6,01KJN7C40WEQBDF48ACG18M0EV,A,B,0,0.2727272727272727,3.0,1.0
01KJN6MMQ03KZPZN0275VZXK6R,page5-28,01KJN79J529BWBWTESKB6D9MB7,01KJN7A44GGBE9XR412KV5BFSC,C,B,0,0.2222222222222222,3.0,1.0
01KJN6MMQ03KZPZN0275VZXK6R,page5-28,01KJN79J529BWBWTESKB6D9MB7,01KJN7AAX1VHZ1A7ZB35BNRH8N,C,A,0,0.2,3.0,1.0
01KJN6MMQ03KZPZN0275VZXK6R,page5-28,01KJN79J529BWBWTESKB6D9MB7,01KJN7AZC7FAG17CY924MRTCF7,C,A,0,0.23076923076923078,3.0,1.0
01KJN6MMQ03KZPZN0275VZXK6R,page5-28,01KJN79J529BWBWTESKB6D9MB7,01KJN7C40WEQBDF48ACG18M0EV,C,B,0,0.4,3.0,1.0
01KJN6MMQ03KZPZN0275VZXK6R,page5-28,01KJN7A44GGBE9XR412KV5BFSC,01KJN7AAX1VHZ1A7ZB35BNRH8N,B,A,0,0.125,3.0,1.0
01KJN6MMQ03KZPZN0275VZXK6R,page5-28,01KJN7A44GGBE9XR412KV5BFSC,01KJN7AZC7FAG17CY924MRTCF7,B,A,0,0.08333333333333333,3.0,1.0
01KJN6MMQ03KZPZN0275VZXK6R,page5-28,01KJN7A44GGBE9XR412KV5BFSC,01KJN7C40WEQBDF48ACG18M0EV,B,B,1,0.2222222222222222,3.0,1.0
01KJN6MMQ03KZPZN0275VZXK6R,page5-28,01KJN7AAX1VHZ1A7ZB35BNRH8N,01KJN7AZC7FAG17CY924MRTCF7,A,A,1,0.0,3.0,1.0
01KJN6MMQ03KZPZN0275VZXK6R,page5-28,01KJN7AAX1VHZ1A7ZB35BNRH8N,01KJN7C40WEQBDF48ACG18M0EV,A,B,0,0.2,3.0,1.0
01KJN6MMQ03KZPZN0275VZXK6R,page5-28,01KJN7AZC7FAG17CY924MRTCF7,01KJN7C40WEQBDF48ACG18M0EV,A,B,0,0.14285714285714285,3.0,1.0
01KJN6MMQ03KZPZN0275VZXK6R,page5-28,01KJN7863BFF3ZYZGVVSATZTH7,01KJN78DQ6KC0F9N1HA0BPB44R,C,C,1,0.09090909090909091,4.0,1.0
01KJN6MMQ03KZPZN0275VZXK6R,page5-28,01KJN7863BFF3ZYZGVVSATZTH7,01KJN792W85XPK9QGH8A6HSYSJ,C,B,0,0.0,4.0,1.0
01KJN6MMQ03KZPZN0275VZXK6R,page5-28,01KJN7863BFF3ZYZGVVSATZTH7,01KJN79B14FBSYSKKCG2BYVBB6,C,A,0,0.09090909090909091,4.0,1.0
01KJN6MMQ03KZPZN0275VZXK6R,page5-28,01KJN7863BFF3ZYZGVVSATZTH7,01KJN79J529BWBWTESKB6D9MB7,C,C,1,0.3333333333333333,4.0,1.0
01KJN6MMQ03KZPZN0275VZXK6R,page5-28,01KJN7863BFF3ZYZGVVSATZTH7,01KJN7A44GGBE9XR412KV5BFSC,C,B,0,0.125,4.0,1.0
01KJN6MMQ03KZPZN0275VZXK6R,page5-28,01KJN7863BFF3ZYZGVVSATZTH7,01KJN7AAX1VHZ1A7ZB35BNRH8N,C,A,0,0.0,4.0,1.0
01KJN6MMQ03KZPZN0275VZXK6R,page5-28,01KJN7863BFF3ZYZGVVSATZTH7,01KJN7AZC7FAG17CY924MRTCF7,C,A,0,0.16666666666666666,4.0,1.0
01KJN6MMQ03KZPZN0275VZXK6R,page5-28,01KJN7863BFF3ZYZGVVSATZTH7,01KJN7C40WEQBDF48ACG18M0EV,C,B,0,0.09090909090909091,4.0,1.0
01KJN6MMQ03KZPZN0275VZXK6R,page5-28,01KJN78DQ6KC0F9N1HA0BPB44R,01KJN792W85XPK9QGH8A6HSYSJ,C,B,0,0.0,4.0,1.0
01KJN6MMQ03KZPZN0275VZXK6R,page5-28,01KJN78DQ6KC0F9N1HA0BPB44R,01KJN79B14FBSYSKKCG2BYVBB6,C,A,0,0.2727272727272727,4.0,1.0
01KJN6MMQ03KZPZN0275VZXK6R,page5-28,01KJN78DQ6KC0F9N1HA0BPB44R,01KJN79J529BWBWTESKB6D9MB7,C,C,1,0.2727272727272727,4.0,1.0
01KJN6MMQ03KZPZN0275VZXK6R,page5-28,01KJN78DQ6KC0F9N1HA0BPB44R,01KJN7A44GGBE9XR412KV5BFSC,C,B,0,0.2222222222222222,4.0,1.0
01KJN6MMQ03KZPZN0275VZXK6R,page5-28,01KJN78DQ6KC0F9N1HA0BPB44R,01KJN7AAX1VHZ1A7ZB35BNRH8N,C,A,0,0.125,4.0,1.0
01KJN6MMQ03KZPZN0275VZXK6R,page5-28,01KJN78DQ6KC0F9N1HA0BPB44R,01KJN7AZC7FAG17CY924MRTCF7,C,A,0,0.06666666666666667,4.0,1.0
01KJN6MMQ03KZPZN0275VZXK6R,page5-28,01KJN78DQ6KC0F9N1HA0BPB44R,01KJN7C40WEQBDF48ACG18M0EV,C,B,0,0.4,4.0,1.0
01KJN6MMQ03KZPZN0275VZXK6R,page5-28,01KJN792W85XPK9QGH8A6HSYSJ,01KJN79B14FBSYSKKCG2BYVBB6,B,A,0,0.0,4.0,1.0
01KJN6MMQ03KZPZN0275VZXK6R,page5-28,01KJN792W85XPK9QGH8A6HSYSJ,01KJN79J529BWBWTESKB6D9MB7,B,C,0,0.0,4.0,1.0
01KJN6MMQ03KZPZN0275VZXK6R,page5-28,01KJN792W85XPK9QGH8A6HSYSJ,01KJN7A44GGBE9XR412KV5BFSC,B,B,1,0.0,4.0,1.0
01KJN6MMQ03KZPZN0275VZXK6R,page5-28,01KJN792W85XPK9QGH8A6HSYSJ,01KJN7AAX1VHZ1A7ZB35BNRH8N,B,A,0,0.0,4.0,1.0
01KJN6MMQ03KZPZN0275VZXK6R,page5-28,01KJN792W85XPK9QGH8A6HSYSJ,01KJN7AZC7FAG17CY924MRTCF7,B,A,0,0.0,4.0,1.0
01KJN6MMQ03KZPZN0275VZXK6R,page5-28,01KJN792W85XPK9QGH8A6HSYSJ,01KJN7C40WEQBDF48ACG18M0EV,B,B,1,0.0,4.0,1.0
01KJN6MMQ03KZPZN0275VZXK6R,page5-28,01KJN79B14FBSYSKKCG2BYVBB6,01KJN79J529BWBWTESKB6D9MB7,A,C,0,0.2727272727272727,4.0,1.0
01KJN6MMQ03KZPZN0275VZXK6R,page5-28,01KJN79B14FBSYSKKCG2BYVBB6,01KJN7A44GGBE9XR412KV5BFSC,A,B,0,0.1,4.0,1.0
01KJN6MMQ03KZPZN0275VZXK6R,page5-28,01KJN79B14FBSYSKKCG2BYVBB6,01KJN7AAX1VHZ1A7ZB35BNRH8N,A,A,1,0.125,4.0,1.0
01KJN6MMQ03KZPZN0275VZXK6R,page5-28,01KJN79B14FBSYSKKCG2BYVBB6,01KJN7AZC7FAG17CY924MRTCF7,A,A,1,0.14285714285714285,4.0,1.0
01KJN6MMQ03KZPZN0275VZXK6R,page5-28,01KJN79B14FBSYSKKCG2BYVBB6,01KJN7C40WEQBDF48ACG18M0EV,A,B,0,0.2727272727272727,4.0,1.0
01KJN6MMQ03KZPZN0275VZXK6R,page5-28,01KJN79J529BWBWTESKB6D9MB7,01KJN7A44GGBE9XR412KV5BFSC,C,B,0,0.2222222222222222,4.0,1.0
01KJN6MMQ03KZPZN0275VZXK6R,page5-28,01KJN79J529BWBWTESKB6D9MB7,01KJN7AAX1VHZ1A7ZB35BNRH8N,C,A,0,0.125,4.0,1.0
01KJN6MMQ03KZPZN0275VZXK6R,page5-28,01KJN79J529BWBWTESKB6D9MB7,01KJN7AZC7FAG17CY924MRTCF7,C,A,0,0.23076923076923078,4.0,1.0
01KJN6MMQ03KZPZN0275VZXK6R,page5-28,01KJN79J529BWBWTESKB6D9MB7,01KJN7C40WEQBDF48ACG18M0EV,C,B,0,0.4,4.0,1.0
01KJN6MMQ03KZPZN0275VZXK6R,page5-28,01KJN7A44GGBE9XR412KV5BFSC,01KJN7AAX1VHZ1A7ZB35BNRH8N,B,A,0,0.0,4.0,1.0
01KJN6MMQ03KZPZN0275VZXK6R,page5-28,01KJN7A44GGBE9XR412KV5BFSC,01KJN7AZC7FAG17CY924MRTCF7,B,A,0,0.08333333333333333,4.0,1.0
01KJN6MMQ03KZPZN0275VZXK6R,page5-28,01KJN7A44GGBE9XR412KV5BFSC,01KJN7C40WEQBDF48ACG18M0EV,B,B,1,0.2222222222222222,4.0,1.0
01KJN6MMQ03KZPZN0275VZXK6R,page5-28,01KJN7AAX1VHZ1A7ZB35BNRH8N,01KJN7AZC7FAG17CY924MRTCF7,A,A,1,0.0,4.0,1.0
01KJN6MMQ03KZPZN0275VZXK6R,page5-28,01KJN7AAX1VHZ1A7ZB35BNRH8N,01KJN7C40WEQBDF48ACG18M0EV,A,B,0,0.125,4.0,1.0
01KJN6MMQ03KZPZN0275VZXK6R,page5-28,01KJN7AZC7FAG17CY924MRTCF7,01KJN7C40WEQBDF48ACG18M0EV,A,B,0,0.14285714285714285,4.0,1.0
01KJN6MMQ03KZPZN0275VZXK6R,page5-28,01KJN7863BFF3ZYZGVVSATZTH7,01KJN78DQ6KC0F9N1HA0BPB44R,C,C,1,0.1111111111111111,5.0,1.0
01KJN6MMQ03KZPZN0275VZXK6R,page5-28,01KJN7863BFF3ZYZGVVSATZTH7,01KJN792W85XPK9QGH8A6HSYSJ,C,B,0,0.0,5.0,1.0
01KJN6MMQ03KZPZN0275VZXK6R,page5-28,01KJN7863BFF3ZYZGVVSATZTH7,01KJN79B14FBSYSKKCG2BYVBB6,C,A,0,0.09090909090909091,5.0,1.0
01KJN6MMQ03KZPZN0275VZXK6R,page5-28,01KJN7863BFF3ZYZGVVSATZTH7,01KJN79J529BWBWTESKB6D9MB7,C,C,1,0.3333333333333333,5.0,1.0
01KJN6MMQ03KZPZN0275VZXK6R,page5-28,01KJN7863BFF3ZYZGVVSATZTH7,01KJN7A44GGBE9XR412KV5BFSC,C,B,0,0.125,5.0,1.0
01KJN6MMQ03KZPZN0275VZXK6R,page5-28,01KJN7863BFF3ZYZGVVSATZTH7,01KJN7AAX1VHZ1A7ZB35BNRH8N,C,A,0,0.0,5.0,1.0
01KJN6MMQ03KZPZN0275VZXK6R,page5-28,01KJN7863BFF3ZYZGVVSATZTH7,01KJN7AZC7FAG17CY924MRTCF7,C,A,0,0.16666666666666666,5.0,1.0
01KJN6MMQ03KZPZN0275VZXK6R,page5-28,01KJN7863BFF3ZYZGVVSATZTH7,01KJN7C40WEQBDF48ACG18M0EV,C,B,0,0.09090909090909091,5.0,1.0
01KJN6MMQ03KZPZN0275VZXK6R,page5-28,01KJN78DQ6KC0F9N1HA0BPB44R,01KJN792W85XPK9QGH8A6HSYSJ,C,B,0,0.0,5.0,1.0
01KJN6MMQ03KZPZN0275VZXK6R,page5-28,01KJN78DQ6KC0F9N1HA0BPB44R,01KJN79B14FBSYSKKCG2BYVBB6,C,A,0,0.5,5.0,1.0
01KJN6MMQ03KZPZN0275VZXK6R,page5-28,01KJN78DQ6KC0F9N1HA0BPB44R,01KJN79J529BWBWTESKB6D9MB7,C,C,1,0.5,5.0,1.0
01KJN6MMQ03KZPZN0275VZXK6R,page5-28,01KJN78DQ6KC0F9N1HA0BPB44R,01KJN7A44GGBE9XR412KV5BFSC,C,B,0,0.2857142857142857,5.0,1.0
01KJN6MMQ03KZPZN0275VZXK6R,page5-28,01KJN78DQ6KC0F9N1HA0BPB44R,01KJN7AAX1VHZ1A7ZB35BNRH8N,C,A,0,0.16666666666666666,5.0,1.0
01KJN6MMQ03KZPZN0275VZXK6R,page5-28,01KJN78DQ6KC0F9N1HA0BPB44R,01KJN7AZC7FAG17CY924MRTCF7,C,A,0,0.4,5.0,1.0
01KJN6MMQ03KZPZN0275VZXK6R,page5-28,01KJN78DQ6KC0F9N1HA0BPB44R,01KJN7C40WEQBDF48ACG18M0EV,C,B,0,0.5,5.0,1.0
01KJN6MMQ03KZPZN0275VZXK6R,page5-28,01KJN792W85XPK9QGH8A6HSYSJ,01KJN79B14FBSYSKKCG2BYVBB6,B,A,0,0.0,5.0,1.0
01KJN6MMQ03KZPZN0275VZXK6R,page5-28,01KJN792W85XPK9QGH8A6HSYSJ,01KJN79J529BWBWTESKB6D9MB7,B,C,0,0.0,5.0,1.0
01KJN6MMQ03KZPZN0275VZXK6R,page5-28,01KJN792W85XPK9QGH8A6HSYSJ,01KJN7A44GGBE9XR412KV5BFSC,B,B,1,0.0,5.0,1.0
01KJN6MMQ03KZPZN0275VZXK6R,page5-28,01KJN792W85XPK9QGH8A6HSYSJ,01KJN7AAX1VHZ1A7ZB35BNRH8N,B,A,0,0.0,5.0,1.0
01KJN6MMQ03KZPZN0275VZXK6R,page5-28,01KJN792W85XPK9QGH8A6HSYSJ,01KJN7AZC7FAG17CY924MRTCF7,B,A,0,0.0,5.0,1.0
01KJN6MMQ03KZPZN0275VZXK6R,page5-28,01KJN792W85XPK9QGH8A6HSYSJ,01KJN7C40WEQBDF48ACG18M0EV,B,B,1,0.0,5.0,1.0
01KJN6MMQ03KZPZN0275VZXK6R,page5-28,01KJN79B14FBSYSKKCG2BYVBB6,01KJN79J529BWBWTESKB6D9MB7,A,C,0,0.2727272727272727,5.0,1.0
01KJN6MMQ03KZPZN0275VZXK6R,page5-28,01KJN79B14FBSYSKKCG2BYVBB6,01KJN7A44GGBE9XR412KV5BFSC,A,B,0,0.1,5.0,1.0
01KJN6MMQ03KZPZN0275VZXK6R,page5-28,01KJN79B14FBSYSKKCG2BYVBB6,01KJN7AAX1VHZ1A7ZB35BNRH8N,A,A,1,0.125,5.0,1.0
01KJN6MMQ03KZPZN0275VZXK6R,page5-28,01KJN79B14FBSYSKKCG2BYVBB6,01KJN7AZC7FAG17CY924MRTCF7,A,A,1,0.2857142857142857,5.0,1.0
01KJN6MMQ03KZPZN0275VZXK6R,page5-28,01KJN79B14FBSYSKKCG2BYVBB6,01KJN7C40WEQBDF48ACG18M0EV,A,B,0,0.2727272727272727,5.0,1.0
01KJN6MMQ03KZPZN0275VZXK6R,page5-28,01KJN79J529BWBWTESKB6D9MB7,01KJN7A44GGBE9XR412KV5BFSC,C,B,0,0.2222222222222222,5.0,1.0
01KJN6MMQ03KZPZN0275VZXK6R,page5-28,01KJN79J529BWBWTESKB6D9MB7,01KJN7AAX1VHZ1A7ZB35BNRH8N,C,A,0,0.125,5.0,1.0
01KJN6MMQ03KZPZN0275VZXK6R,page5-28,01KJN79J529BWBWTESKB6D9MB7,01KJN7AZC7FAG17CY924MRTCF7,C,A,0,0.2857142857142857,5.0,1.0
01KJN6MMQ03KZPZN0275VZXK6R,page5-28,01KJN79J529BWBWTESKB6D9MB7,01KJN7C40WEQBDF48ACG18M0EV,C,B,0,0.4,5.0,1.0
01KJN6MMQ03KZPZN0275VZXK6R,page5-28,01KJN7A44GGBE9XR412KV5BFSC,01KJN7AAX1VHZ1A7ZB35BNRH8N,B,A,0,0.0,5.0,1.0
01KJN6MMQ03KZPZN0275VZXK6R,page5-28,01KJN7A44GGBE9XR412KV5BFSC,01KJN7AZC7FAG17CY924MRTCF7,B,A,0,0.2,5.0,1.0
01KJN6MMQ03KZPZN0275VZXK6R,page5-28,01KJN7A44GGBE9XR412KV5BFSC,01KJN7C40WEQBDF48ACG18M0EV,B,B,1,0.2222222222222222,5.0,1.0
01KJN6MMQ03KZPZN0275VZXK6R,page5-28,01KJN7AAX1VHZ1A7ZB35BNRH8N,01KJN7AZC7FAG17CY924MRTCF7,A,A,1,0.3333333333333333,5.0,1.0
01KJN6MMQ03KZPZN0275VZXK6R,page5-28,01KJN7AAX1VHZ1A7ZB35BNRH8N,01KJN7C40WEQBDF48ACG18M0EV,A,B,0,0.125,5.0,1.0
01KJN6MMQ03KZPZN0275VZXK6R,page5-28,01KJN7AZC7FAG17CY924MRTCF7,01KJN7C40WEQBDF48ACG18M0EV,A,B,0,0.2857142857142857,5.0,1.0
01KJN6MMQ03KZPZN0275VZXK6R,page-B,01KJN7863BFF3ZYZGVVSATZTH7,01KJN792W85XPK9QGH8A6HSYSJ,C,B,0,0.0,1.0,1.0
01KJN6MMQ03KZPZN0275VZXK6R,page-B,01KJN7863BFF3ZYZGVVSATZTH7,01KJN79B14FBSYSKKCG2BYVBB6,C,A,0,0.25,1.0,1.0
01KJN6MMQ03KZPZN0275VZXK6R,page-B,01KJN7863BFF3ZYZGVVSATZTH7,01KJN79J529BWBWTESKB6D9MB7,C,C,1,0.3,1.0,1.0
01KJN6MMQ03KZPZN0275VZXK6R,page-B,01KJN7863BFF3ZYZGVVSATZTH7,01KJN7AAX1VHZ1A7ZB35BNRH8N,C,A,0,0.08333333333333333,1.0,1.0
01KJN6MMQ03KZPZN0275VZXK6R,page-B,01KJN7863BFF3ZYZGVVSATZTH7,01KJN7C40WEQBDF48ACG18M0EV,C,B,0,0.3333333333333333,1.0,1.0
01KJN6MMQ03KZPZN0275VZXK6R,page-B,01KJN792W85XPK9QGH8A6HSYSJ,01KJN79B14FBSYSKKCG2BYVBB6,B,A,0,0.0,1.0,1.0
01KJN6MMQ03KZPZN0275VZXK6R,page-B,01KJN792W85XPK9QGH8A6HSYSJ,01KJN79J529BWBWTESKB6D9MB7,B,C,0,0.07692307692307693,1.0,1.0
01KJN6MMQ03KZPZN0275VZXK6R,page-B,01KJN792W85XPK9QGH8A6HSYSJ,01KJN7AAX1VHZ1A7ZB35BNRH8N,B,A,0,0.0,1.0,1.0
01KJN6MMQ03KZPZN0275VZXK6R,page-B,01KJN792W85XPK9QGH8A6HSYSJ,01KJN7C40WEQBDF48ACG18M0EV,B,B,1,0.0,1.0,1.0
01KJN6MMQ03KZPZN0275VZXK6R,page-B,01KJN79B14FBSYSKKCG2BYVBB6,01KJN79J529BWBWTESKB6D9MB7,A,C,0,0.15384615384615385,1.0,1.0
01KJN6MMQ03KZPZN0275VZXK6R,page-B,01KJN79B14FBSYSKKCG2BYVBB6,01KJN7AAX1VHZ1A7ZB35BNRH8N,A,A,1,0.07142857142857142,1.0,1.0
01KJN6MMQ03KZPZN0275VZXK6R,page-B,01KJN79B14FBSYSKKCG2BYVBB6,01KJN7C40WEQBDF48ACG18M0EV,A,B,0,0.25,1.0,1.0
01KJN6MMQ03KZPZN0275VZXK6R,page-B,01KJN79J529BWBWTESKB6D9MB7,01KJN7AAX1VHZ1A7ZB35BNRH8N,C,A,0,0.0,1.0,1.0
01KJN6MMQ03KZPZN0275VZXK6R,page-B,01KJN79J529BWBWTESKB6D9MB7,01KJN7C40WEQBDF48ACG18M0EV,C,B,0,0.08333333333333333,1.0,1.0
01KJN6MMQ03KZPZN0275VZXK6R,page-B,01KJN7AAX1VHZ1A7ZB35BNRH8N,01KJN7C40WEQBDF48ACG18M0EV,A,B,0,0.08333333333333333,1.0,1.0
01KJN6MMQ03KZPZN0275VZXK6R,page-B,01KJN7863BFF3ZYZGVVSATZTH7,01KJN78DQ6KC0F9N1HA0BPB44R,C,C,1,0.3333333333333333,2.0,1.0
01KJN6MMQ03KZPZN0275VZXK6R,page-B,01KJN7863BFF3ZYZGVVSATZTH7,01KJN792W85XPK9QGH8A6HSYSJ,C,B,0,0.0,2.0,1.0
01KJN6MMQ03KZPZN0275VZXK6R,page-B,01KJN7863BFF3ZYZGVVSATZTH7,01KJN79B14FBSYSKKCG2BYVBB6,C,A,0,0.25,2.0,1.0
01KJN6MMQ03KZPZN0275VZXK6R,page-B,01KJN7863BFF3ZYZGVVSATZTH7,01KJN79J529BWBWTESKB6D9MB7,C,C,1,0.3,2.0,1.0
01KJN6MMQ03KZPZN0275VZXK6R,page-B,01KJN7863BFF3ZYZGVVSATZTH7,01KJN7A44GGBE9XR412KV5BFSC,C,B,0,0.0,2.0,1.0
01KJN6MMQ03KZPZN0275VZXK6R,page-B,01KJN7863BFF3ZYZGVVSATZTH7,01KJN7AAX1VHZ1A7ZB35BNRH8N,C,A,0,0.08333333333333333,2.0,1.0
01KJN6MMQ03KZPZN0275VZXK6R,page-B,01KJN7863BFF3ZYZGVVSATZTH7,01KJN7AZC7FAG17CY924MRTCF7,C,A,0,0.08333333333333333,2.0,1.0
01KJN6MMQ03KZPZN0275VZXK6R,page-B,01KJN7863BFF3ZYZGVVSATZTH7,01KJN7C40WEQBDF48ACG18M0EV,C,B,0,0.3333333333333333,2.0,1.0
01KJN6MMQ03KZPZN0275VZXK6R,page-B,01KJN78DQ6KC0F9N1HA0BPB44R,01KJN792W85XPK9QGH8A6HSYSJ,C,B,0,0.0,2.0,1.0
01KJN6MMQ03KZPZN0275VZXK6R,page-B,01KJN78DQ6KC0F9N1HA0BPB44R,01KJN79B14FBSYSKKCG2BYVBB6,C,A,0,0.1111111111111111,2.0,1.0
01KJN6MMQ03KZPZN0275VZXK6R,page-B,01KJN78DQ6KC0F9N1HA0BPB44R,01KJN79J529BWBWTESKB6D9MB7,C,C,1,0.3,2.0,1.0
01KJN6MMQ03KZPZN0275VZXK6R,page-B,01KJN78DQ6KC0F9N1HA0BPB44R,01KJN7A44GGBE9XR412KV5BFSC,C,B,0,0.125,2.0,1.0
01KJN6MMQ03KZPZN0275VZXK6R,page-B,01KJN78DQ6KC0F9N1HA0BPB44R,01KJN7AAX1VHZ1A7ZB35BNRH8N,C,A,0,0.0,2.0,1.0
01KJN6MMQ03KZPZN0275VZXK6R,page-B,01KJN78DQ6KC0F9N1HA0BPB44R,01KJN7AZC7FAG17CY924MRTCF7,C,A,0,0.18181818181818182,2.0,1.0
01KJN6MMQ03KZPZN0275VZXK6R,page-B,01KJN78DQ6KC0F9N1HA0BPB44R,01KJN7C40WEQBDF48ACG18M0EV,C,B,0,0.14285714285714285,2.0,1.0
01KJN6MMQ03KZPZN0275VZXK6R,page-B,01KJN792W85XPK9QGH8A6HSYSJ,01KJN79B14FBSYSKKCG2BYVBB6,B,A,0,0.0,2.0,1.0
01KJN6MMQ03KZPZN0275VZXK6R,page-B,01KJN792W85XPK9QGH8A6HSYSJ,01KJN79J529BWBWTESKB6D9MB7,B,C,0,0.07692307692307693,2.0,1.0
01KJN6MMQ03KZPZN0275VZXK6R,page-B,01KJN792W85XPK9QGH8A6HSYSJ,01KJN7A44GGBE9XR412KV5BFSC,B,B,1,0.0,2.0,1.0
01KJN6MMQ03KZPZN0275VZXK6R,page-B,01KJN792W85XPK9QGH8A6HSYSJ,01KJN7AAX1VHZ1A7ZB35BNRH8N,B,A,0,0.0,2.0,1.0
01KJN6MMQ03KZPZN0275VZXK6R,page-B,01KJN792W85XPK9QGH8A6HSYSJ,01KJN7AZC7FAG17CY924MRTCF7,B,A,0,0.07692307692307693,2.0,1.0
01KJN6MMQ03KZPZN0275VZXK6R,page-B,01KJN792W85XPK9QGH8A6HSYSJ,01KJN7C40WEQBDF48ACG18M0EV,B,B,1,0.0,2.0,1.0
01KJN6MMQ03KZPZN0275VZXK6R,page-B,01KJN79B14FBSYSKKCG2BYVBB6,01KJN79J529BWBWTESKB6D9MB7,A,C,0,0.15384615384615385,2.0,1.0
01KJN6MMQ03KZPZN0275VZXK6R,page-B,01KJN79B14FBSYSKKCG2BYVBB6,01KJN7A44GGBE9XR412KV5BFSC,A,B,0,0.0,2.0,1.0
01KJN6MMQ03KZPZN0275VZXK6R,page-B,01KJN79B14FBSYSKKCG2BYVBB6,01KJN7AAX1VHZ1A7ZB35BNRH8N,A,A,1,0.07142857142857142,2.0,1.0
01KJN6MMQ03KZPZN0275VZXK6R,page-B,01KJN79B14FBSYSKKCG2BYVBB6,01KJN7AZC7FAG17CY924MRTCF7,A,A,1,0.07142857142857142,2.0,1.0
01KJN6MMQ03KZPZN0275VZXK6R,page-B,01KJN79B14FBSYSKKCG2BYVBB6,01KJN7C40WEQBDF48ACG18M0EV,A,B,0,0.25,2.0,1.0
01KJN6MMQ03KZPZN0275VZXK6R,page-B,01KJN79J529BWBWTESKB6D9MB7,01KJN7A44GGBE9XR412KV5BFSC,C,B,0,0.07692307692307693,2.0,1.0
01KJN6MMQ03KZPZN0275VZXK6R,page-B,01KJN79J529BWBWTESKB6D9MB7,01KJN7AAX1VHZ1A7ZB35BNRH8N,C,A,0,0.0,2.0,1.0
01KJN6MMQ03KZPZN0275VZXK6R,page-B,01KJN79J529BWBWTESKB6D9MB7,01KJN7AZC7FAG17CY924MRTCF7,C,A,0,0.2857142857142857,2.0,1.0
01KJN6MMQ03KZPZN0275VZXK6R,page-B,01KJN79J529BWBWTESKB6D9MB7,01KJN7C40WEQBDF48ACG18M0EV,C,B,0,0.08333333333333333,2.0,1.0
01KJN6MMQ03KZPZN0275VZXK6R,page-B,01KJN7A44GGBE9XR412KV5BFSC,01KJN7AAX1VHZ1A7ZB35BNRH8N,B,A,0,0.0,2.0,1.0
01KJN6MMQ03KZPZN0275VZXK6R,page-B,01KJN7A44GGBE9XR412KV5BFSC,01KJN7AZC7FAG17CY924MRTCF7,B,A,0,0.07692307692307693,2.0,1.0
01KJN6MMQ03KZPZN0275VZXK6R,page-B,01KJN7A44GGBE9XR412KV5BFSC,01KJN7C40WEQBDF48ACG18M0EV,B,B,1,0.0,2.0,1.0
01KJN6MMQ03KZPZN0275VZXK6R,page-B,01KJN7AAX1VHZ1A7ZB35BNRH8N,01KJN7AZC7FAG17CY924MRTCF7,A,A,1,0.058823529411764705,2.0,1.0
01KJN6MMQ03KZPZN0275VZXK6R,page-B,01KJN7AAX1VHZ1A7ZB35BNRH8N,01KJN7C40WEQBDF48ACG18M0EV,A,B,0,0.08333333333333333,2.0,1.0
01KJN6MMQ03KZPZN0275VZXK6R,page-B,01KJN7AZC7FAG17CY924MRTCF7,01KJN7C40WEQBDF48ACG18M0EV,A,B,0,0.08333333333333333,2.0,1.0
01KJN6MMQ03KZPZN0275VZXK6R,page-B,01KJN7863BFF3ZYZGVVSATZTH7,01KJN78DQ6KC0F9N1HA0BPB44R,C,C,1,0.3333333333333333,3.0,1.0
01KJN6MMQ03KZPZN0275VZXK6R,page-B,01KJN7863BFF3ZYZGVVSATZTH7,01KJN792W85XPK9QGH8A6HSYSJ,C,B,0,0.0,3.0,1.0
01KJN6MMQ03KZPZN0275VZXK6R,page-B,01KJN7863BFF3ZYZGVVSATZTH7,01KJN79B14FBSYSKKCG2BYVBB6,C,A,0,0.0,3.0,1.0
01KJN6MMQ03KZPZN0275VZXK6R,page-B,01KJN7863BFF3ZYZGVVSATZTH7,01KJN79J529BWBWTESKB6D9MB7,C,C,1,0.2,3.0,1.0
01KJN6MMQ03KZPZN0275VZXK6R,page-B,01KJN7863BFF3ZYZGVVSATZTH7,01KJN7A44GGBE9XR412KV5BFSC,C,B,0,0.0,3.0,1.0
01KJN6MMQ03KZPZN0275VZXK6R,page-B,01KJN7863BFF3ZYZGVVSATZTH7,01KJN7AAX1VHZ1A7ZB35BNRH8N,C,A,0,0.08333333333333333,3.0,1.0
01KJN6MMQ03KZPZN0275VZXK6R,page-B,01KJN7863BFF3ZYZGVVSATZTH7,01KJN7AZC7FAG17CY924MRTCF7,C,A,0,0.08333333333333333,3.0,1.0
01KJN6MMQ03KZPZN0275VZXK6R,page-B,01KJN7863BFF3ZYZGVVSATZTH7,01KJN7C40WEQBDF48ACG18M0EV,C,B,0,0.3333333333333333,3.0,1.0
01KJN6MMQ03KZPZN0275VZXK6R,page-B,01KJN78DQ6KC0F9N1HA0BPB44R,01KJN792W85XPK9QGH8A6HSYSJ,C,B,0,0.0,3.0,1.0
01KJN6MMQ03KZPZN0275VZXK6R,page-B,01KJN78DQ6KC0F9N1HA0BPB44R,01KJN79B14FBSYSKKCG2BYVBB6,C,A,0,0.0,3.0,1.0
01KJN6MMQ03KZPZN0275VZXK6R,page-B,01KJN78DQ6KC0F9N1HA0BPB44R,01KJN79J529BWBWTESKB6D9MB7,C,C,1,0.2,3.0,1.0
01KJN6MMQ03KZPZN0275VZXK6R,page-B,01KJN78DQ6KC0F9N1HA0BPB44R,01KJN7A44GGBE9XR412KV5BFSC,C,B,0,0.125,3.0,1.0
01KJN6MMQ03KZPZN0275VZXK6R,page-B,01KJN78DQ6KC0F9N1HA0BPB44R,01KJN7AAX1VHZ1A7ZB35BNRH8N,C,A,0,0.0,3.0,1.0
01KJN6MMQ03KZPZN0275VZXK6R,page-B,01KJN78DQ6KC0F9N1HA0BPB44R,01KJN7AZC7FAG17CY924MRTCF7,C,A,0,0.18181818181818182,3.0,1.0
01KJN6MMQ03KZPZN0275VZXK6R,page-B,01KJN78DQ6KC0F9N1HA0BPB44R,01KJN7C40WEQBDF48ACG18M0EV,C,B,0,0.14285714285714285,3.0,1.0
01KJN6MMQ03KZPZN0275VZXK6R,page-B,01KJN792W85XPK9QGH8A6HSYSJ,01KJN79B14FBSYSKKCG2BYVBB6,B,A,0,0.0,3.0,1.0
01KJN6MMQ03KZPZN0275VZXK6R,page-B,01KJN792W85XPK9QGH8A6HSYSJ,01KJN79J529BWBWTESKB6D9MB7,B,C,0,0.0,3.0,1.0
01KJN6MMQ03KZPZN0275VZXK6R,page-B,01KJN792W85XPK9QGH8A6HSYSJ,01KJN7A44GGBE9XR412KV5BFSC,B,B,1,0.0,3.0,1.0
01KJN6MMQ03KZPZN0275VZXK6R,page-B,01KJN792W85XPK9QGH8A6HSYSJ,01KJN7AAX1VHZ1A7ZB35BNRH8N,B,A,0,0.0,3.0,1.0
01KJN6MMQ03KZPZN0275VZXK6R,page-B,01KJN792W85XPK9QGH8A6HSYSJ,01KJN7AZC7FAG17CY924MRTCF7,B,A,0,0.07692307692307693,3.0,1.0
01KJN6MMQ03KZPZN0275VZXK6R,page-B,01KJN792W85XPK9QGH8A6HSYSJ,01KJN7C40WEQBDF48ACG18M0EV,B,B,1,0.0,3.0,1.0
01KJN6MMQ03KZPZN0275VZXK6R,page-B,01KJN79B14FBSYSKKCG2BYVBB6,01KJN79J529BWBWTESKB6D9MB7,A,C,0,0.0,3.0,1.0
01KJN6MMQ03KZPZN0275VZXK6R,page-B,01KJN79B14FBSYSKKCG2BYVBB6,01KJN7A44GGBE9XR412KV5BFSC,A,B,0,0.0,3.0,1.0
01KJN6MMQ03KZPZN0275VZXK6R,page-B,01KJN79B14FBSYSKKCG2BYVBB6,01KJN7AAX1VHZ1A7ZB35BNRH8N,A,A,1,0.0,3.0,1.0
01KJN6MMQ03KZPZN0275VZXK6R,page-B,01KJN79B14FBSYSKKCG2BYVBB6,01KJN7AZC7FAG17CY924MRTCF7,A,A,1,0.2222222222222222,3.0,1.0
01KJN6MMQ03KZPZN0275VZXK6R,page-B,01KJN79B14FBSYSKKCG2BYVBB6,01KJN7C40WEQBDF48ACG18M0EV,A,B,0,0.0,3.0,1.0
01KJN6MMQ03KZPZN0275VZXK6R,page-B,01KJN79J529BWBWTESKB6D9MB7,01KJN7A44GGBE9XR412KV5BFSC,C,B,0,0.0,3.0,1.0
01KJN6MMQ03KZPZN0275VZXK6R,page-B,01KJN79J529BWBWTESKB6D9MB7,01KJN7AAX1VHZ1A7ZB35BNRH8N,C,A,0,0.0,3.0,1.0
01KJN6MMQ03KZPZN0275VZXK6R,page-B,01KJN79J529BWBWTESKB6D9MB7,01KJN7AZC7FAG17CY924MRTCF7,C,A,0,0.0,3.0,1.0
01KJN6MMQ03KZPZN0275VZXK6R,page-B,01KJN79J529BWBWTESKB6D9MB7,01KJN7C40WEQBDF48ACG18M0EV,C,B,0,0.0,3.0,1.0
01KJN6MMQ03KZPZN0275VZXK6R,page-B,01KJN7A44GGBE9XR412KV5BFSC,01KJN7AAX1VHZ1A7ZB35BNRH8N,B,A,0,0.0,3.0,1.0
01KJN6MMQ03KZPZN0275VZXK6R,page-B,01KJN7A44GGBE9XR412KV5BFSC,01KJN7AZC7FAG17CY924MRTCF7,B,A,0,0.07692307692307693,3.0,1.0
01KJN6MMQ03KZPZN0275VZXK6R,page-B,01KJN7A44GGBE9XR412KV5BFSC,01KJN7C40WEQBDF48ACG18M0EV,B,B,1,0.0,3.0,1.0
01KJN6MMQ03KZPZN0275VZXK6R,page-B,01KJN7AAX1VHZ1A7ZB35BNRH8N,01KJN7AZC7FAG17CY924MRTCF7,A,A,1,0.058823529411764705,3.0,1.0
01KJN6MMQ03KZPZN0275VZXK6R,page-B,01KJN7AAX1VHZ1A7ZB35BNRH8N,01KJN7C40WEQBDF48ACG18M0EV,A,B,0,0.08333333333333333,3.0,1.0
01KJN6MMQ03KZPZN0275VZXK6R,page-B,01KJN7AZC7FAG17CY924MRTCF7,01KJN7C40WEQBDF48ACG18M0EV,A,B,0,0.08333333333333333,3.0,1.0
01KJN6MMQ03KZPZN0275VZXK6R,page-B,01KJN7863BFF3ZYZGVVSATZTH7,01KJN78DQ6KC0F9N1HA0BPB44R,C,C,1,0.2,4.0,1.0
01KJN6MMQ03KZPZN0275VZXK6R,page-B,01KJN7863BFF3ZYZGVVSATZTH7,01KJN792W85XPK9QGH8A6HSYSJ,C,B,0,0.0,4.0,1.0
01KJN6MMQ03KZPZN0275VZXK6R,page-B,01KJN7863BFF3ZYZGVVSATZTH7,01KJN79B14FBSYSKKCG2BYVBB6,C,A,0,0.0,4.0,1.0
01KJN6MMQ03KZPZN0275VZXK6R,page-B,01KJN7863BFF3ZYZGVVSATZTH7,01KJN79J529BWBWTESKB6D9MB7,C,C,1,1.0,4.0,1.0
01KJN6MMQ03KZPZN0275VZXK6R,page-B,01KJN7863BFF3ZYZGVVSATZTH7,01KJN7A44GGBE9XR412KV5BFSC,C,B,0,0.0,4.0,1.0
01KJN6MMQ03KZPZN0275VZXK6R,page-B,01KJN7863BFF3ZYZGVVSATZTH7,01KJN7AAX1VHZ1A7ZB35BNRH8N,C,A,0,0.0,4.0,1.0
01KJN6MMQ03KZPZN0275VZXK6R,page-B,01KJN7863BFF3ZYZGVVSATZTH7,01KJN7AZC7FAG17CY924MRTCF7,C,A,0,0.0,4.0,1.0
01KJN6MMQ03KZPZN0275VZXK6R,page-B,01KJN7863BFF3ZYZGVVSATZTH7,01KJN7C40WEQBDF48ACG18M0EV,C,B,0,0.0,4.0,1.0
01KJN6MMQ03KZPZN0275VZXK6R,page-B,01KJN78DQ6KC0F9N1HA0BPB44R,01KJN792W85XPK9QGH8A6HSYSJ,C,B,0,0.16666666666666666,4.0,1.0
01KJN6MMQ03KZPZN0275VZXK6R,page-B,01KJN78DQ6KC0F9N1HA0BPB44R,01KJN79B14FBSYSKKCG2BYVBB6,C,A,0,0.0,4.0,1.0
01KJN6MMQ03KZPZN0275VZXK6R,page-B,01KJN78DQ6KC0F9N1HA0BPB44R,01KJN79J529BWBWTESKB6D9MB7,C,C,1,0.2,4.0,1.0
01KJN6MMQ03KZPZN0275VZXK6R,page-B,01KJN78DQ6KC0F9N1HA0BPB44R,01KJN7A44GGBE9XR412KV5BFSC,C,B,0,0.125,4.0,1.0
01KJN6MMQ03KZPZN0275VZXK6R,page-B,01KJN78DQ6KC0F9N1HA0BPB44R,01KJN7AAX1VHZ1A7ZB35BNRH8N,C,A,0,0.0,4.0,1.0
01KJN6MMQ03KZPZN0275VZXK6R,page-B,01KJN78DQ6KC0F9N1HA0BPB44R,01KJN7AZC7FAG17CY924MRTCF7,C,A,0,0.18181818181818182,4.0,1.0
01KJN6MMQ03KZPZN0275VZXK6R,page-B,01KJN78DQ6KC0F9N1HA0BPB44R,01KJN7C40WEQBDF48ACG18M0EV,C,B,0,0.14285714285714285,4.0,1.0
01KJN6MMQ03KZPZN0275VZXK6R,page-B,01KJN792W85XPK9QGH8A6HSYSJ,01KJN79B14FBSYSKKCG2BYVBB6,B,A,0,0.0,4.0,1.0
01KJN6MMQ03KZPZN0275VZXK6R,page-B,01KJN792W85XPK9QGH8A6HSYSJ,01KJN79J529BWBWTESKB6D9MB7,B,C,0,0.0,4.0,1.0
01KJN6MMQ03KZPZN0275VZXK6R,page-B,01KJN792W85XPK9QGH8A6HSYSJ,01KJN7A44GGBE9XR412KV5BFSC,B,B,1,0.0,4.0,1.0
01KJN6MMQ03KZPZN0275VZXK6R,page-B,01KJN792W85XPK9QGH8A6HSYSJ,01KJN7AAX1VHZ1A7ZB35BNRH8N,B,A,0,0.0,4.0,1.0
01KJN6MMQ03KZPZN0275VZXK6R,page-B,01KJN792W85XPK9QGH8A6HSYSJ,01KJN7AZC7FAG17CY924MRTCF7,B,A,0,0.09090909090909091,4.0,1.0
01KJN6MMQ03KZPZN0275VZXK6R,page-B,01KJN792W85XPK9QGH8A6HSYSJ,01KJN7C40WEQBDF48ACG18M0EV,B,B,1,0.75,4.0,1.0
01KJN6MMQ03KZPZN0275VZXK6R,page-B,01KJN79B14FBSYSKKCG2BYVBB6,01KJN79J529BWBWTESKB6D9MB7,A,C,0,0.0,4.0,1.0
01KJN6MMQ03KZPZN0275VZXK6R,page-B,01KJN79B14FBSYSKKCG2BYVBB6,01KJN7A44GGBE9XR412KV5BFSC,A,B,0,0.0,4.0,1.0
01KJN6MMQ03KZPZN0275VZXK6R,page-B,01KJN79B14FBSYSKKCG2BYVBB6,01KJN7AAX1VHZ1A7ZB35BNRH8N,A,A,1,0.5,4.0,1.0
01KJN6MMQ03KZPZN0275VZXK6R,page-B,01KJN79B14FBSYSKKCG2BYVBB6,01KJN7AZC7FAG17CY924MRTCF7,A,A,1,0.2222222222222222,4.0,1.0
01KJN6MMQ03KZPZN0275VZXK6R,page-B,01KJN79B14FBSYSKKCG2BYVBB6,01KJN7C40WEQBDF48ACG18M0EV,A,B,0,0.0,4.0,1.0
01KJN6MMQ03KZPZN0275VZXK6R,page-B,01KJN79J529BWBWTESKB6D9MB7,01KJN7A44GGBE9XR412KV5BFSC,C,B,0,0.0,4.0,1.0
01KJN6MMQ03KZPZN0275VZXK6R,page-B,01KJN79J529BWBWTESKB6D9MB7,01KJN7AAX1VHZ1A7ZB35BNRH8N,C,A,0,0.0,4.0,1.0
01KJN6MMQ03KZPZN0275VZXK6R,page-B,01KJN79J529BWBWTESKB6D9MB7,01KJN7AZC7FAG17CY924MRTCF7,C,A,0,0.0,4.0,1.0
01KJN6MMQ03KZPZN0275VZXK6R,page-B,01KJN79J529BWBWTESKB6D9MB7,01KJN7C40WEQBDF48ACG18M0EV,C,B,0,0.0,4.0,1.0
01KJN6MMQ03KZPZN0275VZXK6R,page-B,01KJN7A44GGBE9XR412KV5BFSC,01KJN7AAX1VHZ1A7ZB35BNRH8N,B,A,0,0.0,4.0,1.0
01KJN6MMQ03KZPZN0275VZXK6R,page-B,01KJN7A44GGBE9XR412KV5BFSC,01KJN7AZC7FAG17CY924MRTCF7,B,A,0,0.07692307692307693,4.0,1.0
01KJN6MMQ03KZPZN0275VZXK6R,page-B,01KJN7A44GGBE9XR412KV5BFSC,01KJN7C40WEQBDF48ACG18M0EV,B,B,1,0.0,4.0,1.0
01KJN6MMQ03KZPZN0275VZXK6R,page-B,01KJN7AAX1VHZ1A7ZB35BNRH8N,01KJN7AZC7FAG17CY924MRTCF7,A,A,1,0.1111111111111111,4.0,1.0
01KJN6MMQ03KZPZN0275VZXK6R,page-B,01KJN7AAX1VHZ1A7ZB35BNRH8N,01KJN7C40WEQBDF48ACG18M0EV,A,B,0,0.0,4.0,1.0
01KJN6MMQ03KZPZN0275VZXK6R,page-B,01KJN7AZC7FAG17CY924MRTCF7,01KJN7C40WEQBDF48ACG18M0EV,A,B,0,0.08333333333333333,4.0,1.0
01KJN6MMQ03KZPZN0275VZXK6R,page-B,01KJN7863BFF3ZYZGVVSATZTH7,01KJN78DQ6KC0F9N1HA0BPB44R,C,C,1,0.25,5.0,1.0
01KJN6MMQ03KZPZN0275VZXK6R,page-B,01KJN7863BFF3ZYZGVVSATZTH7,01KJN792W85XPK9QGH8A6HSYSJ,C,B,0,0.0,5.0,1.0
01KJN6MMQ03KZPZN0275VZXK6R,page-B,01KJN7863BFF3ZYZGVVSATZTH7,01KJN79B14FBSYSKKCG2BYVBB6,C,A,0,0.0,5.0,1.0
01KJN6MMQ03KZPZN0275VZXK6R,page-B,01KJN7863BFF3ZYZGVVSATZTH7,01KJN79J529BWBWTESKB6D9MB7,C,C,1,1.0,5.0,1.0
01KJN6MMQ03KZPZN0275VZXK6R,page-B,01KJN7863BFF3ZYZGVVSATZTH7,01KJN7A44GGBE9XR412KV5BFSC,C,B,0,0.0,5.0,1.0
01KJN6MMQ03KZPZN0275VZXK6R,page-B,01KJN7863BFF3ZYZGVVSATZTH7,01KJN7AAX1VHZ1A7ZB35BNRH8N,C,A,0,0.0,5.0,1.0
01KJN6MMQ03KZPZN0275VZXK6R,page-B,01KJN7863BFF3ZYZGVVSATZTH7,01KJN7AZC7FAG17CY924MRTCF7,C,A,0,0.0,5.0,1.0
01KJN6MMQ03KZPZN0275VZXK6R,page-B,01KJN7863BFF3ZYZGVVSATZTH7,01KJN7C40WEQBDF48ACG18M0EV,C,B,0,0.0,5.0,1.0
01KJN6MMQ03KZPZN0275VZXK6R,page-B,01KJN78DQ6KC0F9N1HA0BPB44R,01KJN792W85XPK9QGH8A6HSYSJ,C,B,0,0.2,5.0,1.0
01KJN6MMQ03KZPZN0275VZXK6R,page-B,01KJN78DQ6KC0F9N1HA0BPB44R,01KJN79B14FBSYSKKCG2BYVBB6,C,A,0,0.0,5.0,1.0
01KJN6MMQ03KZPZN0275VZXK6R,page-B,01KJN78DQ6KC0F9N1HA0BPB44R,01KJN79J529BWBWTESKB6D9MB7,C,C,1,0.25,5.0,1.0
01KJN6MMQ03KZPZN0275VZXK6R,page-B,01KJN78DQ6KC0F9N1HA0BPB44R,01KJN7A44GGBE9XR412KV5BFSC,C,B,0,0.14285714285714285,5.0,1.0
01KJN6MMQ03KZPZN0275VZXK6R,page-B,01KJN78DQ6KC0F9N1HA0BPB44R,01KJN7AAX1VHZ1A7ZB35BNRH8N,C,A,0,0.0,5.0,1.0
01KJN6MMQ03KZPZN0275VZXK6R,page-B,01KJN78DQ6KC0F9N1HA0BPB44R,01KJN7AZC7FAG17CY924MRTCF7,C,A,0,0.0,5.0,1.0
01KJN6MMQ03KZPZN0275VZXK6R,page-B,01KJN78DQ6KC0F9N1HA0BPB44R,01KJN7C40WEQBDF48ACG18M0EV,C,B,0,0.16666666666666666,5.0,1.0
01KJN6MMQ03KZPZN0275VZXK6R,page-B,01KJN792W85XPK9QGH8A6HSYSJ,01KJN79B14FBSYSKKCG2BYVBB6,B,A,0,0.0,5.0,1.0
01KJN6MMQ03KZPZN0275VZXK6R,page-B,01KJN792W85XPK9QGH8A6HSYSJ,01KJN79J529BWBWTESKB6D9MB7,B,C,0,0.0,5.0,1.0
01KJN6MMQ03KZPZN0275VZXK6R,page-B,01KJN792W85XPK9QGH8A6HSYSJ,01KJN7A44GGBE9XR412KV5BFSC,B,B,1,0.6,5.0,1.0
01KJN6MMQ03KZPZN0275VZXK6R,page-B,01KJN792W85XPK9QGH8A6HSYSJ,01KJN7AAX1VHZ1A7ZB35BNRH8N,B,A,0,0.0,5.0,1.0
01KJN6MMQ03KZPZN0275VZXK6R,page-B,01KJN792W85XPK9QGH8A6HSYSJ,01KJN7AZC7FAG17CY924MRTCF7,B,A,0,0.0,5.0,1.0
01KJN6MMQ03KZPZN0275VZXK6R,page-B,01KJN792W85XPK9QGH8A6HSYSJ,01KJN7C40WEQBDF48ACG18M0EV,B,B,1,0.75,5.0,1.0
01KJN6MMQ03KZPZN0275VZXK6R,page-B,01KJN79B14FBSYSKKCG2BYVBB6,01KJN79J529BWBWTESKB6D9MB7,A,C,0,0.0,5.0,1.0
01KJN6MMQ03KZPZN0275VZXK6R,page-B,01KJN79B14FBSYSKKCG2BYVBB6,01KJN7A44GGBE9XR412KV5BFSC,A,B,0,0.0,5.0,1.0
01KJN6MMQ03KZPZN0275VZXK6R,page-B,01KJN79B14FBSYSKKCG2BYVBB6,01KJN7AAX1VHZ1A7ZB35BNRH8N,A,A,1,0.5,5.0,1.0
01KJN6MMQ03KZPZN0275VZXK6R,page-B,01KJN79B14FBSYSKKCG2BYVBB6,01KJN7AZC7FAG17CY924MRTCF7,A,A,1,0.5,5.0,1.0
01KJN6MMQ03KZPZN0275VZXK6R,page-B,01KJN79B14FBSYSKKCG2BYVBB6,01KJN7C40WEQBDF48ACG18M0EV,A,B,0,0.0,5.0,1.0
01KJN6MMQ03KZPZN0275VZXK6R,page-B,01KJN79J529BWBWTESKB6D9MB7,01KJN7A44GGBE9XR412KV5BFSC,C,B,0,0.0,5.0,1.0
01KJN6MMQ03KZPZN0275VZXK6R,page-B,01KJN79J529BWBWTESKB6D9MB7,01KJN7AAX1VHZ1A7ZB35BNRH8N,C,A,0,0.0,5.0,1.0
01KJN6MMQ03KZPZN0275VZXK6R,page-B,01KJN79J529BWBWTESKB6D9MB7,01KJN7AZC7FAG17CY924MRTCF7,C,A,0,0.0,5.0,1.0
01KJN6MMQ03KZPZN0275VZXK6R,page-B,01KJN79J529BWBWTESKB6D9MB7,01KJN7C40WEQBDF48ACG18M0EV,C,B,0,0.0,5.0,1.0
01KJN6MMQ03KZPZN0275VZXK6R,page-B,01KJN7A44GGBE9XR412KV5BFSC,01KJN7AAX1VHZ1A7ZB35BNRH8N,B,A,0,0.0,5.0,1.0
01KJN6MMQ03KZPZN0275VZXK6R,page-B,01KJN7A44GGBE9XR412KV5BFSC,01KJN7AZC7FAG17CY924MRTCF7,B,A,0,0.0,5.0,1.0
01KJN6MMQ03KZPZN0275VZXK6R,page-B,01KJN7A44GGBE9XR412KV5BFSC,01KJN7C40WEQBDF48ACG18M0EV,B,B,1,0.5,5.0,1.0
01KJN6MMQ03KZPZN0275VZXK6R,page-B,01KJN7AAX1VHZ1A7ZB35BNRH8N,01KJN7AZC7FAG17CY924MRTCF7,A,A,1,1.0,5.0,1.0
01KJN6MMQ03KZPZN0275VZXK6R,page-B,01KJN7AAX1VHZ1A7ZB35BNRH8N,01KJN7C40WEQBDF48ACG18M0EV,A,B,0,0.0,5.0,1.0
01KJN6MMQ03KZPZN0275VZXK6R,page-B,01KJN7AZC7FAG17CY924MRTCF7,01KJN7C40WEQBDF48ACG18M0EV,A,B,0,0.0,5.0,1.0
01KJN6MMQ03KZPZN0275VZXK6R,page9-46,01KJN7863BFF3ZYZGVVSATZTH7,01KJN792W85XPK9QGH8A6HSYSJ,C,B,0,0.0,1.0,1.0
01KJN6MMQ03KZPZN0275VZXK6R,page9-46,01KJN7863BFF3ZYZGVVSATZTH7,01KJN79B14FBSYSKKCG2BYVBB6,C,A,0,0.0,1.0,1.0
01KJN6MMQ03KZPZN0275VZXK6R,page9-46,01KJN7863BFF3ZYZGVVSATZTH7,01KJN79J529BWBWTESKB6D9MB7,C,C,1,0.25,1.0,1.0
01KJN6MMQ03KZPZN0275VZXK6R,page9-46,01KJN7863BFF3ZYZGVVSATZTH7,01KJN7AAX1VHZ1A7ZB35BNRH8N,C,A,0,0.0,1.0,1.0
01KJN6MMQ03KZPZN0275VZXK6R,page9-46,01KJN7863BFF3ZYZGVVSATZTH7,01KJN7C40WEQBDF48ACG18M0EV,C,B,0,0.0,1.0,1.0
01KJN6MMQ03KZPZN0275VZXK6R,page9-46,01KJN792W85XPK9QGH8A6HSYSJ,01KJN79B14FBSYSKKCG2BYVBB6,B,A,0,0.09090909090909091,1.0,1.0
01KJN6MMQ03KZPZN0275VZXK6R,page9-46,01KJN792W85XPK9QGH8A6HSYSJ,01KJN79J529BWBWTESKB6D9MB7,B,C,0,0.0,1.0,1.0
01KJN6MMQ03KZPZN0275VZXK6R,page9-46,01KJN792W85XPK9QGH8A6HSYSJ,01KJN7AAX1VHZ1A7ZB35BNRH8N,B,A,0,0.125,1.0,1.0
01KJN6MMQ03KZPZN0275VZXK6R,page9-46,01KJN792W85XPK9QGH8A6HSYSJ,01KJN7C40WEQBDF48ACG18M0EV,B,B,1,0.2,1.0,1.0
01KJN6MMQ03KZPZN0275VZXK6R,page9-46,01KJN79B14FBSYSKKCG2BYVBB6,01KJN79J529BWBWTESKB6D9MB7,A,C,0,0.06666666666666667,1.0,1.0
01KJN6MMQ03KZPZN0275VZXK6R,page9-46,01KJN79B14FBSYSKKCG2BYVBB6,01KJN7AAX1VHZ1A7ZB35BNRH8N,A,A,1,0.3,1.0,1.0
01KJN6MMQ03KZPZN0275VZXK6R,page9-46,01KJN79B14FBSYSKKCG2BYVBB6,01KJN7C40WEQBDF48ACG18M0EV,A,B,0,0.14285714285714285,1.0,1.0
01KJN6MMQ03KZPZN0275VZXK6R,page9-46,01KJN79J529BWBWTESKB6D9MB7,01KJN7AAX1VHZ1A7ZB35BNRH8N,C,A,0,0.0,1.0,1.0
01KJN6MMQ03KZPZN0275VZXK6R,page9-46,01KJN79J529BWBWTESKB6D9MB7,01KJN7C40WEQBDF48ACG18M0EV,C,B,0,0.14285714285714285,1.0,1.0
01KJN6MMQ03KZPZN0275VZXK6R,page9-46,01KJN7AAX1VHZ1A7ZB35BNRH8N,01KJN7C40WEQBDF48ACG18M0EV,A,B,0,0.08333333333333333,1.0,1.0
01KJN6MMQ03KZPZN0275VZXK6R,page9-46,01KJN7863BFF3ZYZGVVSATZTH7,01KJN78DQ6KC0F9N1HA0BPB44R,C,C,1,0.25,2.0,1.0
01KJN6MMQ03KZPZN0275VZXK6R,page9-46,01KJN7863BFF3ZYZGVVSATZTH7,01KJN792W85XPK9QGH8A6HSYSJ,C,B,0,0.0,2.0,1.0
01KJN6MMQ03KZPZN0275VZXK6R,page9-46,01KJN7863BFF3ZYZGVVSATZTH7,01KJN79B14FBSYSKKCG2BYVBB6,C,A,0,0.0,2.0,1.0
01KJN6MMQ03KZPZN0275VZXK6R,page9-46,01KJN7863BFF3ZYZGVVSATZTH7,01KJN79J529BWBWTESKB6D9MB7,C,C,1,0.25,2.0,1.0
01KJN6MMQ03KZPZN0275VZXK6R,page9-46,01KJN7863BFF3ZYZGVVSATZTH7,01KJN7A44GGBE9XR412KV5BFSC,C,B,0,0.0,2.0,1.0
01KJN6MMQ03KZPZN0275VZXK6R,page9-46,01KJN7863BFF3ZYZGVVSATZTH7,01KJN7AAX1VHZ1A7ZB35BNRH8N,C,A,0,0.0,2.0,1.0
01KJN6MMQ03KZPZN0275VZXK6R,page9-46,01KJN7863BFF3ZYZGVVSATZTH7,01KJN7AZC7FAG17CY924MRTCF7,C,A,0,0.0,2.0,1.0
01KJN6MMQ03KZPZN0275VZXK6R,page9-46,01KJN7863BFF3ZYZGVVSATZTH7,01KJN7C40WEQBDF48ACG18M0EV,C,B,0,0.0,2.0,1.0
01KJN6MMQ03KZPZN0275VZXK6R,page9-46,01KJN78DQ6KC0F9N1HA0BPB44R,01KJN792W85XPK9QGH8A6HSYSJ,C,B,0,0.0,2.0,1.0
01KJN6MMQ03KZPZN0275VZXK6R,page9-46,01KJN78DQ6KC0F9N1HA0BPB44R,01KJN79B14FBSYSKKCG2BYVBB6,C,A,0,0.1,2.0,1.0
01KJN6MMQ03KZPZN0275VZXK6R,page9-46,01KJN78DQ6KC0F9N1HA0BPB44R,01KJN79J529BWBWTESKB6D9MB7,C,C,1,0.1,2.0,1.0
01KJN6MMQ03KZPZN0275VZXK6R,page9-46,01KJN78DQ6KC0F9N1HA0BPB44R,01KJN7A44GGBE9XR412KV5BFSC,C,B,0,0.0,2.0,1.0
01KJN6MMQ03KZPZN0275VZXK6R,page9-46,01KJN78DQ6KC0F9N1HA0BPB44R,01KJN7AAX1VHZ1A7ZB35BNRH8N,C,A,0,0.14285714285714285,2.0,1.0
01KJN6MMQ03KZPZN0275VZXK6R,page9-46,01KJN78DQ6KC0F9N1HA0BPB44R,01KJN7AZC7FAG17CY924MRTCF7,C,A,0,0.07142857142857142,2.0,1.0
01KJN6MMQ03KZPZN0275VZXK6R,page9-46,01KJN78DQ6KC0F9N1HA0BPB44R,01KJN7C40WEQBDF48ACG18M0EV,C,B,0,0.0,2.0,1.0
01KJN6MMQ03KZPZN0275VZXK6R,page9-46,01KJN792W85XPK9QGH8A6HSYSJ,01KJN79B14FBSYSKKCG2BYVBB6,B,A,0,0.09090909090909091,2.0,1.0
01KJN6MMQ03KZPZN0275VZXK6R,page9-46,01KJN792W85XPK9QGH8A6HSYSJ,01KJN79J529BWBWTESKB6D9MB7,B,C,0,0.0,2.0,1.0
01KJN6MMQ03KZPZN0275VZXK6R,page9-46,01KJN792W85XPK9QGH8A6HSYSJ,01KJN7A44GGBE9XR412KV5BFSC,B,B,1,0.16666666666666666,2.0,1.0
01KJN6MMQ03KZPZN0275VZXK6R,page9-46,01KJN792W85XPK9QGH8A6HSYSJ,01KJN7AAX1VHZ1A7ZB35BNRH8N,B,A,0,0.125,2.0,1.0
01KJN6MMQ03KZPZN0275VZXK6R,page9-46,01KJN792W85XPK9QGH8A6HSYSJ,01KJN7AZC7FAG17CY924MRTCF7,B,A,0,0.14285714285714285,2.0,1.0
01KJN6MMQ03KZPZN0275VZXK6R,page9-46,01KJN792W85XPK9QGH8A6HSYSJ,01KJN7C40WEQBDF48ACG18M0EV,B,B,1,0.2,2.0,1.0
01KJN6MMQ03KZPZN0275VZXK6R,page9-46,01KJN79B14FBSYSKKCG2BYVBB6,01KJN79J529BWBWTESKB6D9MB7,A,C,0,0.06666666666666667,2.0,1.0
01KJN6MMQ03KZPZN0275VZXK6R,page9-46,01KJN79B14FBSYSKKCG2BYVBB6,01KJN7A44GGBE9XR412KV5BFSC,A,B,0,0.0,2.0,1.0
01KJN6MMQ03KZPZN0275VZXK6R,page9-46,01KJN79B14FBSYSKKCG2BYVBB6,01KJN7AAX1VHZ1A7ZB35BNRH8N,A,A,1,0.3,2.0,1.0
01KJN6MMQ03KZPZN0275VZXK6R,page9-46,01KJN79B14FBSYSKKCG2BYVBB6,01KJN7AZC7FAG17CY924MRTCF7,A,A,1,0.3333333333333333,2.0,1.0
01KJN6MMQ03KZPZN0275VZXK6R,page9-46,01KJN79B14FBSYSKKCG2BYVBB6,01KJN7C40WEQBDF48ACG18M0EV,A,B,0,0.14285714285714285,2.0,1.0
01KJN6MMQ03KZPZN0275VZXK6R,page9-46,01KJN79J529BWBWTESKB6D9MB7,01KJN7A44GGBE9XR412KV5BFSC,C,B,0,0.0,2.0,1.0
01KJN6MMQ03KZPZN0275VZXK6R,page9-46,01KJN79J529BWBWTESKB6D9MB7,01KJN7AAX1VHZ1A7ZB35BNRH8N,C,A,0,0.0,2.0,1.0
01KJN6MMQ03KZPZN0275VZXK6R,page9-46,01KJN79J529BWBWTESKB6D9MB7,01KJN7AZC7FAG17CY924MRTCF7,C,A,0,0.1111111111111111,2.0,1.0
01KJN6MMQ03KZPZN0275VZXK6R,page9-46,01KJN79J529BWBWTESKB6D9MB7,01KJN7C40WEQBDF48ACG18M0EV,C,B,0,0.14285714285714285,2.0,1.0
01KJN6MMQ03KZPZN0275VZXK6R,page9-46,01KJN7A44GGBE9XR412KV5BFSC,01KJN7AAX1VHZ1A7ZB35BNRH8N,B,A,0,0.0,2.0,1.0
01KJN6MMQ03KZPZN0275VZXK6R,page9-46,01KJN7A44GGBE9XR412KV5BFSC,01KJN7AZC7FAG17CY924MRTCF7,B,A,0,0.0,2.0,1.0
01KJN6MMQ03KZPZN0275VZXK6R,page9-46,01KJN7A44GGBE9XR412KV5BFSC,01KJN7C40WEQBDF48ACG18M0EV,B,B,1,0.1,2.0,1.0
01KJN6MMQ03KZPZN0275VZXK6R,page9-46,01KJN7AAX1VHZ1A7ZB35BNRH8N,01KJN7AZC7FAG17CY924MRTCF7,A,A,1,0.3076923076923077,2.0,1.0
01KJN6MMQ03KZPZN0275VZXK6R,page9-46,01KJN7AAX1VHZ1A7ZB35BNRH8N,01KJN7C40WEQBDF48ACG18M0EV,A,B,0,0.08333333333333333,2.0,1.0
01KJN6MMQ03KZPZN0275VZXK6R,page9-46,01KJN7AZC7FAG17CY924MRTCF7,01KJN7C40WEQBDF48ACG18M0EV,A,B,0,0.17647058823529413,2.0,1.0
01KJN6MMQ03KZPZN0275VZXK6R,page9-46,01KJN7863BFF3ZYZGVVSATZTH7,01KJN78DQ6KC0F9N1HA0BPB44R,C,C,1,0.25,3.0,1.0
01KJN6MMQ03KZPZN0275VZXK6R,page9-46,01KJN7863BFF3ZYZGVVSATZTH7,01KJN792W85XPK9QGH8A6HSYSJ,C,B,0,0.0,3.0,1.0
01KJN6MMQ03KZPZN0275VZXK6R,page9-46,01KJN7863BFF3ZYZGVVSATZTH7,01KJN79B14FBSYSKKCG2BYVBB6,C,A,0,0.0,3.0,1.0
01KJN6MMQ03KZPZN0275VZXK6R,page9-46,01KJN7863BFF3ZYZGVVSATZTH7,01KJN79J529BWBWTESKB6D9MB7,C,C,1,0.5,3.0,1.0
01KJN6MMQ03KZPZN0275VZXK6R,page9-46,01KJN7863BFF3ZYZGVVSATZTH7,01KJN7A44GGBE9XR412KV5BFSC,C,B,0,0.0,3.0,1.0
01KJN6MMQ03KZPZN0275VZXK6R,page9-46,01KJN7863BFF3ZYZGVVSATZTH7,01KJN7AAX1VHZ1A7ZB35BNRH8N,C,A,0,0.0,3.0,1.0
01KJN6MMQ03KZPZN0275VZXK6R,page9-46,01KJN7863BFF3ZYZGVVSATZTH7,01KJN7AZC7FAG17CY924MRTCF7,C,A,0,0.0,3.0,1.0
01KJN6MMQ03KZPZN0275VZXK6R,page9-46,01KJN7863BFF3ZYZGVVSATZTH7,01KJN7C40WEQBDF48ACG18M0EV,C,B,0,0.0,3.0,1.0
01KJN6MMQ03KZPZN0275VZXK6R,page9-46,01KJN78DQ6KC0F9N1HA0BPB44R,01KJN792W85XPK9QGH8A6HSYSJ,C,B,0,0.0,3.0,1.0
01KJN6MMQ03KZPZN0275VZXK6R,page9-46,01KJN78DQ6KC0F9N1HA0BPB44R,01KJN79B14FBSYSKKCG2BYVBB6,C,A,0,0.1,3.0,1.0
01KJN6MMQ03KZPZN0275VZXK6R,page9-46,01KJN78DQ6KC0F9N1HA0BPB44R,01KJN79J529BWBWTESKB6D9MB7,C,C,1,0.3333333333333333,3.0,1.0
01KJN6MMQ03KZPZN0275VZXK6R,page9-46,01KJN78DQ6KC0F9N1HA0BPB44R,01KJN7A44GGBE9XR412KV5BFSC,C,B,0,0.0,3.0,1.0
01KJN6MMQ03KZPZN0275VZXK6R,page9-46,01KJN78DQ6KC0F9N1HA0BPB44R,01KJN7AAX1VHZ1A7ZB35BNRH8N,C,A,0,0.14285714285714285,3.0,1.0
01KJN6MMQ03KZPZN0275VZXK6R,page9-46,01KJN78DQ6KC0F9N1HA0BPB44R,01KJN7AZC7FAG17CY924MRTCF7,C,A,0,0.07142857142857142,3.0,1.0
01KJN6MMQ03KZPZN0275VZXK6R,page9-46,01KJN78DQ6KC0F9N1HA0BPB44R,01KJN7C40WEQBDF48ACG18M0EV,C,B,0,0.0,3.0,1.0
01KJN6MMQ03KZPZN0275VZXK6R,page9-46,01KJN792W85XPK9QGH8A6HSYSJ,01KJN79B14FBSYSKKCG2BYVBB6,B,A,0,0.2,3.0,1.0
01KJN6MMQ03KZPZN0275VZXK6R,page9-46,01KJN792W85XPK9QGH8A6HSYSJ,01KJN79J529BWBWTESKB6D9MB7,B,C,0,0.0,3.0,1.0
01KJN6MMQ03KZPZN0275VZXK6R,page9-46,01KJN792W85XPK9QGH8A6HSYSJ,01KJN7A44GGBE9XR412KV5BFSC,B,B,1,0.16666666666666666,3.0,1.0
01KJN6MMQ03KZPZN0275VZXK6R,page9-46,01KJN792W85XPK9QGH8A6HSYSJ,01KJN7AAX1VHZ1A7ZB35BNRH8N,B,A,0,0.125,3.0,1.0
01KJN6MMQ03KZPZN0275VZXK6R,page9-46,01KJN792W85XPK9QGH8A6HSYSJ,01KJN7AZC7FAG17CY924MRTCF7,B,A,0,0.14285714285714285,3.0,1.0
01KJN6MMQ03KZPZN0275VZXK6R,page9-46,01KJN792W85XPK9QGH8A6HSYSJ,01KJN7C40WEQBDF48ACG18M0EV,B,B,1,1.0,3.0,1.0
01KJN6MMQ03KZPZN0275VZXK6R,page9-46,01KJN79B14FBSYSKKCG2BYVBB6,01KJN79J529BWBWTESKB6D9MB7,A,C,0,0.0,3.0,1.0
01KJN6MMQ03KZPZN0275VZXK6R,page9-46,01KJN79B14FBSYSKKCG2BYVBB6,01KJN7A44GGBE9XR412KV5BFSC,A,B,0,0.0,3.0,1.0
01KJN6MMQ03KZPZN0275VZXK6R,page9-46,01KJN79B14FBSYSKKCG2BYVBB6,01KJN7AAX1VHZ1A7ZB35BNRH8N,A,A,1,0.4444444444444444,3.0,1.0
01KJN6MMQ03KZPZN0275VZXK6R,page9-46,01KJN79B14FBSYSKKCG2BYVBB6,01KJN7AZC7FAG17CY924MRTCF7,A,A,1,0.42857142857142855,3.0,1.0
01KJN6MMQ03KZPZN0275VZXK6R,page9-46,01KJN79B14FBSYSKKCG2BYVBB6,01KJN7C40WEQBDF48ACG18M0EV,A,B,0,0.2,3.0,1.0
01KJN6MMQ03KZPZN0275VZXK6R,page9-46,01KJN79J529BWBWTESKB6D9MB7,01KJN7A44GGBE9XR412KV5BFSC,C,B,0,0.0,3.0,1.0
01KJN6MMQ03KZPZN0275VZXK6R,page9-46,01KJN79J529BWBWTESKB6D9MB7,01KJN7AAX1VHZ1A7ZB35BNRH8N,C,A,0,0.0,3.0,1.0
01KJN6MMQ03KZPZN0275VZXK6R,page9-46,01KJN79J529BWBWTESKB6D9MB7,01KJN7AZC7FAG17CY924MRTCF7,C,A,0,0.0,3.0,1.0
01KJN6MMQ03KZPZN0275VZXK6R,page9-46,01KJN79J529BWBWTESKB6D9MB7,01KJN7C40WEQBDF48ACG18M0EV,C,B,0,0.0,3.0,1.0
01KJN6MMQ03KZPZN0275VZXK6R,page9-46,01KJN7A44GGBE9XR412KV5BFSC,01KJN7AAX1VHZ1A7ZB35BNRH8N,B,A,0,0.0,3.0,1.0
01KJN6MMQ03KZPZN0275VZXK6R,page9-46,01KJN7A44GGBE9XR412KV5BFSC,01KJN7AZC7FAG17CY924MRTCF7,B,A,0,0.0,3.0,1.0
01KJN6MMQ03KZPZN0275VZXK6R,page9-46,01KJN7A44GGBE9XR412KV5BFSC,01KJN7C40WEQBDF48ACG18M0EV,B,B,1,0.16666666666666666,3.0,1.0
01KJN6MMQ03KZPZN0275VZXK6R,page9-46,01KJN7AAX1VHZ1A7ZB35BNRH8N,01KJN7AZC7FAG17CY924MRTCF7,A,A,1,0.3076923076923077,3.0,1.0
01KJN6MMQ03KZPZN0275VZXK6R,page9-46,01KJN7AAX1VHZ1A7ZB35BNRH8N,01KJN7C40WEQBDF48ACG18M0EV,A,B,0,0.125,3.0,1.0
01KJN6MMQ03KZPZN0275VZXK6R,page9-46,01KJN7AZC7FAG17CY924MRTCF7,01KJN7C40WEQBDF48ACG18M0EV,A,B,0,0.14285714285714285,3.0,1.0
01KJN6MMQ03KZPZN0275VZXK6R,page9-46,01KJN7863BFF3ZYZGVVSATZTH7,01KJN78DQ6KC0F9N1HA0BPB44R,C,C,1,0.3333333333333333,4.0,1.0
01KJN6MMQ03KZPZN0275VZXK6R,page9-46,01KJN7863BFF3ZYZGVVSATZTH7,01KJN792W85XPK9QGH8A6HSYSJ,C,B,0,0.0,4.0,1.0
01KJN6MMQ03KZPZN0275VZXK6R,page9-46,01KJN7863BFF3ZYZGVVSATZTH7,01KJN79B14FBSYSKKCG2BYVBB6,C,A,0,0.0,4.0,1.0
01KJN6MMQ03KZPZN0275VZXK6R,page9-46,01KJN7863BFF3ZYZGVVSATZTH7,01KJN79J529BWBWTESKB6D9MB7,C,C,1,1.0,4.0,1.0
01KJN6MMQ03KZPZN0275VZXK6R,page9-46,01KJN7863BFF3ZYZGVVSATZTH7,01KJN7A44GGBE9XR412KV5BFSC,C,B,0,0.0,4.0,1.0
01KJN6MMQ03KZPZN0275VZXK6R,page9-46,01KJN7863BFF3ZYZGVVSATZTH7,01KJN7AAX1VHZ1A7ZB35BNRH8N,C,A,0,0.0,4.0,1.0
01KJN6MMQ03KZPZN0275VZXK6R,page9-46,01KJN7863BFF3ZYZGVVSATZTH7,01KJN7AZC7FAG17CY924MRTCF7,C,A,0,0.0,4.0,1.0
01KJN6MMQ03KZPZN0275VZXK6R,page9-46,01KJN7863BFF3ZYZGVVSATZTH7,01KJN7C40WEQBDF48ACG18M0EV,C,B,0,0.0,4.0,1.0
01KJN6MMQ03KZPZN0275VZXK6R,page9-46,01KJN78DQ6KC0F9N1HA0BPB44R,01KJN792W85XPK9QGH8A6HSYSJ,C,B,0,0.0,4.0,1.0
01KJN6MMQ03KZPZN0275VZXK6R,page9-46,01KJN78DQ6KC0F9N1HA0BPB44R,01KJN79B14FBSYSKKCG2BYVBB6,C,A,0,0.1,4.0,1.0
01KJN6MMQ03KZPZN0275VZXK6R,page9-46,01KJN78DQ6KC0F9N1HA0BPB44R,01KJN79J529BWBWTESKB6D9MB7,C,C,1,0.3333333333333333,4.0,1.0
01KJN6MMQ03KZPZN0275VZXK6R,page9-46,01KJN78DQ6KC0F9N1HA0BPB44R,01KJN7A44GGBE9XR412KV5BFSC,C,B,0,0.0,4.0,1.0
01KJN6MMQ03KZPZN0275VZXK6R,page9-46,01KJN78DQ6KC0F9N1HA0BPB44R,01KJN7AAX1VHZ1A7ZB35BNRH8N,C,A,0,0.0,4.0,1.0
01KJN6MMQ03KZPZN0275VZXK6R,page9-46,01KJN78DQ6KC0F9N1HA0BPB44R,01KJN7AZC7FAG17CY924MRTCF7,C,A,0,0.07142857142857142,4.0,1.0
01KJN6MMQ03KZPZN0275VZXK6R,page9-46,01KJN78DQ6KC0F9N1HA0BPB44R,01KJN7C40WEQBDF48ACG18M0EV,C,B,0,0.0,4.0,1.0
01KJN6MMQ03KZPZN0275VZXK6R,page9-46,01KJN792W85XPK9QGH8A6HSYSJ,01KJN79B14FBSYSKKCG2BYVBB6,B,A,0,0.1,4.0,1.0
01KJN6MMQ03KZPZN0275VZXK6R,page9-46,01KJN792W85XPK9QGH8A6HSYSJ,01KJN79J529BWBWTESKB6D9MB7,B,C,0,0.0,4.0,1.0
01KJN6MMQ03KZPZN0275VZXK6R,page9-46,01KJN792W85XPK9QGH8A6HSYSJ,01KJN7A44GGBE9XR412KV5BFSC,B,B,1,0.2,4.0,1.0
01KJN6MMQ03KZPZN0275VZXK6R,page9-46,01KJN792W85XPK9QGH8A6HSYSJ,01KJN7AAX1VHZ1A7ZB35BNRH8N,B,A,0,0.0,4.0,1.0
01KJN6MMQ03KZPZN0275VZXK6R,page9-46,01KJN792W85XPK9QGH8A6HSYSJ,01KJN7AZC7FAG17CY924MRTCF7,B,A,0,0.07142857142857142,4.0,1.0
01KJN6MMQ03KZPZN0275VZXK6R,page9-46,01KJN792W85XPK9QGH8A6HSYSJ,01KJN7C40WEQBDF48ACG18M0EV,B,B,1,0.75,4.0,1.0
01KJN6MMQ03KZPZN0275VZXK6R,page9-46,01KJN79B14FBSYSKKCG2BYVBB6,01KJN79J529BWBWTESKB6D9MB7,A,C,0,0.0,4.0,1.0
01KJN6MMQ03KZPZN0275VZXK6R,page9-46,01KJN79B14FBSYSKKCG2BYVBB6,01KJN7A44GGBE9XR412KV5BFSC,A,B,0,0.0,4.0,1.0
01KJN6MMQ03KZPZN0275VZXK6R,page9-46,01KJN79B14FBSYSKKCG2BYVBB6,01KJN7AAX1VHZ1A7ZB35BNRH8N,A,A,1,0.0,4.0,1.0
01KJN6MMQ03KZPZN0275VZXK6R,page9-46,01KJN79B14FBSYSKKCG2BYVBB6,01KJN7AZC7FAG17CY924MRTCF7,A,A,1,0.42857142857142855,4.0,1.0
01KJN6MMQ03KZPZN0275VZXK6R,page9-46,01KJN79B14FBSYSKKCG2BYVBB6,01KJN7C40WEQBDF48ACG18M0EV,A,B,0,0.2,4.0,1.0
01KJN6MMQ03KZPZN0275VZXK6R,page9-46,01KJN79J529BWBWTESKB6D9MB7,01KJN7A44GGBE9XR412KV5BFSC,C,B,0,0.0,4.0,1.0
01KJN6MMQ03KZPZN0275VZXK6R,page9-46,01KJN79J529BWBWTESKB6D9MB7,01KJN7AAX1VHZ1A7ZB35BNRH8N,C,A,0,0.0,4.0,1.0
01KJN6MMQ03KZPZN0275VZXK6R,page9-46,01KJN79J529BWBWTESKB6D9MB7,01KJN7AZC7FAG17CY924MRTCF7,C,A,0,0.0,4.0,1.0
01KJN6MMQ03KZPZN0275VZXK6R,page9-46,01KJN79J529BWBWTESKB6D9MB7,01KJN7C40WEQBDF48ACG18M0EV,C,B,0,0.0,4.0,1.0
01KJN6MMQ03KZPZN0275VZXK6R,page9-46,01KJN7A44GGBE9XR412KV5BFSC,01KJN7AAX1VHZ1A7ZB35BNRH8N,B,A,0,0.0,4.0,1.0
01KJN6MMQ03KZPZN0275VZXK6R,page9-46,01KJN7A44GGBE9XR412KV5BFSC,01KJN7AZC7FAG17CY924MRTCF7,B,A,0,0.0,4.0,1.0
01KJN6MMQ03KZPZN0275VZXK6R,page9-46,01KJN7A44GGBE9XR412KV5BFSC,01KJN7C40WEQBDF48ACG18M0EV,B,B,1,0.16666666666666666,4.0,1.0
01KJN6MMQ03KZPZN0275VZXK6R,page9-46,01KJN7AAX1VHZ1A7ZB35BNRH8N,01KJN7AZC7FAG17CY924MRTCF7,A,A,1,0.08333333333333333,4.0,1.0
01KJN6MMQ03KZPZN0275VZXK6R,page9-46,01KJN7AAX1VHZ1A7ZB35BNRH8N,01KJN7C40WEQBDF48ACG18M0EV,A,B,0,0.0,4.0,1.0
01KJN6MMQ03KZPZN0275VZXK6R,page9-46,01KJN7AZC7FAG17CY924MRTCF7,01KJN7C40WEQBDF48ACG18M0EV,A,B,0,0.14285714285714285,4.0,1.0
01KJN6MMQ03KZPZN0275VZXK6R,page9-46,01KJN7863BFF3ZYZGVVSATZTH7,01KJN78DQ6KC0F9N1HA0BPB44R,C,C,1,1.0,5.0,1.0
01KJN6MMQ03KZPZN0275VZXK6R,page9-46,01KJN7863BFF3ZYZGVVSATZTH7,01KJN792W85XPK9QGH8A6HSYSJ,C,B,0,0.0,5.0,1.0
01KJN6MMQ03KZPZN0275VZXK6R,page9-46,01KJN7863BFF3ZYZGVVSATZTH7,01KJN79B14FBSYSKKCG2BYVBB6,C,A,0,0.0,5.0,1.0
01KJN6MMQ03KZPZN0275VZXK6R,page9-46,01KJN7863BFF3ZYZGVVSATZTH7,01KJN79J529BWBWTESKB6D9MB7,C,C,1,1.0,5.0,1.0
01KJN6MMQ03KZPZN0275VZXK6R,page9-46,01KJN7863BFF3ZYZGVVSATZTH7,01KJN7A44GGBE9XR412KV5BFSC,C,B,0,0.0,5.0,1.0
01KJN6MMQ03KZPZN0275VZXK6R,page9-46,01KJN7863BFF3ZYZGVVSATZTH7,01KJN7AAX1VHZ1A7ZB35BNRH8N,C,A,0,0.0,5.0,1.0
01KJN6MMQ03KZPZN0275VZXK6R,page9-46,01KJN7863BFF3ZYZGVVSATZTH7,01KJN7AZC7FAG17CY924MRTCF7,C,A,0,0.0,5.0,1.0
01KJN6MMQ03KZPZN0275VZXK6R,page9-46,01KJN7863BFF3ZYZGVVSATZTH7,01KJN7C40WEQBDF48ACG18M0EV,C,B,0,0.0,5.0,1.0
01KJN6MMQ03KZPZN0275VZXK6R,page9-46,01KJN78DQ6KC0F9N1HA0BPB44R,01KJN792W85XPK9QGH8A6HSYSJ,C,B,0,0.0,5.0,1.0
01KJN6MMQ03KZPZN0275VZXK6R,page9-46,01KJN78DQ6KC0F9N1HA0BPB44R,01KJN79B14FBSYSKKCG2BYVBB6,C,A,0,0.0,5.0,1.0
01KJN6MMQ03KZPZN0275VZXK6R,page9-46,01KJN78DQ6KC0F9N1HA0BPB44R,01KJN79J529BWBWTESKB6D9MB7,C,C,1,1.0,5.0,1.0
01KJN6MMQ03KZPZN0275VZXK6R,page9-46,01KJN78DQ6KC0F9N1HA0BPB44R,01KJN7A44GGBE9XR412KV5BFSC,C,B,0,0.0,5.0,1.0
01KJN6MMQ03KZPZN0275VZXK6R,page9-46,01KJN78DQ6KC0F9N1HA0BPB44R,01KJN7AAX1VHZ1A7ZB35BNRH8N,C,A,0,0.0,5.0,1.0
01KJN6MMQ03KZPZN0275VZXK6R,page9-46,01KJN78DQ6KC0F9N1HA0BPB44R,01KJN7AZC7FAG17CY924MRTCF7,C,A,0,0.0,5.0,1.0
01KJN6MMQ03KZPZN0275VZXK6R,page9-46,01KJN78DQ6KC0F9N1HA0BPB44R,01KJN7C40WEQBDF48ACG18M0EV,C,B,0,0.0,5.0,1.0
01KJN6MMQ03KZPZN0275VZXK6R,page9-46,01KJN792W85XPK9QGH8A6HSYSJ,01KJN79B14FBSYSKKCG2BYVBB6,B,A,0,0.1,5.0,1.0
01KJN6MMQ03KZPZN0275VZXK6R,page9-46,01KJN792W85XPK9QGH8A6HSYSJ,01KJN79J529BWBWTESKB6D9MB7,B,C,0,0.0,5.0,1.0
01KJN6MMQ03KZPZN0275VZXK6R,page9-46,01KJN792W85XPK9QGH8A6HSYSJ,01KJN7A44GGBE9XR412KV5BFSC,B,B,1,0.2,5.0,1.0
01KJN6MMQ03KZPZN0275VZXK6R,page9-46,01KJN792W85XPK9QGH8A6HSYSJ,01KJN7AAX1VHZ1A7ZB35BNRH8N,B,A,0,0.0,5.0,1.0
01KJN6MMQ03KZPZN0275VZXK6R,page9-46,01KJN792W85XPK9QGH8A6HSYSJ,01KJN7AZC7FAG17CY924MRTCF7,B,A,0,0.0,5.0,1.0
01KJN6MMQ03KZPZN0275VZXK6R,page9-46,01KJN792W85XPK9QGH8A6HSYSJ,01KJN7C40WEQBDF48ACG18M0EV,B,B,1,0.75,5.0,1.0
01KJN6MMQ03KZPZN0275VZXK6R,page9-46,01KJN79B14FBSYSKKCG2BYVBB6,01KJN79J529BWBWTESKB6D9MB7,A,C,0,0.0,5.0,1.0
01KJN6MMQ03KZPZN0275VZXK6R,page9-46,01KJN79B14FBSYSKKCG2BYVBB6,01KJN7A44GGBE9XR412KV5BFSC,A,B,0,0.0,5.0,1.0
01KJN6MMQ03KZPZN0275VZXK6R,page9-46,01KJN79B14FBSYSKKCG2BYVBB6,01KJN7AAX1VHZ1A7ZB35BNRH8N,A,A,1,0.0,5.0,1.0
01KJN6MMQ03KZPZN0275VZXK6R,page9-46,01KJN79B14FBSYSKKCG2BYVBB6,01KJN7AZC7FAG17CY924MRTCF7,A,A,1,0.0,5.0,1.0
01KJN6MMQ03KZPZN0275VZXK6R,page9-46,01KJN79B14FBSYSKKCG2BYVBB6,01KJN7C40WEQBDF48ACG18M0EV,A,B,0,0.2,5.0,1.0
01KJN6MMQ03KZPZN0275VZXK6R,page9-46,01KJN79J529BWBWTESKB6D9MB7,01KJN7A44GGBE9XR412KV5BFSC,C,B,0,0.0,5.0,1.0
01KJN6MMQ03KZPZN0275VZXK6R,page9-46,01KJN79J529BWBWTESKB6D9MB7,01KJN7AAX1VHZ1A7ZB35BNRH8N,C,A,0,0.0,5.0,1.0
01KJN6MMQ03KZPZN0275VZXK6R,page9-46,01KJN79J529BWBWTESKB6D9MB7,01KJN7AZC7FAG17CY924MRTCF7,C,A,0,0.0,5.0,1.0
01KJN6MMQ03KZPZN0275VZXK6R,page9-46,01KJN79J529BWBWTESKB6D9MB7,01KJN7C40WEQBDF48ACG18M0EV,C,B,0,0.0,5.0,1.0
01KJN6MMQ03KZPZN0275VZXK6R,page9-46,01KJN7A44GGBE9XR412KV5BFSC,01KJN7AAX1VHZ1A7ZB35BNRH8N,B,A,0,0.0,5.0,1.0
01KJN6MMQ03KZPZN0275VZXK6R,page9-46,01KJN7A44GGBE9XR412KV5BFSC,01KJN7AZC7FAG17CY924MRTCF7,B,A,0,0.0,5.0,1.0
01KJN6MMQ03KZPZN0275VZXK6R,page9-46,01KJN7A44GGBE9XR412KV5BFSC,01KJN7C40WEQBDF48ACG18M0EV,B,B,1,0.16666666666666666,5.0,1.0
01KJN6MMQ03KZPZN0275VZXK6R,page9-46,01KJN7AAX1VHZ1A7ZB35BNRH8N,01KJN7AZC7FAG17CY924MRTCF7,A,A,1,1.0,5.0,1.0
01KJN6MMQ03KZPZN0275VZXK6R,page9-46,01KJN7AAX1VHZ1A7ZB35BNRH8N,01KJN7C40WEQBDF48ACG18M0EV,A,B,0,0.0,5.0,1.0
01KJN6MMQ03KZPZN0275VZXK6R,page9-46,01KJN7AZC7FAG17CY924MRTCF7,01KJN7C40WEQBDF48ACG18M0EV,A,B,0,0.0,5.0,1.0
01KJN6MMQ03KZPZN0275VZXK6R,page3-35,01KJN7863BFF3ZYZGVVSATZTH7,01KJN792W85XPK9QGH8A6HSYSJ,C,B,0,0.0,1.0,1.0
01KJN6MMQ03KZPZN0275VZXK6R,page3-35,01KJN7863BFF3ZYZGVVSATZTH7,01KJN79B14FBSYSKKCG2BYVBB6,C,A,0,0.0,1.0,1.0
01KJN6MMQ03KZPZN0275VZXK6R,page3-35,01KJN7863BFF3ZYZGVVSATZTH7,01KJN79J529BWBWTESKB6D9MB7,C,C,1,0.0,1.0,1.0
01KJN6MMQ03KZPZN0275VZXK6R,page3-35,01KJN7863BFF3ZYZGVVSATZTH7,01KJN7AAX1VHZ1A7ZB35BNRH8N,C,A,0,0.0,1.0,1.0
01KJN6MMQ03KZPZN0275VZXK6R,page3-35,01KJN7863BFF3ZYZGVVSATZTH7,01KJN7C40WEQBDF48ACG18M0EV,C,B,0,0.0,1.0,1.0
01KJN6MMQ03KZPZN0275VZXK6R,page3-35,01KJN792W85XPK9QGH8A6HSYSJ,01KJN79B14FBSYSKKCG2BYVBB6,B,A,0,0.25,1.0,1.0
01KJN6MMQ03KZPZN0275VZXK6R,page3-35,01KJN792W85XPK9QGH8A6HSYSJ,01KJN79J529BWBWTESKB6D9MB7,B,C,0,0.2222222222222222,1.0,1.0
01KJN6MMQ03KZPZN0275VZXK6R,page3-35,01KJN792W85XPK9QGH8A6HSYSJ,01KJN7AAX1VHZ1A7ZB35BNRH8N,B,A,0,0.14285714285714285,1.0,1.0
01KJN6MMQ03KZPZN0275VZXK6R,page3-35,01KJN792W85XPK9QGH8A6HSYSJ,01KJN7C40WEQBDF48ACG18M0EV,B,B,1,0.1111111111111111,1.0,1.0
01KJN6MMQ03KZPZN0275VZXK6R,page3-35,01KJN79B14FBSYSKKCG2BYVBB6,01KJN79J529BWBWTESKB6D9MB7,A,C,0,0.25,1.0,1.0
01KJN6MMQ03KZPZN0275VZXK6R,page3-35,01KJN79B14FBSYSKKCG2BYVBB6,01KJN7AAX1VHZ1A7ZB35BNRH8N,A,A,1,0.17647058823529413,1.0,1.0
01KJN6MMQ03KZPZN0275VZXK6R,page3-35,01KJN79B14FBSYSKKCG2BYVBB6,01KJN7C40WEQBDF48ACG18M0EV,A,B,0,0.07692307692307693,1.0,1.0
01KJN6MMQ03KZPZN0275VZXK6R,page3-35,01KJN79J529BWBWTESKB6D9MB7,01KJN7AAX1VHZ1A7ZB35BNRH8N,C,A,0,0.10526315789473684,1.0,1.0
01KJN6MMQ03KZPZN0275VZXK6R,page3-35,01KJN79J529BWBWTESKB6D9MB7,01KJN7C40WEQBDF48ACG18M0EV,C,B,0,0.25,1.0,1.0
01KJN6MMQ03KZPZN0275VZXK6R,page3-35,01KJN7AAX1VHZ1A7ZB35BNRH8N,01KJN7C40WEQBDF48ACG18M0EV,A,B,0,0.05263157894736842,1.0,1.0
01KJN6MMQ03KZPZN0275VZXK6R,page3-35,01KJN7863BFF3ZYZGVVSATZTH7,01KJN78DQ6KC0F9N1HA0BPB44R,C,C,1,0.3333333333333333,2.0,1.0
01KJN6MMQ03KZPZN0275VZXK6R,page3-35,01KJN7863BFF3ZYZGVVSATZTH7,01KJN792W85XPK9QGH8A6HSYSJ,C,B,0,0.0,2.0,1.0
01KJN6MMQ03KZPZN0275VZXK6R,page3-35,01KJN7863BFF3ZYZGVVSATZTH7,01KJN79B14FBSYSKKCG2BYVBB6,C,A,0,0.0,2.0,1.0
01KJN6MMQ03KZPZN0275VZXK6R,page3-35,01KJN7863BFF3ZYZGVVSATZTH7,01KJN79J529BWBWTESKB6D9MB7,C,C,1,0.0,2.0,1.0
01KJN6MMQ03KZPZN0275VZXK6R,page3-35,01KJN7863BFF3ZYZGVVSATZTH7,01KJN7A44GGBE9XR412KV5BFSC,C,B,0,0.0,2.0,1.0
01KJN6MMQ03KZPZN0275VZXK6R,page3-35,01KJN7863BFF3ZYZGVVSATZTH7,01KJN7AAX1VHZ1A7ZB35BNRH8N,C,A,0,0.0,2.0,1.0
01KJN6MMQ03KZPZN0275VZXK6R,page3-35,01KJN7863BFF3ZYZGVVSATZTH7,01KJN7AZC7FAG17CY924MRTCF7,C,A,0,0.0,2.0,1.0
01KJN6MMQ03KZPZN0275VZXK6R,page3-35,01KJN7863BFF3ZYZGVVSATZTH7,01KJN7C40WEQBDF48ACG18M0EV,C,B,0,0.0,2.0,1.0
01KJN6MMQ03KZPZN0275VZXK6R,page3-35,01KJN78DQ6KC0F9N1HA0BPB44R,01KJN792W85XPK9QGH8A6HSYSJ,C,B,0,0.0,2.0,1.0
01KJN6MMQ03KZPZN0275VZXK6R,page3-35,01KJN78DQ6KC0F9N1HA0BPB44R,01KJN79B14FBSYSKKCG2BYVBB6,C,A,0,0.125,2.0,1.0
01KJN6MMQ03KZPZN0275VZXK6R,page3-35,01KJN78DQ6KC0F9N1HA0BPB44R,01KJN79J529BWBWTESKB6D9MB7,C,C,1,0.0,2.0,1.0
01KJN6MMQ03KZPZN0275VZXK6R,page3-35,01KJN78DQ6KC0F9N1HA0BPB44R,01KJN7A44GGBE9XR412KV5BFSC,C,B,0,0.0,2.0,1.0
01KJN6MMQ03KZPZN0275VZXK6R,page3-35,01KJN78DQ6KC0F9N1HA0BPB44R,01KJN7AAX1VHZ1A7ZB35BNRH8N,C,A,0,0.07142857142857142,2.0,1.0
01KJN6MMQ03KZPZN0275VZXK6R,page3-35,01KJN78DQ6KC0F9N1HA0BPB44R,01KJN7AZC7FAG17CY924MRTCF7,C,A,0,0.1111111111111111,2.0,1.0
01KJN6MMQ03KZPZN0275VZXK6R,page3-35,01KJN78DQ6KC0F9N1HA0BPB44R,01KJN7C40WEQBDF48ACG18M0EV,C,B,0,0.0,2.0,1.0
01KJN6MMQ03KZPZN0275VZXK6R,page3-35,01KJN792W85XPK9QGH8A6HSYSJ,01KJN79B14FBSYSKKCG2BYVBB6,B,A,0,0.25,2.0,1.0
01KJN6MMQ03KZPZN0275VZXK6R,page3-35,01KJN792W85XPK9QGH8A6HSYSJ,01KJN79J529BWBWTESKB6D9MB7,B,C,0,0.2222222222222222,2.0,1.0
01KJN6MMQ03KZPZN0275VZXK6R,page3-35,01KJN792W85XPK9QGH8A6HSYSJ,01KJN7A44GGBE9XR412KV5BFSC,B,B,1,0.0,2.0,1.0
01KJN6MMQ03KZPZN0275VZXK6R,page3-35,01KJN792W85XPK9QGH8A6HSYSJ,01KJN7AAX1VHZ1A7ZB35BNRH8N,B,A,0,0.14285714285714285,2.0,1.0
01KJN6MMQ03KZPZN0275VZXK6R,page3-35,01KJN792W85XPK9QGH8A6HSYSJ,01KJN7AZC7FAG17CY924MRTCF7,B,A,0,0.1,2.0,1.0
01KJN6MMQ03KZPZN0275VZXK6R,page3-35,01KJN792W85XPK9QGH8A6HSYSJ,01KJN7C40WEQBDF48ACG18M0EV,B,B,1,0.1111111111111111,2.0,1.0
01KJN6MMQ03KZPZN0275VZXK6R,page3-35,01KJN79B14FBSYSKKCG2BYVBB6,01KJN79J529BWBWTESKB6D9MB7,A,C,0,0.25,2.0,1.0
01KJN6MMQ03KZPZN0275VZXK6R,page3-35,01KJN79B14FBSYSKKCG2BYVBB6,01KJN7A44GGBE9XR412KV5BFSC,A,B,0,0.0,2.0,1.0
01KJN6MMQ03KZPZN0275VZXK6R,page3-35,01KJN79B14FBSYSKKCG2BYVBB6,01KJN7AAX1VHZ1A7ZB35BNRH8N,A,A,1,0.17647058823529413,2.0,1.0
01KJN6MMQ03KZPZN0275VZXK6R,page3-35,01KJN79B14FBSYSKKCG2BYVBB6,01KJN7AZC7FAG17CY924MRTCF7,A,A,1,0.15384615384615385,2.0,1.0
01KJN6MMQ03KZPZN0275VZXK6R,page3-35,01KJN79B14FBSYSKKCG2BYVBB6,01KJN7C40WEQBDF48ACG18M0EV,A,B,0,0.07692307692307693,2.0,1.0
01KJN6MMQ03KZPZN0275VZXK6R,page3-35,01KJN79J529BWBWTESKB6D9MB7,01KJN7A44GGBE9XR412KV5BFSC,C,B,0,0.0,2.0,1.0
01KJN6MMQ03KZPZN0275VZXK6R,page3-35,01KJN79J529BWBWTESKB6D9MB7,01KJN7AAX1VHZ1A7ZB35BNRH8N,C,A,0,0.10526315789473684,2.0,1.0
01KJN6MMQ03KZPZN0275VZXK6R,page3-35,01KJN79J529BWBWTESKB6D9MB7,01KJN7AZC7FAG17CY924MRTCF7,C,A,0,0.06666666666666667,2.0,1.0
01KJN6MMQ03KZPZN0275VZXK6R,page3-35,01KJN79J529BWBWTESKB6D9MB7,01KJN7C40WEQBDF48ACG18M0EV,C,B,0,0.25,2.0,1.0
01KJN6MMQ03KZPZN0275VZXK6R,page3-35,01KJN7A44GGBE9XR412KV5BFSC,01KJN7AAX1VHZ1A7ZB35BNRH8N,B,A,0,0.0,2.0,1.0
01KJN6MMQ03KZPZN0275VZXK6R,page3-35,01KJN7A44GGBE9XR412KV5BFSC,01KJN7AZC7FAG17CY924MRTCF7,B,A,0,0.0,2.0,1.0
01KJN6MMQ03KZPZN0275VZXK6R,page3-35,01KJN7A44GGBE9XR412KV5BFSC,01KJN7C40WEQBDF48ACG18M0EV,B,B,1,0.0,2.0,1.0
01KJN6MMQ03KZPZN0275VZXK6R,page3-35,01KJN7AAX1VHZ1A7ZB35BNRH8N,01KJN7AZC7FAG17CY924MRTCF7,A,A,1,0.4,2.0,1.0
01KJN6MMQ03KZPZN0275VZXK6R,page3-35,01KJN7AAX1VHZ1A7ZB35BNRH8N,01KJN7C40WEQBDF48ACG18M0EV,A,B,0,0.05263157894736842,2.0,1.0
01KJN6MMQ03KZPZN0275VZXK6R,page3-35,01KJN7AZC7FAG17CY924MRTCF7,01KJN7C40WEQBDF48ACG18M0EV,A,B,0,0.07142857142857142,2.0,1.0
01KJN6MMQ03KZPZN0275VZXK6R,page3-35,01KJN7863BFF3ZYZGVVSATZTH7,01KJN78DQ6KC0F9N1HA0BPB44R,C,C,1,0.3333333333333333,3.0,1.0
01KJN6MMQ03KZPZN0275VZXK6R,page3-35,01KJN7863BFF3ZYZGVVSATZTH7,01KJN792W85XPK9QGH8A6HSYSJ,C,B,0,0.0,3.0,1.0
01KJN6MMQ03KZPZN0275VZXK6R,page3-35,01KJN7863BFF3ZYZGVVSATZTH7,01KJN79B14FBSYSKKCG2BYVBB6,C,A,0,0.0,3.0,1.0
01KJN6MMQ03KZPZN0275VZXK6R,page3-35,01KJN7863BFF3ZYZGVVSATZTH7,01KJN79J529BWBWTESKB6D9MB7,C,C,1,0.0,3.0,1.0
01KJN6MMQ03KZPZN0275VZXK6R,page3-35,01KJN7863BFF3ZYZGVVSATZTH7,01KJN7A44GGBE9XR412KV5BFSC,C,B,0,0.0,3.0,1.0
01KJN6MMQ03KZPZN0275VZXK6R,page3-35,01KJN7863BFF3ZYZGVVSATZTH7,01KJN7AAX1VHZ1A7ZB35BNRH8N,C,A,0,0.0,3.0,1.0
01KJN6MMQ03KZPZN0275VZXK6R,page3-35,01KJN7863BFF3ZYZGVVSATZTH7,01KJN7AZC7FAG17CY924MRTCF7,C,A,0,0.0,3.0,1.0
01KJN6MMQ03KZPZN0275VZXK6R,page3-35,01KJN7863BFF3ZYZGVVSATZTH7,01KJN7C40WEQBDF48ACG18M0EV,C,B,0,0.0,3.0,1.0
01KJN6MMQ03KZPZN0275VZXK6R,page3-35,01KJN78DQ6KC0F9N1HA0BPB44R,01KJN792W85XPK9QGH8A6HSYSJ,C,B,0,0.0,3.0,1.0
01KJN6MMQ03KZPZN0275VZXK6R,page3-35,01KJN78DQ6KC0F9N1HA0BPB44R,01KJN79B14FBSYSKKCG2BYVBB6,C,A,0,0.09090909090909091,3.0,1.0
01KJN6MMQ03KZPZN0275VZXK6R,page3-35,01KJN78DQ6KC0F9N1HA0BPB44R,01KJN79J529BWBWTESKB6D9MB7,C,C,1,0.2,3.0,1.0
01KJN6MMQ03KZPZN0275VZXK6R,page3-35,01KJN78DQ6KC0F9N1HA0BPB44R,01KJN7A44GGBE9XR412KV5BFSC,C,B,0,0.0,3.0,1.0
01KJN6MMQ03KZPZN0275VZXK6R,page3-35,01KJN78DQ6KC0F9N1HA0BPB44R,01KJN7AAX1VHZ1A7ZB35BNRH8N,C,A,0,0.07142857142857142,3.0,1.0
01KJN6MMQ03KZPZN0275VZXK6R,page3-35,01KJN78DQ6KC0F9N1HA0BPB44R,01KJN7AZC7FAG17CY924MRTCF7,C,A,0,0.1111111111111111,3.0,1.0
01KJN6MMQ03KZPZN0275VZXK6R,page3-35,01KJN78DQ6KC0F9N1HA0BPB44R,01KJN7C40WEQBDF48ACG18M0EV,C,B,0,0.07692307692307693,3.0,1.0
01KJN6MMQ03KZPZN0275VZXK6R,page3-35,01KJN792W85XPK9QGH8A6HSYSJ,01KJN79B14FBSYSKKCG2BYVBB6,B,A,0,0.18181818181818182,3.0,1.0
01KJN6MMQ03KZPZN0275VZXK6R,page3-35,01KJN792W85XPK9QGH8A6HSYSJ,01KJN79J529BWBWTESKB6D9MB7,B,C,0,0.16666666666666666,3.0,1.0
01KJN6MMQ03KZPZN0275VZXK6R,page3-35,01KJN792W85XPK9QGH8A6HSYSJ,01KJN7A44GGBE9XR412KV5BFSC,B,B,1,0.0,3.0,1.0
01KJN6MMQ03KZPZN0275VZXK6R,page3-35,01KJN792W85XPK9QGH8A6HSYSJ,01KJN7AAX1VHZ1A7ZB35BNRH8N,B,A,0,0.14285714285714285,3.0,1.0
01KJN6MMQ03KZPZN0275VZXK6R,page3-35,01KJN792W85XPK9QGH8A6HSYSJ,01KJN7AZC7FAG17CY924MRTCF7,B,A,0,0.1,3.0,1.0
01KJN6MMQ03KZPZN0275VZXK6R,page3-35,01KJN792W85XPK9QGH8A6HSYSJ,01KJN7C40WEQBDF48ACG18M0EV,B,B,1,0.07142857142857142,3.0,1.0
01KJN6MMQ03KZPZN0275VZXK6R,page3-35,01KJN79B14FBSYSKKCG2BYVBB6,01KJN79J529BWBWTESKB6D9MB7,A,C,0,0.16666666666666666,3.0,1.0
01KJN6MMQ03KZPZN0275VZXK6R,page3-35,01KJN79B14FBSYSKKCG2BYVBB6,01KJN7A44GGBE9XR412KV5BFSC,A,B,0,0.0,3.0,1.0
01KJN6MMQ03KZPZN0275VZXK6R,page3-35,01KJN79B14FBSYSKKCG2BYVBB6,01KJN7AAX1VHZ1A7ZB35BNRH8N,A,A,1,0.2777777777777778,3.0,1.0
01KJN6MMQ03KZPZN0275VZXK6R,page3-35,01KJN79B14FBSYSKKCG2BYVBB6,01KJN7AZC7FAG17CY924MRTCF7,A,A,1,0.2857142857142857,3.0,1.0
01KJN6MMQ03KZPZN0275VZXK6R,page3-35,01KJN79B14FBSYSKKCG2BYVBB6,01KJN7C40WEQBDF48ACG18M0EV,A,B,0,0.2222222222222222,3.0,1.0
01KJN6MMQ03KZPZN0275VZXK6R,page3-35,01KJN79J529BWBWTESKB6D9MB7,01KJN7A44GGBE9XR412KV5BFSC,C,B,0,0.0,3.0,1.0
01KJN6MMQ03KZPZN0275VZXK6R,page3-35,01KJN79J529BWBWTESKB6D9MB7,01KJN7AAX1VHZ1A7ZB35BNRH8N,C,A,0,0.13333333333333333,3.0,1.0
01KJN6MMQ03KZPZN0275VZXK6R,page3-35,01KJN79J529BWBWTESKB6D9MB7,01KJN7AZC7FAG17CY924MRTCF7,C,A,0,0.3333333333333333,3.0,1.0
01KJN6MMQ03KZPZN0275VZXK6R,page3-35,01KJN79J529BWBWTESKB6D9MB7,01KJN7C40WEQBDF48ACG18M0EV,C,B,0,0.14285714285714285,3.0,1.0
01KJN6MMQ03KZPZN0275VZXK6R,page3-35,01KJN7A44GGBE9XR412KV5BFSC,01KJN7AAX1VHZ1A7ZB35BNRH8N,B,A,0,0.0,3.0,1.0
01KJN6MMQ03KZPZN0275VZXK6R,page3-35,01KJN7A44GGBE9XR412KV5BFSC,01KJN7AZC7FAG17CY924MRTCF7,B,A,0,0.0,3.0,1.0
01KJN6MMQ03KZPZN0275VZXK6R,page3-35,01KJN7A44GGBE9XR412KV5BFSC,01KJN7C40WEQBDF48ACG18M0EV,B,B,1,0.0,3.0,1.0
01KJN6MMQ03KZPZN0275VZXK6R,page3-35,01KJN7AAX1VHZ1A7ZB35BNRH8N,01KJN7AZC7FAG17CY924MRTCF7,A,A,1,0.4,3.0,1.0
01KJN6MMQ03KZPZN0275VZXK6R,page3-35,01KJN7AAX1VHZ1A7ZB35BNRH8N,01KJN7C40WEQBDF48ACG18M0EV,A,B,0,0.3157894736842105,3.0,1.0
01KJN6MMQ03KZPZN0275VZXK6R,page3-35,01KJN7AZC7FAG17CY924MRTCF7,01KJN7C40WEQBDF48ACG18M0EV,A,B,0,0.25,3.0,1.0
01KJN6MMQ03KZPZN0275VZXK6R,page3-35,01KJN7863BFF3ZYZGVVSATZTH7,01KJN78DQ6KC0F9N1HA0BPB44R,C,C,1,0.0,4.0,1.0
01KJN6MMQ03KZPZN0275VZXK6R,page3-35,01KJN7863BFF3ZYZGVVSATZTH7,01KJN792W85XPK9QGH8A6HSYSJ,C,B,0,0.0,4.0,1.0
01KJN6MMQ03KZPZN0275VZXK6R,page3-35,01KJN7863BFF3ZYZGVVSATZTH7,01KJN79B14FBSYSKKCG2BYVBB6,C,A,0,0.0,4.0,1.0
01KJN6MMQ03KZPZN0275VZXK6R,page3-35,01KJN7863BFF3ZYZGVVSATZTH7,01KJN79J529BWBWTESKB6D9MB7,C,C,1,0.4,4.0,1.0
01KJN6MMQ03KZPZN0275VZXK6R,page3-35,01KJN7863BFF3ZYZGVVSATZTH7,01KJN7A44GGBE9XR412KV5BFSC,C,B,0,0.0,4.0,1.0
01KJN6MMQ03KZPZN0275VZXK6R,page3-35,01KJN7863BFF3ZYZGVVSATZTH7,01KJN7AAX1VHZ1A7ZB35BNRH8N,C,A,0,0.0,4.0,1.0
01KJN6MMQ03KZPZN0275VZXK6R,page3-35,01KJN7863BFF3ZYZGVVSATZTH7,01KJN7AZC7FAG17CY924MRTCF7,C,A,0,0.1,4.0,1.0
01KJN6MMQ03KZPZN0275VZXK6R,page3-35,01KJN7863BFF3ZYZGVVSATZTH7,01KJN7C40WEQBDF48ACG18M0EV,C,B,0,0.0,4.0,1.0
01KJN6MMQ03KZPZN0275VZXK6R,page3-35,01KJN78DQ6KC0F9N1HA0BPB44R,01KJN792W85XPK9QGH8A6HSYSJ,C,B,0,0.0,4.0,1.0
01KJN6MMQ03KZPZN0275VZXK6R,page3-35,01KJN78DQ6KC0F9N1HA0BPB44R,01KJN79B14FBSYSKKCG2BYVBB6,C,A,0,0.09090909090909091,4.0,1.0
01KJN6MMQ03KZPZN0275VZXK6R,page3-35,01KJN78DQ6KC0F9N1HA0BPB44R,01KJN79J529BWBWTESKB6D9MB7,C,C,1,0.2,4.0,1.0
01KJN6MMQ03KZPZN0275VZXK6R,page3-35,01KJN78DQ6KC0F9N1HA0BPB44R,01KJN7A44GGBE9XR412KV5BFSC,C,B,0,0.0,4.0,1.0
01KJN6MMQ03KZPZN0275VZXK6R,page3-35,01KJN78DQ6KC0F9N1HA0BPB44R,01KJN7AAX1VHZ1A7ZB35BNRH8N,C,A,0,0.0,4.0,1.0
01KJN6MMQ03KZPZN0275VZXK6R,page3-35,01KJN78DQ6KC0F9N1HA0BPB44R,01KJN7AZC7FAG17CY924MRTCF7,C,A,0,0.1111111111111111,4.0,1.0
01KJN6MMQ03KZPZN0275VZXK6R,page3-35,01KJN78DQ6KC0F9N1HA0BPB44R,01KJN7C40WEQBDF48ACG18M0EV,C,B,0,0.07692307692307693,4.0,1.0
01KJN6MMQ03KZPZN0275VZXK6R,page3-35,01KJN792W85XPK9QGH8A6HSYSJ,01KJN79B14FBSYSKKCG2BYVBB6,B,A,0,0.15384615384615385,4.0,1.0
01KJN6MMQ03KZPZN0275VZXK6R,page3-35,01KJN792W85XPK9QGH8A6HSYSJ,01KJN79J529BWBWTESKB6D9MB7,B,C,0,0.0,4.0,1.0
01KJN6MMQ03KZPZN0275VZXK6R,page3-35,01KJN792W85XPK9QGH8A6HSYSJ,01KJN7A44GGBE9XR412KV5BFSC,B,B,1,0.0,4.0,1.0
01KJN6MMQ03KZPZN0275VZXK6R,page3-35,01KJN792W85XPK9QGH8A6HSYSJ,01KJN7AAX1VHZ1A7ZB35BNRH8N,B,A,0,0.0,4.0,1.0
01KJN6MMQ03KZPZN0275VZXK6R,page3-35,01KJN792W85XPK9QGH8A6HSYSJ,01KJN7AZC7FAG17CY924MRTCF7,B,A,0,0.08333333333333333,4.0,1.0
01KJN6MMQ03KZPZN0275VZXK6R,page3-35,01KJN792W85XPK9QGH8A6HSYSJ,01KJN7C40WEQBDF48ACG18M0EV,B,B,1,0.0625,4.0,1.0
01KJN6MMQ03KZPZN0275VZXK6R,page3-35,01KJN79B14FBSYSKKCG2BYVBB6,01KJN79J529BWBWTESKB6D9MB7,A,C,0,0.16666666666666666,4.0,1.0
01KJN6MMQ03KZPZN0275VZXK6R,page3-35,01KJN79B14FBSYSKKCG2BYVBB6,01KJN7A44GGBE9XR412KV5BFSC,A,B,0,0.0,4.0,1.0
01KJN6MMQ03KZPZN0275VZXK6R,page3-35,01KJN79B14FBSYSKKCG2BYVBB6,01KJN7AAX1VHZ1A7ZB35BNRH8N,A,A,1,0.1,4.0,1.0
01KJN6MMQ03KZPZN0275VZXK6R,page3-35,01KJN79B14FBSYSKKCG2BYVBB6,01KJN7AZC7FAG17CY924MRTCF7,A,A,1,0.2857142857142857,4.0,1.0
01KJN6MMQ03KZPZN0275VZXK6R,page3-35,01KJN79B14FBSYSKKCG2BYVBB6,01KJN7C40WEQBDF48ACG18M0EV,A,B,0,0.2222222222222222,4.0,1.0
01KJN6MMQ03KZPZN0275VZXK6R,page3-35,01KJN79J529BWBWTESKB6D9MB7,01KJN7A44GGBE9XR412KV5BFSC,C,B,0,0.0,4.0,1.0
01KJN6MMQ03KZPZN0275VZXK6R,page3-35,01KJN79J529BWBWTESKB6D9MB7,01KJN7AAX1VHZ1A7ZB35BNRH8N,C,A,0,0.0,4.0,1.0
01KJN6MMQ03KZPZN0275VZXK6R,page3-35,01KJN79J529BWBWTESKB6D9MB7,01KJN7AZC7FAG17CY924MRTCF7,C,A,0,0.3333333333333333,4.0,1.0
01KJN6MMQ03KZPZN0275VZXK6R,page3-35,01KJN79J529BWBWTESKB6D9MB7,01KJN7C40WEQBDF48ACG18M0EV,C,B,0,0.14285714285714285,4.0,1.0
01KJN6MMQ03KZPZN0275VZXK6R,page3-35,01KJN7A44GGBE9XR412KV5BFSC,01KJN7AAX1VHZ1A7ZB35BNRH8N,B,A,0,0.0,4.0,1.0
01KJN6MMQ03KZPZN0275VZXK6R,page3-35,01KJN7A44GGBE9XR412KV5BFSC,01KJN7AZC7FAG17CY924MRTCF7,B,A,0,0.0,4.0,1.0
01KJN6MMQ03KZPZN0275VZXK6R,page3-35,01KJN7A44GGBE9XR412KV5BFSC,01KJN7C40WEQBDF48ACG18M0EV,B,B,1,0.0,4.0,1.0
01KJN6MMQ03KZPZN0275VZXK6R,page3-35,01KJN7AAX1VHZ1A7ZB35BNRH8N,01KJN7AZC7FAG17CY924MRTCF7,A,A,1,0.0,4.0,1.0
01KJN6MMQ03KZPZN0275VZXK6R,page3-35,01KJN7AAX1VHZ1A7ZB35BNRH8N,01KJN7C40WEQBDF48ACG18M0EV,A,B,0,0.0,4.0,1.0
01KJN6MMQ03KZPZN0275VZXK6R,page3-35,01KJN7AZC7FAG17CY924MRTCF7,01KJN7C40WEQBDF48ACG18M0EV,A,B,0,0.25,4.0,1.0
01KJN6MMQ03KZPZN0275VZXK6R,page3-35,01KJN7863BFF3ZYZGVVSATZTH7,01KJN78DQ6KC0F9N1HA0BPB44R,C,C,1,0.0,5.0,1.0
01KJN6MMQ03KZPZN0275VZXK6R,page3-35,01KJN7863BFF3ZYZGVVSATZTH7,01KJN792W85XPK9QGH8A6HSYSJ,C,B,0,0.0,5.0,1.0
01KJN6MMQ03KZPZN0275VZXK6R,page3-35,01KJN7863BFF3ZYZGVVSATZTH7,01KJN79B14FBSYSKKCG2BYVBB6,C,A,0,0.0,5.0,1.0
01KJN6MMQ03KZPZN0275VZXK6R,page3-35,01KJN7863BFF3ZYZGVVSATZTH7,01KJN79J529BWBWTESKB6D9MB7,C,C,1,0.4,5.0,1.0
01KJN6MMQ03KZPZN0275VZXK6R,page3-35,01KJN7863BFF3ZYZGVVSATZTH7,01KJN7A44GGBE9XR412KV5BFSC,C,B,0,0.0,5.0,1.0
01KJN6MMQ03KZPZN0275VZXK6R,page3-35,01KJN7863BFF3ZYZGVVSATZTH7,01KJN7AAX1VHZ1A7ZB35BNRH8N,C,A,0,0.0,5.0,1.0
01KJN6MMQ03KZPZN0275VZXK6R,page3-35,01KJN7863BFF3ZYZGVVSATZTH7,01KJN7AZC7FAG17CY924MRTCF7,C,A,0,0.0,5.0,1.0
01KJN6MMQ03KZPZN0275VZXK6R,page3-35,01KJN7863BFF3ZYZGVVSATZTH7,01KJN7C40WEQBDF48ACG18M0EV,C,B,0,0.0,5.0,1.0
01KJN6MMQ03KZPZN0275VZXK6R,page3-35,01KJN78DQ6KC0F9N1HA0BPB44R,01KJN792W85XPK9QGH8A6HSYSJ,C,B,0,0.0,5.0,1.0
01KJN6MMQ03KZPZN0275VZXK6R,page3-35,01KJN78DQ6KC0F9N1HA0BPB44R,01KJN79B14FBSYSKKCG2BYVBB6,C,A,0,0.09090909090909091,5.0,1.0
01KJN6MMQ03KZPZN0275VZXK6R,page3-35,01KJN78DQ6KC0F9N1HA0BPB44R,01KJN79J529BWBWTESKB6D9MB7,C,C,1,0.2,5.0,1.0
01KJN6MMQ03KZPZN0275VZXK6R,page3-35,01KJN78DQ6KC0F9N1HA0BPB44R,01KJN7A44GGBE9XR412KV5BFSC,C,B,0,0.0,5.0,1.0
01KJN6MMQ03KZPZN0275VZXK6R,page3-35,01KJN78DQ6KC0F9N1HA0BPB44R,01KJN7AAX1VHZ1A7ZB35BNRH8N,C,A,0,0.0,5.0,1.0
01KJN6MMQ03KZPZN0275VZXK6R,page3-35,01KJN78DQ6KC0F9N1HA0BPB44R,01KJN7AZC7FAG17CY924MRTCF7,C,A,0,0.0,5.0,1.0
01KJN6MMQ03KZPZN0275VZXK6R,page3-35,01KJN78DQ6KC0F9N1HA0BPB44R,01KJN7C40WEQBDF48ACG18M0EV,C,B,0,0.07692307692307693,5.0,1.0
01KJN6MMQ03KZPZN0275VZXK6R,page3-35,01KJN792W85XPK9QGH8A6HSYSJ,01KJN79B14FBSYSKKCG2BYVBB6,B,A,0,0.15384615384615385,5.0,1.0
01KJN6MMQ03KZPZN0275VZXK6R,page3-35,01KJN792W85XPK9QGH8A6HSYSJ,01KJN79J529BWBWTESKB6D9MB7,B,C,0,0.0,5.0,1.0
01KJN6MMQ03KZPZN0275VZXK6R,page3-35,01KJN792W85XPK9QGH8A6HSYSJ,01KJN7A44GGBE9XR412KV5BFSC,B,B,1,0.0,5.0,1.0
01KJN6MMQ03KZPZN0275VZXK6R,page3-35,01KJN792W85XPK9QGH8A6HSYSJ,01KJN7AAX1VHZ1A7ZB35BNRH8N,B,A,0,0.0,5.0,1.0
01KJN6MMQ03KZPZN0275VZXK6R,page3-35,01KJN792W85XPK9QGH8A6HSYSJ,01KJN7AZC7FAG17CY924MRTCF7,B,A,0,0.0,5.0,1.0
01KJN6MMQ03KZPZN0275VZXK6R,page3-35,01KJN792W85XPK9QGH8A6HSYSJ,01KJN7C40WEQBDF48ACG18M0EV,B,B,1,0.0625,5.0,1.0
01KJN6MMQ03KZPZN0275VZXK6R,page3-35,01KJN79B14FBSYSKKCG2BYVBB6,01KJN79J529BWBWTESKB6D9MB7,A,C,0,0.16666666666666666,5.0,1.0
01KJN6MMQ03KZPZN0275VZXK6R,page3-35,01KJN79B14FBSYSKKCG2BYVBB6,01KJN7A44GGBE9XR412KV5BFSC,A,B,0,0.0,5.0,1.0
01KJN6MMQ03KZPZN0275VZXK6R,page3-35,01KJN79B14FBSYSKKCG2BYVBB6,01KJN7AAX1VHZ1A7ZB35BNRH8N,A,A,1,0.1,5.0,1.0
01KJN6MMQ03KZPZN0275VZXK6R,page3-35,01KJN79B14FBSYSKKCG2BYVBB6,01KJN7AZC7FAG17CY924MRTCF7,A,A,1,0.1,5.0,1.0
01KJN6MMQ03KZPZN0275VZXK6R,page3-35,01KJN79B14FBSYSKKCG2BYVBB6,01KJN7C40WEQBDF48ACG18M0EV,A,B,0,0.2222222222222222,5.0,1.0
01KJN6MMQ03KZPZN0275VZXK6R,page3-35,01KJN79J529BWBWTESKB6D9MB7,01KJN7A44GGBE9XR412KV5BFSC,C,B,0,0.0,5.0,1.0
01KJN6MMQ03KZPZN0275VZXK6R,page3-35,01KJN79J529BWBWTESKB6D9MB7,01KJN7AAX1VHZ1A7ZB35BNRH8N,C,A,0,0.0,5.0,1.0
01KJN6MMQ03KZPZN0275VZXK6R,page3-35,01KJN79J529BWBWTESKB6D9MB7,01KJN7AZC7FAG17CY924MRTCF7,C,A,0,0.0,5.0,1.0
01KJN6MMQ03KZPZN0275VZXK6R,page3-35,01KJN79J529BWBWTESKB6D9MB7,01KJN7C40WEQBDF48ACG18M0EV,C,B,0,0.14285714285714285,5.0,1.0
01KJN6MMQ03KZPZN0275VZXK6R,page3-35,01KJN7A44GGBE9XR412KV5BFSC,01KJN7AAX1VHZ1A7ZB35BNRH8N,B,A,0,0.0,5.0,1.0
01KJN6MMQ03KZPZN0275VZXK6R,page3-35,01KJN7A44GGBE9XR412KV5BFSC,01KJN7AZC7FAG17CY924MRTCF7,B,A,0,0.0,5.0,1.0
01KJN6MMQ03KZPZN0275VZXK6R,page3-35,01KJN7A44GGBE9XR412KV5BFSC,01KJN7C40WEQBDF48ACG18M0EV,B,B,1,0.0,5.0,1.0
01KJN6MMQ03KZPZN0275VZXK6R,page3-35,01KJN7AAX1VHZ1A7ZB35BNRH8N,01KJN7AZC7FAG17CY924MRTCF7,A,A,1,1.0,5.0,1.0
01KJN6MMQ03KZPZN0275VZXK6R,page3-35,01KJN7AAX1VHZ1A7ZB35BNRH8N,01KJN7C40WEQBDF48ACG18M0EV,A,B,0,0.0,5.0,1.0
01KJN6MMQ03KZPZN0275VZXK6R,page3-35,01KJN7AZC7FAG17CY924MRTCF7,01KJN7C40WEQBDF48ACG18M0EV,A,B,0,0.0,5.0,1.0
01KJN6MMQ03KZPZN0275VZXK6R,page7-107,01KJN7863BFF3ZYZGVVSATZTH7,01KJN792W85XPK9QGH8A6HSYSJ,C,B,0,0.0,1.0,1.0
01KJN6MMQ03KZPZN0275VZXK6R,page7-107,01KJN7863BFF3ZYZGVVSATZTH7,01KJN79B14FBSYSKKCG2BYVBB6,C,A,0,0.0,1.0,1.0
01KJN6MMQ03KZPZN0275VZXK6R,page7-107,01KJN7863BFF3ZYZGVVSATZTH7,01KJN79J529BWBWTESKB6D9MB7,C,C,1,0.0,1.0,1.0
01KJN6MMQ03KZPZN0275VZXK6R,page7-107,01KJN7863BFF3ZYZGVVSATZTH7,01KJN7AAX1VHZ1A7ZB35BNRH8N,C,A,0,0.0,1.0,1.0
01KJN6MMQ03KZPZN0275VZXK6R,page7-107,01KJN7863BFF3ZYZGVVSATZTH7,01KJN7C40WEQBDF48ACG18M0EV,C,B,0,0.0,1.0,1.0
01KJN6MMQ03KZPZN0275VZXK6R,page7-107,01KJN792W85XPK9QGH8A6HSYSJ,01KJN79B14FBSYSKKCG2BYVBB6,B,A,0,0.16666666666666666,1.0,1.0
01KJN6MMQ03KZPZN0275VZXK6R,page7-107,01KJN792W85XPK9QGH8A6HSYSJ,01KJN79J529BWBWTESKB6D9MB7,B,C,0,0.1111111111111111,1.0,1.0
01KJN6MMQ03KZPZN0275VZXK6R,page7-107,01KJN792W85XPK9QGH8A6HSYSJ,01KJN7AAX1VHZ1A7ZB35BNRH8N,B,A,0,0.1,1.0,1.0
01KJN6MMQ03KZPZN0275VZXK6R,page7-107,01KJN792W85XPK9QGH8A6HSYSJ,01KJN7C40WEQBDF48ACG18M0EV,B,B,1,0.6,1.0,1.0
01KJN6MMQ03KZPZN0275VZXK6R,page7-107,01KJN79B14FBSYSKKCG2BYVBB6,01KJN79J529BWBWTESKB6D9MB7,A,C,0,0.0,1.0,1.0
01KJN6MMQ03KZPZN0275VZXK6R,page7-107,01KJN79B14FBSYSKKCG2BYVBB6,01KJN7AAX1VHZ1A7ZB35BNRH8N,A,A,1,0.2,1.0,1.0
01KJN6MMQ03KZPZN0275VZXK6R,page7-107,01KJN79B14FBSYSKKCG2BYVBB6,01KJN7C40WEQBDF48ACG18M0EV,A,B,0,0.125,1.0,1.0
01KJN6MMQ03KZPZN0275VZXK6R,page7-107,01KJN79J529BWBWTESKB6D9MB7,01KJN7AAX1VHZ1A7ZB35BNRH8N,C,A,0,0.0,1.0,1.0
01KJN6MMQ03KZPZN0275VZXK6R,page7-107,01KJN79J529BWBWTESKB6D9MB7,01KJN7C40WEQBDF48ACG18M0EV,C,B,0,0.09090909090909091,1.0,1.0
01KJN6MMQ03KZPZN0275VZXK6R,page7-107,01KJN7AAX1VHZ1A7ZB35BNRH8N,01KJN7C40WEQBDF48ACG18M0EV,A,B,0,0.08333333333333333,1.0,1.0
01KJN6MMQ03KZPZN0275VZXK6R,page7-107,01KJN7863BFF3ZYZGVVSATZTH7,01KJN78DQ6KC0F9N1HA0BPB44R,C,C,1,0.3333333333333333,2.0,1.0
01KJN6MMQ03KZPZN0275VZXK6R,page7-107,01KJN7863BFF3ZYZGVVSATZTH7,01KJN792W85XPK9QGH8A6HSYSJ,C,B,0,0.0,2.0,1.0
01KJN6MMQ03KZPZN0275VZXK6R,page7-107,01KJN7863BFF3ZYZGVVSATZTH7,01KJN79B14FBSYSKKCG2BYVBB6,C,A,0,0.0,2.0,1.0
01KJN6MMQ03KZPZN0275VZXK6R,page7-107,01KJN7863BFF3ZYZGVVSATZTH7,01KJN79J529BWBWTESKB6D9MB7,C,C,1,0.0,2.0,1.0
01KJN6MMQ03KZPZN0275VZXK6R,page7-107,01KJN7863BFF3ZYZGVVSATZTH7,01KJN7A44GGBE9XR412KV5BFSC,C,B,0,0.0,2.0,1.0
01KJN6MMQ03KZPZN0275VZXK6R,page7-107,01KJN7863BFF3ZYZGVVSATZTH7,01KJN7AAX1VHZ1A7ZB35BNRH8N,C,A,0,0.0,2.0,1.0
01KJN6MMQ03KZPZN0275VZXK6R,page7-107,01KJN7863BFF3ZYZGVVSATZTH7,01KJN7AZC7FAG17CY924MRTCF7,C,A,0,0.0,2.0,1.0
01KJN6MMQ03KZPZN0275VZXK6R,page7-107,01KJN7863BFF3ZYZGVVSATZTH7,01KJN7C40WEQBDF48ACG18M0EV,C,B,0,0.0,2.0,1.0
01KJN6MMQ03KZPZN0275VZXK6R,page7-107,01KJN78DQ6KC0F9N1HA0BPB44R,01KJN792W85XPK9QGH8A6HSYSJ,C,B,0,0.3333333333333333,2.0,1.0
01KJN6MMQ03KZPZN0275VZXK6R,page7-107,01KJN78DQ6KC0F9N1HA0BPB44R,01KJN79B14FBSYSKKCG2BYVBB6,C,A,0,0.2857142857142857,2.0,1.0
01KJN6MMQ03KZPZN0275VZXK6R,page7-107,01KJN78DQ6KC0F9N1HA0BPB44R,01KJN79J529BWBWTESKB6D9MB7,C,C,1,0.09090909090909091,2.0,1.0
01KJN6MMQ03KZPZN0275VZXK6R,page7-107,01KJN78DQ6KC0F9N1HA0BPB44R,01KJN7A44GGBE9XR412KV5BFSC,C,B,0,0.0,2.0,1.0
01KJN6MMQ03KZPZN0275VZXK6R,page7-107,01KJN78DQ6KC0F9N1HA0BPB44R,01KJN7AAX1VHZ1A7ZB35BNRH8N,C,A,0,0.18181818181818182,2.0,1.0
01KJN6MMQ03KZPZN0275VZXK6R,page7-107,01KJN78DQ6KC0F9N1HA0BPB44R,01KJN7AZC7FAG17CY924MRTCF7,C,A,0,0.14285714285714285,2.0,1.0
01KJN6MMQ03KZPZN0275VZXK6R,page7-107,01KJN78DQ6KC0F9N1HA0BPB44R,01KJN7C40WEQBDF48ACG18M0EV,C,B,0,0.25,2.0,1.0
01KJN6MMQ03KZPZN0275VZXK6R,page7-107,01KJN792W85XPK9QGH8A6HSYSJ,01KJN79B14FBSYSKKCG2BYVBB6,B,A,0,0.16666666666666666,2.0,1.0
01KJN6MMQ03KZPZN0275VZXK6R,page7-107,01KJN792W85XPK9QGH8A6HSYSJ,01KJN79J529BWBWTESKB6D9MB7,B,C,0,0.1111111111111111,2.0,1.0
01KJN6MMQ03KZPZN0275VZXK6R,page7-107,01KJN792W85XPK9QGH8A6HSYSJ,01KJN7A44GGBE9XR412KV5BFSC,B,B,1,0.2,2.0,1.0
01KJN6MMQ03KZPZN0275VZXK6R,page7-107,01KJN792W85XPK9QGH8A6HSYSJ,01KJN7AAX1VHZ1A7ZB35BNRH8N,B,A,0,0.1,2.0,1.0
01KJN6MMQ03KZPZN0275VZXK6R,page7-107,01KJN792W85XPK9QGH8A6HSYSJ,01KJN7AZC7FAG17CY924MRTCF7,B,A,0,0.2,2.0,1.0
01KJN6MMQ03KZPZN0275VZXK6R,page7-107,01KJN792W85XPK9QGH8A6HSYSJ,01KJN7C40WEQBDF48ACG18M0EV,B,B,1,0.6,2.0,1.0
01KJN6MMQ03KZPZN0275VZXK6R,page7-107,01KJN79B14FBSYSKKCG2BYVBB6,01KJN79J529BWBWTESKB6D9MB7,A,C,0,0.0,2.0,1.0
01KJN6MMQ03KZPZN0275VZXK6R,page7-107,01KJN79B14FBSYSKKCG2BYVBB6,01KJN7A44GGBE9XR412KV5BFSC,A,B,0,0.0,2.0,1.0
01KJN6MMQ03KZPZN0275VZXK6R,page7-107,01KJN79B14FBSYSKKCG2BYVBB6,01KJN7AAX1VHZ1A7ZB35BNRH8N,A,A,1,0.2,2.0,1.0
01KJN6MMQ03KZPZN0275VZXK6R,page7-107,01KJN79B14FBSYSKKCG2BYVBB6,01KJN7AZC7FAG17CY924MRTCF7,A,A,1,0.0,2.0,1.0
01KJN6MMQ03KZPZN0275VZXK6R,page7-107,01KJN79B14FBSYSKKCG2BYVBB6,01KJN7C40WEQBDF48ACG18M0EV,A,B,0,0.125,2.0,1.0
01KJN6MMQ03KZPZN0275VZXK6R,page7-107,01KJN79J529BWBWTESKB6D9MB7,01KJN7A44GGBE9XR412KV5BFSC,C,B,0,0.0,2.0,1.0
01KJN6MMQ03KZPZN0275VZXK6R,page7-107,01KJN79J529BWBWTESKB6D9MB7,01KJN7AAX1VHZ1A7ZB35BNRH8N,C,A,0,0.0,2.0,1.0
01KJN6MMQ03KZPZN0275VZXK6R,page7-107,01KJN79J529BWBWTESKB6D9MB7,01KJN7AZC7FAG17CY924MRTCF7,C,A,0,0.1111111111111111,2.0,1.0
01KJN6MMQ03KZPZN0275VZXK6R,page7-107,01KJN79J529BWBWTESKB6D9MB7,01KJN7C40WEQBDF48ACG18M0EV,C,B,0,0.09090909090909091,2.0,1.0
01KJN6MMQ03KZPZN0275VZXK6R,page7-107,01KJN7A44GGBE9XR412KV5BFSC,01KJN7AAX1VHZ1A7ZB35BNRH8N,B,A,0,0.0,2.0,1.0
01KJN6MMQ03KZPZN0275VZXK6R,page7-107,01KJN7A44GGBE9XR412KV5BFSC,01KJN7AZC7FAG17CY924MRTCF7,B,A,0,0.2,2.0,1.0
01KJN6MMQ03KZPZN0275VZXK6R,page7-107,01KJN7A44GGBE9XR412KV5BFSC,01KJN7C40WEQBDF48ACG18M0EV,B,B,1,0.3333333333333333,2.0,1.0
01KJN6MMQ03KZPZN0275VZXK6R,page7-107,01KJN7AAX1VHZ1A7ZB35BNRH8N,01KJN7AZC7FAG17CY924MRTCF7,A,A,1,0.1,2.0,1.0
01KJN6MMQ03KZPZN0275VZXK6R,page7-107,01KJN7AAX1VHZ1A7ZB35BNRH8N,01KJN7C40WEQBDF48ACG18M0EV,A,B,0,0.08333333333333333,2.0,1.0
01KJN6MMQ03KZPZN0275VZXK6R,page7-107,01KJN7AZC7FAG17CY924MRTCF7,01KJN7C40WEQBDF48ACG18M0EV,A,B,0,0.14285714285714285,2.0,1.0
01KJN6MMQ03KZPZN0275VZXK6R,page7-107,01KJN7863BFF3ZYZGVVSATZTH7,01KJN78DQ6KC0F9N1HA0BPB44R,C,C,1,0.3333333333333333,3.0,1.0
01KJN6MMQ03KZPZN0275VZXK6R,page7-107,01KJN7863BFF3ZYZGVVSATZTH7,01KJN792W85XPK9QGH8A6HSYSJ,C,B,0,0.0,3.0,1.0
01KJN6MMQ03KZPZN0275VZXK6R,page7-107,01KJN7863BFF3ZYZGVVSATZTH7,01KJN79B14FBSYSKKCG2BYVBB6,C,A,0,0.0,3.0,1.0
01KJN6MMQ03KZPZN0275VZXK6R,page7-107,01KJN7863BFF3ZYZGVVSATZTH7,01KJN79J529BWBWTESKB6D9MB7,C,C,1,0.2857142857142857,3.0,1.0
01KJN6MMQ03KZPZN0275VZXK6R,page7-107,01KJN7863BFF3ZYZGVVSATZTH7,01KJN7A44GGBE9XR412KV5BFSC,C,B,0,0.0,3.0,1.0
01KJN6MMQ03KZPZN0275VZXK6R,page7-107,01KJN7863BFF3ZYZGVVSATZTH7,01KJN7AAX1VHZ1A7ZB35BNRH8N,C,A,0,0.0,3.0,1.0
01KJN6MMQ03KZPZN0275VZXK6R,page7-107,01KJN7863BFF3ZYZGVVSATZTH7,01KJN7AZC7FAG17CY924MRTCF7,C,A,0,0.0,3.0,1.0
01KJN6MMQ03KZPZN0275VZXK6R,page7-107,01KJN7863BFF3ZYZGVVSATZTH7,01KJN7C40WEQBDF48ACG18M0EV,C,B,0,0.0,3.0,1.0
01KJN6MMQ03KZPZN0275VZXK6R,page7-107,01KJN78DQ6KC0F9N1HA0BPB44R,01KJN792W85XPK9QGH8A6HSYSJ,C,B,0,0.3333333333333333,3.0,1.0
01KJN6MMQ03KZPZN0275VZXK6R,page7-107,01KJN78DQ6KC0F9N1HA0BPB44R,01KJN79B14FBSYSKKCG2BYVBB6,C,A,0,0.2857142857142857,3.0,1.0
01KJN6MMQ03KZPZN0275VZXK6R,page7-107,01KJN78DQ6KC0F9N1HA0BPB44R,01KJN79J529BWBWTESKB6D9MB7,C,C,1,0.5714285714285714,3.0,1.0
01KJN6MMQ03KZPZN0275VZXK6R,page7-107,01KJN78DQ6KC0F9N1HA0BPB44R,01KJN7A44GGBE9XR412KV5BFSC,C,B,0,0.0,3.0,1.0
01KJN6MMQ03KZPZN0275VZXK6R,page7-107,01KJN78DQ6KC0F9N1HA0BPB44R,01KJN7AAX1VHZ1A7ZB35BNRH8N,C,A,0,0.18181818181818182,3.0,1.0
01KJN6MMQ03KZPZN0275VZXK6R,page7-107,01KJN78DQ6KC0F9N1HA0BPB44R,01KJN7AZC7FAG17CY924MRTCF7,C,A,0,0.14285714285714285,3.0,1.0
01KJN6MMQ03KZPZN0275VZXK6R,page7-107,01KJN78DQ6KC0F9N1HA0BPB44R,01KJN7C40WEQBDF48ACG18M0EV,C,B,0,0.125,3.0,1.0
01KJN6MMQ03KZPZN0275VZXK6R,page7-107,01KJN792W85XPK9QGH8A6HSYSJ,01KJN79B14FBSYSKKCG2BYVBB6,B,A,0,0.16666666666666666,3.0,1.0
01KJN6MMQ03KZPZN0275VZXK6R,page7-107,01KJN792W85XPK9QGH8A6HSYSJ,01KJN79J529BWBWTESKB6D9MB7,B,C,0,0.125,3.0,1.0
01KJN6MMQ03KZPZN0275VZXK6R,page7-107,01KJN792W85XPK9QGH8A6HSYSJ,01KJN7A44GGBE9XR412KV5BFSC,B,B,1,0.2,3.0,1.0
01KJN6MMQ03KZPZN0275VZXK6R,page7-107,01KJN792W85XPK9QGH8A6HSYSJ,01KJN7AAX1VHZ1A7ZB35BNRH8N,B,A,0,0.1,3.0,1.0
01KJN6MMQ03KZPZN0275VZXK6R,page7-107,01KJN792W85XPK9QGH8A6HSYSJ,01KJN7AZC7FAG17CY924MRTCF7,B,A,0,0.2,3.0,1.0
01KJN6MMQ03KZPZN0275VZXK6R,page7-107,01KJN792W85XPK9QGH8A6HSYSJ,01KJN7C40WEQBDF48ACG18M0EV,B,B,1,0.4,3.0,1.0
01KJN6MMQ03KZPZN0275VZXK6R,page7-107,01KJN79B14FBSYSKKCG2BYVBB6,01KJN79J529BWBWTESKB6D9MB7,A,C,0,0.42857142857142855,3.0,1.0
01KJN6MMQ03KZPZN0275VZXK6R,page7-107,01KJN79B14FBSYSKKCG2BYVBB6,01KJN7A44GGBE9XR412KV5BFSC,A,B,0,0.16666666666666666,3.0,1.0
01KJN6MMQ03KZPZN0275VZXK6R,page7-107,01KJN79B14FBSYSKKCG2BYVBB6,01KJN7AAX1VHZ1A7ZB35BNRH8N,A,A,1,0.2,3.0,1.0
01KJN6MMQ03KZPZN0275VZXK6R,page7-107,01KJN79B14FBSYSKKCG2BYVBB6,01KJN7AZC7FAG17CY924MRTCF7,A,A,1,0.16666666666666666,3.0,1.0
01KJN6MMQ03KZPZN0275VZXK6R,page7-107,01KJN79B14FBSYSKKCG2BYVBB6,01KJN7C40WEQBDF48ACG18M0EV,A,B,0,0.14285714285714285,3.0,1.0
01KJN6MMQ03KZPZN0275VZXK6R,page7-107,01KJN79J529BWBWTESKB6D9MB7,01KJN7A44GGBE9XR412KV5BFSC,C,B,0,0.0,3.0,1.0
01KJN6MMQ03KZPZN0275VZXK6R,page7-107,01KJN79J529BWBWTESKB6D9MB7,01KJN7AAX1VHZ1A7ZB35BNRH8N,C,A,0,0.16666666666666666,3.0,1.0
01KJN6MMQ03KZPZN0275VZXK6R,page7-107,01KJN79J529BWBWTESKB6D9MB7,01KJN7AZC7FAG17CY924MRTCF7,C,A,0,0.0,3.0,1.0
01KJN6MMQ03KZPZN0275VZXK6R,page7-107,01KJN79J529BWBWTESKB6D9MB7,01KJN7C40WEQBDF48ACG18M0EV,C,B,0,0.0,3.0,1.0
01KJN6MMQ03KZPZN0275VZXK6R,page7-107,01KJN7A44GGBE9XR412KV5BFSC,01KJN7AAX1VHZ1A7ZB35BNRH8N,B,A,0,0.0,3.0,1.0
01KJN6MMQ03KZPZN0275VZXK6R,page7-107,01KJN7A44GGBE9XR412KV5BFSC,01KJN7AZC7FAG17CY924MRTCF7,B,A,0,0.2,3.0,1.0
01KJN6MMQ03KZPZN0275VZXK6R,page7-107,01KJN7A44GGBE9XR412KV5BFSC,01KJN7C40WEQBDF48ACG18M0EV,B,B,1,0.75,3.0,1.0
01KJN6MMQ03KZPZN0275VZXK6R,page7-107,01KJN7AAX1VHZ1A7ZB35BNRH8N,01KJN7AZC7FAG17CY924MRTCF7,A,A,1,0.1,3.0,1.0
01KJN6MMQ03KZPZN0275VZXK6R,page7-107,01KJN7AAX1VHZ1A7ZB35BNRH8N,01KJN7C40WEQBDF48ACG18M0EV,A,B,0,0.0,3.0,1.0
01KJN6MMQ03KZPZN0275VZXK6R,page7-107,01KJN7AZC7FAG17CY924MRTCF7,01KJN7C40WEQBDF48ACG18M0EV,A,B,0,0.4,3.0,1.0
01KJN6MMQ03KZPZN0275VZXK6R,page7-107,01KJN7863BFF3ZYZGVVSATZTH7,01KJN78DQ6KC0F9N1HA0BPB44R,C,C,1,0.3333333333333333,4.0,1.0
01KJN6MMQ03KZPZN0275VZXK6R,page7-107,01KJN7863BFF3ZYZGVVSATZTH7,01KJN792W85XPK9QGH8A6HSYSJ,C,B,0,0.0,4.0,1.0
01KJN6MMQ03KZPZN0275VZXK6R,page7-107,01KJN7863BFF3ZYZGVVSATZTH7,01KJN79B14FBSYSKKCG2BYVBB6,C,A,0,0.0,4.0,1.0
01KJN6MMQ03KZPZN0275VZXK6R,page7-107,01KJN7863BFF3ZYZGVVSATZTH7,01KJN79J529BWBWTESKB6D9MB7,C,C,1,0.2857142857142857,4.0,1.0
01KJN6MMQ03KZPZN0275VZXK6R,page7-107,01KJN7863BFF3ZYZGVVSATZTH7,01KJN7A44GGBE9XR412KV5BFSC,C,B,0,0.0,4.0,1.0
01KJN6MMQ03KZPZN0275VZXK6R,page7-107,01KJN7863BFF3ZYZGVVSATZTH7,01KJN7AAX1VHZ1A7ZB35BNRH8N,C,A,0,0.0,4.0,1.0
01KJN6MMQ03KZPZN0275VZXK6R,page7-107,01KJN7863BFF3ZYZGVVSATZTH7,01KJN7AZC7FAG17CY924MRTCF7,C,A,0,0.0,4.0,1.0
01KJN6MMQ03KZPZN0275VZXK6R,page7-107,01KJN7863BFF3ZYZGVVSATZTH7,01KJN7C40WEQBDF48ACG18M0EV,C,B,0,0.0,4.0,1.0
01KJN6MMQ03KZPZN0275VZXK6R,page7-107,01KJN78DQ6KC0F9N1HA0BPB44R,01KJN792W85XPK9QGH8A6HSYSJ,C,B,0,0.14285714285714285,4.0,1.0
01KJN6MMQ03KZPZN0275VZXK6R,page7-107,01KJN78DQ6KC0F9N1HA0BPB44R,01KJN79B14FBSYSKKCG2BYVBB6,C,A,0,0.2857142857142857,4.0,1.0
01KJN6MMQ03KZPZN0275VZXK6R,page7-107,01KJN78DQ6KC0F9N1HA0BPB44R,01KJN79J529BWBWTESKB6D9MB7,C,C,1,0.5714285714285714,4.0,1.0
01KJN6MMQ03KZPZN0275VZXK6R,page7-107,01KJN78DQ6KC0F9N1HA0BPB44R,01KJN7A44GGBE9XR412KV5BFSC,C,B,0,0.0,4.0,1.0
01KJN6MMQ03KZPZN0275VZXK6R,page7-107,01KJN78DQ6KC0F9N1HA0BPB44R,01KJN7AAX1VHZ1A7ZB35BNRH8N,C,A,0,0.0,4.0,1.0
01KJN6MMQ03KZPZN0275VZXK6R,page7-107,01KJN78DQ6KC0F9N1HA0BPB44R,01KJN7AZC7FAG17CY924MRTCF7,C,A,0,0.14285714285714285,4.0,1.0
01KJN6MMQ03KZPZN0275VZXK6R,page7-107,01KJN78DQ6KC0F9N1HA0BPB44R,01KJN7C40WEQBDF48ACG18M0EV,C,B,0,0.125,4.0,1.0
01KJN6MMQ03KZPZN0275VZXK6R,page7-107,01KJN792W85XPK9QGH8A6HSYSJ,01KJN79B14FBSYSKKCG2BYVBB6,B,A,0,0.16666666666666666,4.0,1.0
01KJN6MMQ03KZPZN0275VZXK6R,page7-107,01KJN792W85XPK9QGH8A6HSYSJ,01KJN79J529BWBWTESKB6D9MB7,B,C,0,0.0,4.0,1.0
01KJN6MMQ03KZPZN0275VZXK6R,page7-107,01KJN792W85XPK9QGH8A6HSYSJ,01KJN7A44GGBE9XR412KV5BFSC,B,B,1,0.5,4.0,1.0
01KJN6MMQ03KZPZN0275VZXK6R,page7-107,01KJN792W85XPK9QGH8A6HSYSJ,01KJN7AAX1VHZ1A7ZB35BNRH8N,B,A,0,0.25,4.0,1.0
01KJN6MMQ03KZPZN0275VZXK6R,page7-107,01KJN792W85XPK9QGH8A6HSYSJ,01KJN7AZC7FAG17CY924MRTCF7,B,A,0,0.5,4.0,1.0
01KJN6MMQ03KZPZN0275VZXK6R,page7-107,01KJN792W85XPK9QGH8A6HSYSJ,01KJN7C40WEQBDF48ACG18M0EV,B,B,1,0.75,4.0,1.0
01KJN6MMQ03KZPZN0275VZXK6R,page7-107,01KJN79B14FBSYSKKCG2BYVBB6,01KJN79J529BWBWTESKB6D9MB7,A,C,0,0.42857142857142855,4.0,1.0
01KJN6MMQ03KZPZN0275VZXK6R,page7-107,01KJN79B14FBSYSKKCG2BYVBB6,01KJN7A44GGBE9XR412KV5BFSC,A,B,0,0.16666666666666666,4.0,1.0
01KJN6MMQ03KZPZN0275VZXK6R,page7-107,01KJN79B14FBSYSKKCG2BYVBB6,01KJN7AAX1VHZ1A7ZB35BNRH8N,A,A,1,0.2,4.0,1.0
01KJN6MMQ03KZPZN0275VZXK6R,page7-107,01KJN79B14FBSYSKKCG2BYVBB6,01KJN7AZC7FAG17CY924MRTCF7,A,A,1,0.16666666666666666,4.0,1.0
01KJN6MMQ03KZPZN0275VZXK6R,page7-107,01KJN79B14FBSYSKKCG2BYVBB6,01KJN7C40WEQBDF48ACG18M0EV,A,B,0,0.14285714285714285,4.0,1.0
01KJN6MMQ03KZPZN0275VZXK6R,page7-107,01KJN79J529BWBWTESKB6D9MB7,01KJN7A44GGBE9XR412KV5BFSC,C,B,0,0.0,4.0,1.0
01KJN6MMQ03KZPZN0275VZXK6R,page7-107,01KJN79J529BWBWTESKB6D9MB7,01KJN7AAX1VHZ1A7ZB35BNRH8N,C,A,0,0.0,4.0,1.0
01KJN6MMQ03KZPZN0275VZXK6R,page7-107,01KJN79J529BWBWTESKB6D9MB7,01KJN7AZC7FAG17CY924MRTCF7,C,A,0,0.0,4.0,1.0
01KJN6MMQ03KZPZN0275VZXK6R,page7-107,01KJN79J529BWBWTESKB6D9MB7,01KJN7C40WEQBDF48ACG18M0EV,C,B,0,0.0,4.0,1.0
01KJN6MMQ03KZPZN0275VZXK6R,page7-107,01KJN7A44GGBE9XR412KV5BFSC,01KJN7AAX1VHZ1A7ZB35BNRH8N,B,A,0,0.25,4.0,1.0
01KJN6MMQ03KZPZN0275VZXK6R,page7-107,01KJN7A44GGBE9XR412KV5BFSC,01KJN7AZC7FAG17CY924MRTCF7,B,A,0,0.2,4.0,1.0
01KJN6MMQ03KZPZN0275VZXK6R,page7-107,01KJN7A44GGBE9XR412KV5BFSC,01KJN7C40WEQBDF48ACG18M0EV,B,B,1,0.75,4.0,1.0
01KJN6MMQ03KZPZN0275VZXK6R,page7-107,01KJN7AAX1VHZ1A7ZB35BNRH8N,01KJN7AZC7FAG17CY924MRTCF7,A,A,1,0.6666666666666666,4.0,1.0
01KJN6MMQ03KZPZN0275VZXK6R,page7-107,01KJN7AAX1VHZ1A7ZB35BNRH8N,01KJN7C40WEQBDF48ACG18M0EV,A,B,0,0.2,4.0,1.0
01KJN6MMQ03KZPZN0275VZXK6R,page7-107,01KJN7AZC7FAG17CY924MRTCF7,01KJN7C40WEQBDF48ACG18M0EV,A,B,0,0.4,4.0,1.0
01KJN6MMQ03KZPZN0275VZXK6R,page7-107,01KJN7863BFF3ZYZGVVSATZTH7,01KJN78DQ6KC0F9N1HA0BPB44R,C,C,1,0.3333333333333333,5.0,1.0
01KJN6MMQ03KZPZN0275VZXK6R,page7-107,01KJN7863BFF3ZYZGVVSATZTH7,01KJN792W85XPK9QGH8A6HSYSJ,C,B,0,0.0,5.0,1.0
01KJN6MMQ03KZPZN0275VZXK6R,page7-107,01KJN7863BFF3ZYZGVVSATZTH7,01KJN79B14FBSYSKKCG2BYVBB6,C,A,0,0.0,5.0,1.0
01KJN6MMQ03KZPZN0275VZXK6R,page7-107,01KJN7863BFF3ZYZGVVSATZTH7,01KJN79J529BWBWTESKB6D9MB7,C,C,1,0.2857142857142857,5.0,1.0
01KJN6MMQ03KZPZN0275VZXK6R,page7-107,01KJN7863BFF3ZYZGVVSATZTH7,01KJN7A44GGBE9XR412KV5BFSC,C,B,0,0.0,5.0,1.0
01KJN6MMQ03KZPZN0275VZXK6R,page7-107,01KJN7863BFF3ZYZGVVSATZTH7,01KJN7AAX1VHZ1A7ZB35BNRH8N,C,A,0,0.0,5.0,1.0
01KJN6MMQ03KZPZN0275VZXK6R,page7-107,01KJN7863BFF3ZYZGVVSATZTH7,01KJN7AZC7FAG17CY924MRTCF7,C,A,0,0.0,5.0,1.0
01KJN6MMQ03KZPZN0275VZXK6R,page7-107,01KJN7863BFF3ZYZGVVSATZTH7,01KJN7C40WEQBDF48ACG18M0EV,C,B,0,0.0,5.0,1.0
01KJN6MMQ03KZPZN0275VZXK6R,page7-107,01KJN78DQ6KC0F9N1HA0BPB44R,01KJN792W85XPK9QGH8A6HSYSJ,C,B,0,0.14285714285714285,5.0,1.0
01KJN6MMQ03KZPZN0275VZXK6R,page7-107,01KJN78DQ6KC0F9N1HA0BPB44R,01KJN79B14FBSYSKKCG2BYVBB6,C,A,0,0.2857142857142857,5.0,1.0
01KJN6MMQ03KZPZN0275VZXK6R,page7-107,01KJN78DQ6KC0F9N1HA0BPB44R,01KJN79J529BWBWTESKB6D9MB7,C,C,1,0.5714285714285714,5.0,1.0
01KJN6MMQ03KZPZN0275VZXK6R,page7-107,01KJN78DQ6KC0F9N1HA0BPB44R,01KJN7A44GGBE9XR412KV5BFSC,C,B,0,0.14285714285714285,5.0,1.0
01KJN6MMQ03KZPZN0275VZXK6R,page7-107,01KJN78DQ6KC0F9N1HA0BPB44R,01KJN7AAX1VHZ1A7ZB35BNRH8N,C,A,0,0.0,5.0,1.0
01KJN6MMQ03KZPZN0275VZXK6R,page7-107,01KJN78DQ6KC0F9N1HA0BPB44R,01KJN7AZC7FAG17CY924MRTCF7,C,A,0,0.0,5.0,1.0
01KJN6MMQ03KZPZN0275VZXK6R,page7-107,01KJN78DQ6KC0F9N1HA0BPB44R,01KJN7C40WEQBDF48ACG18M0EV,C,B,0,0.125,5.0,1.0
01KJN6MMQ03KZPZN0275VZXK6R,page7-107,01KJN792W85XPK9QGH8A6HSYSJ,01KJN79B14FBSYSKKCG2BYVBB6,B,A,0,0.16666666666666666,5.0,1.0
01KJN6MMQ03KZPZN0275VZXK6R,page7-107,01KJN792W85XPK9QGH8A6HSYSJ,01KJN79J529BWBWTESKB6D9MB7,B,C,0,0.0,5.0,1.0
01KJN6MMQ03KZPZN0275VZXK6R,page7-107,01KJN792W85XPK9QGH8A6HSYSJ,01KJN7A44GGBE9XR412KV5BFSC,B,B,1,1.0,5.0,1.0
01KJN6MMQ03KZPZN0275VZXK6R,page7-107,01KJN792W85XPK9QGH8A6HSYSJ,01KJN7AAX1VHZ1A7ZB35BNRH8N,B,A,0,0.25,5.0,1.0
01KJN6MMQ03KZPZN0275VZXK6R,page7-107,01KJN792W85XPK9QGH8A6HSYSJ,01KJN7AZC7FAG17CY924MRTCF7,B,A,0,0.25,5.0,1.0
01KJN6MMQ03KZPZN0275VZXK6R,page7-107,01KJN792W85XPK9QGH8A6HSYSJ,01KJN7C40WEQBDF48ACG18M0EV,B,B,1,0.75,5.0,1.0
01KJN6MMQ03KZPZN0275VZXK6R,page7-107,01KJN79B14FBSYSKKCG2BYVBB6,01KJN79J529BWBWTESKB6D9MB7,A,C,0,0.42857142857142855,5.0,1.0
01KJN6MMQ03KZPZN0275VZXK6R,page7-107,01KJN79B14FBSYSKKCG2BYVBB6,01KJN7A44GGBE9XR412KV5BFSC,A,B,0,0.16666666666666666,5.0,1.0
01KJN6MMQ03KZPZN0275VZXK6R,page7-107,01KJN79B14FBSYSKKCG2BYVBB6,01KJN7AAX1VHZ1A7ZB35BNRH8N,A,A,1,0.2,5.0,1.0
01KJN6MMQ03KZPZN0275VZXK6R,page7-107,01KJN79B14FBSYSKKCG2BYVBB6,01KJN7AZC7FAG17CY924MRTCF7,A,A,1,0.2,5.0,1.0
01KJN6MMQ03KZPZN0275VZXK6R,page7-107,01KJN79B14FBSYSKKCG2BYVBB6,01KJN7C40WEQBDF48ACG18M0EV,A,B,0,0.14285714285714285,5.0,1.0
01KJN6MMQ03KZPZN0275VZXK6R,page7-107,01KJN79J529BWBWTESKB6D9MB7,01KJN7A44GGBE9XR412KV5BFSC,C,B,0,0.0,5.0,1.0
01KJN6MMQ03KZPZN0275VZXK6R,page7-107,01KJN79J529BWBWTESKB6D9MB7,01KJN7AAX1VHZ1A7ZB35BNRH8N,C,A,0,0.0,5.0,1.0
01KJN6MMQ03KZPZN0275VZXK6R,page7-107,01KJN79J529BWBWTESKB6D9MB7,01KJN7AZC7FAG17CY924MRTCF7,C,A,0,0.0,5.0,1.0
01KJN6MMQ03KZPZN0275VZXK6R,page7-107,01KJN79J529BWBWTESKB6D9MB7,01KJN7C40WEQBDF48ACG18M0EV,C,B,0,0.0,5.0,1.0
01KJN6MMQ03KZPZN0275VZXK6R,page7-107,01KJN7A44GGBE9XR412KV5BFSC,01KJN7AAX1VHZ1A7ZB35BNRH8N,B,A,0,0.25,5.0,1.0
01KJN6MMQ03KZPZN0275VZXK6R,page7-107,01KJN7A44GGBE9XR412KV5BFSC,01KJN7AZC7FAG17CY924MRTCF7,B,A,0,0.25,5.0,1.0
01KJN6MMQ03KZPZN0275VZXK6R,page7-107,01KJN7A44GGBE9XR412KV5BFSC,01KJN7C40WEQBDF48ACG18M0EV,B,B,1,0.75,5.0,1.0
01KJN6MMQ03KZPZN0275VZXK6R,page7-107,01KJN7AAX1VHZ1A7ZB35BNRH8N,01KJN7AZC7FAG17CY924MRTCF7,A,A,1,1.0,5.0,1.0
01KJN6MMQ03KZPZN0275VZXK6R,page7-107,01KJN7AAX1VHZ1A7ZB35BNRH8N,01KJN7C40WEQBDF48ACG18M0EV,A,B,0,0.2,5.0,1.0
01KJN6MMQ03KZPZN0275VZXK6R,page7-107,01KJN7AZC7FAG17CY924MRTCF7,01KJN7C40WEQBDF48ACG18M0EV,A,B,0,0.2,5.0,1.0
01KJN6MMQ03KZPZN0275VZXK6R,page7-255,01KJN7863BFF3ZYZGVVSATZTH7,01KJN792W85XPK9QGH8A6HSYSJ,C,B,0,0.0,1.0,2.0
01KJN6MMQ03KZPZN0275VZXK6R,page7-255,01KJN7863BFF3ZYZGVVSATZTH7,01KJN79B14FBSYSKKCG2BYVBB6,C,A,0,0.0,1.0,2.0
01KJN6MMQ03KZPZN0275VZXK6R,page7-255,01KJN7863BFF3ZYZGVVSATZTH7,01KJN79J529BWBWTESKB6D9MB7,C,C,1,0.5,1.0,2.0
01KJN6MMQ03KZPZN0275VZXK6R,page7-255,01KJN7863BFF3ZYZGVVSATZTH7,01KJN7AAX1VHZ1A7ZB35BNRH8N,C,A,0,0.4,1.0,2.0
01KJN6MMQ03KZPZN0275VZXK6R,page7-255,01KJN7863BFF3ZYZGVVSATZTH7,01KJN7C40WEQBDF48ACG18M0EV,C,B,0,0.0,1.0,2.0
01KJN6MMQ03KZPZN0275VZXK6R,page7-255,01KJN792W85XPK9QGH8A6HSYSJ,01KJN79B14FBSYSKKCG2BYVBB6,B,A,0,0.0,1.0,2.0
01KJN6MMQ03KZPZN0275VZXK6R,page7-255,01KJN792W85XPK9QGH8A6HSYSJ,01KJN79J529BWBWTESKB6D9MB7,B,C,0,0.0,1.0,2.0
01KJN6MMQ03KZPZN0275VZXK6R,page7-255,01KJN792W85XPK9QGH8A6HSYSJ,01KJN7AAX1VHZ1A7ZB35BNRH8N,B,A,0,0.0,1.0,2.0
01KJN6MMQ03KZPZN0275VZXK6R,page7-255,01KJN792W85XPK9QGH8A6HSYSJ,01KJN7C40WEQBDF48ACG18M0EV,B,B,1,0.0,1.0,2.0
01KJN6MMQ03KZPZN0275VZXK6R,page7-255,01KJN79B14FBSYSKKCG2BYVBB6,01KJN79J529BWBWTESKB6D9MB7,A,C,0,0.0,1.0,2.0
01KJN6MMQ03KZPZN0275VZXK6R,page7-255,01KJN79B14FBSYSKKCG2BYVBB6,01KJN7AAX1VHZ1A7ZB35BNRH8N,A,A,1,0.14285714285714285,1.0,2.0
01KJN6MMQ03KZPZN0275VZXK6R,page7-255,01KJN79B14FBSYSKKCG2BYVBB6,01KJN7C40WEQBDF48ACG18M0EV,A,B,0,0.0,1.0,2.0
01KJN6MMQ03KZPZN0275VZXK6R,page7-255,01KJN79J529BWBWTESKB6D9MB7,01KJN7AAX1VHZ1A7ZB35BNRH8N,C,A,0,0.2857142857142857,1.0,2.0
01KJN6MMQ03KZPZN0275VZXK6R,page7-255,01KJN79J529BWBWTESKB6D9MB7,01KJN7C40WEQBDF48ACG18M0EV,C,B,0,0.0,1.0,2.0
01KJN6MMQ03KZPZN0275VZXK6R,page7-255,01KJN7AAX1VHZ1A7ZB35BNRH8N,01KJN7C40WEQBDF48ACG18M0EV,A,B,0,0.0,1.0,2.0
01KJN6MMQ03KZPZN0275VZXK6R,page7-255,01KJN7863BFF3ZYZGVVSATZTH7,01KJN78DQ6KC0F9N1HA0BPB44R,C,C,1,0.5,2.0,2.0
01KJN6MMQ03KZPZN0275VZXK6R,page7-255,01KJN7863BFF3ZYZGVVSATZTH7,01KJN792W85XPK9QGH8A6HSYSJ,C,B,0,0.0,2.0,2.0
01KJN6MMQ03KZPZN0275VZXK6R,page7-255,01KJN7863BFF3ZYZGVVSATZTH7,01KJN79B14FBSYSKKCG2BYVBB6,C,A,0,0.0,2.0,2.0
01KJN6MMQ03KZPZN0275VZXK6R,page7-255,01KJN7863BFF3ZYZGVVSATZTH7,01KJN79J529BWBWTESKB6D9MB7,C,C,1,0.5,2.0,2.0
01KJN6MMQ03KZPZN0275VZXK6R,page7-255,01KJN7863BFF3ZYZGVVSATZTH7,01KJN7A44GGBE9XR412KV5BFSC,C,B,0,0.0,2.0,2.0
01KJN6MMQ03KZPZN0275VZXK6R,page7-255,01KJN7863BFF3ZYZGVVSATZTH7,01KJN7AAX1VHZ1A7ZB35BNRH8N,C,A,0,0.4,2.0,2.0
01KJN6MMQ03KZPZN0275VZXK6R,page7-255,01KJN7863BFF3ZYZGVVSATZTH7,01KJN7AZC7FAG17CY924MRTCF7,C,A,0,0.0,2.0,2.0
01KJN6MMQ03KZPZN0275VZXK6R,page7-255,01KJN7863BFF3ZYZGVVSATZTH7,01KJN7C40WEQBDF48ACG18M0EV,C,B,0,0.0,2.0,2.0
01KJN6MMQ03KZPZN0275VZXK6R,page7-255,01KJN78DQ6KC0F9N1HA0BPB44R,01KJN792W85XPK9QGH8A6HSYSJ,C,B,0,0.0,2.0,2.0
01KJN6MMQ03KZPZN0275VZXK6R,page7-255,01KJN78DQ6KC0F9N1HA0BPB44R,01KJN79B14FBSYSKKCG2BYVBB6,C,A,0,0.0,2.0,2.0
01KJN6MMQ03KZPZN0275VZXK6R,page7-255,01KJN78DQ6KC0F9N1HA0BPB44R,01KJN79J529BWBWTESKB6D9MB7,C,C,1,1.0,2.0,2.0
01KJN6MMQ03KZPZN0275VZXK6R,page7-255,01KJN78DQ6KC0F9N1HA0BPB44R,01KJN7A44GGBE9XR412KV5BFSC,C,B,0,0.0,2.0,2.0
01KJN6MMQ03KZPZN0275VZXK6R,page7-255,01KJN78DQ6KC0F9N1HA0BPB44R,01KJN7AAX1VHZ1A7ZB35BNRH8N,C,A,0,0.2857142857142857,2.0,2.0
01KJN6MMQ03KZPZN0275VZXK6R,page7-255,01KJN78DQ6KC0F9N1HA0BPB44R,01KJN7AZC7FAG17CY924MRTCF7,C,A,0,0.0,2.0,2.0
01KJN6MMQ03KZPZN0275VZXK6R,page7-255,01KJN78DQ6KC0F9N1HA0BPB44R,01KJN7C40WEQBDF48ACG18M0EV,C,B,0,0.0,2.0,2.0
01KJN6MMQ03KZPZN0275VZXK6R,page7-255,01KJN792W85XPK9QGH8A6HSYSJ,01KJN79B14FBSYSKKCG2BYVBB6,B,A,0,0.0,2.0,2.0
01KJN6MMQ03KZPZN0275VZXK6R,page7-255,01KJN792W85XPK9QGH8A6HSYSJ,01KJN79J529BWBWTESKB6D9MB7,B,C,0,0.0,2.0,2.0
01KJN6MMQ03KZPZN0275VZXK6R,page7-255,01KJN792W85XPK9QGH8A6HSYSJ,01KJN7A44GGBE9XR412KV5BFSC,B,B,1,0.0,2.0,2.0
01KJN6MMQ03KZPZN0275VZXK6R,page7-255,01KJN792W85XPK9QGH8A6HSYSJ,01KJN7AAX1VHZ1A7ZB35BNRH8N,B,A,0,0.0,2.0,2.0
01KJN6MMQ03KZPZN0275VZXK6R,page7-255,01KJN792W85XPK9QGH8A6HSYSJ,01KJN7AZC7FAG17CY924MRTCF7,B,A,0,0.0,2.0,2.0
01KJN6MMQ03KZPZN0275VZXK6R,page7-255,01KJN792W85XPK9QGH8A6HSYSJ,01KJN7C40WEQBDF48ACG18M0EV,B,B,1,0.0,2.0,2.0
01KJN6MMQ03KZPZN0275VZXK6R,page7-255,01KJN79B14FBSYSKKCG2BYVBB6,01KJN79J529BWBWTESKB6D9MB7,A,C,0,0.0,2.0,2.0
01KJN6MMQ03KZPZN0275VZXK6R,page7-255,01KJN79B14FBSYSKKCG2BYVBB6,01KJN7A44GGBE9XR412KV5BFSC,A,B,0,0.0,2.0,2.0
01KJN6MMQ03KZPZN0275VZXK6R,page7-255,01KJN79B14FBSYSKKCG2BYVBB6,01KJN7AAX1VHZ1A7ZB35BNRH8N,A,A,1,0.14285714285714285,2.0,2.0
01KJN6MMQ03KZPZN0275VZXK6R,page7-255,01KJN79B14FBSYSKKCG2BYVBB6,01KJN7AZC7FAG17CY924MRTCF7,A,A,1,0.3333333333333333,2.0,2.0
01KJN6MMQ03KZPZN0275VZXK6R,page7-255,01KJN79B14FBSYSKKCG2BYVBB6,01KJN7C40WEQBDF48ACG18M0EV,A,B,0,0.0,2.0,2.0
01KJN6MMQ03KZPZN0275VZXK6R,page7-255,01KJN79J529BWBWTESKB6D9MB7,01KJN7A44GGBE9XR412KV5BFSC,C,B,0,0.0,2.0,2.0
01KJN6MMQ03KZPZN0275VZXK6R,page7-255,01KJN79J529BWBWTESKB6D9MB7,01KJN7AAX1VHZ1A7ZB35BNRH8N,C,A,0,0.2857142857142857,2.0,2.0
01KJN6MMQ03KZPZN0275VZXK6R,page7-255,01KJN79J529BWBWTESKB6D9MB7,01KJN7AZC7FAG17CY924MRTCF7,C,A,0,0.0,2.0,2.0
01KJN6MMQ03KZPZN0275VZXK6R,page7-255,01KJN79J529BWBWTESKB6D9MB7,01KJN7C40WEQBDF48ACG18M0EV,C,B,0,0.0,2.0,2.0
01KJN6MMQ03KZPZN0275VZXK6R,page7-255,01KJN7A44GGBE9XR412KV5BFSC,01KJN7AAX1VHZ1A7ZB35BNRH8N,B,A,0,0.0,2.0,2.0
01KJN6MMQ03KZPZN0275VZXK6R,page7-255,01KJN7A44GGBE9XR412KV5BFSC,01KJN7AZC7FAG17CY924MRTCF7,B,A,0,0.0,2.0,2.0
01KJN6MMQ03KZPZN0275VZXK6R,page7-255,01KJN7A44GGBE9XR412KV5BFSC,01KJN7C40WEQBDF48ACG18M0EV,B,B,1,1.0,2.0,2.0
01KJN6MMQ03KZPZN0275VZXK6R,page7-255,01KJN7AAX1VHZ1A7ZB35BNRH8N,01KJN7AZC7FAG17CY924MRTCF7,A,A,1,0.2,2.0,2.0
01KJN6MMQ03KZPZN0275VZXK6R,page7-255,01KJN7AAX1VHZ1A7ZB35BNRH8N,01KJN7C40WEQBDF48ACG18M0EV,A,B,0,0.0,2.0,2.0
01KJN6MMQ03KZPZN0275VZXK6R,page7-255,01KJN7AZC7FAG17CY924MRTCF7,01KJN7C40WEQBDF48ACG18M0EV,A,B,0,0.0,2.0,2.0
01KJN6MMQ03KZPZN0275VZXK6R,page7-255,01KJN7863BFF3ZYZGVVSATZTH7,01KJN78DQ6KC0F9N1HA0BPB44R,C,C,1,0.5,3.0,2.0
01KJN6MMQ03KZPZN0275VZXK6R,page7-255,01KJN7863BFF3ZYZGVVSATZTH7,01KJN792W85XPK9QGH8A6HSYSJ,C,B,0,0.0,3.0,2.0
01KJN6MMQ03KZPZN0275VZXK6R,page7-255,01KJN7863BFF3ZYZGVVSATZTH7,01KJN79B14FBSYSKKCG2BYVBB6,C,A,0,0.5,3.0,2.0
01KJN6MMQ03KZPZN0275VZXK6R,page7-255,01KJN7863BFF3ZYZGVVSATZTH7,01KJN79J529BWBWTESKB6D9MB7,C,C,1,0.6666666666666666,3.0,2.0
01KJN6MMQ03KZPZN0275VZXK6R,page7-255,01KJN7863BFF3ZYZGVVSATZTH7,01KJN7A44GGBE9XR412KV5BFSC,C,B,0,0.0,3.0,2.0
01KJN6MMQ03KZPZN0275VZXK6R,page7-255,01KJN7863BFF3ZYZGVVSATZTH7,01KJN7AAX1VHZ1A7ZB35BNRH8N,C,A,0,0.4,3.0,2.0
01KJN6MMQ03KZPZN0275VZXK6R,page7-255,01KJN7863BFF3ZYZGVVSATZTH7,01KJN7AZC7FAG17CY924MRTCF7,C,A,0,0.0,3.0,2.0
01KJN6MMQ03KZPZN0275VZXK6R,page7-255,01KJN7863BFF3ZYZGVVSATZTH7,01KJN7C40WEQBDF48ACG18M0EV,C,B,0,0.0,3.0,2.0
01KJN6MMQ03KZPZN0275VZXK6R,page7-255,01KJN78DQ6KC0F9N1HA0BPB44R,01KJN792W85XPK9QGH8A6HSYSJ,C,B,0,0.0,3.0,2.0
01KJN6MMQ03KZPZN0275VZXK6R,page7-255,01KJN78DQ6KC0F9N1HA0BPB44R,01KJN79B14FBSYSKKCG2BYVBB6,C,A,0,0.3333333333333333,3.0,2.0
01KJN6MMQ03KZPZN0275VZXK6R,page7-255,01KJN78DQ6KC0F9N1HA0BPB44R,01KJN79J529BWBWTESKB6D9MB7,C,C,1,0.4,3.0,2.0
01KJN6MMQ03KZPZN0275VZXK6R,page7-255,01KJN78DQ6KC0F9N1HA0BPB44R,01KJN7A44GGBE9XR412KV5BFSC,C,B,0,0.0,3.0,2.0
01KJN6MMQ03KZPZN0275VZXK6R,page7-255,01KJN78DQ6KC0F9N1HA0BPB44R,01KJN7AAX1VHZ1A7ZB35BNRH8N,C,A,0,0.2857142857142857,3.0,2.0
01KJN6MMQ03KZPZN0275VZXK6R,page7-255,01KJN78DQ6KC0F9N1HA0BPB44R,01KJN7AZC7FAG17CY924MRTCF7,C,A,0,0.0,3.0,2.0
01KJN6MMQ03KZPZN0275VZXK6R,page7-255,01KJN78DQ6KC0F9N1HA0BPB44R,01KJN7C40WEQBDF48ACG18M0EV,C,B,0,0.0,3.0,2.0
01KJN6MMQ03KZPZN0275VZXK6R,page7-255,01KJN792W85XPK9QGH8A6HSYSJ,01KJN79B14FBSYSKKCG2BYVBB6,B,A,0,0.0,3.0,2.0
01KJN6MMQ03KZPZN0275VZXK6R,page7-255,01KJN792W85XPK9QGH8A6HSYSJ,01KJN79J529BWBWTESKB6D9MB7,B,C,0,0.0,3.0,2.0
01KJN6MMQ03KZPZN0275VZXK6R,page7-255,01KJN792W85XPK9QGH8A6HSYSJ,01KJN7A44GGBE9XR412KV5BFSC,B,B,1,0.0,3.0,2.0
01KJN6MMQ03KZPZN0275VZXK6R,page7-255,01KJN792W85XPK9QGH8A6HSYSJ,01KJN7AAX1VHZ1A7ZB35BNRH8N,B,A,0,0.0,3.0,2.0
01KJN6MMQ03KZPZN0275VZXK6R,page7-255,01KJN792W85XPK9QGH8A6HSYSJ,01KJN7AZC7FAG17CY924MRTCF7,B,A,0,0.0,3.0,2.0
01KJN6MMQ03KZPZN0275VZXK6R,page7-255,01KJN792W85XPK9QGH8A6HSYSJ,01KJN7C40WEQBDF48ACG18M0EV,B,B,1,0.0,3.0,2.0
01KJN6MMQ03KZPZN0275VZXK6R,page7-255,01KJN79B14FBSYSKKCG2BYVBB6,01KJN79J529BWBWTESKB6D9MB7,A,C,0,0.75,3.0,2.0
01KJN6MMQ03KZPZN0275VZXK6R,page7-255,01KJN79B14FBSYSKKCG2BYVBB6,01KJN7A44GGBE9XR412KV5BFSC,A,B,0,0.0,3.0,2.0
01KJN6MMQ03KZPZN0275VZXK6R,page7-255,01KJN79B14FBSYSKKCG2BYVBB6,01KJN7AAX1VHZ1A7ZB35BNRH8N,A,A,1,0.5,3.0,2.0
01KJN6MMQ03KZPZN0275VZXK6R,page7-255,01KJN79B14FBSYSKKCG2BYVBB6,01KJN7AZC7FAG17CY924MRTCF7,A,A,1,0.0,3.0,2.0
01KJN6MMQ03KZPZN0275VZXK6R,page7-255,01KJN79B14FBSYSKKCG2BYVBB6,01KJN7C40WEQBDF48ACG18M0EV,A,B,0,0.0,3.0,2.0
01KJN6MMQ03KZPZN0275VZXK6R,page7-255,01KJN79J529BWBWTESKB6D9MB7,01KJN7A44GGBE9XR412KV5BFSC,C,B,0,0.0,3.0,2.0
01KJN6MMQ03KZPZN0275VZXK6R,page7-255,01KJN79J529BWBWTESKB6D9MB7,01KJN7AAX1VHZ1A7ZB35BNRH8N,C,A,0,0.6,3.0,2.0
01KJN6MMQ03KZPZN0275VZXK6R,page7-255,01KJN79J529BWBWTESKB6D9MB7,01KJN7AZC7FAG17CY924MRTCF7,C,A,0,0.0,3.0,2.0
01KJN6MMQ03KZPZN0275VZXK6R,page7-255,01KJN79J529BWBWTESKB6D9MB7,01KJN7C40WEQBDF48ACG18M0EV,C,B,0,0.0,3.0,2.0
01KJN6MMQ03KZPZN0275VZXK6R,page7-255,01KJN7A44GGBE9XR412KV5BFSC,01KJN7AAX1VHZ1A7ZB35BNRH8N,B,A,0,0.0,3.0,2.0
01KJN6MMQ03KZPZN0275VZXK6R,page7-255,01KJN7A44GGBE9XR412KV5BFSC,01KJN7AZC7FAG17CY924MRTCF7,B,A,0,0.0,3.0,2.0
01KJN6MMQ03KZPZN0275VZXK6R,page7-255,01KJN7A44GGBE9XR412KV5BFSC,01KJN7C40WEQBDF48ACG18M0EV,B,B,1,0.6666666666666666,3.0,2.0
01KJN6MMQ03KZPZN0275VZXK6R,page7-255,01KJN7AAX1VHZ1A7ZB35BNRH8N,01KJN7AZC7FAG17CY924MRTCF7,A,A,1,0.2,3.0,2.0
01KJN6MMQ03KZPZN0275VZXK6R,page7-255,01KJN7AAX1VHZ1A7ZB35BNRH8N,01KJN7C40WEQBDF48ACG18M0EV,A,B,0,0.0,3.0,2.0
01KJN6MMQ03KZPZN0275VZXK6R,page7-255,01KJN7AZC7FAG17CY924MRTCF7,01KJN7C40WEQBDF48ACG18M0EV,A,B,0,0.0,3.0,2.0
01KJN6MMQ03KZPZN0275VZXK6R,page7-255,01KJN7863BFF3ZYZGVVSATZTH7,01KJN78DQ6KC0F9N1HA0BPB44R,C,C,1,0.5,4.0,2.0
01KJN6MMQ03KZPZN0275VZXK6R,page7-255,01KJN7863BFF3ZYZGVVSATZTH7,01KJN792W85XPK9QGH8A6HSYSJ,C,B,0,1.0,4.0,2.0
01KJN6MMQ03KZPZN0275VZXK6R,page7-255,01KJN7863BFF3ZYZGVVSATZTH7,01KJN79B14FBSYSKKCG2BYVBB6,C,A,0,0.5,4.0,2.0
01KJN6MMQ03KZPZN0275VZXK6R,page7-255,01KJN7863BFF3ZYZGVVSATZTH7,01KJN79J529BWBWTESKB6D9MB7,C,C,1,0.6666666666666666,4.0,2.0
01KJN6MMQ03KZPZN0275VZXK6R,page7-255,01KJN7863BFF3ZYZGVVSATZTH7,01KJN7A44GGBE9XR412KV5BFSC,C,B,0,0.0,4.0,2.0
01KJN6MMQ03KZPZN0275VZXK6R,page7-255,01KJN7863BFF3ZYZGVVSATZTH7,01KJN7AAX1VHZ1A7ZB35BNRH8N,C,A,0,0.2857142857142857,4.0,2.0
01KJN6MMQ03KZPZN0275VZXK6R,page7-255,01KJN7863BFF3ZYZGVVSATZTH7,01KJN7AZC7FAG17CY924MRTCF7,C,A,0,0.0,4.0,2.0
01KJN6MMQ03KZPZN0275VZXK6R,page7-255,01KJN7863BFF3ZYZGVVSATZTH7,01KJN7C40WEQBDF48ACG18M0EV,C,B,0,0.0,4.0,2.0
01KJN6MMQ03KZPZN0275VZXK6R,page7-255,01KJN78DQ6KC0F9N1HA0BPB44R,01KJN792W85XPK9QGH8A6HSYSJ,C,B,0,0.5,4.0,2.0
01KJN6MMQ03KZPZN0275VZXK6R,page7-255,01KJN78DQ6KC0F9N1HA0BPB44R,01KJN79B14FBSYSKKCG2BYVBB6,C,A,0,0.3333333333333333,4.0,2.0
01KJN6MMQ03KZPZN0275VZXK6R,page7-255,01KJN78DQ6KC0F9N1HA0BPB44R,01KJN79J529BWBWTESKB6D9MB7,C,C,1,0.4,4.0,2.0
01KJN6MMQ03KZPZN0275VZXK6R,page7-255,01KJN78DQ6KC0F9N1HA0BPB44R,01KJN7A44GGBE9XR412KV5BFSC,C,B,0,0.0,4.0,2.0
01KJN6MMQ03KZPZN0275VZXK6R,page7-255,01KJN78DQ6KC0F9N1HA0BPB44R,01KJN7AAX1VHZ1A7ZB35BNRH8N,C,A,0,0.2222222222222222,4.0,2.0
01KJN6MMQ03KZPZN0275VZXK6R,page7-255,01KJN78DQ6KC0F9N1HA0BPB44R,01KJN7AZC7FAG17CY924MRTCF7,C,A,0,0.0,4.0,2.0
01KJN6MMQ03KZPZN0275VZXK6R,page7-255,01KJN78DQ6KC0F9N1HA0BPB44R,01KJN7C40WEQBDF48ACG18M0EV,C,B,0,0.0,4.0,2.0
01KJN6MMQ03KZPZN0275VZXK6R,page7-255,01KJN792W85XPK9QGH8A6HSYSJ,01KJN79B14FBSYSKKCG2BYVBB6,B,A,0,0.5,4.0,2.0
01KJN6MMQ03KZPZN0275VZXK6R,page7-255,01KJN792W85XPK9QGH8A6HSYSJ,01KJN79J529BWBWTESKB6D9MB7,B,C,0,0.6666666666666666,4.0,2.0
01KJN6MMQ03KZPZN0275VZXK6R,page7-255,01KJN792W85XPK9QGH8A6HSYSJ,01KJN7A44GGBE9XR412KV5BFSC,B,B,1,0.0,4.0,2.0
01KJN6MMQ03KZPZN0275VZXK6R,page7-255,01KJN792W85XPK9QGH8A6HSYSJ,01KJN7AAX1VHZ1A7ZB35BNRH8N,B,A,0,0.2857142857142857,4.0,2.0
01KJN6MMQ03KZPZN0275VZXK6R,page7-255,01KJN792W85XPK9QGH8A6HSYSJ,01KJN7AZC7FAG17CY924MRTCF7,B,A,0,0.0,4.0,2.0
01KJN6MMQ03KZPZN0275VZXK6R,page7-255,01KJN792W85XPK9QGH8A6HSYSJ,01KJN7C40WEQBDF48ACG18M0EV,B,B,1,0.0,4.0,2.0
01KJN6MMQ03KZPZN0275VZXK6R,page7-255,01KJN79B14FBSYSKKCG2BYVBB6,01KJN79J529BWBWTESKB6D9MB7,A,C,0,0.75,4.0,2.0
01KJN6MMQ03KZPZN0275VZXK6R,page7-255,01KJN79B14FBSYSKKCG2BYVBB6,01KJN7A44GGBE9XR412KV5BFSC,A,B,0,0.0,4.0,2.0
01KJN6MMQ03KZPZN0275VZXK6R,page7-255,01KJN79B14FBSYSKKCG2BYVBB6,01KJN7AAX1VHZ1A7ZB35BNRH8N,A,A,1,0.375,4.0,2.0
01KJN6MMQ03KZPZN0275VZXK6R,page7-255,01KJN79B14FBSYSKKCG2BYVBB6,01KJN7AZC7FAG17CY924MRTCF7,A,A,1,0.0,4.0,2.0
01KJN6MMQ03KZPZN0275VZXK6R,page7-255,01KJN79B14FBSYSKKCG2BYVBB6,01KJN7C40WEQBDF48ACG18M0EV,A,B,0,0.0,4.0,2.0
01KJN6MMQ03KZPZN0275VZXK6R,page7-255,01KJN79J529BWBWTESKB6D9MB7,01KJN7A44GGBE9XR412KV5BFSC,C,B,0,0.0,4.0,2.0
01KJN6MMQ03KZPZN0275VZXK6R,page7-255,01KJN79J529BWBWTESKB6D9MB7,01KJN7AAX1VHZ1A7ZB35BNRH8N,C,A,0,0.42857142857142855,4.0,2.0
01KJN6MMQ03KZPZN0275VZXK6R,page7-255,01KJN79J529BWBWTESKB6D9MB7,01KJN7AZC7FAG17CY924MRTCF7,C,A,0,0.0,4.0,2.0
01KJN6MMQ03KZPZN0275VZXK6R,page7-255,01KJN79J529BWBWTESKB6D9MB7,01KJN7C40WEQBDF48ACG18M0EV,C,B,0,0.0,4.0,2.0
01KJN6MMQ03KZPZN0275VZXK6R,page7-255,01KJN7A44GGBE9XR412KV5BFSC,01KJN7AAX1VHZ1A7ZB35BNRH8N,B,A,0,0.1111111111111111,4.0,2.0
01KJN6MMQ03KZPZN0275VZXK6R,page7-255,01KJN7A44GGBE9XR412KV5BFSC,01KJN7AZC7FAG17CY924MRTCF7,B,A,0,0.0,4.0,2.0
01KJN6MMQ03KZPZN0275VZXK6R,page7-255,01KJN7A44GGBE9XR412KV5BFSC,01KJN7C40WEQBDF48ACG18M0EV,B,B,1,0.6666666666666666,4.0,2.0
01KJN6MMQ03KZPZN0275VZXK6R,page7-255,01KJN7AAX1VHZ1A7ZB35BNRH8N,01KJN7AZC7FAG17CY924MRTCF7,A,A,1,0.14285714285714285,4.0,2.0
01KJN6MMQ03KZPZN0275VZXK6R,page7-255,01KJN7AAX1VHZ1A7ZB35BNRH8N,01KJN7C40WEQBDF48ACG18M0EV,A,B,0,0.125,4.0,2.0
01KJN6MMQ03KZPZN0275VZXK6R,page7-255,01KJN7AZC7FAG17CY924MRTCF7,01KJN7C40WEQBDF48ACG18M0EV,A,B,0,0.0,4.0,2.0
01KJN6MMQ03KZPZN0275VZXK6R,page7-255,01KJN7863BFF3ZYZGVVSATZTH7,01KJN78DQ6KC0F9N1HA0BPB44R,C,C,1,0.5,5.0,2.0
01KJN6MMQ03KZPZN0275VZXK6R,page7-255,01KJN7863BFF3ZYZGVVSATZTH7,01KJN792W85XPK9QGH8A6HSYSJ,C,B,0,1.0,5.0,2.0
01KJN6MMQ03KZPZN0275VZXK6R,page7-255,01KJN7863BFF3ZYZGVVSATZTH7,01KJN79B14FBSYSKKCG2BYVBB6,C,A,0,0.5,5.0,2.0
01KJN6MMQ03KZPZN0275VZXK6R,page7-255,01KJN7863BFF3ZYZGVVSATZTH7,01KJN79J529BWBWTESKB6D9MB7,C,C,1,0.6666666666666666,5.0,2.0
01KJN6MMQ03KZPZN0275VZXK6R,page7-255,01KJN7863BFF3ZYZGVVSATZTH7,01KJN7A44GGBE9XR412KV5BFSC,C,B,0,0.0,5.0,2.0
01KJN6MMQ03KZPZN0275VZXK6R,page7-255,01KJN7863BFF3ZYZGVVSATZTH7,01KJN7AAX1VHZ1A7ZB35BNRH8N,C,A,0,0.2857142857142857,5.0,2.0
01KJN6MMQ03KZPZN0275VZXK6R,page7-255,01KJN7863BFF3ZYZGVVSATZTH7,01KJN7AZC7FAG17CY924MRTCF7,C,A,0,0.5,5.0,2.0
01KJN6MMQ03KZPZN0275VZXK6R,page7-255,01KJN7863BFF3ZYZGVVSATZTH7,01KJN7C40WEQBDF48ACG18M0EV,C,B,0,0.0,5.0,2.0
01KJN6MMQ03KZPZN0275VZXK6R,page7-255,01KJN78DQ6KC0F9N1HA0BPB44R,01KJN792W85XPK9QGH8A6HSYSJ,C,B,0,0.5,5.0,2.0
01KJN6MMQ03KZPZN0275VZXK6R,page7-255,01KJN78DQ6KC0F9N1HA0BPB44R,01KJN79B14FBSYSKKCG2BYVBB6,C,A,0,0.3333333333333333,5.0,2.0
01KJN6MMQ03KZPZN0275VZXK6R,page7-255,01KJN78DQ6KC0F9N1HA0BPB44R,01KJN79J529BWBWTESKB6D9MB7,C,C,1,0.4,5.0,2.0
01KJN6MMQ03KZPZN0275VZXK6R,page7-255,01KJN78DQ6KC0F9N1HA0BPB44R,01KJN7A44GGBE9XR412KV5BFSC,C,B,0,0.0,5.0,2.0
01KJN6MMQ03KZPZN0275VZXK6R,page7-255,01KJN78DQ6KC0F9N1HA0BPB44R,01KJN7AAX1VHZ1A7ZB35BNRH8N,C,A,0,0.2222222222222222,5.0,2.0
01KJN6MMQ03KZPZN0275VZXK6R,page7-255,01KJN78DQ6KC0F9N1HA0BPB44R,01KJN7AZC7FAG17CY924MRTCF7,C,A,0,0.3333333333333333,5.0,2.0
01KJN6MMQ03KZPZN0275VZXK6R,page7-255,01KJN78DQ6KC0F9N1HA0BPB44R,01KJN7C40WEQBDF48ACG18M0EV,C,B,0,0.0,5.0,2.0
01KJN6MMQ03KZPZN0275VZXK6R,page7-255,01KJN792W85XPK9QGH8A6HSYSJ,01KJN79B14FBSYSKKCG2BYVBB6,B,A,0,0.5,5.0,2.0
01KJN6MMQ03KZPZN0275VZXK6R,page7-255,01KJN792W85XPK9QGH8A6HSYSJ,01KJN79J529BWBWTESKB6D9MB7,B,C,0,0.6666666666666666,5.0,2.0
01KJN6MMQ03KZPZN0275VZXK6R,page7-255,01KJN792W85XPK9QGH8A6HSYSJ,01KJN7A44GGBE9XR412KV5BFSC,B,B,1,0.0,5.0,2.0
01KJN6MMQ03KZPZN0275VZXK6R,page7-255,01KJN792W85XPK9QGH8A6HSYSJ,01KJN7AAX1VHZ1A7ZB35BNRH8N,B,A,0,0.2857142857142857,5.0,2.0
01KJN6MMQ03KZPZN0275VZXK6R,page7-255,01KJN792W85XPK9QGH8A6HSYSJ,01KJN7AZC7FAG17CY924MRTCF7,B,A,0,0.5,5.0,2.0
01KJN6MMQ03KZPZN0275VZXK6R,page7-255,01KJN792W85XPK9QGH8A6HSYSJ,01KJN7C40WEQBDF48ACG18M0EV,B,B,1,0.0,5.0,2.0
01KJN6MMQ03KZPZN0275VZXK6R,page7-255,01KJN79B14FBSYSKKCG2BYVBB6,01KJN79J529BWBWTESKB6D9MB7,A,C,0,0.75,5.0,2.0
01KJN6MMQ03KZPZN0275VZXK6R,page7-255,01KJN79B14FBSYSKKCG2BYVBB6,01KJN7A44GGBE9XR412KV5BFSC,A,B,0,0.0,5.0,2.0
01KJN6MMQ03KZPZN0275VZXK6R,page7-255,01KJN79B14FBSYSKKCG2BYVBB6,01KJN7AAX1VHZ1A7ZB35BNRH8N,A,A,1,0.375,5.0,2.0
01KJN6MMQ03KZPZN0275VZXK6R,page7-255,01KJN79B14FBSYSKKCG2BYVBB6,01KJN7AZC7FAG17CY924MRTCF7,A,A,1,0.3333333333333333,5.0,2.0
01KJN6MMQ03KZPZN0275VZXK6R,page7-255,01KJN79B14FBSYSKKCG2BYVBB6,01KJN7C40WEQBDF48ACG18M0EV,A,B,0,0.0,5.0,2.0
01KJN6MMQ03KZPZN0275VZXK6R,page7-255,01KJN79J529BWBWTESKB6D9MB7,01KJN7A44GGBE9XR412KV5BFSC,C,B,0,0.0,5.0,2.0
01KJN6MMQ03KZPZN0275VZXK6R,page7-255,01KJN79J529BWBWTESKB6D9MB7,01KJN7AAX1VHZ1A7ZB35BNRH8N,C,A,0,0.42857142857142855,5.0,2.0
01KJN6MMQ03KZPZN0275VZXK6R,page7-255,01KJN79J529BWBWTESKB6D9MB7,01KJN7AZC7FAG17CY924MRTCF7,C,A,0,0.4,5.0,2.0
01KJN6MMQ03KZPZN0275VZXK6R,page7-255,01KJN79J529BWBWTESKB6D9MB7,01KJN7C40WEQBDF48ACG18M0EV,C,B,0,0.0,5.0,2.0
01KJN6MMQ03KZPZN0275VZXK6R,page7-255,01KJN7A44GGBE9XR412KV5BFSC,01KJN7AAX1VHZ1A7ZB35BNRH8N,B,A,0,0.1,5.0,2.0
01KJN6MMQ03KZPZN0275VZXK6R,page7-255,01KJN7A44GGBE9XR412KV5BFSC,01KJN7AZC7FAG17CY924MRTCF7,B,A,0,0.0,5.0,2.0
01KJN6MMQ03KZPZN0275VZXK6R,page7-255,01KJN7A44GGBE9XR412KV5BFSC,01KJN7C40WEQBDF48ACG18M0EV,B,B,1,0.5,5.0,2.0
01KJN6MMQ03KZPZN0275VZXK6R,page7-255,01KJN7AAX1VHZ1A7ZB35BNRH8N,01KJN7AZC7FAG17CY924MRTCF7,A,A,1,0.375,5.0,2.0
01KJN6MMQ03KZPZN0275VZXK6R,page7-255,01KJN7AAX1VHZ1A7ZB35BNRH8N,01KJN7C40WEQBDF48ACG18M0EV,A,B,0,0.125,5.0,2.0
01KJN6MMQ03KZPZN0275VZXK6R,page7-255,01KJN7AZC7FAG17CY924MRTCF7,01KJN7C40WEQBDF48ACG18M0EV,A,B,0,0.0,5.0,2.0
01KJN6MMQ03KZPZN0275VZXK6R,page5-28,01KJN7863BFF3ZYZGVVSATZTH7,01KJN792W85XPK9QGH8A6HSYSJ,C,B,0,0.0,1.0,2.0
01KJN6MMQ03KZPZN0275VZXK6R,page5-28,01KJN7863BFF3ZYZGVVSATZTH7,01KJN79B14FBSYSKKCG2BYVBB6,C,A,0,0.16666666666666666,1.0,2.0
01KJN6MMQ03KZPZN0275VZXK6R,page5-28,01KJN7863BFF3ZYZGVVSATZTH7,01KJN79J529BWBWTESKB6D9MB7,C,C,1,0.2222222222222222,1.0,2.0
01KJN6MMQ03KZPZN0275VZXK6R,page5-28,01KJN7863BFF3ZYZGVVSATZTH7,01KJN7AAX1VHZ1A7ZB35BNRH8N,C,A,0,0.16666666666666666,1.0,2.0
01KJN6MMQ03KZPZN0275VZXK6R,page5-28,01KJN7863BFF3ZYZGVVSATZTH7,01KJN7C40WEQBDF48ACG18M0EV,C,B,0,0.3333333333333333,1.0,2.0
01KJN6MMQ03KZPZN0275VZXK6R,page5-28,01KJN792W85XPK9QGH8A6HSYSJ,01KJN79B14FBSYSKKCG2BYVBB6,B,A,0,0.0,1.0,2.0
01KJN6MMQ03KZPZN0275VZXK6R,page5-28,01KJN792W85XPK9QGH8A6HSYSJ,01KJN79J529BWBWTESKB6D9MB7,B,C,0,0.1111111111111111,1.0,2.0
01KJN6MMQ03KZPZN0275VZXK6R,page5-28,01KJN792W85XPK9QGH8A6HSYSJ,01KJN7AAX1VHZ1A7ZB35BNRH8N,B,A,0,0.0,1.0,2.0
01KJN6MMQ03KZPZN0275VZXK6R,page5-28,01KJN792W85XPK9QGH8A6HSYSJ,01KJN7C40WEQBDF48ACG18M0EV,B,B,1,0.0,1.0,2.0
01KJN6MMQ03KZPZN0275VZXK6R,page5-28,01KJN79B14FBSYSKKCG2BYVBB6,01KJN79J529BWBWTESKB6D9MB7,A,C,0,0.25,1.0,2.0
01KJN6MMQ03KZPZN0275VZXK6R,page5-28,01KJN79B14FBSYSKKCG2BYVBB6,01KJN7AAX1VHZ1A7ZB35BNRH8N,A,A,1,0.5,1.0,2.0
01KJN6MMQ03KZPZN0275VZXK6R,page5-28,01KJN79B14FBSYSKKCG2BYVBB6,01KJN7C40WEQBDF48ACG18M0EV,A,B,0,0.4,1.0,2.0
01KJN6MMQ03KZPZN0275VZXK6R,page5-28,01KJN79J529BWBWTESKB6D9MB7,01KJN7AAX1VHZ1A7ZB35BNRH8N,C,A,0,0.25,1.0,2.0
01KJN6MMQ03KZPZN0275VZXK6R,page5-28,01KJN79J529BWBWTESKB6D9MB7,01KJN7C40WEQBDF48ACG18M0EV,C,B,0,0.375,1.0,2.0
01KJN6MMQ03KZPZN0275VZXK6R,page5-28,01KJN7AAX1VHZ1A7ZB35BNRH8N,01KJN7C40WEQBDF48ACG18M0EV,A,B,0,0.4,1.0,2.0
01KJN6MMQ03KZPZN0275VZXK6R,page5-28,01KJN7863BFF3ZYZGVVSATZTH7,01KJN78DQ6KC0F9N1HA0BPB44R,C,C,1,0.5,2.0,2.0
01KJN6MMQ03KZPZN0275VZXK6R,page5-28,01KJN7863BFF3ZYZGVVSATZTH7,01KJN792W85XPK9QGH8A6HSYSJ,C,B,0,0.0,2.0,2.0
01KJN6MMQ03KZPZN0275VZXK6R,page5-28,01KJN7863BFF3ZYZGVVSATZTH7,01KJN79B14FBSYSKKCG2BYVBB6,C,A,0,0.16666666666666666,2.0,2.0
01KJN6MMQ03KZPZN0275VZXK6R,page5-28,01KJN7863BFF3ZYZGVVSATZTH7,01KJN79J529BWBWTESKB6D9MB7,C,C,1,0.2222222222222222,2.0,2.0
01KJN6MMQ03KZPZN0275VZXK6R,page5-28,01KJN7863BFF3ZYZGVVSATZTH7,01KJN7A44GGBE9XR412KV5BFSC,C,B,0,0.125,2.0,2.0
01KJN6MMQ03KZPZN0275VZXK6R,page5-28,01KJN7863BFF3ZYZGVVSATZTH7,01KJN7AAX1VHZ1A7ZB35BNRH8N,C,A,0,0.16666666666666666,2.0,2.0
01KJN6MMQ03KZPZN0275VZXK6R,page5-28,01KJN7863BFF3ZYZGVVSATZTH7,01KJN7AZC7FAG17CY924MRTCF7,C,A,0,0.2,2.0,2.0
01KJN6MMQ03KZPZN0275VZXK6R,page5-28,01KJN7863BFF3ZYZGVVSATZTH7,01KJN7C40WEQBDF48ACG18M0EV,C,B,0,0.3333333333333333,2.0,2.0
01KJN6MMQ03KZPZN0275VZXK6R,page5-28,01KJN78DQ6KC0F9N1HA0BPB44R,01KJN792W85XPK9QGH8A6HSYSJ,C,B,0,0.14285714285714285,2.0,2.0
01KJN6MMQ03KZPZN0275VZXK6R,page5-28,01KJN78DQ6KC0F9N1HA0BPB44R,01KJN79B14FBSYSKKCG2BYVBB6,C,A,0,0.3333333333333333,2.0,2.0
01KJN6MMQ03KZPZN0275VZXK6R,page5-28,01KJN78DQ6KC0F9N1HA0BPB44R,01KJN79J529BWBWTESKB6D9MB7,C,C,1,0.5,2.0,2.0
01KJN6MMQ03KZPZN0275VZXK6R,page5-28,01KJN78DQ6KC0F9N1HA0BPB44R,01KJN7A44GGBE9XR412KV5BFSC,C,B,0,0.25,2.0,2.0
01KJN6MMQ03KZPZN0275VZXK6R,page5-28,01KJN78DQ6KC0F9N1HA0BPB44R,01KJN7AAX1VHZ1A7ZB35BNRH8N,C,A,0,0.3333333333333333,2.0,2.0
01KJN6MMQ03KZPZN0275VZXK6R,page5-28,01KJN78DQ6KC0F9N1HA0BPB44R,01KJN7AZC7FAG17CY924MRTCF7,C,A,0,0.4,2.0,2.0
01KJN6MMQ03KZPZN0275VZXK6R,page5-28,01KJN78DQ6KC0F9N1HA0BPB44R,01KJN7C40WEQBDF48ACG18M0EV,C,B,0,0.5,2.0,2.0
01KJN6MMQ03KZPZN0275VZXK6R,page5-28,01KJN792W85XPK9QGH8A6HSYSJ,01KJN79B14FBSYSKKCG2BYVBB6,B,A,0,0.0,2.0,2.0
01KJN6MMQ03KZPZN0275VZXK6R,page5-28,01KJN792W85XPK9QGH8A6HSYSJ,01KJN79J529BWBWTESKB6D9MB7,B,C,0,0.1111111111111111,2.0,2.0
01KJN6MMQ03KZPZN0275VZXK6R,page5-28,01KJN792W85XPK9QGH8A6HSYSJ,01KJN7A44GGBE9XR412KV5BFSC,B,B,1,0.14285714285714285,2.0,2.0
01KJN6MMQ03KZPZN0275VZXK6R,page5-28,01KJN792W85XPK9QGH8A6HSYSJ,01KJN7AAX1VHZ1A7ZB35BNRH8N,B,A,0,0.0,2.0,2.0
01KJN6MMQ03KZPZN0275VZXK6R,page5-28,01KJN792W85XPK9QGH8A6HSYSJ,01KJN7AZC7FAG17CY924MRTCF7,B,A,0,0.0,2.0,2.0
01KJN6MMQ03KZPZN0275VZXK6R,page5-28,01KJN792W85XPK9QGH8A6HSYSJ,01KJN7C40WEQBDF48ACG18M0EV,B,B,1,0.0,2.0,2.0
01KJN6MMQ03KZPZN0275VZXK6R,page5-28,01KJN79B14FBSYSKKCG2BYVBB6,01KJN79J529BWBWTESKB6D9MB7,A,C,0,0.25,2.0,2.0
01KJN6MMQ03KZPZN0275VZXK6R,page5-28,01KJN79B14FBSYSKKCG2BYVBB6,01KJN7A44GGBE9XR412KV5BFSC,A,B,0,0.14285714285714285,2.0,2.0
01KJN6MMQ03KZPZN0275VZXK6R,page5-28,01KJN79B14FBSYSKKCG2BYVBB6,01KJN7AAX1VHZ1A7ZB35BNRH8N,A,A,1,0.5,2.0,2.0
01KJN6MMQ03KZPZN0275VZXK6R,page5-28,01KJN79B14FBSYSKKCG2BYVBB6,01KJN7AZC7FAG17CY924MRTCF7,A,A,1,0.6666666666666666,2.0,2.0
01KJN6MMQ03KZPZN0275VZXK6R,page5-28,01KJN79B14FBSYSKKCG2BYVBB6,01KJN7C40WEQBDF48ACG18M0EV,A,B,0,0.4,2.0,2.0
01KJN6MMQ03KZPZN0275VZXK6R,page5-28,01KJN79J529BWBWTESKB6D9MB7,01KJN7A44GGBE9XR412KV5BFSC,C,B,0,0.2,2.0,2.0
01KJN6MMQ03KZPZN0275VZXK6R,page5-28,01KJN79J529BWBWTESKB6D9MB7,01KJN7AAX1VHZ1A7ZB35BNRH8N,C,A,0,0.25,2.0,2.0
01KJN6MMQ03KZPZN0275VZXK6R,page5-28,01KJN79J529BWBWTESKB6D9MB7,01KJN7AZC7FAG17CY924MRTCF7,C,A,0,0.2857142857142857,2.0,2.0
01KJN6MMQ03KZPZN0275VZXK6R,page5-28,01KJN79J529BWBWTESKB6D9MB7,01KJN7C40WEQBDF48ACG18M0EV,C,B,0,0.375,2.0,2.0
01KJN6MMQ03KZPZN0275VZXK6R,page5-28,01KJN7A44GGBE9XR412KV5BFSC,01KJN7AAX1VHZ1A7ZB35BNRH8N,B,A,0,0.14285714285714285,2.0,2.0
01KJN6MMQ03KZPZN0275VZXK6R,page5-28,01KJN7A44GGBE9XR412KV5BFSC,01KJN7AZC7FAG17CY924MRTCF7,B,A,0,0.16666666666666666,2.0,2.0
01KJN6MMQ03KZPZN0275VZXK6R,page5-28,01KJN7A44GGBE9XR412KV5BFSC,01KJN7C40WEQBDF48ACG18M0EV,B,B,1,0.125,2.0,2.0
01KJN6MMQ03KZPZN0275VZXK6R,page5-28,01KJN7AAX1VHZ1A7ZB35BNRH8N,01KJN7AZC7FAG17CY924MRTCF7,A,A,1,0.6666666666666666,2.0,2.0
01KJN6MMQ03KZPZN0275VZXK6R,page5-28,01KJN7AAX1VHZ1A7ZB35BNRH8N,01KJN7C40WEQBDF48ACG18M0EV,A,B,0,0.4,2.0,2.0
01KJN6MMQ03KZPZN0275VZXK6R,page5-28,01KJN7AZC7FAG17CY924MRTCF7,01KJN7C40WEQBDF48ACG18M0EV,A,B,0,0.5,2.0,2.0
01KJN6MMQ03KZPZN0275VZXK6R,page5-28,01KJN7863BFF3ZYZGVVSATZTH7,01KJN78DQ6KC0F9N1HA0BPB44R,C,C,1,0.5,3.0,2.0
01KJN6MMQ03KZPZN0275VZXK6R,page5-28,01KJN7863BFF3ZYZGVVSATZTH7,01KJN792W85XPK9QGH8A6HSYSJ,C,B,0,0.0,3.0,2.0
01KJN6MMQ03KZPZN0275VZXK6R,page5-28,01KJN7863BFF3ZYZGVVSATZTH7,01KJN79B14FBSYSKKCG2BYVBB6,C,A,0,0.14285714285714285,3.0,2.0
01KJN6MMQ03KZPZN0275VZXK6R,page5-28,01KJN7863BFF3ZYZGVVSATZTH7,01KJN79J529BWBWTESKB6D9MB7,C,C,1,0.25,3.0,2.0
01KJN6MMQ03KZPZN0275VZXK6R,page5-28,01KJN7863BFF3ZYZGVVSATZTH7,01KJN7A44GGBE9XR412KV5BFSC,C,B,0,0.125,3.0,2.0
01KJN6MMQ03KZPZN0275VZXK6R,page5-28,01KJN7863BFF3ZYZGVVSATZTH7,01KJN7AAX1VHZ1A7ZB35BNRH8N,C,A,0,0.16666666666666666,3.0,2.0
01KJN6MMQ03KZPZN0275VZXK6R,page5-28,01KJN7863BFF3ZYZGVVSATZTH7,01KJN7AZC7FAG17CY924MRTCF7,C,A,0,0.2,3.0,2.0
01KJN6MMQ03KZPZN0275VZXK6R,page5-28,01KJN7863BFF3ZYZGVVSATZTH7,01KJN7C40WEQBDF48ACG18M0EV,C,B,0,0.2857142857142857,3.0,2.0
01KJN6MMQ03KZPZN0275VZXK6R,page5-28,01KJN78DQ6KC0F9N1HA0BPB44R,01KJN792W85XPK9QGH8A6HSYSJ,C,B,0,0.14285714285714285,3.0,2.0
01KJN6MMQ03KZPZN0275VZXK6R,page5-28,01KJN78DQ6KC0F9N1HA0BPB44R,01KJN79B14FBSYSKKCG2BYVBB6,C,A,0,0.2857142857142857,3.0,2.0
01KJN6MMQ03KZPZN0275VZXK6R,page5-28,01KJN78DQ6KC0F9N1HA0BPB44R,01KJN79J529BWBWTESKB6D9MB7,C,C,1,0.2222222222222222,3.0,2.0
01KJN6MMQ03KZPZN0275VZXK6R,page5-28,01KJN78DQ6KC0F9N1HA0BPB44R,01KJN7A44GGBE9XR412KV5BFSC,C,B,0,0.25,3.0,2.0
01KJN6MMQ03KZPZN0275VZXK6R,page5-28,01KJN78DQ6KC0F9N1HA0BPB44R,01KJN7AAX1VHZ1A7ZB35BNRH8N,C,A,0,0.3333333333333333,3.0,2.0
01KJN6MMQ03KZPZN0275VZXK6R,page5-28,01KJN78DQ6KC0F9N1HA0BPB44R,01KJN7AZC7FAG17CY924MRTCF7,C,A,0,0.4,3.0,2.0
01KJN6MMQ03KZPZN0275VZXK6R,page5-28,01KJN78DQ6KC0F9N1HA0BPB44R,01KJN7C40WEQBDF48ACG18M0EV,C,B,0,0.6666666666666666,3.0,2.0
01KJN6MMQ03KZPZN0275VZXK6R,page5-28,01KJN792W85XPK9QGH8A6HSYSJ,01KJN79B14FBSYSKKCG2BYVBB6,B,A,0,0.0,3.0,2.0
01KJN6MMQ03KZPZN0275VZXK6R,page5-28,01KJN792W85XPK9QGH8A6HSYSJ,01KJN79J529BWBWTESKB6D9MB7,B,C,0,0.0,3.0,2.0
01KJN6MMQ03KZPZN0275VZXK6R,page5-28,01KJN792W85XPK9QGH8A6HSYSJ,01KJN7A44GGBE9XR412KV5BFSC,B,B,1,0.14285714285714285,3.0,2.0
01KJN6MMQ03KZPZN0275VZXK6R,page5-28,01KJN792W85XPK9QGH8A6HSYSJ,01KJN7AAX1VHZ1A7ZB35BNRH8N,B,A,0,0.0,3.0,2.0
01KJN6MMQ03KZPZN0275VZXK6R,page5-28,01KJN792W85XPK9QGH8A6HSYSJ,01KJN7AZC7FAG17CY924MRTCF7,B,A,0,0.0,3.0,2.0
01KJN6MMQ03KZPZN0275VZXK6R,page5-28,01KJN792W85XPK9QGH8A6HSYSJ,01KJN7C40WEQBDF48ACG18M0EV,B,B,1,0.14285714285714285,3.0,2.0
01KJN6MMQ03KZPZN0275VZXK6R,page5-28,01KJN79B14FBSYSKKCG2BYVBB6,01KJN79J529BWBWTESKB6D9MB7,A,C,0,0.1111111111111111,3.0,2.0
01KJN6MMQ03KZPZN0275VZXK6R,page5-28,01KJN79B14FBSYSKKCG2BYVBB6,01KJN7A44GGBE9XR412KV5BFSC,A,B,0,0.125,3.0,2.0
01KJN6MMQ03KZPZN0275VZXK6R,page5-28,01KJN79B14FBSYSKKCG2BYVBB6,01KJN7AAX1VHZ1A7ZB35BNRH8N,A,A,1,0.4,3.0,2.0
01KJN6MMQ03KZPZN0275VZXK6R,page5-28,01KJN79B14FBSYSKKCG2BYVBB6,01KJN7AZC7FAG17CY924MRTCF7,A,A,1,0.5,3.0,2.0
01KJN6MMQ03KZPZN0275VZXK6R,page5-28,01KJN79B14FBSYSKKCG2BYVBB6,01KJN7C40WEQBDF48ACG18M0EV,A,B,0,0.2857142857142857,3.0,2.0
01KJN6MMQ03KZPZN0275VZXK6R,page5-28,01KJN79J529BWBWTESKB6D9MB7,01KJN7A44GGBE9XR412KV5BFSC,C,B,0,0.2222222222222222,3.0,2.0
01KJN6MMQ03KZPZN0275VZXK6R,page5-28,01KJN79J529BWBWTESKB6D9MB7,01KJN7AAX1VHZ1A7ZB35BNRH8N,C,A,0,0.2857142857142857,3.0,2.0
01KJN6MMQ03KZPZN0275VZXK6R,page5-28,01KJN79J529BWBWTESKB6D9MB7,01KJN7AZC7FAG17CY924MRTCF7,C,A,0,0.14285714285714285,3.0,2.0
01KJN6MMQ03KZPZN0275VZXK6R,page5-28,01KJN79J529BWBWTESKB6D9MB7,01KJN7C40WEQBDF48ACG18M0EV,C,B,0,0.2222222222222222,3.0,2.0
01KJN6MMQ03KZPZN0275VZXK6R,page5-28,01KJN7A44GGBE9XR412KV5BFSC,01KJN7AAX1VHZ1A7ZB35BNRH8N,B,A,0,0.14285714285714285,3.0,2.0
01KJN6MMQ03KZPZN0275VZXK6R,page5-28,01KJN7A44GGBE9XR412KV5BFSC,01KJN7AZC7FAG17CY924MRTCF7,B,A,0,0.16666666666666666,3.0,2.0
01KJN6MMQ03KZPZN0275VZXK6R,page5-28,01KJN7A44GGBE9XR412KV5BFSC,01KJN7C40WEQBDF48ACG18M0EV,B,B,1,0.25,3.0,2.0
01KJN6MMQ03KZPZN0275VZXK6R,page5-28,01KJN7AAX1VHZ1A7ZB35BNRH8N,01KJN7AZC7FAG17CY924MRTCF7,A,A,1,0.6666666666666666,3.0,2.0
01KJN6MMQ03KZPZN0275VZXK6R,page5-28,01KJN7AAX1VHZ1A7ZB35BNRH8N,01KJN7C40WEQBDF48ACG18M0EV,A,B,0,0.3333333333333333,3.0,2.0
01KJN6MMQ03KZPZN0275VZXK6R,page5-28,01KJN7AZC7FAG17CY924MRTCF7,01KJN7C40WEQBDF48ACG18M0EV,A,B,0,0.4,3.0,2.0
01KJN6MMQ03KZPZN0275VZXK6R,page5-28,01KJN7863BFF3ZYZGVVSATZTH7,01KJN78DQ6KC0F9N1HA0BPB44R,C,C,1,0.5,4.0,2.0
01KJN6MMQ03KZPZN0275VZXK6R,page5-28,01KJN7863BFF3ZYZGVVSATZTH7,01KJN792W85XPK9QGH8A6HSYSJ,C,B,0,0.0,4.0,2.0
01KJN6MMQ03KZPZN0275VZXK6R,page5-28,01KJN7863BFF3ZYZGVVSATZTH7,01KJN79B14FBSYSKKCG2BYVBB6,C,A,0,0.14285714285714285,4.0,2.0
01KJN6MMQ03KZPZN0275VZXK6R,page5-28,01KJN7863BFF3ZYZGVVSATZTH7,01KJN79J529BWBWTESKB6D9MB7,C,C,1,0.25,4.0,2.0
01KJN6MMQ03KZPZN0275VZXK6R,page5-28,01KJN7863BFF3ZYZGVVSATZTH7,01KJN7A44GGBE9XR412KV5BFSC,C,B,0,0.125,4.0,2.0
01KJN6MMQ03KZPZN0275VZXK6R,page5-28,01KJN7863BFF3ZYZGVVSATZTH7,01KJN7AAX1VHZ1A7ZB35BNRH8N,C,A,0,0.16666666666666666,4.0,2.0
01KJN6MMQ03KZPZN0275VZXK6R,page5-28,01KJN7863BFF3ZYZGVVSATZTH7,01KJN7AZC7FAG17CY924MRTCF7,C,A,0,0.2,4.0,2.0
01KJN6MMQ03KZPZN0275VZXK6R,page5-28,01KJN7863BFF3ZYZGVVSATZTH7,01KJN7C40WEQBDF48ACG18M0EV,C,B,0,0.2857142857142857,4.0,2.0
01KJN6MMQ03KZPZN0275VZXK6R,page5-28,01KJN78DQ6KC0F9N1HA0BPB44R,01KJN792W85XPK9QGH8A6HSYSJ,C,B,0,0.2857142857142857,4.0,2.0
01KJN6MMQ03KZPZN0275VZXK6R,page5-28,01KJN78DQ6KC0F9N1HA0BPB44R,01KJN79B14FBSYSKKCG2BYVBB6,C,A,0,0.2857142857142857,4.0,2.0
01KJN6MMQ03KZPZN0275VZXK6R,page5-28,01KJN78DQ6KC0F9N1HA0BPB44R,01KJN79J529BWBWTESKB6D9MB7,C,C,1,0.2222222222222222,4.0,2.0
01KJN6MMQ03KZPZN0275VZXK6R,page5-28,01KJN78DQ6KC0F9N1HA0BPB44R,01KJN7A44GGBE9XR412KV5BFSC,C,B,0,0.25,4.0,2.0
01KJN6MMQ03KZPZN0275VZXK6R,page5-28,01KJN78DQ6KC0F9N1HA0BPB44R,01KJN7AAX1VHZ1A7ZB35BNRH8N,C,A,0,0.3333333333333333,4.0,2.0
01KJN6MMQ03KZPZN0275VZXK6R,page5-28,01KJN78DQ6KC0F9N1HA0BPB44R,01KJN7AZC7FAG17CY924MRTCF7,C,A,0,0.4,4.0,2.0
01KJN6MMQ03KZPZN0275VZXK6R,page5-28,01KJN78DQ6KC0F9N1HA0BPB44R,01KJN7C40WEQBDF48ACG18M0EV,C,B,0,0.6666666666666666,4.0,2.0
01KJN6MMQ03KZPZN0275VZXK6R,page5-28,01KJN792W85XPK9QGH8A6HSYSJ,01KJN79B14FBSYSKKCG2BYVBB6,B,A,0,0.14285714285714285,4.0,2.0
01KJN6MMQ03KZPZN0275VZXK6R,page5-28,01KJN792W85XPK9QGH8A6HSYSJ,01KJN79J529BWBWTESKB6D9MB7,B,C,0,0.0,4.0,2.0
01KJN6MMQ03KZPZN0275VZXK6R,page5-28,01KJN792W85XPK9QGH8A6HSYSJ,01KJN7A44GGBE9XR412KV5BFSC,B,B,1,0.125,4.0,2.0
01KJN6MMQ03KZPZN0275VZXK6R,page5-28,01KJN792W85XPK9QGH8A6HSYSJ,01KJN7AAX1VHZ1A7ZB35BNRH8N,B,A,0,0.16666666666666666,4.0,2.0
01KJN6MMQ03KZPZN0275VZXK6R,page5-28,01KJN792W85XPK9QGH8A6HSYSJ,01KJN7AZC7FAG17CY924MRTCF7,B,A,0,0.2,4.0,2.0
01KJN6MMQ03KZPZN0275VZXK6R,page5-28,01KJN792W85XPK9QGH8A6HSYSJ,01KJN7C40WEQBDF48ACG18M0EV,B,B,1,0.2857142857142857,4.0,2.0
01KJN6MMQ03KZPZN0275VZXK6R,page5-28,01KJN79B14FBSYSKKCG2BYVBB6,01KJN79J529BWBWTESKB6D9MB7,A,C,0,0.1111111111111111,4.0,2.0
01KJN6MMQ03KZPZN0275VZXK6R,page5-28,01KJN79B14FBSYSKKCG2BYVBB6,01KJN7A44GGBE9XR412KV5BFSC,A,B,0,0.125,4.0,2.0
01KJN6MMQ03KZPZN0275VZXK6R,page5-28,01KJN79B14FBSYSKKCG2BYVBB6,01KJN7AAX1VHZ1A7ZB35BNRH8N,A,A,1,0.4,4.0,2.0
01KJN6MMQ03KZPZN0275VZXK6R,page5-28,01KJN79B14FBSYSKKCG2BYVBB6,01KJN7AZC7FAG17CY924MRTCF7,A,A,1,0.5,4.0,2.0
01KJN6MMQ03KZPZN0275VZXK6R,page5-28,01KJN79B14FBSYSKKCG2BYVBB6,01KJN7C40WEQBDF48ACG18M0EV,A,B,0,0.2857142857142857,4.0,2.0
01KJN6MMQ03KZPZN0275VZXK6R,page5-28,01KJN79J529BWBWTESKB6D9MB7,01KJN7A44GGBE9XR412KV5BFSC,C,B,0,0.2222222222222222,4.0,2.0
01KJN6MMQ03KZPZN0275VZXK6R,page5-28,01KJN79J529BWBWTESKB6D9MB7,01KJN7AAX1VHZ1A7ZB35BNRH8N,C,A,0,0.2857142857142857,4.0,2.0
01KJN6MMQ03KZPZN0275VZXK6R,page5-28,01KJN79J529BWBWTESKB6D9MB7,01KJN7AZC7FAG17CY924MRTCF7,C,A,0,0.14285714285714285,4.0,2.0
01KJN6MMQ03KZPZN0275VZXK6R,page5-28,01KJN79J529BWBWTESKB6D9MB7,01KJN7C40WEQBDF48ACG18M0EV,C,B,0,0.2222222222222222,4.0,2.0
01KJN6MMQ03KZPZN0275VZXK6R,page5-28,01KJN7A44GGBE9XR412KV5BFSC,01KJN7AAX1VHZ1A7ZB35BNRH8N,B,A,0,0.14285714285714285,4.0,2.0
01KJN6MMQ03KZPZN0275VZXK6R,page5-28,01KJN7A44GGBE9XR412KV5BFSC,01KJN7AZC7FAG17CY924MRTCF7,B,A,0,0.16666666666666666,4.0,2.0
01KJN6MMQ03KZPZN0275VZXK6R,page5-28,01KJN7A44GGBE9XR412KV5BFSC,01KJN7C40WEQBDF48ACG18M0EV,B,B,1,0.25,4.0,2.0
01KJN6MMQ03KZPZN0275VZXK6R,page5-28,01KJN7AAX1VHZ1A7ZB35BNRH8N,01KJN7AZC7FAG17CY924MRTCF7,A,A,1,0.6666666666666666,4.0,2.0
01KJN6MMQ03KZPZN0275VZXK6R,page5-28,01KJN7AAX1VHZ1A7ZB35BNRH8N,01KJN7C40WEQBDF48ACG18M0EV,A,B,0,0.3333333333333333,4.0,2.0
01KJN6MMQ03KZPZN0275VZXK6R,page5-28,01KJN7AZC7FAG17CY924MRTCF7,01KJN7C40WEQBDF48ACG18M0EV,A,B,0,0.4,4.0,2.0
01KJN6MMQ03KZPZN0275VZXK6R,page5-28,01KJN7863BFF3ZYZGVVSATZTH7,01KJN78DQ6KC0F9N1HA0BPB44R,C,C,1,0.6,5.0,2.0
01KJN6MMQ03KZPZN0275VZXK6R,page5-28,01KJN7863BFF3ZYZGVVSATZTH7,01KJN792W85XPK9QGH8A6HSYSJ,C,B,0,0.0,5.0,2.0
01KJN6MMQ03KZPZN0275VZXK6R,page5-28,01KJN7863BFF3ZYZGVVSATZTH7,01KJN79B14FBSYSKKCG2BYVBB6,C,A,0,0.14285714285714285,5.0,2.0
01KJN6MMQ03KZPZN0275VZXK6R,page5-28,01KJN7863BFF3ZYZGVVSATZTH7,01KJN79J529BWBWTESKB6D9MB7,C,C,1,0.25,5.0,2.0
01KJN6MMQ03KZPZN0275VZXK6R,page5-28,01KJN7863BFF3ZYZGVVSATZTH7,01KJN7A44GGBE9XR412KV5BFSC,C,B,0,0.125,5.0,2.0
01KJN6MMQ03KZPZN0275VZXK6R,page5-28,01KJN7863BFF3ZYZGVVSATZTH7,01KJN7AAX1VHZ1A7ZB35BNRH8N,C,A,0,0.16666666666666666,5.0,2.0
01KJN6MMQ03KZPZN0275VZXK6R,page5-28,01KJN7863BFF3ZYZGVVSATZTH7,01KJN7AZC7FAG17CY924MRTCF7,C,A,0,0.2,5.0,2.0
01KJN6MMQ03KZPZN0275VZXK6R,page5-28,01KJN7863BFF3ZYZGVVSATZTH7,01KJN7C40WEQBDF48ACG18M0EV,C,B,0,0.2857142857142857,5.0,2.0
01KJN6MMQ03KZPZN0275VZXK6R,page5-28,01KJN78DQ6KC0F9N1HA0BPB44R,01KJN792W85XPK9QGH8A6HSYSJ,C,B,0,0.14285714285714285,5.0,2.0
01KJN6MMQ03KZPZN0275VZXK6R,page5-28,01KJN78DQ6KC0F9N1HA0BPB44R,01KJN79B14FBSYSKKCG2BYVBB6,C,A,0,0.14285714285714285,5.0,2.0
01KJN6MMQ03KZPZN0275VZXK6R,page5-28,01KJN78DQ6KC0F9N1HA0BPB44R,01KJN79J529BWBWTESKB6D9MB7,C,C,1,0.25,5.0,2.0
01KJN6MMQ03KZPZN0275VZXK6R,page5-28,01KJN78DQ6KC0F9N1HA0BPB44R,01KJN7A44GGBE9XR412KV5BFSC,C,B,0,0.2857142857142857,5.0,2.0
01KJN6MMQ03KZPZN0275VZXK6R,page5-28,01KJN78DQ6KC0F9N1HA0BPB44R,01KJN7AAX1VHZ1A7ZB35BNRH8N,C,A,0,0.16666666666666666,5.0,2.0
01KJN6MMQ03KZPZN0275VZXK6R,page5-28,01KJN78DQ6KC0F9N1HA0BPB44R,01KJN7AZC7FAG17CY924MRTCF7,C,A,0,0.2,5.0,2.0
01KJN6MMQ03KZPZN0275VZXK6R,page5-28,01KJN78DQ6KC0F9N1HA0BPB44R,01KJN7C40WEQBDF48ACG18M0EV,C,B,0,0.5,5.0,2.0
01KJN6MMQ03KZPZN0275VZXK6R,page5-28,01KJN792W85XPK9QGH8A6HSYSJ,01KJN79B14FBSYSKKCG2BYVBB6,B,A,0,0.14285714285714285,5.0,2.0
01KJN6MMQ03KZPZN0275VZXK6R,page5-28,01KJN792W85XPK9QGH8A6HSYSJ,01KJN79J529BWBWTESKB6D9MB7,B,C,0,0.0,5.0,2.0
01KJN6MMQ03KZPZN0275VZXK6R,page5-28,01KJN792W85XPK9QGH8A6HSYSJ,01KJN7A44GGBE9XR412KV5BFSC,B,B,1,0.2857142857142857,5.0,2.0
01KJN6MMQ03KZPZN0275VZXK6R,page5-28,01KJN792W85XPK9QGH8A6HSYSJ,01KJN7AAX1VHZ1A7ZB35BNRH8N,B,A,0,0.16666666666666666,5.0,2.0
01KJN6MMQ03KZPZN0275VZXK6R,page5-28,01KJN792W85XPK9QGH8A6HSYSJ,01KJN7AZC7FAG17CY924MRTCF7,B,A,0,0.2,5.0,2.0
01KJN6MMQ03KZPZN0275VZXK6R,page5-28,01KJN792W85XPK9QGH8A6HSYSJ,01KJN7C40WEQBDF48ACG18M0EV,B,B,1,0.2857142857142857,5.0,2.0
01KJN6MMQ03KZPZN0275VZXK6R,page5-28,01KJN79B14FBSYSKKCG2BYVBB6,01KJN79J529BWBWTESKB6D9MB7,A,C,0,0.1111111111111111,5.0,2.0
01KJN6MMQ03KZPZN0275VZXK6R,page5-28,01KJN79B14FBSYSKKCG2BYVBB6,01KJN7A44GGBE9XR412KV5BFSC,A,B,0,0.2857142857142857,5.0,2.0
01KJN6MMQ03KZPZN0275VZXK6R,page5-28,01KJN79B14FBSYSKKCG2BYVBB6,01KJN7AAX1VHZ1A7ZB35BNRH8N,A,A,1,0.4,5.0,2.0
01KJN6MMQ03KZPZN0275VZXK6R,page5-28,01KJN79B14FBSYSKKCG2BYVBB6,01KJN7AZC7FAG17CY924MRTCF7,A,A,1,0.5,5.0,2.0
01KJN6MMQ03KZPZN0275VZXK6R,page5-28,01KJN79B14FBSYSKKCG2BYVBB6,01KJN7C40WEQBDF48ACG18M0EV,A,B,0,0.2857142857142857,5.0,2.0
01KJN6MMQ03KZPZN0275VZXK6R,page5-28,01KJN79J529BWBWTESKB6D9MB7,01KJN7A44GGBE9XR412KV5BFSC,C,B,0,0.2222222222222222,5.0,2.0
01KJN6MMQ03KZPZN0275VZXK6R,page5-28,01KJN79J529BWBWTESKB6D9MB7,01KJN7AAX1VHZ1A7ZB35BNRH8N,C,A,0,0.2857142857142857,5.0,2.0
01KJN6MMQ03KZPZN0275VZXK6R,page5-28,01KJN79J529BWBWTESKB6D9MB7,01KJN7AZC7FAG17CY924MRTCF7,C,A,0,0.14285714285714285,5.0,2.0
01KJN6MMQ03KZPZN0275VZXK6R,page5-28,01KJN79J529BWBWTESKB6D9MB7,01KJN7C40WEQBDF48ACG18M0EV,C,B,0,0.2222222222222222,5.0,2.0
01KJN6MMQ03KZPZN0275VZXK6R,page5-28,01KJN7A44GGBE9XR412KV5BFSC,01KJN7AAX1VHZ1A7ZB35BNRH8N,B,A,0,0.3333333333333333,5.0,2.0
01KJN6MMQ03KZPZN0275VZXK6R,page5-28,01KJN7A44GGBE9XR412KV5BFSC,01KJN7AZC7FAG17CY924MRTCF7,B,A,0,0.4,5.0,2.0
01KJN6MMQ03KZPZN0275VZXK6R,page5-28,01KJN7A44GGBE9XR412KV5BFSC,01KJN7C40WEQBDF48ACG18M0EV,B,B,1,0.42857142857142855,5.0,2.0
01KJN6MMQ03KZPZN0275VZXK6R,page5-28,01KJN7AAX1VHZ1A7ZB35BNRH8N,01KJN7AZC7FAG17CY924MRTCF7,A,A,1,0.6666666666666666,5.0,2.0
01KJN6MMQ03KZPZN0275VZXK6R,page5-28,01KJN7AAX1VHZ1A7ZB35BNRH8N,01KJN7C40WEQBDF48ACG18M0EV,A,B,0,0.3333333333333333,5.0,2.0
01KJN6MMQ03KZPZN0275VZXK6R,page5-28,01KJN7AZC7FAG17CY924MRTCF7,01KJN7C40WEQBDF48ACG18M0EV,A,B,0,0.4,5.0,2.0
01KJN6MMQ03KZPZN0275VZXK6R,page-B,01KJN7863BFF3ZYZGVVSATZTH7,01KJN792W85XPK9QGH8A6HSYSJ,C,B,0,0.0,1.0,2.0
01KJN6MMQ03KZPZN0275VZXK6R,page-B,01KJN7863BFF3ZYZGVVSATZTH7,01KJN79B14FBSYSKKCG2BYVBB6,C,A,0,0.0,1.0,2.0
01KJN6MMQ03KZPZN0275VZXK6R,page-B,01KJN7863BFF3ZYZGVVSATZTH7,01KJN79J529BWBWTESKB6D9MB7,C,C,1,0.6,1.0,2.0
01KJN6MMQ03KZPZN0275VZXK6R,page-B,01KJN7863BFF3ZYZGVVSATZTH7,01KJN7AAX1VHZ1A7ZB35BNRH8N,C,A,0,0.0,1.0,2.0
01KJN6MMQ03KZPZN0275VZXK6R,page-B,01KJN7863BFF3ZYZGVVSATZTH7,01KJN7C40WEQBDF48ACG18M0EV,C,B,0,0.1111111111111111,1.0,2.0
01KJN6MMQ03KZPZN0275VZXK6R,page-B,01KJN792W85XPK9QGH8A6HSYSJ,01KJN79B14FBSYSKKCG2BYVBB6,B,A,0,0.0,1.0,2.0
01KJN6MMQ03KZPZN0275VZXK6R,page-B,01KJN792W85XPK9QGH8A6HSYSJ,01KJN79J529BWBWTESKB6D9MB7,B,C,0,0.0,1.0,2.0
01KJN6MMQ03KZPZN0275VZXK6R,page-B,01KJN792W85XPK9QGH8A6HSYSJ,01KJN7AAX1VHZ1A7ZB35BNRH8N,B,A,0,0.0,1.0,2.0
01KJN6MMQ03KZPZN0275VZXK6R,page-B,01KJN792W85XPK9QGH8A6HSYSJ,01KJN7C40WEQBDF48ACG18M0EV,B,B,1,0.125,1.0,2.0
01KJN6MMQ03KZPZN0275VZXK6R,page-B,01KJN79B14FBSYSKKCG2BYVBB6,01KJN79J529BWBWTESKB6D9MB7,A,C,0,0.0,1.0,2.0
01KJN6MMQ03KZPZN0275VZXK6R,page-B,01KJN79B14FBSYSKKCG2BYVBB6,01KJN7AAX1VHZ1A7ZB35BNRH8N,A,A,1,0.25,1.0,2.0
01KJN6MMQ03KZPZN0275VZXK6R,page-B,01KJN79B14FBSYSKKCG2BYVBB6,01KJN7C40WEQBDF48ACG18M0EV,A,B,0,0.1,1.0,2.0
01KJN6MMQ03KZPZN0275VZXK6R,page-B,01KJN79J529BWBWTESKB6D9MB7,01KJN7AAX1VHZ1A7ZB35BNRH8N,C,A,0,0.125,1.0,2.0
01KJN6MMQ03KZPZN0275VZXK6R,page-B,01KJN79J529BWBWTESKB6D9MB7,01KJN7C40WEQBDF48ACG18M0EV,C,B,0,0.1111111111111111,1.0,2.0
01KJN6MMQ03KZPZN0275VZXK6R,page-B,01KJN7AAX1VHZ1A7ZB35BNRH8N,01KJN7C40WEQBDF48ACG18M0EV,A,B,0,0.0,1.0,2.0
01KJN6MMQ03KZPZN0275VZXK6R,page-B,01KJN7863BFF3ZYZGVVSATZTH7,01KJN78DQ6KC0F9N1HA0BPB44R,C,C,1,0.6,2.0,2.0
01KJN6MMQ03KZPZN0275VZXK6R,page-B,01KJN7863BFF3ZYZGVVSATZTH7,01KJN792W85XPK9QGH8A6HSYSJ,C,B,0,0.0,2.0,2.0
01KJN6MMQ03KZPZN0275VZXK6R,page-B,01KJN7863BFF3ZYZGVVSATZTH7,01KJN79B14FBSYSKKCG2BYVBB6,C,A,0,0.0,2.0,2.0
01KJN6MMQ03KZPZN0275VZXK6R,page-B,01KJN7863BFF3ZYZGVVSATZTH7,01KJN79J529BWBWTESKB6D9MB7,C,C,1,0.6,2.0,2.0
01KJN6MMQ03KZPZN0275VZXK6R,page-B,01KJN7863BFF3ZYZGVVSATZTH7,01KJN7A44GGBE9XR412KV5BFSC,C,B,0,0.125,2.0,2.0
01KJN6MMQ03KZPZN0275VZXK6R,page-B,01KJN7863BFF3ZYZGVVSATZTH7,01KJN7AAX1VHZ1A7ZB35BNRH8N,C,A,0,0.0,2.0,2.0
01KJN6MMQ03KZPZN0275VZXK6R,page-B,01KJN7863BFF3ZYZGVVSATZTH7,01KJN7AZC7FAG17CY924MRTCF7,C,A,0,0.125,2.0,2.0
01KJN6MMQ03KZPZN0275VZXK6R,page-B,01KJN7863BFF3ZYZGVVSATZTH7,01KJN7C40WEQBDF48ACG18M0EV,C,B,0,0.1111111111111111,2.0,2.0
01KJN6MMQ03KZPZN0275VZXK6R,page-B,01KJN78DQ6KC0F9N1HA0BPB44R,01KJN792W85XPK9QGH8A6HSYSJ,C,B,0,0.0,2.0,2.0
01KJN6MMQ03KZPZN0275VZXK6R,page-B,01KJN78DQ6KC0F9N1HA0BPB44R,01KJN79B14FBSYSKKCG2BYVBB6,C,A,0,0.0,2.0,2.0
01KJN6MMQ03KZPZN0275VZXK6R,page-B,01KJN78DQ6KC0F9N1HA0BPB44R,01KJN79J529BWBWTESKB6D9MB7,C,C,1,0.6,2.0,2.0
01KJN6MMQ03KZPZN0275VZXK6R,page-B,01KJN78DQ6KC0F9N1HA0BPB44R,01KJN7A44GGBE9XR412KV5BFSC,C,B,0,0.125,2.0,2.0
01KJN6MMQ03KZPZN0275VZXK6R,page-B,01KJN78DQ6KC0F9N1HA0BPB44R,01KJN7AAX1VHZ1A7ZB35BNRH8N,C,A,0,0.0,2.0,2.0
01KJN6MMQ03KZPZN0275VZXK6R,page-B,01KJN78DQ6KC0F9N1HA0BPB44R,01KJN7AZC7FAG17CY924MRTCF7,C,A,0,0.125,2.0,2.0
01KJN6MMQ03KZPZN0275VZXK6R,page-B,01KJN78DQ6KC0F9N1HA0BPB44R,01KJN7C40WEQBDF48ACG18M0EV,C,B,0,0.1111111111111111,2.0,2.0
01KJN6MMQ03KZPZN0275VZXK6R,page-B,01KJN792W85XPK9QGH8A6HSYSJ,01KJN79B14FBSYSKKCG2BYVBB6,B,A,0,0.0,2.0,2.0
01KJN6MMQ03KZPZN0275VZXK6R,page-B,01KJN792W85XPK9QGH8A6HSYSJ,01KJN79J529BWBWTESKB6D9MB7,B,C,0,0.0,2.0,2.0
01KJN6MMQ03KZPZN0275VZXK6R,page-B,01KJN792W85XPK9QGH8A6HSYSJ,01KJN7A44GGBE9XR412KV5BFSC,B,B,1,0.0,2.0,2.0
01KJN6MMQ03KZPZN0275VZXK6R,page-B,01KJN792W85XPK9QGH8A6HSYSJ,01KJN7AAX1VHZ1A7ZB35BNRH8N,B,A,0,0.0,2.0,2.0
01KJN6MMQ03KZPZN0275VZXK6R,page-B,01KJN792W85XPK9QGH8A6HSYSJ,01KJN7AZC7FAG17CY924MRTCF7,B,A,0,0.0,2.0,2.0
01KJN6MMQ03KZPZN0275VZXK6R,page-B,01KJN792W85XPK9QGH8A6HSYSJ,01KJN7C40WEQBDF48ACG18M0EV,B,B,1,0.125,2.0,2.0
01KJN6MMQ03KZPZN0275VZXK6R,page-B,01KJN79B14FBSYSKKCG2BYVBB6,01KJN79J529BWBWTESKB6D9MB7,A,C,0,0.0,2.0,2.0
01KJN6MMQ03KZPZN0275VZXK6R,page-B,01KJN79B14FBSYSKKCG2BYVBB6,01KJN7A44GGBE9XR412KV5BFSC,A,B,0,0.1111111111111111,2.0,2.0
01KJN6MMQ03KZPZN0275VZXK6R,page-B,01KJN79B14FBSYSKKCG2BYVBB6,01KJN7AAX1VHZ1A7ZB35BNRH8N,A,A,1,0.25,2.0,2.0
01KJN6MMQ03KZPZN0275VZXK6R,page-B,01KJN79B14FBSYSKKCG2BYVBB6,01KJN7AZC7FAG17CY924MRTCF7,A,A,1,0.25,2.0,2.0
01KJN6MMQ03KZPZN0275VZXK6R,page-B,01KJN79B14FBSYSKKCG2BYVBB6,01KJN7C40WEQBDF48ACG18M0EV,A,B,0,0.1,2.0,2.0
01KJN6MMQ03KZPZN0275VZXK6R,page-B,01KJN79J529BWBWTESKB6D9MB7,01KJN7A44GGBE9XR412KV5BFSC,C,B,0,0.125,2.0,2.0
01KJN6MMQ03KZPZN0275VZXK6R,page-B,01KJN79J529BWBWTESKB6D9MB7,01KJN7AAX1VHZ1A7ZB35BNRH8N,C,A,0,0.125,2.0,2.0
01KJN6MMQ03KZPZN0275VZXK6R,page-B,01KJN79J529BWBWTESKB6D9MB7,01KJN7AZC7FAG17CY924MRTCF7,C,A,0,0.2857142857142857,2.0,2.0
01KJN6MMQ03KZPZN0275VZXK6R,page-B,01KJN79J529BWBWTESKB6D9MB7,01KJN7C40WEQBDF48ACG18M0EV,C,B,0,0.1111111111111111,2.0,2.0
01KJN6MMQ03KZPZN0275VZXK6R,page-B,01KJN7A44GGBE9XR412KV5BFSC,01KJN7AAX1VHZ1A7ZB35BNRH8N,B,A,0,0.0,2.0,2.0
01KJN6MMQ03KZPZN0275VZXK6R,page-B,01KJN7A44GGBE9XR412KV5BFSC,01KJN7AZC7FAG17CY924MRTCF7,B,A,0,0.0,2.0,2.0
01KJN6MMQ03KZPZN0275VZXK6R,page-B,01KJN7A44GGBE9XR412KV5BFSC,01KJN7C40WEQBDF48ACG18M0EV,B,B,1,0.5714285714285714,2.0,2.0
01KJN6MMQ03KZPZN0275VZXK6R,page-B,01KJN7AAX1VHZ1A7ZB35BNRH8N,01KJN7AZC7FAG17CY924MRTCF7,A,A,1,0.6666666666666666,2.0,2.0
01KJN6MMQ03KZPZN0275VZXK6R,page-B,01KJN7AAX1VHZ1A7ZB35BNRH8N,01KJN7C40WEQBDF48ACG18M0EV,A,B,0,0.0,2.0,2.0
01KJN6MMQ03KZPZN0275VZXK6R,page-B,01KJN7AZC7FAG17CY924MRTCF7,01KJN7C40WEQBDF48ACG18M0EV,A,B,0,0.0,2.0,2.0
01KJN6MMQ03KZPZN0275VZXK6R,page-B,01KJN7863BFF3ZYZGVVSATZTH7,01KJN78DQ6KC0F9N1HA0BPB44R,C,C,1,0.6,3.0,2.0
01KJN6MMQ03KZPZN0275VZXK6R,page-B,01KJN7863BFF3ZYZGVVSATZTH7,01KJN792W85XPK9QGH8A6HSYSJ,C,B,0,0.0,3.0,2.0
01KJN6MMQ03KZPZN0275VZXK6R,page-B,01KJN7863BFF3ZYZGVVSATZTH7,01KJN79B14FBSYSKKCG2BYVBB6,C,A,0,0.0,3.0,2.0
01KJN6MMQ03KZPZN0275VZXK6R,page-B,01KJN7863BFF3ZYZGVVSATZTH7,01KJN79J529BWBWTESKB6D9MB7,C,C,1,0.16666666666666666,3.0,2.0
01KJN6MMQ03KZPZN0275VZXK6R,page-B,01KJN7863BFF3ZYZGVVSATZTH7,01KJN7A44GGBE9XR412KV5BFSC,C,B,0,0.125,3.0,2.0
01KJN6MMQ03KZPZN0275VZXK6R,page-B,01KJN7863BFF3ZYZGVVSATZTH7,01KJN7AAX1VHZ1A7ZB35BNRH8N,C,A,0,0.0,3.0,2.0
01KJN6MMQ03KZPZN0275VZXK6R,page-B,01KJN7863BFF3ZYZGVVSATZTH7,01KJN7AZC7FAG17CY924MRTCF7,C,A,0,0.125,3.0,2.0
01KJN6MMQ03KZPZN0275VZXK6R,page-B,01KJN7863BFF3ZYZGVVSATZTH7,01KJN7C40WEQBDF48ACG18M0EV,C,B,0,0.0,3.0,2.0
01KJN6MMQ03KZPZN0275VZXK6R,page-B,01KJN78DQ6KC0F9N1HA0BPB44R,01KJN792W85XPK9QGH8A6HSYSJ,C,B,0,0.0,3.0,2.0
01KJN6MMQ03KZPZN0275VZXK6R,page-B,01KJN78DQ6KC0F9N1HA0BPB44R,01KJN79B14FBSYSKKCG2BYVBB6,C,A,0,0.0,3.0,2.0
01KJN6MMQ03KZPZN0275VZXK6R,page-B,01KJN78DQ6KC0F9N1HA0BPB44R,01KJN79J529BWBWTESKB6D9MB7,C,C,1,0.16666666666666666,3.0,2.0
01KJN6MMQ03KZPZN0275VZXK6R,page-B,01KJN78DQ6KC0F9N1HA0BPB44R,01KJN7A44GGBE9XR412KV5BFSC,C,B,0,0.125,3.0,2.0
01KJN6MMQ03KZPZN0275VZXK6R,page-B,01KJN78DQ6KC0F9N1HA0BPB44R,01KJN7AAX1VHZ1A7ZB35BNRH8N,C,A,0,0.0,3.0,2.0
01KJN6MMQ03KZPZN0275VZXK6R,page-B,01KJN78DQ6KC0F9N1HA0BPB44R,01KJN7AZC7FAG17CY924MRTCF7,C,A,0,0.125,3.0,2.0
01KJN6MMQ03KZPZN0275VZXK6R,page-B,01KJN78DQ6KC0F9N1HA0BPB44R,01KJN7C40WEQBDF48ACG18M0EV,C,B,0,0.2,3.0,2.0
01KJN6MMQ03KZPZN0275VZXK6R,page-B,01KJN792W85XPK9QGH8A6HSYSJ,01KJN79B14FBSYSKKCG2BYVBB6,B,A,0,0.0,3.0,2.0
01KJN6MMQ03KZPZN0275VZXK6R,page-B,01KJN792W85XPK9QGH8A6HSYSJ,01KJN79J529BWBWTESKB6D9MB7,B,C,0,0.0,3.0,2.0
01KJN6MMQ03KZPZN0275VZXK6R,page-B,01KJN792W85XPK9QGH8A6HSYSJ,01KJN7A44GGBE9XR412KV5BFSC,B,B,1,0.0,3.0,2.0
01KJN6MMQ03KZPZN0275VZXK6R,page-B,01KJN792W85XPK9QGH8A6HSYSJ,01KJN7AAX1VHZ1A7ZB35BNRH8N,B,A,0,0.0,3.0,2.0
01KJN6MMQ03KZPZN0275VZXK6R,page-B,01KJN792W85XPK9QGH8A6HSYSJ,01KJN7AZC7FAG17CY924MRTCF7,B,A,0,0.0,3.0,2.0
01KJN6MMQ03KZPZN0275VZXK6R,page-B,01KJN792W85XPK9QGH8A6HSYSJ,01KJN7C40WEQBDF48ACG18M0EV,B,B,1,0.0,3.0,2.0
01KJN6MMQ03KZPZN0275VZXK6R,page-B,01KJN79B14FBSYSKKCG2BYVBB6,01KJN79J529BWBWTESKB6D9MB7,A,C,0,0.0,3.0,2.0
01KJN6MMQ03KZPZN0275VZXK6R,page-B,01KJN79B14FBSYSKKCG2BYVBB6,01KJN7A44GGBE9XR412KV5BFSC,A,B,0,0.0,3.0,2.0
01KJN6MMQ03KZPZN0275VZXK6R,page-B,01KJN79B14FBSYSKKCG2BYVBB6,01KJN7AAX1VHZ1A7ZB35BNRH8N,A,A,1,0.16666666666666666,3.0,2.0
01KJN6MMQ03KZPZN0275VZXK6R,page-B,01KJN79B14FBSYSKKCG2BYVBB6,01KJN7AZC7FAG17CY924MRTCF7,A,A,1,0.16666666666666666,3.0,2.0
01KJN6MMQ03KZPZN0275VZXK6R,page-B,01KJN79B14FBSYSKKCG2BYVBB6,01KJN7C40WEQBDF48ACG18M0EV,A,B,0,0.0,3.0,2.0
01KJN6MMQ03KZPZN0275VZXK6R,page-B,01KJN79J529BWBWTESKB6D9MB7,01KJN7A44GGBE9XR412KV5BFSC,C,B,0,0.0,3.0,2.0
01KJN6MMQ03KZPZN0275VZXK6R,page-B,01KJN79J529BWBWTESKB6D9MB7,01KJN7AAX1VHZ1A7ZB35BNRH8N,C,A,0,0.3333333333333333,3.0,2.0
01KJN6MMQ03KZPZN0275VZXK6R,page-B,01KJN79J529BWBWTESKB6D9MB7,01KJN7AZC7FAG17CY924MRTCF7,C,A,0,0.6,3.0,2.0
01KJN6MMQ03KZPZN0275VZXK6R,page-B,01KJN79J529BWBWTESKB6D9MB7,01KJN7C40WEQBDF48ACG18M0EV,C,B,0,0.0,3.0,2.0
01KJN6MMQ03KZPZN0275VZXK6R,page-B,01KJN7A44GGBE9XR412KV5BFSC,01KJN7AAX1VHZ1A7ZB35BNRH8N,B,A,0,0.0,3.0,2.0
01KJN6MMQ03KZPZN0275VZXK6R,page-B,01KJN7A44GGBE9XR412KV5BFSC,01KJN7AZC7FAG17CY924MRTCF7,B,A,0,0.0,3.0,2.0
01KJN6MMQ03KZPZN0275VZXK6R,page-B,01KJN7A44GGBE9XR412KV5BFSC,01KJN7C40WEQBDF48ACG18M0EV,B,B,1,0.0,3.0,2.0
01KJN6MMQ03KZPZN0275VZXK6R,page-B,01KJN7AAX1VHZ1A7ZB35BNRH8N,01KJN7AZC7FAG17CY924MRTCF7,A,A,1,0.6666666666666666,3.0,2.0
01KJN6MMQ03KZPZN0275VZXK6R,page-B,01KJN7AAX1VHZ1A7ZB35BNRH8N,01KJN7C40WEQBDF48ACG18M0EV,A,B,0,0.0,3.0,2.0
01KJN6MMQ03KZPZN0275VZXK6R,page-B,01KJN7AZC7FAG17CY924MRTCF7,01KJN7C40WEQBDF48ACG18M0EV,A,B,0,0.0,3.0,2.0
01KJN6MMQ03KZPZN0275VZXK6R,page-B,01KJN7863BFF3ZYZGVVSATZTH7,01KJN78DQ6KC0F9N1HA0BPB44R,C,C,1,0.6,4.0,2.0
01KJN6MMQ03KZPZN0275VZXK6R,page-B,01KJN7863BFF3ZYZGVVSATZTH7,01KJN792W85XPK9QGH8A6HSYSJ,C,B,0,0.14285714285714285,4.0,2.0
01KJN6MMQ03KZPZN0275VZXK6R,page-B,01KJN7863BFF3ZYZGVVSATZTH7,01KJN79B14FBSYSKKCG2BYVBB6,C,A,0,0.0,4.0,2.0
01KJN6MMQ03KZPZN0275VZXK6R,page-B,01KJN7863BFF3ZYZGVVSATZTH7,01KJN79J529BWBWTESKB6D9MB7,C,C,1,0.16666666666666666,4.0,2.0
01KJN6MMQ03KZPZN0275VZXK6R,page-B,01KJN7863BFF3ZYZGVVSATZTH7,01KJN7A44GGBE9XR412KV5BFSC,C,B,0,0.125,4.0,2.0
01KJN6MMQ03KZPZN0275VZXK6R,page-B,01KJN7863BFF3ZYZGVVSATZTH7,01KJN7AAX1VHZ1A7ZB35BNRH8N,C,A,0,0.08333333333333333,4.0,2.0
01KJN6MMQ03KZPZN0275VZXK6R,page-B,01KJN7863BFF3ZYZGVVSATZTH7,01KJN7AZC7FAG17CY924MRTCF7,C,A,0,0.125,4.0,2.0
01KJN6MMQ03KZPZN0275VZXK6R,page-B,01KJN7863BFF3ZYZGVVSATZTH7,01KJN7C40WEQBDF48ACG18M0EV,C,B,0,0.0,4.0,2.0
01KJN6MMQ03KZPZN0275VZXK6R,page-B,01KJN78DQ6KC0F9N1HA0BPB44R,01KJN792W85XPK9QGH8A6HSYSJ,C,B,0,0.14285714285714285,4.0,2.0
01KJN6MMQ03KZPZN0275VZXK6R,page-B,01KJN78DQ6KC0F9N1HA0BPB44R,01KJN79B14FBSYSKKCG2BYVBB6,C,A,0,0.0,4.0,2.0
01KJN6MMQ03KZPZN0275VZXK6R,page-B,01KJN78DQ6KC0F9N1HA0BPB44R,01KJN79J529BWBWTESKB6D9MB7,C,C,1,0.16666666666666666,4.0,2.0
01KJN6MMQ03KZPZN0275VZXK6R,page-B,01KJN78DQ6KC0F9N1HA0BPB44R,01KJN7A44GGBE9XR412KV5BFSC,C,B,0,0.125,4.0,2.0
01KJN6MMQ03KZPZN0275VZXK6R,page-B,01KJN78DQ6KC0F9N1HA0BPB44R,01KJN7AAX1VHZ1A7ZB35BNRH8N,C,A,0,0.08333333333333333,4.0,2.0
01KJN6MMQ03KZPZN0275VZXK6R,page-B,01KJN78DQ6KC0F9N1HA0BPB44R,01KJN7AZC7FAG17CY924MRTCF7,C,A,0,0.125,4.0,2.0
01KJN6MMQ03KZPZN0275VZXK6R,page-B,01KJN78DQ6KC0F9N1HA0BPB44R,01KJN7C40WEQBDF48ACG18M0EV,C,B,0,0.2,4.0,2.0
01KJN6MMQ03KZPZN0275VZXK6R,page-B,01KJN792W85XPK9QGH8A6HSYSJ,01KJN79B14FBSYSKKCG2BYVBB6,B,A,0,0.0,4.0,2.0
01KJN6MMQ03KZPZN0275VZXK6R,page-B,01KJN792W85XPK9QGH8A6HSYSJ,01KJN79J529BWBWTESKB6D9MB7,B,C,0,0.0,4.0,2.0
01KJN6MMQ03KZPZN0275VZXK6R,page-B,01KJN792W85XPK9QGH8A6HSYSJ,01KJN7A44GGBE9XR412KV5BFSC,B,B,1,0.2857142857142857,4.0,2.0
01KJN6MMQ03KZPZN0275VZXK6R,page-B,01KJN792W85XPK9QGH8A6HSYSJ,01KJN7AAX1VHZ1A7ZB35BNRH8N,B,A,0,0.18181818181818182,4.0,2.0
01KJN6MMQ03KZPZN0275VZXK6R,page-B,01KJN792W85XPK9QGH8A6HSYSJ,01KJN7AZC7FAG17CY924MRTCF7,B,A,0,0.0,4.0,2.0
01KJN6MMQ03KZPZN0275VZXK6R,page-B,01KJN792W85XPK9QGH8A6HSYSJ,01KJN7C40WEQBDF48ACG18M0EV,B,B,1,0.0,4.0,2.0
01KJN6MMQ03KZPZN0275VZXK6R,page-B,01KJN79B14FBSYSKKCG2BYVBB6,01KJN79J529BWBWTESKB6D9MB7,A,C,0,0.0,4.0,2.0
01KJN6MMQ03KZPZN0275VZXK6R,page-B,01KJN79B14FBSYSKKCG2BYVBB6,01KJN7A44GGBE9XR412KV5BFSC,A,B,0,0.0,4.0,2.0
01KJN6MMQ03KZPZN0275VZXK6R,page-B,01KJN79B14FBSYSKKCG2BYVBB6,01KJN7AAX1VHZ1A7ZB35BNRH8N,A,A,1,0.1,4.0,2.0
01KJN6MMQ03KZPZN0275VZXK6R,page-B,01KJN79B14FBSYSKKCG2BYVBB6,01KJN7AZC7FAG17CY924MRTCF7,A,A,1,0.16666666666666666,4.0,2.0
01KJN6MMQ03KZPZN0275VZXK6R,page-B,01KJN79B14FBSYSKKCG2BYVBB6,01KJN7C40WEQBDF48ACG18M0EV,A,B,0,0.0,4.0,2.0
01KJN6MMQ03KZPZN0275VZXK6R,page-B,01KJN79J529BWBWTESKB6D9MB7,01KJN7A44GGBE9XR412KV5BFSC,C,B,0,0.0,4.0,2.0
01KJN6MMQ03KZPZN0275VZXK6R,page-B,01KJN79J529BWBWTESKB6D9MB7,01KJN7AAX1VHZ1A7ZB35BNRH8N,C,A,0,0.2,4.0,2.0
01KJN6MMQ03KZPZN0275VZXK6R,page-B,01KJN79J529BWBWTESKB6D9MB7,01KJN7AZC7FAG17CY924MRTCF7,C,A,0,0.6,4.0,2.0
01KJN6MMQ03KZPZN0275VZXK6R,page-B,01KJN79J529BWBWTESKB6D9MB7,01KJN7C40WEQBDF48ACG18M0EV,C,B,0,0.0,4.0,2.0
01KJN6MMQ03KZPZN0275VZXK6R,page-B,01KJN7A44GGBE9XR412KV5BFSC,01KJN7AAX1VHZ1A7ZB35BNRH8N,B,A,0,0.16666666666666666,4.0,2.0
01KJN6MMQ03KZPZN0275VZXK6R,page-B,01KJN7A44GGBE9XR412KV5BFSC,01KJN7AZC7FAG17CY924MRTCF7,B,A,0,0.0,4.0,2.0
01KJN6MMQ03KZPZN0275VZXK6R,page-B,01KJN7A44GGBE9XR412KV5BFSC,01KJN7C40WEQBDF48ACG18M0EV,B,B,1,0.0,4.0,2.0
01KJN6MMQ03KZPZN0275VZXK6R,page-B,01KJN7AAX1VHZ1A7ZB35BNRH8N,01KJN7AZC7FAG17CY924MRTCF7,A,A,1,0.4,4.0,2.0
01KJN6MMQ03KZPZN0275VZXK6R,page-B,01KJN7AAX1VHZ1A7ZB35BNRH8N,01KJN7C40WEQBDF48ACG18M0EV,A,B,0,0.1,4.0,2.0
01KJN6MMQ03KZPZN0275VZXK6R,page-B,01KJN7AZC7FAG17CY924MRTCF7,01KJN7C40WEQBDF48ACG18M0EV,A,B,0,0.0,4.0,2.0
01KJN6MMQ03KZPZN0275VZXK6R,page-B,01KJN7863BFF3ZYZGVVSATZTH7,01KJN78DQ6KC0F9N1HA0BPB44R,C,C,1,0.6,5.0,2.0
01KJN6MMQ03KZPZN0275VZXK6R,page-B,01KJN7863BFF3ZYZGVVSATZTH7,01KJN792W85XPK9QGH8A6HSYSJ,C,B,0,0.14285714285714285,5.0,2.0
01KJN6MMQ03KZPZN0275VZXK6R,page-B,01KJN7863BFF3ZYZGVVSATZTH7,01KJN79B14FBSYSKKCG2BYVBB6,C,A,0,0.0,5.0,2.0
01KJN6MMQ03KZPZN0275VZXK6R,page-B,01KJN7863BFF3ZYZGVVSATZTH7,01KJN79J529BWBWTESKB6D9MB7,C,C,1,0.16666666666666666,5.0,2.0
01KJN6MMQ03KZPZN0275VZXK6R,page-B,01KJN7863BFF3ZYZGVVSATZTH7,01KJN7A44GGBE9XR412KV5BFSC,C,B,0,0.4,5.0,2.0
01KJN6MMQ03KZPZN0275VZXK6R,page-B,01KJN7863BFF3ZYZGVVSATZTH7,01KJN7AAX1VHZ1A7ZB35BNRH8N,C,A,0,0.08333333333333333,5.0,2.0
01KJN6MMQ03KZPZN0275VZXK6R,page-B,01KJN7863BFF3ZYZGVVSATZTH7,01KJN7AZC7FAG17CY924MRTCF7,C,A,0,0.0,5.0,2.0
01KJN6MMQ03KZPZN0275VZXK6R,page-B,01KJN7863BFF3ZYZGVVSATZTH7,01KJN7C40WEQBDF48ACG18M0EV,C,B,0,0.0,5.0,2.0
01KJN6MMQ03KZPZN0275VZXK6R,page-B,01KJN78DQ6KC0F9N1HA0BPB44R,01KJN792W85XPK9QGH8A6HSYSJ,C,B,0,0.14285714285714285,5.0,2.0
01KJN6MMQ03KZPZN0275VZXK6R,page-B,01KJN78DQ6KC0F9N1HA0BPB44R,01KJN79B14FBSYSKKCG2BYVBB6,C,A,0,0.0,5.0,2.0
01KJN6MMQ03KZPZN0275VZXK6R,page-B,01KJN78DQ6KC0F9N1HA0BPB44R,01KJN79J529BWBWTESKB6D9MB7,C,C,1,0.16666666666666666,5.0,2.0
01KJN6MMQ03KZPZN0275VZXK6R,page-B,01KJN78DQ6KC0F9N1HA0BPB44R,01KJN7A44GGBE9XR412KV5BFSC,C,B,0,0.4,5.0,2.0
01KJN6MMQ03KZPZN0275VZXK6R,page-B,01KJN78DQ6KC0F9N1HA0BPB44R,01KJN7AAX1VHZ1A7ZB35BNRH8N,C,A,0,0.08333333333333333,5.0,2.0
01KJN6MMQ03KZPZN0275VZXK6R,page-B,01KJN78DQ6KC0F9N1HA0BPB44R,01KJN7AZC7FAG17CY924MRTCF7,C,A,0,0.0,5.0,2.0
01KJN6MMQ03KZPZN0275VZXK6R,page-B,01KJN78DQ6KC0F9N1HA0BPB44R,01KJN7C40WEQBDF48ACG18M0EV,C,B,0,0.2,5.0,2.0
01KJN6MMQ03KZPZN0275VZXK6R,page-B,01KJN792W85XPK9QGH8A6HSYSJ,01KJN79B14FBSYSKKCG2BYVBB6,B,A,0,0.0,5.0,2.0
01KJN6MMQ03KZPZN0275VZXK6R,page-B,01KJN792W85XPK9QGH8A6HSYSJ,01KJN79J529BWBWTESKB6D9MB7,B,C,0,0.0,5.0,2.0
01KJN6MMQ03KZPZN0275VZXK6R,page-B,01KJN792W85XPK9QGH8A6HSYSJ,01KJN7A44GGBE9XR412KV5BFSC,B,B,1,0.16666666666666666,5.0,2.0
01KJN6MMQ03KZPZN0275VZXK6R,page-B,01KJN792W85XPK9QGH8A6HSYSJ,01KJN7AAX1VHZ1A7ZB35BNRH8N,B,A,0,0.18181818181818182,5.0,2.0
01KJN6MMQ03KZPZN0275VZXK6R,page-B,01KJN792W85XPK9QGH8A6HSYSJ,01KJN7AZC7FAG17CY924MRTCF7,B,A,0,0.0,5.0,2.0
01KJN6MMQ03KZPZN0275VZXK6R,page-B,01KJN792W85XPK9QGH8A6HSYSJ,01KJN7C40WEQBDF48ACG18M0EV,B,B,1,0.0,5.0,2.0
01KJN6MMQ03KZPZN0275VZXK6R,page-B,01KJN79B14FBSYSKKCG2BYVBB6,01KJN79J529BWBWTESKB6D9MB7,A,C,0,0.0,5.0,2.0
01KJN6MMQ03KZPZN0275VZXK6R,page-B,01KJN79B14FBSYSKKCG2BYVBB6,01KJN7A44GGBE9XR412KV5BFSC,A,B,0,0.0,5.0,2.0
01KJN6MMQ03KZPZN0275VZXK6R,page-B,01KJN79B14FBSYSKKCG2BYVBB6,01KJN7AAX1VHZ1A7ZB35BNRH8N,A,A,1,0.1,5.0,2.0
01KJN6MMQ03KZPZN0275VZXK6R,page-B,01KJN79B14FBSYSKKCG2BYVBB6,01KJN7AZC7FAG17CY924MRTCF7,A,A,1,0.5,5.0,2.0
01KJN6MMQ03KZPZN0275VZXK6R,page-B,01KJN79B14FBSYSKKCG2BYVBB6,01KJN7C40WEQBDF48ACG18M0EV,A,B,0,0.0,5.0,2.0
01KJN6MMQ03KZPZN0275VZXK6R,page-B,01KJN79J529BWBWTESKB6D9MB7,01KJN7A44GGBE9XR412KV5BFSC,C,B,0,0.0,5.0,2.0
01KJN6MMQ03KZPZN0275VZXK6R,page-B,01KJN79J529BWBWTESKB6D9MB7,01KJN7AAX1VHZ1A7ZB35BNRH8N,C,A,0,0.2,5.0,2.0
01KJN6MMQ03KZPZN0275VZXK6R,page-B,01KJN79J529BWBWTESKB6D9MB7,01KJN7AZC7FAG17CY924MRTCF7,C,A,0,0.0,5.0,2.0
01KJN6MMQ03KZPZN0275VZXK6R,page-B,01KJN79J529BWBWTESKB6D9MB7,01KJN7C40WEQBDF48ACG18M0EV,C,B,0,0.0,5.0,2.0
01KJN6MMQ03KZPZN0275VZXK6R,page-B,01KJN7A44GGBE9XR412KV5BFSC,01KJN7AAX1VHZ1A7ZB35BNRH8N,B,A,0,0.09090909090909091,5.0,2.0
01KJN6MMQ03KZPZN0275VZXK6R,page-B,01KJN7A44GGBE9XR412KV5BFSC,01KJN7AZC7FAG17CY924MRTCF7,B,A,0,0.0,5.0,2.0
01KJN6MMQ03KZPZN0275VZXK6R,page-B,01KJN7A44GGBE9XR412KV5BFSC,01KJN7C40WEQBDF48ACG18M0EV,B,B,1,0.0,5.0,2.0
01KJN6MMQ03KZPZN0275VZXK6R,page-B,01KJN7AAX1VHZ1A7ZB35BNRH8N,01KJN7AZC7FAG17CY924MRTCF7,A,A,1,0.1111111111111111,5.0,2.0
01KJN6MMQ03KZPZN0275VZXK6R,page-B,01KJN7AAX1VHZ1A7ZB35BNRH8N,01KJN7C40WEQBDF48ACG18M0EV,A,B,0,0.1,5.0,2.0
01KJN6MMQ03KZPZN0275VZXK6R,page-B,01KJN7AZC7FAG17CY924MRTCF7,01KJN7C40WEQBDF48ACG18M0EV,A,B,0,0.0,5.0,2.0
01KJN6MMQ03KZPZN0275VZXK6R,page9-46,01KJN7863BFF3ZYZGVVSATZTH7,01KJN792W85XPK9QGH8A6HSYSJ,C,B,0,0.0,1.0,2.0
01KJN6MMQ03KZPZN0275VZXK6R,page9-46,01KJN7863BFF3ZYZGVVSATZTH7,01KJN79B14FBSYSKKCG2BYVBB6,C,A,0,0.0,1.0,2.0
01KJN6MMQ03KZPZN0275VZXK6R,page9-46,01KJN7863BFF3ZYZGVVSATZTH7,01KJN79J529BWBWTESKB6D9MB7,C,C,1,0.0,1.0,2.0
01KJN6MMQ03KZPZN0275VZXK6R,page9-46,01KJN7863BFF3ZYZGVVSATZTH7,01KJN7AAX1VHZ1A7ZB35BNRH8N,C,A,0,0.0,1.0,2.0
01KJN6MMQ03KZPZN0275VZXK6R,page9-46,01KJN7863BFF3ZYZGVVSATZTH7,01KJN7C40WEQBDF48ACG18M0EV,C,B,0,0.0,1.0,2.0
01KJN6MMQ03KZPZN0275VZXK6R,page9-46,01KJN792W85XPK9QGH8A6HSYSJ,01KJN79B14FBSYSKKCG2BYVBB6,B,A,0,0.0,1.0,2.0
01KJN6MMQ03KZPZN0275VZXK6R,page9-46,01KJN792W85XPK9QGH8A6HSYSJ,01KJN79J529BWBWTESKB6D9MB7,B,C,0,0.0,1.0,2.0
01KJN6MMQ03KZPZN0275VZXK6R,page9-46,01KJN792W85XPK9QGH8A6HSYSJ,01KJN7AAX1VHZ1A7ZB35BNRH8N,B,A,0,0.14285714285714285,1.0,2.0
01KJN6MMQ03KZPZN0275VZXK6R,page9-46,01KJN792W85XPK9QGH8A6HSYSJ,01KJN7C40WEQBDF48ACG18M0EV,B,B,1,0.25,1.0,2.0
01KJN6MMQ03KZPZN0275VZXK6R,page9-46,01KJN79B14FBSYSKKCG2BYVBB6,01KJN79J529BWBWTESKB6D9MB7,A,C,0,0.0,1.0,2.0
01KJN6MMQ03KZPZN0275VZXK6R,page9-46,01KJN79B14FBSYSKKCG2BYVBB6,01KJN7AAX1VHZ1A7ZB35BNRH8N,A,A,1,0.07142857142857142,1.0,2.0
01KJN6MMQ03KZPZN0275VZXK6R,page9-46,01KJN79B14FBSYSKKCG2BYVBB6,01KJN7C40WEQBDF48ACG18M0EV,A,B,0,0.09090909090909091,1.0,2.0
01KJN6MMQ03KZPZN0275VZXK6R,page9-46,01KJN79J529BWBWTESKB6D9MB7,01KJN7AAX1VHZ1A7ZB35BNRH8N,C,A,0,0.0,1.0,2.0
01KJN6MMQ03KZPZN0275VZXK6R,page9-46,01KJN79J529BWBWTESKB6D9MB7,01KJN7C40WEQBDF48ACG18M0EV,C,B,0,0.0,1.0,2.0
01KJN6MMQ03KZPZN0275VZXK6R,page9-46,01KJN7AAX1VHZ1A7ZB35BNRH8N,01KJN7C40WEQBDF48ACG18M0EV,A,B,0,0.2857142857142857,1.0,2.0
01KJN6MMQ03KZPZN0275VZXK6R,page9-46,01KJN7863BFF3ZYZGVVSATZTH7,01KJN78DQ6KC0F9N1HA0BPB44R,C,C,1,0.3333333333333333,2.0,2.0
01KJN6MMQ03KZPZN0275VZXK6R,page9-46,01KJN7863BFF3ZYZGVVSATZTH7,01KJN792W85XPK9QGH8A6HSYSJ,C,B,0,0.0,2.0,2.0
01KJN6MMQ03KZPZN0275VZXK6R,page9-46,01KJN7863BFF3ZYZGVVSATZTH7,01KJN79B14FBSYSKKCG2BYVBB6,C,A,0,0.0,2.0,2.0
01KJN6MMQ03KZPZN0275VZXK6R,page9-46,01KJN7863BFF3ZYZGVVSATZTH7,01KJN79J529BWBWTESKB6D9MB7,C,C,1,0.0,2.0,2.0
01KJN6MMQ03KZPZN0275VZXK6R,page9-46,01KJN7863BFF3ZYZGVVSATZTH7,01KJN7A44GGBE9XR412KV5BFSC,C,B,0,0.0,2.0,2.0
01KJN6MMQ03KZPZN0275VZXK6R,page9-46,01KJN7863BFF3ZYZGVVSATZTH7,01KJN7AAX1VHZ1A7ZB35BNRH8N,C,A,0,0.0,2.0,2.0
01KJN6MMQ03KZPZN0275VZXK6R,page9-46,01KJN7863BFF3ZYZGVVSATZTH7,01KJN7AZC7FAG17CY924MRTCF7,C,A,0,0.0,2.0,2.0
01KJN6MMQ03KZPZN0275VZXK6R,page9-46,01KJN7863BFF3ZYZGVVSATZTH7,01KJN7C40WEQBDF48ACG18M0EV,C,B,0,0.0,2.0,2.0
01KJN6MMQ03KZPZN0275VZXK6R,page9-46,01KJN78DQ6KC0F9N1HA0BPB44R,01KJN792W85XPK9QGH8A6HSYSJ,C,B,0,0.0,2.0,2.0
01KJN6MMQ03KZPZN0275VZXK6R,page9-46,01KJN78DQ6KC0F9N1HA0BPB44R,01KJN79B14FBSYSKKCG2BYVBB6,C,A,0,0.0,2.0,2.0
01KJN6MMQ03KZPZN0275VZXK6R,page9-46,01KJN78DQ6KC0F9N1HA0BPB44R,01KJN79J529BWBWTESKB6D9MB7,C,C,1,0.0,2.0,2.0
01KJN6MMQ03KZPZN0275VZXK6R,page9-46,01KJN78DQ6KC0F9N1HA0BPB44R,01KJN7A44GGBE9XR412KV5BFSC,C,B,0,0.0,2.0,2.0
01KJN6MMQ03KZPZN0275VZXK6R,page9-46,01KJN78DQ6KC0F9N1HA0BPB44R,01KJN7AAX1VHZ1A7ZB35BNRH8N,C,A,0,0.0,2.0,2.0
01KJN6MMQ03KZPZN0275VZXK6R,page9-46,01KJN78DQ6KC0F9N1HA0BPB44R,01KJN7AZC7FAG17CY924MRTCF7,C,A,0,0.0,2.0,2.0
01KJN6MMQ03KZPZN0275VZXK6R,page9-46,01KJN78DQ6KC0F9N1HA0BPB44R,01KJN7C40WEQBDF48ACG18M0EV,C,B,0,0.0,2.0,2.0
01KJN6MMQ03KZPZN0275VZXK6R,page9-46,01KJN792W85XPK9QGH8A6HSYSJ,01KJN79B14FBSYSKKCG2BYVBB6,B,A,0,0.0,2.0,2.0
01KJN6MMQ03KZPZN0275VZXK6R,page9-46,01KJN792W85XPK9QGH8A6HSYSJ,01KJN79J529BWBWTESKB6D9MB7,B,C,0,0.0,2.0,2.0
01KJN6MMQ03KZPZN0275VZXK6R,page9-46,01KJN792W85XPK9QGH8A6HSYSJ,01KJN7A44GGBE9XR412KV5BFSC,B,B,1,0.25,2.0,2.0
01KJN6MMQ03KZPZN0275VZXK6R,page9-46,01KJN792W85XPK9QGH8A6HSYSJ,01KJN7AAX1VHZ1A7ZB35BNRH8N,B,A,0,0.14285714285714285,2.0,2.0
01KJN6MMQ03KZPZN0275VZXK6R,page9-46,01KJN792W85XPK9QGH8A6HSYSJ,01KJN7AZC7FAG17CY924MRTCF7,B,A,0,0.0,2.0,2.0
01KJN6MMQ03KZPZN0275VZXK6R,page9-46,01KJN792W85XPK9QGH8A6HSYSJ,01KJN7C40WEQBDF48ACG18M0EV,B,B,1,0.25,2.0,2.0
01KJN6MMQ03KZPZN0275VZXK6R,page9-46,01KJN79B14FBSYSKKCG2BYVBB6,01KJN79J529BWBWTESKB6D9MB7,A,C,0,0.0,2.0,2.0
01KJN6MMQ03KZPZN0275VZXK6R,page9-46,01KJN79B14FBSYSKKCG2BYVBB6,01KJN7A44GGBE9XR412KV5BFSC,A,B,0,0.0,2.0,2.0
01KJN6MMQ03KZPZN0275VZXK6R,page9-46,01KJN79B14FBSYSKKCG2BYVBB6,01KJN7AAX1VHZ1A7ZB35BNRH8N,A,A,1,0.07142857142857142,2.0,2.0
01KJN6MMQ03KZPZN0275VZXK6R,page9-46,01KJN79B14FBSYSKKCG2BYVBB6,01KJN7AZC7FAG17CY924MRTCF7,A,A,1,0.3,2.0,2.0
01KJN6MMQ03KZPZN0275VZXK6R,page9-46,01KJN79B14FBSYSKKCG2BYVBB6,01KJN7C40WEQBDF48ACG18M0EV,A,B,0,0.09090909090909091,2.0,2.0
01KJN6MMQ03KZPZN0275VZXK6R,page9-46,01KJN79J529BWBWTESKB6D9MB7,01KJN7A44GGBE9XR412KV5BFSC,C,B,0,0.0,2.0,2.0
01KJN6MMQ03KZPZN0275VZXK6R,page9-46,01KJN79J529BWBWTESKB6D9MB7,01KJN7AAX1VHZ1A7ZB35BNRH8N,C,A,0,0.0,2.0,2.0
01KJN6MMQ03KZPZN0275VZXK6R,page9-46,01KJN79J529BWBWTESKB6D9MB7,01KJN7AZC7FAG17CY924MRTCF7,C,A,0,0.0,2.0,2.0
01KJN6MMQ03KZPZN0275VZXK6R,page9-46,01KJN79J529BWBWTESKB6D9MB7,01KJN7C40WEQBDF48ACG18M0EV,C,B,0,0.0,2.0,2.0
01KJN6MMQ03KZPZN0275VZXK6R,page9-46,01KJN7A44GGBE9XR412KV5BFSC,01KJN7AAX1VHZ1A7ZB35BNRH8N,B,A,0,0.125,2.0,2.0
01KJN6MMQ03KZPZN0275VZXK6R,page9-46,01KJN7A44GGBE9XR412KV5BFSC,01KJN7AZC7FAG17CY924MRTCF7,B,A,0,0.0,2.0,2.0
01KJN6MMQ03KZPZN0275VZXK6R,page9-46,01KJN7A44GGBE9XR412KV5BFSC,01KJN7C40WEQBDF48ACG18M0EV,B,B,1,0.2,2.0,2.0
01KJN6MMQ03KZPZN0275VZXK6R,page9-46,01KJN7AAX1VHZ1A7ZB35BNRH8N,01KJN7AZC7FAG17CY924MRTCF7,A,A,1,0.1111111111111111,2.0,2.0
01KJN6MMQ03KZPZN0275VZXK6R,page9-46,01KJN7AAX1VHZ1A7ZB35BNRH8N,01KJN7C40WEQBDF48ACG18M0EV,A,B,0,0.2857142857142857,2.0,2.0
01KJN6MMQ03KZPZN0275VZXK6R,page9-46,01KJN7AZC7FAG17CY924MRTCF7,01KJN7C40WEQBDF48ACG18M0EV,A,B,0,0.16666666666666666,2.0,2.0
01KJN6MMQ03KZPZN0275VZXK6R,page9-46,01KJN7863BFF3ZYZGVVSATZTH7,01KJN78DQ6KC0F9N1HA0BPB44R,C,C,1,0.3333333333333333,3.0,2.0
01KJN6MMQ03KZPZN0275VZXK6R,page9-46,01KJN7863BFF3ZYZGVVSATZTH7,01KJN792W85XPK9QGH8A6HSYSJ,C,B,0,0.0,3.0,2.0
01KJN6MMQ03KZPZN0275VZXK6R,page9-46,01KJN7863BFF3ZYZGVVSATZTH7,01KJN79B14FBSYSKKCG2BYVBB6,C,A,0,0.0,3.0,2.0
01KJN6MMQ03KZPZN0275VZXK6R,page9-46,01KJN7863BFF3ZYZGVVSATZTH7,01KJN79J529BWBWTESKB6D9MB7,C,C,1,0.0,3.0,2.0
01KJN6MMQ03KZPZN0275VZXK6R,page9-46,01KJN7863BFF3ZYZGVVSATZTH7,01KJN7A44GGBE9XR412KV5BFSC,C,B,0,0.0,3.0,2.0
01KJN6MMQ03KZPZN0275VZXK6R,page9-46,01KJN7863BFF3ZYZGVVSATZTH7,01KJN7AAX1VHZ1A7ZB35BNRH8N,C,A,0,0.0,3.0,2.0
01KJN6MMQ03KZPZN0275VZXK6R,page9-46,01KJN7863BFF3ZYZGVVSATZTH7,01KJN7AZC7FAG17CY924MRTCF7,C,A,0,0.0,3.0,2.0
01KJN6MMQ03KZPZN0275VZXK6R,page9-46,01KJN7863BFF3ZYZGVVSATZTH7,01KJN7C40WEQBDF48ACG18M0EV,C,B,0,0.0,3.0,2.0
01KJN6MMQ03KZPZN0275VZXK6R,page9-46,01KJN78DQ6KC0F9N1HA0BPB44R,01KJN792W85XPK9QGH8A6HSYSJ,C,B,0,0.0,3.0,2.0
01KJN6MMQ03KZPZN0275VZXK6R,page9-46,01KJN78DQ6KC0F9N1HA0BPB44R,01KJN79B14FBSYSKKCG2BYVBB6,C,A,0,0.0,3.0,2.0
01KJN6MMQ03KZPZN0275VZXK6R,page9-46,01KJN78DQ6KC0F9N1HA0BPB44R,01KJN79J529BWBWTESKB6D9MB7,C,C,1,0.0,3.0,2.0
01KJN6MMQ03KZPZN0275VZXK6R,page9-46,01KJN78DQ6KC0F9N1HA0BPB44R,01KJN7A44GGBE9XR412KV5BFSC,C,B,0,0.0,3.0,2.0
01KJN6MMQ03KZPZN0275VZXK6R,page9-46,01KJN78DQ6KC0F9N1HA0BPB44R,01KJN7AAX1VHZ1A7ZB35BNRH8N,C,A,0,0.0,3.0,2.0
01KJN6MMQ03KZPZN0275VZXK6R,page9-46,01KJN78DQ6KC0F9N1HA0BPB44R,01KJN7AZC7FAG17CY924MRTCF7,C,A,0,0.0,3.0,2.0
01KJN6MMQ03KZPZN0275VZXK6R,page9-46,01KJN78DQ6KC0F9N1HA0BPB44R,01KJN7C40WEQBDF48ACG18M0EV,C,B,0,0.0,3.0,2.0
01KJN6MMQ03KZPZN0275VZXK6R,page9-46,01KJN792W85XPK9QGH8A6HSYSJ,01KJN79B14FBSYSKKCG2BYVBB6,B,A,0,0.1111111111111111,3.0,2.0
01KJN6MMQ03KZPZN0275VZXK6R,page9-46,01KJN792W85XPK9QGH8A6HSYSJ,01KJN79J529BWBWTESKB6D9MB7,B,C,0,0.0,3.0,2.0
01KJN6MMQ03KZPZN0275VZXK6R,page9-46,01KJN792W85XPK9QGH8A6HSYSJ,01KJN7A44GGBE9XR412KV5BFSC,B,B,1,0.25,3.0,2.0
01KJN6MMQ03KZPZN0275VZXK6R,page9-46,01KJN792W85XPK9QGH8A6HSYSJ,01KJN7AAX1VHZ1A7ZB35BNRH8N,B,A,0,0.14285714285714285,3.0,2.0
01KJN6MMQ03KZPZN0275VZXK6R,page9-46,01KJN792W85XPK9QGH8A6HSYSJ,01KJN7AZC7FAG17CY924MRTCF7,B,A,0,0.0,3.0,2.0
01KJN6MMQ03KZPZN0275VZXK6R,page9-46,01KJN792W85XPK9QGH8A6HSYSJ,01KJN7C40WEQBDF48ACG18M0EV,B,B,1,0.25,3.0,2.0
01KJN6MMQ03KZPZN0275VZXK6R,page9-46,01KJN79B14FBSYSKKCG2BYVBB6,01KJN79J529BWBWTESKB6D9MB7,A,C,0,0.1111111111111111,3.0,2.0
01KJN6MMQ03KZPZN0275VZXK6R,page9-46,01KJN79B14FBSYSKKCG2BYVBB6,01KJN7A44GGBE9XR412KV5BFSC,A,B,0,0.1,3.0,2.0
01KJN6MMQ03KZPZN0275VZXK6R,page9-46,01KJN79B14FBSYSKKCG2BYVBB6,01KJN7AAX1VHZ1A7ZB35BNRH8N,A,A,1,0.2727272727272727,3.0,2.0
01KJN6MMQ03KZPZN0275VZXK6R,page9-46,01KJN79B14FBSYSKKCG2BYVBB6,01KJN7AZC7FAG17CY924MRTCF7,A,A,1,0.3333333333333333,3.0,2.0
01KJN6MMQ03KZPZN0275VZXK6R,page9-46,01KJN79B14FBSYSKKCG2BYVBB6,01KJN7C40WEQBDF48ACG18M0EV,A,B,0,0.1,3.0,2.0
01KJN6MMQ03KZPZN0275VZXK6R,page9-46,01KJN79J529BWBWTESKB6D9MB7,01KJN7A44GGBE9XR412KV5BFSC,C,B,0,0.0,3.0,2.0
01KJN6MMQ03KZPZN0275VZXK6R,page9-46,01KJN79J529BWBWTESKB6D9MB7,01KJN7AAX1VHZ1A7ZB35BNRH8N,C,A,0,0.14285714285714285,3.0,2.0
01KJN6MMQ03KZPZN0275VZXK6R,page9-46,01KJN79J529BWBWTESKB6D9MB7,01KJN7AZC7FAG17CY924MRTCF7,C,A,0,0.0,3.0,2.0
01KJN6MMQ03KZPZN0275VZXK6R,page9-46,01KJN79J529BWBWTESKB6D9MB7,01KJN7C40WEQBDF48ACG18M0EV,C,B,0,0.0,3.0,2.0
01KJN6MMQ03KZPZN0275VZXK6R,page9-46,01KJN7A44GGBE9XR412KV5BFSC,01KJN7AAX1VHZ1A7ZB35BNRH8N,B,A,0,0.125,3.0,2.0
01KJN6MMQ03KZPZN0275VZXK6R,page9-46,01KJN7A44GGBE9XR412KV5BFSC,01KJN7AZC7FAG17CY924MRTCF7,B,A,0,0.0,3.0,2.0
01KJN6MMQ03KZPZN0275VZXK6R,page9-46,01KJN7A44GGBE9XR412KV5BFSC,01KJN7C40WEQBDF48ACG18M0EV,B,B,1,0.5,3.0,2.0
01KJN6MMQ03KZPZN0275VZXK6R,page9-46,01KJN7AAX1VHZ1A7ZB35BNRH8N,01KJN7AZC7FAG17CY924MRTCF7,A,A,1,0.1111111111111111,3.0,2.0
01KJN6MMQ03KZPZN0275VZXK6R,page9-46,01KJN7AAX1VHZ1A7ZB35BNRH8N,01KJN7C40WEQBDF48ACG18M0EV,A,B,0,0.2857142857142857,3.0,2.0
01KJN6MMQ03KZPZN0275VZXK6R,page9-46,01KJN7AZC7FAG17CY924MRTCF7,01KJN7C40WEQBDF48ACG18M0EV,A,B,0,0.0,3.0,2.0
01KJN6MMQ03KZPZN0275VZXK6R,page9-46,01KJN7863BFF3ZYZGVVSATZTH7,01KJN78DQ6KC0F9N1HA0BPB44R,C,C,1,1.0,4.0,2.0
01KJN6MMQ03KZPZN0275VZXK6R,page9-46,01KJN7863BFF3ZYZGVVSATZTH7,01KJN792W85XPK9QGH8A6HSYSJ,C,B,0,0.0,4.0,2.0
01KJN6MMQ03KZPZN0275VZXK6R,page9-46,01KJN7863BFF3ZYZGVVSATZTH7,01KJN79B14FBSYSKKCG2BYVBB6,C,A,0,0.0,4.0,2.0
01KJN6MMQ03KZPZN0275VZXK6R,page9-46,01KJN7863BFF3ZYZGVVSATZTH7,01KJN79J529BWBWTESKB6D9MB7,C,C,1,0.0,4.0,2.0
01KJN6MMQ03KZPZN0275VZXK6R,page9-46,01KJN7863BFF3ZYZGVVSATZTH7,01KJN7A44GGBE9XR412KV5BFSC,C,B,0,0.0,4.0,2.0
01KJN6MMQ03KZPZN0275VZXK6R,page9-46,01KJN7863BFF3ZYZGVVSATZTH7,01KJN7AAX1VHZ1A7ZB35BNRH8N,C,A,0,0.0,4.0,2.0
01KJN6MMQ03KZPZN0275VZXK6R,page9-46,01KJN7863BFF3ZYZGVVSATZTH7,01KJN7AZC7FAG17CY924MRTCF7,C,A,0,0.0,4.0,2.0
01KJN6MMQ03KZPZN0275VZXK6R,page9-46,01KJN7863BFF3ZYZGVVSATZTH7,01KJN7C40WEQBDF48ACG18M0EV,C,B,0,0.0,4.0,2.0
01KJN6MMQ03KZPZN0275VZXK6R,page9-46,01KJN78DQ6KC0F9N1HA0BPB44R,01KJN792W85XPK9QGH8A6HSYSJ,C,B,0,0.0,4.0,2.0
01KJN6MMQ03KZPZN0275VZXK6R,page9-46,01KJN78DQ6KC0F9N1HA0BPB44R,01KJN79B14FBSYSKKCG2BYVBB6,C,A,0,0.0,4.0,2.0
01KJN6MMQ03KZPZN0275VZXK6R,page9-46,01KJN78DQ6KC0F9N1HA0BPB44R,01KJN79J529BWBWTESKB6D9MB7,C,C,1,0.0,4.0,2.0
01KJN6MMQ03KZPZN0275VZXK6R,page9-46,01KJN78DQ6KC0F9N1HA0BPB44R,01KJN7A44GGBE9XR412KV5BFSC,C,B,0,0.0,4.0,2.0
01KJN6MMQ03KZPZN0275VZXK6R,page9-46,01KJN78DQ6KC0F9N1HA0BPB44R,01KJN7AAX1VHZ1A7ZB35BNRH8N,C,A,0,0.0,4.0,2.0
01KJN6MMQ03KZPZN0275VZXK6R,page9-46,01KJN78DQ6KC0F9N1HA0BPB44R,01KJN7AZC7FAG17CY924MRTCF7,C,A,0,0.0,4.0,2.0
01KJN6MMQ03KZPZN0275VZXK6R,page9-46,01KJN78DQ6KC0F9N1HA0BPB44R,01KJN7C40WEQBDF48ACG18M0EV,C,B,0,0.0,4.0,2.0
01KJN6MMQ03KZPZN0275VZXK6R,page9-46,01KJN792W85XPK9QGH8A6HSYSJ,01KJN79B14FBSYSKKCG2BYVBB6,B,A,0,0.2222222222222222,4.0,2.0
01KJN6MMQ03KZPZN0275VZXK6R,page9-46,01KJN792W85XPK9QGH8A6HSYSJ,01KJN79J529BWBWTESKB6D9MB7,B,C,0,0.0,4.0,2.0
01KJN6MMQ03KZPZN0275VZXK6R,page9-46,01KJN792W85XPK9QGH8A6HSYSJ,01KJN7A44GGBE9XR412KV5BFSC,B,B,1,0.2,4.0,2.0
01KJN6MMQ03KZPZN0275VZXK6R,page9-46,01KJN792W85XPK9QGH8A6HSYSJ,01KJN7AAX1VHZ1A7ZB35BNRH8N,B,A,0,0.14285714285714285,4.0,2.0
01KJN6MMQ03KZPZN0275VZXK6R,page9-46,01KJN792W85XPK9QGH8A6HSYSJ,01KJN7AZC7FAG17CY924MRTCF7,B,A,0,0.16666666666666666,4.0,2.0
01KJN6MMQ03KZPZN0275VZXK6R,page9-46,01KJN792W85XPK9QGH8A6HSYSJ,01KJN7C40WEQBDF48ACG18M0EV,B,B,1,0.2,4.0,2.0
01KJN6MMQ03KZPZN0275VZXK6R,page9-46,01KJN79B14FBSYSKKCG2BYVBB6,01KJN79J529BWBWTESKB6D9MB7,A,C,0,0.1111111111111111,4.0,2.0
01KJN6MMQ03KZPZN0275VZXK6R,page9-46,01KJN79B14FBSYSKKCG2BYVBB6,01KJN7A44GGBE9XR412KV5BFSC,A,B,0,0.1,4.0,2.0
01KJN6MMQ03KZPZN0275VZXK6R,page9-46,01KJN79B14FBSYSKKCG2BYVBB6,01KJN7AAX1VHZ1A7ZB35BNRH8N,A,A,1,0.4444444444444444,4.0,2.0
01KJN6MMQ03KZPZN0275VZXK6R,page9-46,01KJN79B14FBSYSKKCG2BYVBB6,01KJN7AZC7FAG17CY924MRTCF7,A,A,1,0.3333333333333333,4.0,2.0
01KJN6MMQ03KZPZN0275VZXK6R,page9-46,01KJN79B14FBSYSKKCG2BYVBB6,01KJN7C40WEQBDF48ACG18M0EV,A,B,0,0.1,4.0,2.0
01KJN6MMQ03KZPZN0275VZXK6R,page9-46,01KJN79J529BWBWTESKB6D9MB7,01KJN7A44GGBE9XR412KV5BFSC,C,B,0,0.0,4.0,2.0
01KJN6MMQ03KZPZN0275VZXK6R,page9-46,01KJN79J529BWBWTESKB6D9MB7,01KJN7AAX1VHZ1A7ZB35BNRH8N,C,A,0,0.16666666666666666,4.0,2.0
01KJN6MMQ03KZPZN0275VZXK6R,page9-46,01KJN79J529BWBWTESKB6D9MB7,01KJN7AZC7FAG17CY924MRTCF7,C,A,0,0.0,4.0,2.0
01KJN6MMQ03KZPZN0275VZXK6R,page9-46,01KJN79J529BWBWTESKB6D9MB7,01KJN7C40WEQBDF48ACG18M0EV,C,B,0,0.0,4.0,2.0
01KJN6MMQ03KZPZN0275VZXK6R,page9-46,01KJN7A44GGBE9XR412KV5BFSC,01KJN7AAX1VHZ1A7ZB35BNRH8N,B,A,0,0.14285714285714285,4.0,2.0
01KJN6MMQ03KZPZN0275VZXK6R,page9-46,01KJN7A44GGBE9XR412KV5BFSC,01KJN7AZC7FAG17CY924MRTCF7,B,A,0,0.0,4.0,2.0
01KJN6MMQ03KZPZN0275VZXK6R,page9-46,01KJN7A44GGBE9XR412KV5BFSC,01KJN7C40WEQBDF48ACG18M0EV,B,B,1,0.5,4.0,2.0
01KJN6MMQ03KZPZN0275VZXK6R,page9-46,01KJN7AAX1VHZ1A7ZB35BNRH8N,01KJN7AZC7FAG17CY924MRTCF7,A,A,1,0.2857142857142857,4.0,2.0
01KJN6MMQ03KZPZN0275VZXK6R,page9-46,01KJN7AAX1VHZ1A7ZB35BNRH8N,01KJN7C40WEQBDF48ACG18M0EV,A,B,0,0.14285714285714285,4.0,2.0
01KJN6MMQ03KZPZN0275VZXK6R,page9-46,01KJN7AZC7FAG17CY924MRTCF7,01KJN7C40WEQBDF48ACG18M0EV,A,B,0,0.0,4.0,2.0
01KJN6MMQ03KZPZN0275VZXK6R,page9-46,01KJN7863BFF3ZYZGVVSATZTH7,01KJN78DQ6KC0F9N1HA0BPB44R,C,C,1,1.0,5.0,2.0
01KJN6MMQ03KZPZN0275VZXK6R,page9-46,01KJN7863BFF3ZYZGVVSATZTH7,01KJN792W85XPK9QGH8A6HSYSJ,C,B,0,0.0,5.0,2.0
01KJN6MMQ03KZPZN0275VZXK6R,page9-46,01KJN7863BFF3ZYZGVVSATZTH7,01KJN79B14FBSYSKKCG2BYVBB6,C,A,0,0.0,5.0,2.0
01KJN6MMQ03KZPZN0275VZXK6R,page9-46,01KJN7863BFF3ZYZGVVSATZTH7,01KJN79J529BWBWTESKB6D9MB7,C,C,1,0.0,5.0,2.0
01KJN6MMQ03KZPZN0275VZXK6R,page9-46,01KJN7863BFF3ZYZGVVSATZTH7,01KJN7A44GGBE9XR412KV5BFSC,C,B,0,0.0,5.0,2.0
01KJN6MMQ03KZPZN0275VZXK6R,page9-46,01KJN7863BFF3ZYZGVVSATZTH7,01KJN7AAX1VHZ1A7ZB35BNRH8N,C,A,0,0.0,5.0,2.0
01KJN6MMQ03KZPZN0275VZXK6R,page9-46,01KJN7863BFF3ZYZGVVSATZTH7,01KJN7AZC7FAG17CY924MRTCF7,C,A,0,0.16666666666666666,5.0,2.0
01KJN6MMQ03KZPZN0275VZXK6R,page9-46,01KJN7863BFF3ZYZGVVSATZTH7,01KJN7C40WEQBDF48ACG18M0EV,C,B,0,0.0,5.0,2.0
01KJN6MMQ03KZPZN0275VZXK6R,page9-46,01KJN78DQ6KC0F9N1HA0BPB44R,01KJN792W85XPK9QGH8A6HSYSJ,C,B,0,0.0,5.0,2.0
01KJN6MMQ03KZPZN0275VZXK6R,page9-46,01KJN78DQ6KC0F9N1HA0BPB44R,01KJN79B14FBSYSKKCG2BYVBB6,C,A,0,0.0,5.0,2.0
01KJN6MMQ03KZPZN0275VZXK6R,page9-46,01KJN78DQ6KC0F9N1HA0BPB44R,01KJN79J529BWBWTESKB6D9MB7,C,C,1,0.0,5.0,2.0
01KJN6MMQ03KZPZN0275VZXK6R,page9-46,01KJN78DQ6KC0F9N1HA0BPB44R,01KJN7A44GGBE9XR412KV5BFSC,C,B,0,0.0,5.0,2.0
01KJN6MMQ03KZPZN0275VZXK6R,page9-46,01KJN78DQ6KC0F9N1HA0BPB44R,01KJN7AAX1VHZ1A7ZB35BNRH8N,C,A,0,0.0,5.0,2.0
01KJN6MMQ03KZPZN0275VZXK6R,page9-46,01KJN78DQ6KC0F9N1HA0BPB44R,01KJN7AZC7FAG17CY924MRTCF7,C,A,0,0.16666666666666666,5.0,2.0
01KJN6MMQ03KZPZN0275VZXK6R,page9-46,01KJN78DQ6KC0F9N1HA0BPB44R,01KJN7C40WEQBDF48ACG18M0EV,C,B,0,0.0,5.0,2.0
01KJN6MMQ03KZPZN0275VZXK6R,page9-46,01KJN792W85XPK9QGH8A6HSYSJ,01KJN79B14FBSYSKKCG2BYVBB6,B,A,0,0.2222222222222222,5.0,2.0
01KJN6MMQ03KZPZN0275VZXK6R,page9-46,01KJN792W85XPK9QGH8A6HSYSJ,01KJN79J529BWBWTESKB6D9MB7,B,C,0,0.0,5.0,2.0
01KJN6MMQ03KZPZN0275VZXK6R,page9-46,01KJN792W85XPK9QGH8A6HSYSJ,01KJN7A44GGBE9XR412KV5BFSC,B,B,1,0.4,5.0,2.0
01KJN6MMQ03KZPZN0275VZXK6R,page9-46,01KJN792W85XPK9QGH8A6HSYSJ,01KJN7AAX1VHZ1A7ZB35BNRH8N,B,A,0,0.14285714285714285,5.0,2.0
01KJN6MMQ03KZPZN0275VZXK6R,page9-46,01KJN792W85XPK9QGH8A6HSYSJ,01KJN7AZC7FAG17CY924MRTCF7,B,A,0,0.0,5.0,2.0
01KJN6MMQ03KZPZN0275VZXK6R,page9-46,01KJN792W85XPK9QGH8A6HSYSJ,01KJN7C40WEQBDF48ACG18M0EV,B,B,1,0.2,5.0,2.0
01KJN6MMQ03KZPZN0275VZXK6R,page9-46,01KJN79B14FBSYSKKCG2BYVBB6,01KJN79J529BWBWTESKB6D9MB7,A,C,0,0.1111111111111111,5.0,2.0
01KJN6MMQ03KZPZN0275VZXK6R,page9-46,01KJN79B14FBSYSKKCG2BYVBB6,01KJN7A44GGBE9XR412KV5BFSC,A,B,0,0.09090909090909091,5.0,2.0
01KJN6MMQ03KZPZN0275VZXK6R,page9-46,01KJN79B14FBSYSKKCG2BYVBB6,01KJN7AAX1VHZ1A7ZB35BNRH8N,A,A,1,0.4444444444444444,5.0,2.0
01KJN6MMQ03KZPZN0275VZXK6R,page9-46,01KJN79B14FBSYSKKCG2BYVBB6,01KJN7AZC7FAG17CY924MRTCF7,A,A,1,0.2,5.0,2.0
01KJN6MMQ03KZPZN0275VZXK6R,page9-46,01KJN79B14FBSYSKKCG2BYVBB6,01KJN7C40WEQBDF48ACG18M0EV,A,B,0,0.1,5.0,2.0
01KJN6MMQ03KZPZN0275VZXK6R,page9-46,01KJN79J529BWBWTESKB6D9MB7,01KJN7A44GGBE9XR412KV5BFSC,C,B,0,0.0,5.0,2.0
01KJN6MMQ03KZPZN0275VZXK6R,page9-46,01KJN79J529BWBWTESKB6D9MB7,01KJN7AAX1VHZ1A7ZB35BNRH8N,C,A,0,0.16666666666666666,5.0,2.0
01KJN6MMQ03KZPZN0275VZXK6R,page9-46,01KJN79J529BWBWTESKB6D9MB7,01KJN7AZC7FAG17CY924MRTCF7,C,A,0,0.2,5.0,2.0
01KJN6MMQ03KZPZN0275VZXK6R,page9-46,01KJN79J529BWBWTESKB6D9MB7,01KJN7C40WEQBDF48ACG18M0EV,C,B,0,0.0,5.0,2.0
01KJN6MMQ03KZPZN0275VZXK6R,page9-46,01KJN7A44GGBE9XR412KV5BFSC,01KJN7AAX1VHZ1A7ZB35BNRH8N,B,A,0,0.125,5.0,2.0
01KJN6MMQ03KZPZN0275VZXK6R,page9-46,01KJN7A44GGBE9XR412KV5BFSC,01KJN7AZC7FAG17CY924MRTCF7,B,A,0,0.0,5.0,2.0
01KJN6MMQ03KZPZN0275VZXK6R,page9-46,01KJN7A44GGBE9XR412KV5BFSC,01KJN7C40WEQBDF48ACG18M0EV,B,B,1,0.75,5.0,2.0
01KJN6MMQ03KZPZN0275VZXK6R,page9-46,01KJN7AAX1VHZ1A7ZB35BNRH8N,01KJN7AZC7FAG17CY924MRTCF7,A,A,1,0.2857142857142857,5.0,2.0
01KJN6MMQ03KZPZN0275VZXK6R,page9-46,01KJN7AAX1VHZ1A7ZB35BNRH8N,01KJN7C40WEQBDF48ACG18M0EV,A,B,0,0.14285714285714285,5.0,2.0
01KJN6MMQ03KZPZN0275VZXK6R,page9-46,01KJN7AZC7FAG17CY924MRTCF7,01KJN7C40WEQBDF48ACG18M0EV,A,B,0,0.0,5.0,2.0
01KJN6MMQ03KZPZN0275VZXK6R,page3-35,01KJN7863BFF3ZYZGVVSATZTH7,01KJN792W85XPK9QGH8A6HSYSJ,C,B,0,0.0,1.0,2.0
01KJN6MMQ03KZPZN0275VZXK6R,page3-35,01KJN7863BFF3ZYZGVVSATZTH7,01KJN79B14FBSYSKKCG2BYVBB6,C,A,0,0.0,1.0,2.0
01KJN6MMQ03KZPZN0275VZXK6R,page3-35,01KJN7863BFF3ZYZGVVSATZTH7,01KJN79J529BWBWTESKB6D9MB7,C,C,1,0.4,1.0,2.0
01KJN6MMQ03KZPZN0275VZXK6R,page3-35,01KJN7863BFF3ZYZGVVSATZTH7,01KJN7AAX1VHZ1A7ZB35BNRH8N,C,A,0,0.0,1.0,2.0
01KJN6MMQ03KZPZN0275VZXK6R,page3-35,01KJN7863BFF3ZYZGVVSATZTH7,01KJN7C40WEQBDF48ACG18M0EV,C,B,0,0.0,1.0,2.0
01KJN6MMQ03KZPZN0275VZXK6R,page3-35,01KJN792W85XPK9QGH8A6HSYSJ,01KJN79B14FBSYSKKCG2BYVBB6,B,A,0,0.0,1.0,2.0
01KJN6MMQ03KZPZN0275VZXK6R,page3-35,01KJN792W85XPK9QGH8A6HSYSJ,01KJN79J529BWBWTESKB6D9MB7,B,C,0,0.0,1.0,2.0
01KJN6MMQ03KZPZN0275VZXK6R,page3-35,01KJN792W85XPK9QGH8A6HSYSJ,01KJN7AAX1VHZ1A7ZB35BNRH8N,B,A,0,0.0,1.0,2.0
01KJN6MMQ03KZPZN0275VZXK6R,page3-35,01KJN792W85XPK9QGH8A6HSYSJ,01KJN7C40WEQBDF48ACG18M0EV,B,B,1,0.6666666666666666,1.0,2.0
01KJN6MMQ03KZPZN0275VZXK6R,page3-35,01KJN79B14FBSYSKKCG2BYVBB6,01KJN79J529BWBWTESKB6D9MB7,A,C,0,0.2222222222222222,1.0,2.0
01KJN6MMQ03KZPZN0275VZXK6R,page3-35,01KJN79B14FBSYSKKCG2BYVBB6,01KJN7AAX1VHZ1A7ZB35BNRH8N,A,A,1,0.5555555555555556,1.0,2.0
01KJN6MMQ03KZPZN0275VZXK6R,page3-35,01KJN79B14FBSYSKKCG2BYVBB6,01KJN7C40WEQBDF48ACG18M0EV,A,B,0,0.0,1.0,2.0
01KJN6MMQ03KZPZN0275VZXK6R,page3-35,01KJN79J529BWBWTESKB6D9MB7,01KJN7AAX1VHZ1A7ZB35BNRH8N,C,A,0,0.2222222222222222,1.0,2.0
01KJN6MMQ03KZPZN0275VZXK6R,page3-35,01KJN79J529BWBWTESKB6D9MB7,01KJN7C40WEQBDF48ACG18M0EV,C,B,0,0.0,1.0,2.0
01KJN6MMQ03KZPZN0275VZXK6R,page3-35,01KJN7AAX1VHZ1A7ZB35BNRH8N,01KJN7C40WEQBDF48ACG18M0EV,A,B,0,0.0,1.0,2.0
01KJN6MMQ03KZPZN0275VZXK6R,page3-35,01KJN7863BFF3ZYZGVVSATZTH7,01KJN78DQ6KC0F9N1HA0BPB44R,C,C,1,0.0,2.0,2.0
01KJN6MMQ03KZPZN0275VZXK6R,page3-35,01KJN7863BFF3ZYZGVVSATZTH7,01KJN792W85XPK9QGH8A6HSYSJ,C,B,0,0.0,2.0,2.0
01KJN6MMQ03KZPZN0275VZXK6R,page3-35,01KJN7863BFF3ZYZGVVSATZTH7,01KJN79B14FBSYSKKCG2BYVBB6,C,A,0,0.0,2.0,2.0
01KJN6MMQ03KZPZN0275VZXK6R,page3-35,01KJN7863BFF3ZYZGVVSATZTH7,01KJN79J529BWBWTESKB6D9MB7,C,C,1,0.4,2.0,2.0
01KJN6MMQ03KZPZN0275VZXK6R,page3-35,01KJN7863BFF3ZYZGVVSATZTH7,01KJN7A44GGBE9XR412KV5BFSC,C,B,0,0.0,2.0,2.0
01KJN6MMQ03KZPZN0275VZXK6R,page3-35,01KJN7863BFF3ZYZGVVSATZTH7,01KJN7AAX1VHZ1A7ZB35BNRH8N,C,A,0,0.0,2.0,2.0
01KJN6MMQ03KZPZN0275VZXK6R,page3-35,01KJN7863BFF3ZYZGVVSATZTH7,01KJN7AZC7FAG17CY924MRTCF7,C,A,0,0.0,2.0,2.0
01KJN6MMQ03KZPZN0275VZXK6R,page3-35,01KJN7863BFF3ZYZGVVSATZTH7,01KJN7C40WEQBDF48ACG18M0EV,C,B,0,0.0,2.0,2.0
01KJN6MMQ03KZPZN0275VZXK6R,page3-35,01KJN78DQ6KC0F9N1HA0BPB44R,01KJN792W85XPK9QGH8A6HSYSJ,C,B,0,0.0,2.0,2.0
01KJN6MMQ03KZPZN0275VZXK6R,page3-35,01KJN78DQ6KC0F9N1HA0BPB44R,01KJN79B14FBSYSKKCG2BYVBB6,C,A,0,0.0,2.0,2.0
01KJN6MMQ03KZPZN0275VZXK6R,page3-35,01KJN78DQ6KC0F9N1HA0BPB44R,01KJN79J529BWBWTESKB6D9MB7,C,C,1,0.0,2.0,2.0
01KJN6MMQ03KZPZN0275VZXK6R,page3-35,01KJN78DQ6KC0F9N1HA0BPB44R,01KJN7A44GGBE9XR412KV5BFSC,C,B,0,0.0,2.0,2.0
01KJN6MMQ03KZPZN0275VZXK6R,page3-35,01KJN78DQ6KC0F9N1HA0BPB44R,01KJN7AAX1VHZ1A7ZB35BNRH8N,C,A,0,0.0,2.0,2.0
01KJN6MMQ03KZPZN0275VZXK6R,page3-35,01KJN78DQ6KC0F9N1HA0BPB44R,01KJN7AZC7FAG17CY924MRTCF7,C,A,0,0.16666666666666666,2.0,2.0
01KJN6MMQ03KZPZN0275VZXK6R,page3-35,01KJN78DQ6KC0F9N1HA0BPB44R,01KJN7C40WEQBDF48ACG18M0EV,C,B,0,0.0,2.0,2.0
01KJN6MMQ03KZPZN0275VZXK6R,page3-35,01KJN792W85XPK9QGH8A6HSYSJ,01KJN79B14FBSYSKKCG2BYVBB6,B,A,0,0.0,2.0,2.0
01KJN6MMQ03KZPZN0275VZXK6R,page3-35,01KJN792W85XPK9QGH8A6HSYSJ,01KJN79J529BWBWTESKB6D9MB7,B,C,0,0.0,2.0,2.0
01KJN6MMQ03KZPZN0275VZXK6R,page3-35,01KJN792W85XPK9QGH8A6HSYSJ,01KJN7A44GGBE9XR412KV5BFSC,B,B,1,0.0,2.0,2.0
01KJN6MMQ03KZPZN0275VZXK6R,page3-35,01KJN792W85XPK9QGH8A6HSYSJ,01KJN7AAX1VHZ1A7ZB35BNRH8N,B,A,0,0.0,2.0,2.0
01KJN6MMQ03KZPZN0275VZXK6R,page3-35,01KJN792W85XPK9QGH8A6HSYSJ,01KJN7AZC7FAG17CY924MRTCF7,B,A,0,0.0,2.0,2.0
01KJN6MMQ03KZPZN0275VZXK6R,page3-35,01KJN792W85XPK9QGH8A6HSYSJ,01KJN7C40WEQBDF48ACG18M0EV,B,B,1,0.6666666666666666,2.0,2.0
01KJN6MMQ03KZPZN0275VZXK6R,page3-35,01KJN79B14FBSYSKKCG2BYVBB6,01KJN79J529BWBWTESKB6D9MB7,A,C,0,0.2222222222222222,2.0,2.0
01KJN6MMQ03KZPZN0275VZXK6R,page3-35,01KJN79B14FBSYSKKCG2BYVBB6,01KJN7A44GGBE9XR412KV5BFSC,A,B,0,0.0,2.0,2.0
01KJN6MMQ03KZPZN0275VZXK6R,page3-35,01KJN79B14FBSYSKKCG2BYVBB6,01KJN7AAX1VHZ1A7ZB35BNRH8N,A,A,1,0.5555555555555556,2.0,2.0
01KJN6MMQ03KZPZN0275VZXK6R,page3-35,01KJN79B14FBSYSKKCG2BYVBB6,01KJN7AZC7FAG17CY924MRTCF7,A,A,1,0.3333333333333333,2.0,2.0
01KJN6MMQ03KZPZN0275VZXK6R,page3-35,01KJN79B14FBSYSKKCG2BYVBB6,01KJN7C40WEQBDF48ACG18M0EV,A,B,0,0.0,2.0,2.0
01KJN6MMQ03KZPZN0275VZXK6R,page3-35,01KJN79J529BWBWTESKB6D9MB7,01KJN7A44GGBE9XR412KV5BFSC,C,B,0,0.0,2.0,2.0
01KJN6MMQ03KZPZN0275VZXK6R,page3-35,01KJN79J529BWBWTESKB6D9MB7,01KJN7AAX1VHZ1A7ZB35BNRH8N,C,A,0,0.2222222222222222,2.0,2.0
01KJN6MMQ03KZPZN0275VZXK6R,page3-35,01KJN79J529BWBWTESKB6D9MB7,01KJN7AZC7FAG17CY924MRTCF7,C,A,0,0.125,2.0,2.0
01KJN6MMQ03KZPZN0275VZXK6R,page3-35,01KJN79J529BWBWTESKB6D9MB7,01KJN7C40WEQBDF48ACG18M0EV,C,B,0,0.0,2.0,2.0
01KJN6MMQ03KZPZN0275VZXK6R,page3-35,01KJN7A44GGBE9XR412KV5BFSC,01KJN7AAX1VHZ1A7ZB35BNRH8N,B,A,0,0.0,2.0,2.0
01KJN6MMQ03KZPZN0275VZXK6R,page3-35,01KJN7A44GGBE9XR412KV5BFSC,01KJN7AZC7FAG17CY924MRTCF7,B,A,0,0.0,2.0,2.0
01KJN6MMQ03KZPZN0275VZXK6R,page3-35,01KJN7A44GGBE9XR412KV5BFSC,01KJN7C40WEQBDF48ACG18M0EV,B,B,1,0.0,2.0,2.0
01KJN6MMQ03KZPZN0275VZXK6R,page3-35,01KJN7AAX1VHZ1A7ZB35BNRH8N,01KJN7AZC7FAG17CY924MRTCF7,A,A,1,0.2,2.0,2.0
01KJN6MMQ03KZPZN0275VZXK6R,page3-35,01KJN7AAX1VHZ1A7ZB35BNRH8N,01KJN7C40WEQBDF48ACG18M0EV,A,B,0,0.0,2.0,2.0
01KJN6MMQ03KZPZN0275VZXK6R,page3-35,01KJN7AZC7FAG17CY924MRTCF7,01KJN7C40WEQBDF48ACG18M0EV,A,B,0,0.0,2.0,2.0
01KJN6MMQ03KZPZN0275VZXK6R,page3-35,01KJN7863BFF3ZYZGVVSATZTH7,01KJN78DQ6KC0F9N1HA0BPB44R,C,C,1,0.0,3.0,2.0
01KJN6MMQ03KZPZN0275VZXK6R,page3-35,01KJN7863BFF3ZYZGVVSATZTH7,01KJN792W85XPK9QGH8A6HSYSJ,C,B,0,0.0,3.0,2.0
01KJN6MMQ03KZPZN0275VZXK6R,page3-35,01KJN7863BFF3ZYZGVVSATZTH7,01KJN79B14FBSYSKKCG2BYVBB6,C,A,0,0.4,3.0,2.0
01KJN6MMQ03KZPZN0275VZXK6R,page3-35,01KJN7863BFF3ZYZGVVSATZTH7,01KJN79J529BWBWTESKB6D9MB7,C,C,1,0.75,3.0,2.0
01KJN6MMQ03KZPZN0275VZXK6R,page3-35,01KJN7863BFF3ZYZGVVSATZTH7,01KJN7A44GGBE9XR412KV5BFSC,C,B,0,0.0,3.0,2.0
01KJN6MMQ03KZPZN0275VZXK6R,page3-35,01KJN7863BFF3ZYZGVVSATZTH7,01KJN7AAX1VHZ1A7ZB35BNRH8N,C,A,0,0.0,3.0,2.0
01KJN6MMQ03KZPZN0275VZXK6R,page3-35,01KJN7863BFF3ZYZGVVSATZTH7,01KJN7AZC7FAG17CY924MRTCF7,C,A,0,0.0,3.0,2.0
01KJN6MMQ03KZPZN0275VZXK6R,page3-35,01KJN7863BFF3ZYZGVVSATZTH7,01KJN7C40WEQBDF48ACG18M0EV,C,B,0,0.0,3.0,2.0
01KJN6MMQ03KZPZN0275VZXK6R,page3-35,01KJN78DQ6KC0F9N1HA0BPB44R,01KJN792W85XPK9QGH8A6HSYSJ,C,B,0,0.0,3.0,2.0
01KJN6MMQ03KZPZN0275VZXK6R,page3-35,01KJN78DQ6KC0F9N1HA0BPB44R,01KJN79B14FBSYSKKCG2BYVBB6,C,A,0,0.0,3.0,2.0
01KJN6MMQ03KZPZN0275VZXK6R,page3-35,01KJN78DQ6KC0F9N1HA0BPB44R,01KJN79J529BWBWTESKB6D9MB7,C,C,1,0.0,3.0,2.0
01KJN6MMQ03KZPZN0275VZXK6R,page3-35,01KJN78DQ6KC0F9N1HA0BPB44R,01KJN7A44GGBE9XR412KV5BFSC,C,B,0,0.0,3.0,2.0
01KJN6MMQ03KZPZN0275VZXK6R,page3-35,01KJN78DQ6KC0F9N1HA0BPB44R,01KJN7AAX1VHZ1A7ZB35BNRH8N,C,A,0,0.0,3.0,2.0
01KJN6MMQ03KZPZN0275VZXK6R,page3-35,01KJN78DQ6KC0F9N1HA0BPB44R,01KJN7AZC7FAG17CY924MRTCF7,C,A,0,0.16666666666666666,3.0,2.0
01KJN6MMQ03KZPZN0275VZXK6R,page3-35,01KJN78DQ6KC0F9N1HA0BPB44R,01KJN7C40WEQBDF48ACG18M0EV,C,B,0,0.0,3.0,2.0
01KJN6MMQ03KZPZN0275VZXK6R,page3-35,01KJN792W85XPK9QGH8A6HSYSJ,01KJN79B14FBSYSKKCG2BYVBB6,B,A,0,0.0,3.0,2.0
01KJN6MMQ03KZPZN0275VZXK6R,page3-35,01KJN792W85XPK9QGH8A6HSYSJ,01KJN79J529BWBWTESKB6D9MB7,B,C,0,0.0,3.0,2.0
01KJN6MMQ03KZPZN0275VZXK6R,page3-35,01KJN792W85XPK9QGH8A6HSYSJ,01KJN7A44GGBE9XR412KV5BFSC,B,B,1,0.0,3.0,2.0
01KJN6MMQ03KZPZN0275VZXK6R,page3-35,01KJN792W85XPK9QGH8A6HSYSJ,01KJN7AAX1VHZ1A7ZB35BNRH8N,B,A,0,0.0,3.0,2.0
01KJN6MMQ03KZPZN0275VZXK6R,page3-35,01KJN792W85XPK9QGH8A6HSYSJ,01KJN7AZC7FAG17CY924MRTCF7,B,A,0,0.0,3.0,2.0
01KJN6MMQ03KZPZN0275VZXK6R,page3-35,01KJN792W85XPK9QGH8A6HSYSJ,01KJN7C40WEQBDF48ACG18M0EV,B,B,1,0.125,3.0,2.0
01KJN6MMQ03KZPZN0275VZXK6R,page3-35,01KJN79B14FBSYSKKCG2BYVBB6,01KJN79J529BWBWTESKB6D9MB7,A,C,0,0.3333333333333333,3.0,2.0
01KJN6MMQ03KZPZN0275VZXK6R,page3-35,01KJN79B14FBSYSKKCG2BYVBB6,01KJN7A44GGBE9XR412KV5BFSC,A,B,0,0.0,3.0,2.0
01KJN6MMQ03KZPZN0275VZXK6R,page3-35,01KJN79B14FBSYSKKCG2BYVBB6,01KJN7AAX1VHZ1A7ZB35BNRH8N,A,A,1,0.2222222222222222,3.0,2.0
01KJN6MMQ03KZPZN0275VZXK6R,page3-35,01KJN79B14FBSYSKKCG2BYVBB6,01KJN7AZC7FAG17CY924MRTCF7,A,A,1,0.125,3.0,2.0
01KJN6MMQ03KZPZN0275VZXK6R,page3-35,01KJN79B14FBSYSKKCG2BYVBB6,01KJN7C40WEQBDF48ACG18M0EV,A,B,0,0.0,3.0,2.0
01KJN6MMQ03KZPZN0275VZXK6R,page3-35,01KJN79J529BWBWTESKB6D9MB7,01KJN7A44GGBE9XR412KV5BFSC,C,B,0,0.0,3.0,2.0
01KJN6MMQ03KZPZN0275VZXK6R,page3-35,01KJN79J529BWBWTESKB6D9MB7,01KJN7AAX1VHZ1A7ZB35BNRH8N,C,A,0,0.0,3.0,2.0
01KJN6MMQ03KZPZN0275VZXK6R,page3-35,01KJN79J529BWBWTESKB6D9MB7,01KJN7AZC7FAG17CY924MRTCF7,C,A,0,0.0,3.0,2.0
01KJN6MMQ03KZPZN0275VZXK6R,page3-35,01KJN79J529BWBWTESKB6D9MB7,01KJN7C40WEQBDF48ACG18M0EV,C,B,0,0.0,3.0,2.0
01KJN6MMQ03KZPZN0275VZXK6R,page3-35,01KJN7A44GGBE9XR412KV5BFSC,01KJN7AAX1VHZ1A7ZB35BNRH8N,B,A,0,0.0,3.0,2.0
01KJN6MMQ03KZPZN0275VZXK6R,page3-35,01KJN7A44GGBE9XR412KV5BFSC,01KJN7AZC7FAG17CY924MRTCF7,B,A,0,0.0,3.0,2.0
01KJN6MMQ03KZPZN0275VZXK6R,page3-35,01KJN7A44GGBE9XR412KV5BFSC,01KJN7C40WEQBDF48ACG18M0EV,B,B,1,0.0,3.0,2.0
01KJN6MMQ03KZPZN0275VZXK6R,page3-35,01KJN7AAX1VHZ1A7ZB35BNRH8N,01KJN7AZC7FAG17CY924MRTCF7,A,A,1,0.2,3.0,2.0
01KJN6MMQ03KZPZN0275VZXK6R,page3-35,01KJN7AAX1VHZ1A7ZB35BNRH8N,01KJN7C40WEQBDF48ACG18M0EV,A,B,0,0.2727272727272727,3.0,2.0
01KJN6MMQ03KZPZN0275VZXK6R,page3-35,01KJN7AZC7FAG17CY924MRTCF7,01KJN7C40WEQBDF48ACG18M0EV,A,B,0,0.09090909090909091,3.0,2.0
01KJN6MMQ03KZPZN0275VZXK6R,page3-35,01KJN7863BFF3ZYZGVVSATZTH7,01KJN78DQ6KC0F9N1HA0BPB44R,C,C,1,0.0,4.0,2.0
01KJN6MMQ03KZPZN0275VZXK6R,page3-35,01KJN7863BFF3ZYZGVVSATZTH7,01KJN792W85XPK9QGH8A6HSYSJ,C,B,0,0.0,4.0,2.0
01KJN6MMQ03KZPZN0275VZXK6R,page3-35,01KJN7863BFF3ZYZGVVSATZTH7,01KJN79B14FBSYSKKCG2BYVBB6,C,A,0,0.4,4.0,2.0
01KJN6MMQ03KZPZN0275VZXK6R,page3-35,01KJN7863BFF3ZYZGVVSATZTH7,01KJN79J529BWBWTESKB6D9MB7,C,C,1,0.75,4.0,2.0
01KJN6MMQ03KZPZN0275VZXK6R,page3-35,01KJN7863BFF3ZYZGVVSATZTH7,01KJN7A44GGBE9XR412KV5BFSC,C,B,0,0.0,4.0,2.0
01KJN6MMQ03KZPZN0275VZXK6R,page3-35,01KJN7863BFF3ZYZGVVSATZTH7,01KJN7AAX1VHZ1A7ZB35BNRH8N,C,A,0,0.0,4.0,2.0
01KJN6MMQ03KZPZN0275VZXK6R,page3-35,01KJN7863BFF3ZYZGVVSATZTH7,01KJN7AZC7FAG17CY924MRTCF7,C,A,0,0.0,4.0,2.0
01KJN6MMQ03KZPZN0275VZXK6R,page3-35,01KJN7863BFF3ZYZGVVSATZTH7,01KJN7C40WEQBDF48ACG18M0EV,C,B,0,0.0,4.0,2.0
01KJN6MMQ03KZPZN0275VZXK6R,page3-35,01KJN78DQ6KC0F9N1HA0BPB44R,01KJN792W85XPK9QGH8A6HSYSJ,C,B,0,0.0,4.0,2.0
01KJN6MMQ03KZPZN0275VZXK6R,page3-35,01KJN78DQ6KC0F9N1HA0BPB44R,01KJN79B14FBSYSKKCG2BYVBB6,C,A,0,0.0,4.0,2.0
01KJN6MMQ03KZPZN0275VZXK6R,page3-35,01KJN78DQ6KC0F9N1HA0BPB44R,01KJN79J529BWBWTESKB6D9MB7,C,C,1,0.0,4.0,2.0
01KJN6MMQ03KZPZN0275VZXK6R,page3-35,01KJN78DQ6KC0F9N1HA0BPB44R,01KJN7A44GGBE9XR412KV5BFSC,C,B,0,0.0,4.0,2.0
01KJN6MMQ03KZPZN0275VZXK6R,page3-35,01KJN78DQ6KC0F9N1HA0BPB44R,01KJN7AAX1VHZ1A7ZB35BNRH8N,C,A,0,0.2,4.0,2.0
01KJN6MMQ03KZPZN0275VZXK6R,page3-35,01KJN78DQ6KC0F9N1HA0BPB44R,01KJN7AZC7FAG17CY924MRTCF7,C,A,0,0.16666666666666666,4.0,2.0
01KJN6MMQ03KZPZN0275VZXK6R,page3-35,01KJN78DQ6KC0F9N1HA0BPB44R,01KJN7C40WEQBDF48ACG18M0EV,C,B,0,0.0,4.0,2.0
01KJN6MMQ03KZPZN0275VZXK6R,page3-35,01KJN792W85XPK9QGH8A6HSYSJ,01KJN79B14FBSYSKKCG2BYVBB6,B,A,0,0.0,4.0,2.0
01KJN6MMQ03KZPZN0275VZXK6R,page3-35,01KJN792W85XPK9QGH8A6HSYSJ,01KJN79J529BWBWTESKB6D9MB7,B,C,0,0.0,4.0,2.0
01KJN6MMQ03KZPZN0275VZXK6R,page3-35,01KJN792W85XPK9QGH8A6HSYSJ,01KJN7A44GGBE9XR412KV5BFSC,B,B,1,0.0,4.0,2.0
01KJN6MMQ03KZPZN0275VZXK6R,page3-35,01KJN792W85XPK9QGH8A6HSYSJ,01KJN7AAX1VHZ1A7ZB35BNRH8N,B,A,0,0.0,4.0,2.0
01KJN6MMQ03KZPZN0275VZXK6R,page3-35,01KJN792W85XPK9QGH8A6HSYSJ,01KJN7AZC7FAG17CY924MRTCF7,B,A,0,0.0,4.0,2.0
01KJN6MMQ03KZPZN0275VZXK6R,page3-35,01KJN792W85XPK9QGH8A6HSYSJ,01KJN7C40WEQBDF48ACG18M0EV,B,B,1,0.2857142857142857,4.0,2.0
01KJN6MMQ03KZPZN0275VZXK6R,page3-35,01KJN79B14FBSYSKKCG2BYVBB6,01KJN79J529BWBWTESKB6D9MB7,A,C,0,0.3333333333333333,4.0,2.0
01KJN6MMQ03KZPZN0275VZXK6R,page3-35,01KJN79B14FBSYSKKCG2BYVBB6,01KJN7A44GGBE9XR412KV5BFSC,A,B,0,0.0,4.0,2.0
01KJN6MMQ03KZPZN0275VZXK6R,page3-35,01KJN79B14FBSYSKKCG2BYVBB6,01KJN7AAX1VHZ1A7ZB35BNRH8N,A,A,1,0.3333333333333333,4.0,2.0
01KJN6MMQ03KZPZN0275VZXK6R,page3-35,01KJN79B14FBSYSKKCG2BYVBB6,01KJN7AZC7FAG17CY924MRTCF7,A,A,1,0.125,4.0,2.0
01KJN6MMQ03KZPZN0275VZXK6R,page3-35,01KJN79B14FBSYSKKCG2BYVBB6,01KJN7C40WEQBDF48ACG18M0EV,A,B,0,0.0,4.0,2.0
01KJN6MMQ03KZPZN0275VZXK6R,page3-35,01KJN79J529BWBWTESKB6D9MB7,01KJN7A44GGBE9XR412KV5BFSC,C,B,0,0.0,4.0,2.0
01KJN6MMQ03KZPZN0275VZXK6R,page3-35,01KJN79J529BWBWTESKB6D9MB7,01KJN7AAX1VHZ1A7ZB35BNRH8N,C,A,0,0.0,4.0,2.0
01KJN6MMQ03KZPZN0275VZXK6R,page3-35,01KJN79J529BWBWTESKB6D9MB7,01KJN7AZC7FAG17CY924MRTCF7,C,A,0,0.0,4.0,2.0
01KJN6MMQ03KZPZN0275VZXK6R,page3-35,01KJN79J529BWBWTESKB6D9MB7,01KJN7C40WEQBDF48ACG18M0EV,C,B,0,0.0,4.0,2.0
01KJN6MMQ03KZPZN0275VZXK6R,page3-35,01KJN7A44GGBE9XR412KV5BFSC,01KJN7AAX1VHZ1A7ZB35BNRH8N,B,A,0,0.0,4.0,2.0
01KJN6MMQ03KZPZN0275VZXK6R,page3-35,01KJN7A44GGBE9XR412KV5BFSC,01KJN7AZC7FAG17CY924MRTCF7,B,A,0,0.0,4.0,2.0
01KJN6MMQ03KZPZN0275VZXK6R,page3-35,01KJN7A44GGBE9XR412KV5BFSC,01KJN7C40WEQBDF48ACG18M0EV,B,B,1,0.0,4.0,2.0
01KJN6MMQ03KZPZN0275VZXK6R,page3-35,01KJN7AAX1VHZ1A7ZB35BNRH8N,01KJN7AZC7FAG17CY924MRTCF7,A,A,1,0.2857142857142857,4.0,2.0
01KJN6MMQ03KZPZN0275VZXK6R,page3-35,01KJN7AAX1VHZ1A7ZB35BNRH8N,01KJN7C40WEQBDF48ACG18M0EV,A,B,0,0.0,4.0,2.0
01KJN6MMQ03KZPZN0275VZXK6R,page3-35,01KJN7AZC7FAG17CY924MRTCF7,01KJN7C40WEQBDF48ACG18M0EV,A,B,0,0.09090909090909091,4.0,2.0
01KJN6MMQ03KZPZN0275VZXK6R,page3-35,01KJN7863BFF3ZYZGVVSATZTH7,01KJN78DQ6KC0F9N1HA0BPB44R,C,C,1,0.0,5.0,2.0
01KJN6MMQ03KZPZN0275VZXK6R,page3-35,01KJN7863BFF3ZYZGVVSATZTH7,01KJN792W85XPK9QGH8A6HSYSJ,C,B,0,0.0,5.0,2.0
01KJN6MMQ03KZPZN0275VZXK6R,page3-35,01KJN7863BFF3ZYZGVVSATZTH7,01KJN79B14FBSYSKKCG2BYVBB6,C,A,0,0.4,5.0,2.0
01KJN6MMQ03KZPZN0275VZXK6R,page3-35,01KJN7863BFF3ZYZGVVSATZTH7,01KJN79J529BWBWTESKB6D9MB7,C,C,1,0.75,5.0,2.0
01KJN6MMQ03KZPZN0275VZXK6R,page3-35,01KJN7863BFF3ZYZGVVSATZTH7,01KJN7A44GGBE9XR412KV5BFSC,C,B,0,0.0,5.0,2.0
01KJN6MMQ03KZPZN0275VZXK6R,page3-35,01KJN7863BFF3ZYZGVVSATZTH7,01KJN7AAX1VHZ1A7ZB35BNRH8N,C,A,0,0.0,5.0,2.0
01KJN6MMQ03KZPZN0275VZXK6R,page3-35,01KJN7863BFF3ZYZGVVSATZTH7,01KJN7AZC7FAG17CY924MRTCF7,C,A,0,0.0,5.0,2.0
01KJN6MMQ03KZPZN0275VZXK6R,page3-35,01KJN7863BFF3ZYZGVVSATZTH7,01KJN7C40WEQBDF48ACG18M0EV,C,B,0,0.0,5.0,2.0
01KJN6MMQ03KZPZN0275VZXK6R,page3-35,01KJN78DQ6KC0F9N1HA0BPB44R,01KJN792W85XPK9QGH8A6HSYSJ,C,B,0,0.0,5.0,2.0
01KJN6MMQ03KZPZN0275VZXK6R,page3-35,01KJN78DQ6KC0F9N1HA0BPB44R,01KJN79B14FBSYSKKCG2BYVBB6,C,A,0,0.0,5.0,2.0
01KJN6MMQ03KZPZN0275VZXK6R,page3-35,01KJN78DQ6KC0F9N1HA0BPB44R,01KJN79J529BWBWTESKB6D9MB7,C,C,1,0.0,5.0,2.0
01KJN6MMQ03KZPZN0275VZXK6R,page3-35,01KJN78DQ6KC0F9N1HA0BPB44R,01KJN7A44GGBE9XR412KV5BFSC,C,B,0,0.0,5.0,2.0
01KJN6MMQ03KZPZN0275VZXK6R,page3-35,01KJN78DQ6KC0F9N1HA0BPB44R,01KJN7AAX1VHZ1A7ZB35BNRH8N,C,A,0,0.2,5.0,2.0
01KJN6MMQ03KZPZN0275VZXK6R,page3-35,01KJN78DQ6KC0F9N1HA0BPB44R,01KJN7AZC7FAG17CY924MRTCF7,C,A,0,0.25,5.0,2.0
01KJN6MMQ03KZPZN0275VZXK6R,page3-35,01KJN78DQ6KC0F9N1HA0BPB44R,01KJN7C40WEQBDF48ACG18M0EV,C,B,0,0.0,5.0,2.0
01KJN6MMQ03KZPZN0275VZXK6R,page3-35,01KJN792W85XPK9QGH8A6HSYSJ,01KJN79B14FBSYSKKCG2BYVBB6,B,A,0,0.0,5.0,2.0
01KJN6MMQ03KZPZN0275VZXK6R,page3-35,01KJN792W85XPK9QGH8A6HSYSJ,01KJN79J529BWBWTESKB6D9MB7,B,C,0,0.0,5.0,2.0
01KJN6MMQ03KZPZN0275VZXK6R,page3-35,01KJN792W85XPK9QGH8A6HSYSJ,01KJN7A44GGBE9XR412KV5BFSC,B,B,1,0.0,5.0,2.0
01KJN6MMQ03KZPZN0275VZXK6R,page3-35,01KJN792W85XPK9QGH8A6HSYSJ,01KJN7AAX1VHZ1A7ZB35BNRH8N,B,A,0,0.0,5.0,2.0
01KJN6MMQ03KZPZN0275VZXK6R,page3-35,01KJN792W85XPK9QGH8A6HSYSJ,01KJN7AZC7FAG17CY924MRTCF7,B,A,0,0.0,5.0,2.0
01KJN6MMQ03KZPZN0275VZXK6R,page3-35,01KJN792W85XPK9QGH8A6HSYSJ,01KJN7C40WEQBDF48ACG18M0EV,B,B,1,0.2857142857142857,5.0,2.0
01KJN6MMQ03KZPZN0275VZXK6R,page3-35,01KJN79B14FBSYSKKCG2BYVBB6,01KJN79J529BWBWTESKB6D9MB7,A,C,0,0.3333333333333333,5.0,2.0
01KJN6MMQ03KZPZN0275VZXK6R,page3-35,01KJN79B14FBSYSKKCG2BYVBB6,01KJN7A44GGBE9XR412KV5BFSC,A,B,0,0.2,5.0,2.0
01KJN6MMQ03KZPZN0275VZXK6R,page3-35,01KJN79B14FBSYSKKCG2BYVBB6,01KJN7AAX1VHZ1A7ZB35BNRH8N,A,A,1,0.3333333333333333,5.0,2.0
01KJN6MMQ03KZPZN0275VZXK6R,page3-35,01KJN79B14FBSYSKKCG2BYVBB6,01KJN7AZC7FAG17CY924MRTCF7,A,A,1,0.16666666666666666,5.0,2.0
01KJN6MMQ03KZPZN0275VZXK6R,page3-35,01KJN79B14FBSYSKKCG2BYVBB6,01KJN7C40WEQBDF48ACG18M0EV,A,B,0,0.0,5.0,2.0
01KJN6MMQ03KZPZN0275VZXK6R,page3-35,01KJN79J529BWBWTESKB6D9MB7,01KJN7A44GGBE9XR412KV5BFSC,C,B,0,0.0,5.0,2.0
01KJN6MMQ03KZPZN0275VZXK6R,page3-35,01KJN79J529BWBWTESKB6D9MB7,01KJN7AAX1VHZ1A7ZB35BNRH8N,C,A,0,0.0,5.0,2.0
01KJN6MMQ03KZPZN0275VZXK6R,page3-35,01KJN79J529BWBWTESKB6D9MB7,01KJN7AZC7FAG17CY924MRTCF7,C,A,0,0.0,5.0,2.0
01KJN6MMQ03KZPZN0275VZXK6R,page3-35,01KJN79J529BWBWTESKB6D9MB7,01KJN7C40WEQBDF48ACG18M0EV,C,B,0,0.0,5.0,2.0
01KJN6MMQ03KZPZN0275VZXK6R,page3-35,01KJN7A44GGBE9XR412KV5BFSC,01KJN7AAX1VHZ1A7ZB35BNRH8N,B,A,0,0.2,5.0,2.0
01KJN6MMQ03KZPZN0275VZXK6R,page3-35,01KJN7A44GGBE9XR412KV5BFSC,01KJN7AZC7FAG17CY924MRTCF7,B,A,0,0.25,5.0,2.0
01KJN6MMQ03KZPZN0275VZXK6R,page3-35,01KJN7A44GGBE9XR412KV5BFSC,01KJN7C40WEQBDF48ACG18M0EV,B,B,1,0.0,5.0,2.0
01KJN6MMQ03KZPZN0275VZXK6R,page3-35,01KJN7AAX1VHZ1A7ZB35BNRH8N,01KJN7AZC7FAG17CY924MRTCF7,A,A,1,0.75,5.0,2.0
01KJN6MMQ03KZPZN0275VZXK6R,page3-35,01KJN7AAX1VHZ1A7ZB35BNRH8N,01KJN7C40WEQBDF48ACG18M0EV,A,B,0,0.0,5.0,2.0
01KJN6MMQ03KZPZN0275VZXK6R,page3-35,01KJN7AZC7FAG17CY924MRTCF7,01KJN7C40WEQBDF48ACG18M0EV,A,B,0,0.0,5.0,2.0
01KJN6MMQ03KZPZN0275VZXK6R,page7-107,01KJN7863BFF3ZYZGVVSATZTH7,01KJN78DQ6KC0F9N1HA0BPB44R,C,C,1,0.3333333333333333,2.0,2.0
01KJN6MMQ03KZPZN0275VZXK6R,page7-107,01KJN7863BFF3ZYZGVVSATZTH7,01KJN79B14FBSYSKKCG2BYVBB6,C,A,0,0.0,2.0,2.0
01KJN6MMQ03KZPZN0275VZXK6R,page7-107,01KJN7863BFF3ZYZGVVSATZTH7,01KJN79J529BWBWTESKB6D9MB7,C,C,1,0.3333333333333333,2.0,2.0
01KJN6MMQ03KZPZN0275VZXK6R,page7-107,01KJN7863BFF3ZYZGVVSATZTH7,01KJN7A44GGBE9XR412KV5BFSC,C,B,0,0.0,2.0,2.0
01KJN6MMQ03KZPZN0275VZXK6R,page7-107,01KJN7863BFF3ZYZGVVSATZTH7,01KJN7AAX1VHZ1A7ZB35BNRH8N,C,A,0,0.0,2.0,2.0
01KJN6MMQ03KZPZN0275VZXK6R,page7-107,01KJN7863BFF3ZYZGVVSATZTH7,01KJN7AZC7FAG17CY924MRTCF7,C,A,0,0.0,2.0,2.0
01KJN6MMQ03KZPZN0275VZXK6R,page7-107,01KJN7863BFF3ZYZGVVSATZTH7,01KJN7C40WEQBDF48ACG18M0EV,C,B,0,0.0,2.0,2.0
01KJN6MMQ03KZPZN0275VZXK6R,page7-107,01KJN78DQ6KC0F9N1HA0BPB44R,01KJN79B14FBSYSKKCG2BYVBB6,C,A,0,0.125,2.0,2.0
01KJN6MMQ03KZPZN0275VZXK6R,page7-107,01KJN78DQ6KC0F9N1HA0BPB44R,01KJN79J529BWBWTESKB6D9MB7,C,C,1,0.42857142857142855,2.0,2.0
01KJN6MMQ03KZPZN0275VZXK6R,page7-107,01KJN78DQ6KC0F9N1HA0BPB44R,01KJN7A44GGBE9XR412KV5BFSC,C,B,0,0.0,2.0,2.0
01KJN6MMQ03KZPZN0275VZXK6R,page7-107,01KJN78DQ6KC0F9N1HA0BPB44R,01KJN7AAX1VHZ1A7ZB35BNRH8N,C,A,0,0.0,2.0,2.0
01KJN6MMQ03KZPZN0275VZXK6R,page7-107,01KJN78DQ6KC0F9N1HA0BPB44R,01KJN7AZC7FAG17CY924MRTCF7,C,A,0,0.0,2.0,2.0
01KJN6MMQ03KZPZN0275VZXK6R,page7-107,01KJN78DQ6KC0F9N1HA0BPB44R,01KJN7C40WEQBDF48ACG18M0EV,C,B,0,0.0,2.0,2.0
01KJN6MMQ03KZPZN0275VZXK6R,page7-107,01KJN79B14FBSYSKKCG2BYVBB6,01KJN79J529BWBWTESKB6D9MB7,A,C,0,0.2857142857142857,2.0,2.0
01KJN6MMQ03KZPZN0275VZXK6R,page7-107,01KJN79B14FBSYSKKCG2BYVBB6,01KJN7A44GGBE9XR412KV5BFSC,A,B,0,0.2,2.0,2.0
01KJN6MMQ03KZPZN0275VZXK6R,page7-107,01KJN79B14FBSYSKKCG2BYVBB6,01KJN7AAX1VHZ1A7ZB35BNRH8N,A,A,1,0.14285714285714285,2.0,2.0
01KJN6MMQ03KZPZN0275VZXK6R,page7-107,01KJN79B14FBSYSKKCG2BYVBB6,01KJN7AZC7FAG17CY924MRTCF7,A,A,1,0.75,2.0,2.0
01KJN6MMQ03KZPZN0275VZXK6R,page7-107,01KJN79B14FBSYSKKCG2BYVBB6,01KJN7C40WEQBDF48ACG18M0EV,A,B,0,0.4,2.0,2.0
01KJN6MMQ03KZPZN0275VZXK6R,page7-107,01KJN79J529BWBWTESKB6D9MB7,01KJN7A44GGBE9XR412KV5BFSC,C,B,0,0.0,2.0,2.0
01KJN6MMQ03KZPZN0275VZXK6R,page7-107,01KJN79J529BWBWTESKB6D9MB7,01KJN7AAX1VHZ1A7ZB35BNRH8N,C,A,0,0.0,2.0,2.0
01KJN6MMQ03KZPZN0275VZXK6R,page7-107,01KJN79J529BWBWTESKB6D9MB7,01KJN7AZC7FAG17CY924MRTCF7,C,A,0,0.14285714285714285,2.0,2.0
01KJN6MMQ03KZPZN0275VZXK6R,page7-107,01KJN79J529BWBWTESKB6D9MB7,01KJN7C40WEQBDF48ACG18M0EV,C,B,0,0.14285714285714285,2.0,2.0
01KJN6MMQ03KZPZN0275VZXK6R,page7-107,01KJN7A44GGBE9XR412KV5BFSC,01KJN7AAX1VHZ1A7ZB35BNRH8N,B,A,0,0.0,2.0,2.0
01KJN6MMQ03KZPZN0275VZXK6R,page7-107,01KJN7A44GGBE9XR412KV5BFSC,01KJN7AZC7FAG17CY924MRTCF7,B,A,0,0.25,2.0,2.0
01KJN6MMQ03KZPZN0275VZXK6R,page7-107,01KJN7A44GGBE9XR412KV5BFSC,01KJN7C40WEQBDF48ACG18M0EV,B,B,1,0.6666666666666666,2.0,2.0
01KJN6MMQ03KZPZN0275VZXK6R,page7-107,01KJN7AAX1VHZ1A7ZB35BNRH8N,01KJN7AZC7FAG17CY924MRTCF7,A,A,1,0.16666666666666666,2.0,2.0
01KJN6MMQ03KZPZN0275VZXK6R,page7-107,01KJN7AAX1VHZ1A7ZB35BNRH8N,01KJN7C40WEQBDF48ACG18M0EV,A,B,0,0.0,2.0,2.0
01KJN6MMQ03KZPZN0275VZXK6R,page7-107,01KJN7AZC7FAG17CY924MRTCF7,01KJN7C40WEQBDF48ACG18M0EV,A,B,0,0.5,2.0,2.0
01KJN6MMQ03KZPZN0275VZXK6R,page7-107,01KJN7863BFF3ZYZGVVSATZTH7,01KJN78DQ6KC0F9N1HA0BPB44R,C,C,1,0.3333333333333333,3.0,2.0
01KJN6MMQ03KZPZN0275VZXK6R,page7-107,01KJN7863BFF3ZYZGVVSATZTH7,01KJN79B14FBSYSKKCG2BYVBB6,C,A,0,0.0,3.0,2.0
01KJN6MMQ03KZPZN0275VZXK6R,page7-107,01KJN7863BFF3ZYZGVVSATZTH7,01KJN79J529BWBWTESKB6D9MB7,C,C,1,0.2857142857142857,3.0,2.0
01KJN6MMQ03KZPZN0275VZXK6R,page7-107,01KJN7863BFF3ZYZGVVSATZTH7,01KJN7A44GGBE9XR412KV5BFSC,C,B,0,0.0,3.0,2.0
01KJN6MMQ03KZPZN0275VZXK6R,page7-107,01KJN7863BFF3ZYZGVVSATZTH7,01KJN7AAX1VHZ1A7ZB35BNRH8N,C,A,0,0.0,3.0,2.0
01KJN6MMQ03KZPZN0275VZXK6R,page7-107,01KJN7863BFF3ZYZGVVSATZTH7,01KJN7AZC7FAG17CY924MRTCF7,C,A,0,0.0,3.0,2.0
01KJN6MMQ03KZPZN0275VZXK6R,page7-107,01KJN7863BFF3ZYZGVVSATZTH7,01KJN7C40WEQBDF48ACG18M0EV,C,B,0,0.0,3.0,2.0
01KJN6MMQ03KZPZN0275VZXK6R,page7-107,01KJN78DQ6KC0F9N1HA0BPB44R,01KJN79B14FBSYSKKCG2BYVBB6,C,A,0,0.0,3.0,2.0
01KJN6MMQ03KZPZN0275VZXK6R,page7-107,01KJN78DQ6KC0F9N1HA0BPB44R,01KJN79J529BWBWTESKB6D9MB7,C,C,1,0.5714285714285714,3.0,2.0
01KJN6MMQ03KZPZN0275VZXK6R,page7-107,01KJN78DQ6KC0F9N1HA0BPB44R,01KJN7A44GGBE9XR412KV5BFSC,C,B,0,0.0,3.0,2.0
01KJN6MMQ03KZPZN0275VZXK6R,page7-107,01KJN78DQ6KC0F9N1HA0BPB44R,01KJN7AAX1VHZ1A7ZB35BNRH8N,C,A,0,0.0,3.0,2.0
01KJN6MMQ03KZPZN0275VZXK6R,page7-107,01KJN78DQ6KC0F9N1HA0BPB44R,01KJN7AZC7FAG17CY924MRTCF7,C,A,0,0.0,3.0,2.0
01KJN6MMQ03KZPZN0275VZXK6R,page7-107,01KJN78DQ6KC0F9N1HA0BPB44R,01KJN7C40WEQBDF48ACG18M0EV,C,B,0,0.14285714285714285,3.0,2.0
01KJN6MMQ03KZPZN0275VZXK6R,page7-107,01KJN79B14FBSYSKKCG2BYVBB6,01KJN79J529BWBWTESKB6D9MB7,A,C,0,0.0,3.0,2.0
01KJN6MMQ03KZPZN0275VZXK6R,page7-107,01KJN79B14FBSYSKKCG2BYVBB6,01KJN7A44GGBE9XR412KV5BFSC,A,B,0,0.3333333333333333,3.0,2.0
01KJN6MMQ03KZPZN0275VZXK6R,page7-107,01KJN79B14FBSYSKKCG2BYVBB6,01KJN7AAX1VHZ1A7ZB35BNRH8N,A,A,1,0.2,3.0,2.0
01KJN6MMQ03KZPZN0275VZXK6R,page7-107,01KJN79B14FBSYSKKCG2BYVBB6,01KJN7AZC7FAG17CY924MRTCF7,A,A,1,0.6666666666666666,3.0,2.0
01KJN6MMQ03KZPZN0275VZXK6R,page7-107,01KJN79B14FBSYSKKCG2BYVBB6,01KJN7C40WEQBDF48ACG18M0EV,A,B,0,0.25,3.0,2.0
01KJN6MMQ03KZPZN0275VZXK6R,page7-107,01KJN79J529BWBWTESKB6D9MB7,01KJN7A44GGBE9XR412KV5BFSC,C,B,0,0.0,3.0,2.0
01KJN6MMQ03KZPZN0275VZXK6R,page7-107,01KJN79J529BWBWTESKB6D9MB7,01KJN7AAX1VHZ1A7ZB35BNRH8N,C,A,0,0.0,3.0,2.0
01KJN6MMQ03KZPZN0275VZXK6R,page7-107,01KJN79J529BWBWTESKB6D9MB7,01KJN7AZC7FAG17CY924MRTCF7,C,A,0,0.125,3.0,2.0
01KJN6MMQ03KZPZN0275VZXK6R,page7-107,01KJN79J529BWBWTESKB6D9MB7,01KJN7C40WEQBDF48ACG18M0EV,C,B,0,0.0,3.0,2.0
01KJN6MMQ03KZPZN0275VZXK6R,page7-107,01KJN7A44GGBE9XR412KV5BFSC,01KJN7AAX1VHZ1A7ZB35BNRH8N,B,A,0,0.0,3.0,2.0
01KJN6MMQ03KZPZN0275VZXK6R,page7-107,01KJN7A44GGBE9XR412KV5BFSC,01KJN7AZC7FAG17CY924MRTCF7,B,A,0,0.25,3.0,2.0
01KJN6MMQ03KZPZN0275VZXK6R,page7-107,01KJN7A44GGBE9XR412KV5BFSC,01KJN7C40WEQBDF48ACG18M0EV,B,B,1,0.6666666666666666,3.0,2.0
01KJN6MMQ03KZPZN0275VZXK6R,page7-107,01KJN7AAX1VHZ1A7ZB35BNRH8N,01KJN7AZC7FAG17CY924MRTCF7,A,A,1,0.16666666666666666,3.0,2.0
01KJN6MMQ03KZPZN0275VZXK6R,page7-107,01KJN7AAX1VHZ1A7ZB35BNRH8N,01KJN7C40WEQBDF48ACG18M0EV,A,B,0,0.0,3.0,2.0
01KJN6MMQ03KZPZN0275VZXK6R,page7-107,01KJN7AZC7FAG17CY924MRTCF7,01KJN7C40WEQBDF48ACG18M0EV,A,B,0,0.2,3.0,2.0
01KJN6MMQ03KZPZN0275VZXK6R,page7-107,01KJN7863BFF3ZYZGVVSATZTH7,01KJN78DQ6KC0F9N1HA0BPB44R,C,C,1,0.2857142857142857,4.0,2.0
01KJN6MMQ03KZPZN0275VZXK6R,page7-107,01KJN7863BFF3ZYZGVVSATZTH7,01KJN792W85XPK9QGH8A6HSYSJ,C,B,0,0.0,4.0,2.0
01KJN6MMQ03KZPZN0275VZXK6R,page7-107,01KJN7863BFF3ZYZGVVSATZTH7,01KJN79B14FBSYSKKCG2BYVBB6,C,A,0,0.0,4.0,2.0
01KJN6MMQ03KZPZN0275VZXK6R,page7-107,01KJN7863BFF3ZYZGVVSATZTH7,01KJN79J529BWBWTESKB6D9MB7,C,C,1,0.25,4.0,2.0
01KJN6MMQ03KZPZN0275VZXK6R,page7-107,01KJN7863BFF3ZYZGVVSATZTH7,01KJN7A44GGBE9XR412KV5BFSC,C,B,0,0.0,4.0,2.0
01KJN6MMQ03KZPZN0275VZXK6R,page7-107,01KJN7863BFF3ZYZGVVSATZTH7,01KJN7AAX1VHZ1A7ZB35BNRH8N,C,A,0,0.0,4.0,2.0
01KJN6MMQ03KZPZN0275VZXK6R,page7-107,01KJN7863BFF3ZYZGVVSATZTH7,01KJN7AZC7FAG17CY924MRTCF7,C,A,0,0.0,4.0,2.0
01KJN6MMQ03KZPZN0275VZXK6R,page7-107,01KJN7863BFF3ZYZGVVSATZTH7,01KJN7C40WEQBDF48ACG18M0EV,C,B,0,0.0,4.0,2.0
01KJN6MMQ03KZPZN0275VZXK6R,page7-107,01KJN78DQ6KC0F9N1HA0BPB44R,01KJN792W85XPK9QGH8A6HSYSJ,C,B,0,0.0,4.0,2.0
01KJN6MMQ03KZPZN0275VZXK6R,page7-107,01KJN78DQ6KC0F9N1HA0BPB44R,01KJN79B14FBSYSKKCG2BYVBB6,C,A,0,0.0,4.0,2.0
01KJN6MMQ03KZPZN0275VZXK6R,page7-107,01KJN78DQ6KC0F9N1HA0BPB44R,01KJN79J529BWBWTESKB6D9MB7,C,C,1,0.5714285714285714,4.0,2.0
01KJN6MMQ03KZPZN0275VZXK6R,page7-107,01KJN78DQ6KC0F9N1HA0BPB44R,01KJN7A44GGBE9XR412KV5BFSC,C,B,0,0.0,4.0,2.0
01KJN6MMQ03KZPZN0275VZXK6R,page7-107,01KJN78DQ6KC0F9N1HA0BPB44R,01KJN7AAX1VHZ1A7ZB35BNRH8N,C,A,0,0.0,4.0,2.0
01KJN6MMQ03KZPZN0275VZXK6R,page7-107,01KJN78DQ6KC0F9N1HA0BPB44R,01KJN7AZC7FAG17CY924MRTCF7,C,A,0,0.0,4.0,2.0
01KJN6MMQ03KZPZN0275VZXK6R,page7-107,01KJN78DQ6KC0F9N1HA0BPB44R,01KJN7C40WEQBDF48ACG18M0EV,C,B,0,0.14285714285714285,4.0,2.0
01KJN6MMQ03KZPZN0275VZXK6R,page7-107,01KJN792W85XPK9QGH8A6HSYSJ,01KJN79B14FBSYSKKCG2BYVBB6,B,A,0,0.3333333333333333,4.0,2.0
01KJN6MMQ03KZPZN0275VZXK6R,page7-107,01KJN792W85XPK9QGH8A6HSYSJ,01KJN79J529BWBWTESKB6D9MB7,B,C,0,0.0,4.0,2.0
01KJN6MMQ03KZPZN0275VZXK6R,page7-107,01KJN792W85XPK9QGH8A6HSYSJ,01KJN7A44GGBE9XR412KV5BFSC,B,B,1,1.0,4.0,2.0
01KJN6MMQ03KZPZN0275VZXK6R,page7-107,01KJN792W85XPK9QGH8A6HSYSJ,01KJN7AAX1VHZ1A7ZB35BNRH8N,B,A,0,0.2,4.0,2.0
01KJN6MMQ03KZPZN0275VZXK6R,page7-107,01KJN792W85XPK9QGH8A6HSYSJ,01KJN7AZC7FAG17CY924MRTCF7,B,A,0,0.25,4.0,2.0
01KJN6MMQ03KZPZN0275VZXK6R,page7-107,01KJN792W85XPK9QGH8A6HSYSJ,01KJN7C40WEQBDF48ACG18M0EV,B,B,1,0.6666666666666666,4.0,2.0
01KJN6MMQ03KZPZN0275VZXK6R,page7-107,01KJN79B14FBSYSKKCG2BYVBB6,01KJN79J529BWBWTESKB6D9MB7,A,C,0,0.0,4.0,2.0
01KJN6MMQ03KZPZN0275VZXK6R,page7-107,01KJN79B14FBSYSKKCG2BYVBB6,01KJN7A44GGBE9XR412KV5BFSC,A,B,0,0.3333333333333333,4.0,2.0
01KJN6MMQ03KZPZN0275VZXK6R,page7-107,01KJN79B14FBSYSKKCG2BYVBB6,01KJN7AAX1VHZ1A7ZB35BNRH8N,A,A,1,0.5,4.0,2.0
01KJN6MMQ03KZPZN0275VZXK6R,page7-107,01KJN79B14FBSYSKKCG2BYVBB6,01KJN7AZC7FAG17CY924MRTCF7,A,A,1,0.6666666666666666,4.0,2.0
01KJN6MMQ03KZPZN0275VZXK6R,page7-107,01KJN79B14FBSYSKKCG2BYVBB6,01KJN7C40WEQBDF48ACG18M0EV,A,B,0,0.25,4.0,2.0
01KJN6MMQ03KZPZN0275VZXK6R,page7-107,01KJN79J529BWBWTESKB6D9MB7,01KJN7A44GGBE9XR412KV5BFSC,C,B,0,0.0,4.0,2.0
01KJN6MMQ03KZPZN0275VZXK6R,page7-107,01KJN79J529BWBWTESKB6D9MB7,01KJN7AAX1VHZ1A7ZB35BNRH8N,C,A,0,0.0,4.0,2.0
01KJN6MMQ03KZPZN0275VZXK6R,page7-107,01KJN79J529BWBWTESKB6D9MB7,01KJN7AZC7FAG17CY924MRTCF7,C,A,0,0.125,4.0,2.0
01KJN6MMQ03KZPZN0275VZXK6R,page7-107,01KJN79J529BWBWTESKB6D9MB7,01KJN7C40WEQBDF48ACG18M0EV,C,B,0,0.0,4.0,2.0
01KJN6MMQ03KZPZN0275VZXK6R,page7-107,01KJN7A44GGBE9XR412KV5BFSC,01KJN7AAX1VHZ1A7ZB35BNRH8N,B,A,0,0.2,4.0,2.0
01KJN6MMQ03KZPZN0275VZXK6R,page7-107,01KJN7A44GGBE9XR412KV5BFSC,01KJN7AZC7FAG17CY924MRTCF7,B,A,0,0.25,4.0,2.0
01KJN6MMQ03KZPZN0275VZXK6R,page7-107,01KJN7A44GGBE9XR412KV5BFSC,01KJN7C40WEQBDF48ACG18M0EV,B,B,1,0.6666666666666666,4.0,2.0
01KJN6MMQ03KZPZN0275VZXK6R,page7-107,01KJN7AAX1VHZ1A7ZB35BNRH8N,01KJN7AZC7FAG17CY924MRTCF7,A,A,1,0.4,4.0,2.0
01KJN6MMQ03KZPZN0275VZXK6R,page7-107,01KJN7AAX1VHZ1A7ZB35BNRH8N,01KJN7C40WEQBDF48ACG18M0EV,A,B,0,0.16666666666666666,4.0,2.0
01KJN6MMQ03KZPZN0275VZXK6R,page7-107,01KJN7AZC7FAG17CY924MRTCF7,01KJN7C40WEQBDF48ACG18M0EV,A,B,0,0.2,4.0,2.0
01KJN6MMQ03KZPZN0275VZXK6R,page7-107,01KJN7863BFF3ZYZGVVSATZTH7,01KJN78DQ6KC0F9N1HA0BPB44R,C,C,1,0.2857142857142857,5.0,2.0
01KJN6MMQ03KZPZN0275VZXK6R,page7-107,01KJN7863BFF3ZYZGVVSATZTH7,01KJN792W85XPK9QGH8A6HSYSJ,C,B,0,0.0,5.0,2.0
01KJN6MMQ03KZPZN0275VZXK6R,page7-107,01KJN7863BFF3ZYZGVVSATZTH7,01KJN79B14FBSYSKKCG2BYVBB6,C,A,0,0.0,5.0,2.0
01KJN6MMQ03KZPZN0275VZXK6R,page7-107,01KJN7863BFF3ZYZGVVSATZTH7,01KJN79J529BWBWTESKB6D9MB7,C,C,1,0.25,5.0,2.0
01KJN6MMQ03KZPZN0275VZXK6R,page7-107,01KJN7863BFF3ZYZGVVSATZTH7,01KJN7A44GGBE9XR412KV5BFSC,C,B,0,0.0,5.0,2.0
01KJN6MMQ03KZPZN0275VZXK6R,page7-107,01KJN7863BFF3ZYZGVVSATZTH7,01KJN7AAX1VHZ1A7ZB35BNRH8N,C,A,0,0.0,5.0,2.0
01KJN6MMQ03KZPZN0275VZXK6R,page7-107,01KJN7863BFF3ZYZGVVSATZTH7,01KJN7AZC7FAG17CY924MRTCF7,C,A,0,0.0,5.0,2.0
01KJN6MMQ03KZPZN0275VZXK6R,page7-107,01KJN7863BFF3ZYZGVVSATZTH7,01KJN7C40WEQBDF48ACG18M0EV,C,B,0,0.0,5.0,2.0
01KJN6MMQ03KZPZN0275VZXK6R,page7-107,01KJN78DQ6KC0F9N1HA0BPB44R,01KJN792W85XPK9QGH8A6HSYSJ,C,B,0,0.0,5.0,2.0
01KJN6MMQ03KZPZN0275VZXK6R,page7-107,01KJN78DQ6KC0F9N1HA0BPB44R,01KJN79B14FBSYSKKCG2BYVBB6,C,A,0,0.0,5.0,2.0
01KJN6MMQ03KZPZN0275VZXK6R,page7-107,01KJN78DQ6KC0F9N1HA0BPB44R,01KJN79J529BWBWTESKB6D9MB7,C,C,1,0.5714285714285714,5.0,2.0
01KJN6MMQ03KZPZN0275VZXK6R,page7-107,01KJN78DQ6KC0F9N1HA0BPB44R,01KJN7A44GGBE9XR412KV5BFSC,C,B,0,0.0,5.0,2.0
01KJN6MMQ03KZPZN0275VZXK6R,page7-107,01KJN78DQ6KC0F9N1HA0BPB44R,01KJN7AAX1VHZ1A7ZB35BNRH8N,C,A,0,0.0,5.0,2.0
01KJN6MMQ03KZPZN0275VZXK6R,page7-107,01KJN78DQ6KC0F9N1HA0BPB44R,01KJN7AZC7FAG17CY924MRTCF7,C,A,0,0.0,5.0,2.0
01KJN6MMQ03KZPZN0275VZXK6R,page7-107,01KJN78DQ6KC0F9N1HA0BPB44R,01KJN7C40WEQBDF48ACG18M0EV,C,B,0,0.14285714285714285,5.0,2.0
01KJN6MMQ03KZPZN0275VZXK6R,page7-107,01KJN792W85XPK9QGH8A6HSYSJ,01KJN79B14FBSYSKKCG2BYVBB6,B,A,0,0.3333333333333333,5.0,2.0
01KJN6MMQ03KZPZN0275VZXK6R,page7-107,01KJN792W85XPK9QGH8A6HSYSJ,01KJN79J529BWBWTESKB6D9MB7,B,C,0,0.0,5.0,2.0
01KJN6MMQ03KZPZN0275VZXK6R,page7-107,01KJN792W85XPK9QGH8A6HSYSJ,01KJN7A44GGBE9XR412KV5BFSC,B,B,1,1.0,5.0,2.0
01KJN6MMQ03KZPZN0275VZXK6R,page7-107,01KJN792W85XPK9QGH8A6HSYSJ,01KJN7AAX1VHZ1A7ZB35BNRH8N,B,A,0,0.2,5.0,2.0
01KJN6MMQ03KZPZN0275VZXK6R,page7-107,01KJN792W85XPK9QGH8A6HSYSJ,01KJN7AZC7FAG17CY924MRTCF7,B,A,0,0.3333333333333333,5.0,2.0
01KJN6MMQ03KZPZN0275VZXK6R,page7-107,01KJN792W85XPK9QGH8A6HSYSJ,01KJN7C40WEQBDF48ACG18M0EV,B,B,1,0.6666666666666666,5.0,2.0
01KJN6MMQ03KZPZN0275VZXK6R,page7-107,01KJN79B14FBSYSKKCG2BYVBB6,01KJN79J529BWBWTESKB6D9MB7,A,C,0,0.0,5.0,2.0
01KJN6MMQ03KZPZN0275VZXK6R,page7-107,01KJN79B14FBSYSKKCG2BYVBB6,01KJN7A44GGBE9XR412KV5BFSC,A,B,0,0.3333333333333333,5.0,2.0
01KJN6MMQ03KZPZN0275VZXK6R,page7-107,01KJN79B14FBSYSKKCG2BYVBB6,01KJN7AAX1VHZ1A7ZB35BNRH8N,A,A,1,0.5,5.0,2.0
01KJN6MMQ03KZPZN0275VZXK6R,page7-107,01KJN79B14FBSYSKKCG2BYVBB6,01KJN7AZC7FAG17CY924MRTCF7,A,A,1,1.0,5.0,2.0
01KJN6MMQ03KZPZN0275VZXK6R,page7-107,01KJN79B14FBSYSKKCG2BYVBB6,01KJN7C40WEQBDF48ACG18M0EV,A,B,0,0.25,5.0,2.0
01KJN6MMQ03KZPZN0275VZXK6R,page7-107,01KJN79J529BWBWTESKB6D9MB7,01KJN7A44GGBE9XR412KV5BFSC,C,B,0,0.0,5.0,2.0
01KJN6MMQ03KZPZN0275VZXK6R,page7-107,01KJN79J529BWBWTESKB6D9MB7,01KJN7AAX1VHZ1A7ZB35BNRH8N,C,A,0,0.0,5.0,2.0
01KJN6MMQ03KZPZN0275VZXK6R,page7-107,01KJN79J529BWBWTESKB6D9MB7,01KJN7AZC7FAG17CY924MRTCF7,C,A,0,0.0,5.0,2.0
01KJN6MMQ03KZPZN0275VZXK6R,page7-107,01KJN79J529BWBWTESKB6D9MB7,01KJN7C40WEQBDF48ACG18M0EV,C,B,0,0.0,5.0,2.0
01KJN6MMQ03KZPZN0275VZXK6R,page7-107,01KJN7A44GGBE9XR412KV5BFSC,01KJN7AAX1VHZ1A7ZB35BNRH8N,B,A,0,0.2,5.0,2.0
01KJN6MMQ03KZPZN0275VZXK6R,page7-107,01KJN7A44GGBE9XR412KV5BFSC,01KJN7AZC7FAG17CY924MRTCF7,B,A,0,0.3333333333333333,5.0,2.0
01KJN6MMQ03KZPZN0275VZXK6R,page7-107,01KJN7A44GGBE9XR412KV5BFSC,01KJN7C40WEQBDF48ACG18M0EV,B,B,1,0.6666666666666666,5.0,2.0
01KJN6MMQ03KZPZN0275VZXK6R,page7-107,01KJN7AAX1VHZ1A7ZB35BNRH8N,01KJN7AZC7FAG17CY924MRTCF7,A,A,1,0.5,5.0,2.0
01KJN6MMQ03KZPZN0275VZXK6R,page7-107,01KJN7AAX1VHZ1A7ZB35BNRH8N,01KJN7C40WEQBDF48ACG18M0EV,A,B,0,0.16666666666666666,5.0,2.0
01KJN6MMQ03KZPZN0275VZXK6R,page7-107,01KJN7AZC7FAG17CY924MRTCF7,01KJN7C40WEQBDF48ACG18M0EV,A,B,0,0.25,5.0,2.0
01KJP22PXRH9VYFY7Z1HZVNSMN,page5-28,01KJP2Q4FMMNPG4DTS771Y4V70,01KJP2RH1QNE571FNJRJ0ZHM7W,A,B,0,0.16666666666666666,1.0,1.0
01KJP22PXRH9VYFY7Z1HZVNSMN,page5-28,01KJP2Q4FMMNPG4DTS771Y4V70,01KJP2RVD8SK7AN1X5EMGRM458,A,B,0,0.0,1.0,1.0
01KJP22PXRH9VYFY7Z1HZVNSMN,page5-28,01KJP2Q4FMMNPG4DTS771Y4V70,01KJP2SDQCR0935BS4E06A6D2G,A,C,0,0.0,1.0,1.0
01KJP22PXRH9VYFY7Z1HZVNSMN,page5-28,01KJP2Q4FMMNPG4DTS771Y4V70,01KJP2SGRYQPGESDGRKTMMAJX4,A,A,1,0.0,1.0,1.0
01KJP22PXRH9VYFY7Z1HZVNSMN,page5-28,01KJP2Q4FMMNPG4DTS771Y4V70,01KJP2SNNP4ZB6K1QMGZX5CC0T,A,C,0,0.058823529411764705,1.0,1.0
01KJP22PXRH9VYFY7Z1HZVNSMN,page5-28,01KJP2RH1QNE571FNJRJ0ZHM7W,01KJP2RVD8SK7AN1X5EMGRM458,B,B,1,0.08333333333333333,1.0,1.0
01KJP22PXRH9VYFY7Z1HZVNSMN,page5-28,01KJP2RH1QNE571FNJRJ0ZHM7W,01KJP2SDQCR0935BS4E06A6D2G,B,C,0,0.0,1.0,1.0
01KJP22PXRH9VYFY7Z1HZVNSMN,page5-28,01KJP2RH1QNE571FNJRJ0ZHM7W,01KJP2SGRYQPGESDGRKTMMAJX4,B,A,0,0.0,1.0,1.0
01KJP22PXRH9VYFY7Z1HZVNSMN,page5-28,01KJP2RH1QNE571FNJRJ0ZHM7W,01KJP2SNNP4ZB6K1QMGZX5CC0T,B,C,0,0.06666666666666667,1.0,1.0
01KJP22PXRH9VYFY7Z1HZVNSMN,page5-28,01KJP2RVD8SK7AN1X5EMGRM458,01KJP2SDQCR0935BS4E06A6D2G,B,C,0,0.1,1.0,1.0
01KJP22PXRH9VYFY7Z1HZVNSMN,page5-28,01KJP2RVD8SK7AN1X5EMGRM458,01KJP2SGRYQPGESDGRKTMMAJX4,B,A,0,0.07142857142857142,1.0,1.0
01KJP22PXRH9VYFY7Z1HZVNSMN,page5-28,01KJP2RVD8SK7AN1X5EMGRM458,01KJP2SNNP4ZB6K1QMGZX5CC0T,B,C,0,0.13333333333333333,1.0,1.0
01KJP22PXRH9VYFY7Z1HZVNSMN,page5-28,01KJP2SDQCR0935BS4E06A6D2G,01KJP2SGRYQPGESDGRKTMMAJX4,C,A,0,0.0,1.0,1.0
01KJP22PXRH9VYFY7Z1HZVNSMN,page5-28,01KJP2SDQCR0935BS4E06A6D2G,01KJP2SNNP4ZB6K1QMGZX5CC0T,C,C,1,0.4,1.0,1.0
01KJP22PXRH9VYFY7Z1HZVNSMN,page5-28,01KJP2SGRYQPGESDGRKTMMAJX4,01KJP2SNNP4ZB6K1QMGZX5CC0T,A,C,0,0.058823529411764705,1.0,1.0
01KJP22PXRH9VYFY7Z1HZVNSMN,page5-28,01KJP2Q4FMMNPG4DTS771Y4V70,01KJP2Q9Z7MR3VPYE4MH3SC9C8,A,C,0,0.0,2.0,1.0
01KJP22PXRH9VYFY7Z1HZVNSMN,page5-28,01KJP2Q4FMMNPG4DTS771Y4V70,01KJP2RBVR6E36EKC8HYRAV5GF,A,A,1,0.13333333333333333,2.0,1.0
01KJP22PXRH9VYFY7Z1HZVNSMN,page5-28,01KJP2Q4FMMNPG4DTS771Y4V70,01KJP2RH1QNE571FNJRJ0ZHM7W,A,B,0,0.0,2.0,1.0
01KJP22PXRH9VYFY7Z1HZVNSMN,page5-28,01KJP2Q4FMMNPG4DTS771Y4V70,01KJP2RVD8SK7AN1X5EMGRM458,A,B,0,0.0,2.0,1.0
01KJP22PXRH9VYFY7Z1HZVNSMN,page5-28,01KJP2Q4FMMNPG4DTS771Y4V70,01KJP2SDQCR0935BS4E06A6D2G,A,C,0,0.0,2.0,1.0
01KJP22PXRH9VYFY7Z1HZVNSMN,page5-28,01KJP2Q4FMMNPG4DTS771Y4V70,01KJP2SGRYQPGESDGRKTMMAJX4,A,A,1,0.0,2.0,1.0
01KJP22PXRH9VYFY7Z1HZVNSMN,page5-28,01KJP2Q4FMMNPG4DTS771Y4V70,01KJP2SNNP4ZB6K1QMGZX5CC0T,A,C,0,0.058823529411764705,2.0,1.0
01KJP22PXRH9VYFY7Z1HZVNSMN,page5-28,01KJP2Q9Z7MR3VPYE4MH3SC9C8,01KJP2RBVR6E36EKC8HYRAV5GF,C,A,0,0.0,2.0,1.0
01KJP22PXRH9VYFY7Z1HZVNSMN,page5-28,01KJP2Q9Z7MR3VPYE4MH3SC9C8,01KJP2RH1QNE571FNJRJ0ZHM7W,C,B,0,0.0,2.0,1.0
01KJP22PXRH9VYFY7Z1HZVNSMN,page5-28,01KJP2Q9Z7MR3VPYE4MH3SC9C8,01KJP2RVD8SK7AN1X5EMGRM458,C,B,0,0.125,2.0,1.0
01KJP22PXRH9VYFY7Z1HZVNSMN,page5-28,01KJP2Q9Z7MR3VPYE4MH3SC9C8,01KJP2SDQCR0935BS4E06A6D2G,C,C,1,0.2,2.0,1.0
01KJP22PXRH9VYFY7Z1HZVNSMN,page5-28,01KJP2Q9Z7MR3VPYE4MH3SC9C8,01KJP2SGRYQPGESDGRKTMMAJX4,C,A,0,0.0,2.0,1.0
01KJP22PXRH9VYFY7Z1HZVNSMN,page5-28,01KJP2Q9Z7MR3VPYE4MH3SC9C8,01KJP2SNNP4ZB6K1QMGZX5CC0T,C,C,1,0.09090909090909091,2.0,1.0
01KJP22PXRH9VYFY7Z1HZVNSMN,page5-28,01KJP2RBVR6E36EKC8HYRAV5GF,01KJP2RH1QNE571FNJRJ0ZHM7W,A,B,0,0.0,2.0,1.0
01KJP22PXRH9VYFY7Z1HZVNSMN,page5-28,01KJP2RBVR6E36EKC8HYRAV5GF,01KJP2RVD8SK7AN1X5EMGRM458,A,B,0,0.14285714285714285,2.0,1.0
01KJP22PXRH9VYFY7Z1HZVNSMN,page5-28,01KJP2RBVR6E36EKC8HYRAV5GF,01KJP2SDQCR0935BS4E06A6D2G,A,C,0,0.08333333333333333,2.0,1.0
01KJP22PXRH9VYFY7Z1HZVNSMN,page5-28,01KJP2RBVR6E36EKC8HYRAV5GF,01KJP2SGRYQPGESDGRKTMMAJX4,A,A,1,0.13333333333333333,2.0,1.0
01KJP22PXRH9VYFY7Z1HZVNSMN,page5-28,01KJP2RBVR6E36EKC8HYRAV5GF,01KJP2SNNP4ZB6K1QMGZX5CC0T,A,C,0,0.11764705882352941,2.0,1.0
01KJP22PXRH9VYFY7Z1HZVNSMN,page5-28,01KJP2RH1QNE571FNJRJ0ZHM7W,01KJP2RVD8SK7AN1X5EMGRM458,B,B,1,0.1,2.0,1.0
01KJP22PXRH9VYFY7Z1HZVNSMN,page5-28,01KJP2RH1QNE571FNJRJ0ZHM7W,01KJP2SDQCR0935BS4E06A6D2G,B,C,0,0.14285714285714285,2.0,1.0
01KJP22PXRH9VYFY7Z1HZVNSMN,page5-28,01KJP2RH1QNE571FNJRJ0ZHM7W,01KJP2SGRYQPGESDGRKTMMAJX4,B,A,0,0.0,2.0,1.0
01KJP22PXRH9VYFY7Z1HZVNSMN,page5-28,01KJP2RH1QNE571FNJRJ0ZHM7W,01KJP2SNNP4ZB6K1QMGZX5CC0T,B,C,0,0.07692307692307693,2.0,1.0
01KJP22PXRH9VYFY7Z1HZVNSMN,page5-28,01KJP2RVD8SK7AN1X5EMGRM458,01KJP2SDQCR0935BS4E06A6D2G,B,C,0,0.1,2.0,1.0
01KJP22PXRH9VYFY7Z1HZVNSMN,page5-28,01KJP2RVD8SK7AN1X5EMGRM458,01KJP2SGRYQPGESDGRKTMMAJX4,B,A,0,0.07142857142857142,2.0,1.0
01KJP22PXRH9VYFY7Z1HZVNSMN,page5-28,01KJP2RVD8SK7AN1X5EMGRM458,01KJP2SNNP4ZB6K1QMGZX5CC0T,B,C,0,0.13333333333333333,2.0,1.0
01KJP22PXRH9VYFY7Z1HZVNSMN,page5-28,01KJP2SDQCR0935BS4E06A6D2G,01KJP2SGRYQPGESDGRKTMMAJX4,C,A,0,0.0,2.0,1.0
01KJP22PXRH9VYFY7Z1HZVNSMN,page5-28,01KJP2SDQCR0935BS4E06A6D2G,01KJP2SNNP4ZB6K1QMGZX5CC0T,C,C,1,0.4,2.0,1.0
01KJP22PXRH9VYFY7Z1HZVNSMN,page5-28,01KJP2SGRYQPGESDGRKTMMAJX4,01KJP2SNNP4ZB6K1QMGZX5CC0T,A,C,0,0.058823529411764705,2.0,1.0
01KJP22PXRH9VYFY7Z1HZVNSMN,page5-28,01KJP2Q4FMMNPG4DTS771Y4V70,01KJP2Q9Z7MR3VPYE4MH3SC9C8,A,C,0,0.0,3.0,1.0
01KJP22PXRH9VYFY7Z1HZVNSMN,page5-28,01KJP2Q4FMMNPG4DTS771Y4V70,01KJP2RBVR6E36EKC8HYRAV5GF,A,A,1,0.3076923076923077,3.0,1.0
01KJP22PXRH9VYFY7Z1HZVNSMN,page5-28,01KJP2Q4FMMNPG4DTS771Y4V70,01KJP2RH1QNE571FNJRJ0ZHM7W,A,B,0,0.0,3.0,1.0
01KJP22PXRH9VYFY7Z1HZVNSMN,page5-28,01KJP2Q4FMMNPG4DTS771Y4V70,01KJP2RVD8SK7AN1X5EMGRM458,A,B,0,0.15384615384615385,3.0,1.0
01KJP22PXRH9VYFY7Z1HZVNSMN,page5-28,01KJP2Q4FMMNPG4DTS771Y4V70,01KJP2SDQCR0935BS4E06A6D2G,A,C,0,0.09090909090909091,3.0,1.0
01KJP22PXRH9VYFY7Z1HZVNSMN,page5-28,01KJP2Q4FMMNPG4DTS771Y4V70,01KJP2SGRYQPGESDGRKTMMAJX4,A,A,1,0.06666666666666667,3.0,1.0
01KJP22PXRH9VYFY7Z1HZVNSMN,page5-28,01KJP2Q4FMMNPG4DTS771Y4V70,01KJP2SNNP4ZB6K1QMGZX5CC0T,A,C,0,0.08333333333333333,3.0,1.0
01KJP22PXRH9VYFY7Z1HZVNSMN,page5-28,01KJP2Q9Z7MR3VPYE4MH3SC9C8,01KJP2RBVR6E36EKC8HYRAV5GF,C,A,0,0.0,3.0,1.0
01KJP22PXRH9VYFY7Z1HZVNSMN,page5-28,01KJP2Q9Z7MR3VPYE4MH3SC9C8,01KJP2RH1QNE571FNJRJ0ZHM7W,C,B,0,0.0,3.0,1.0
01KJP22PXRH9VYFY7Z1HZVNSMN,page5-28,01KJP2Q9Z7MR3VPYE4MH3SC9C8,01KJP2RVD8SK7AN1X5EMGRM458,C,B,0,0.125,3.0,1.0
01KJP22PXRH9VYFY7Z1HZVNSMN,page5-28,01KJP2Q9Z7MR3VPYE4MH3SC9C8,01KJP2SDQCR0935BS4E06A6D2G,C,C,1,0.2,3.0,1.0
01KJP22PXRH9VYFY7Z1HZVNSMN,page5-28,01KJP2Q9Z7MR3VPYE4MH3SC9C8,01KJP2SGRYQPGESDGRKTMMAJX4,C,A,0,0.0,3.0,1.0
01KJP22PXRH9VYFY7Z1HZVNSMN,page5-28,01KJP2Q9Z7MR3VPYE4MH3SC9C8,01KJP2SNNP4ZB6K1QMGZX5CC0T,C,C,1,0.16666666666666666,3.0,1.0
01KJP22PXRH9VYFY7Z1HZVNSMN,page5-28,01KJP2RBVR6E36EKC8HYRAV5GF,01KJP2RH1QNE571FNJRJ0ZHM7W,A,B,0,0.0,3.0,1.0
01KJP22PXRH9VYFY7Z1HZVNSMN,page5-28,01KJP2RBVR6E36EKC8HYRAV5GF,01KJP2RVD8SK7AN1X5EMGRM458,A,B,0,0.14285714285714285,3.0,1.0
01KJP22PXRH9VYFY7Z1HZVNSMN,page5-28,01KJP2RBVR6E36EKC8HYRAV5GF,01KJP2SDQCR0935BS4E06A6D2G,A,C,0,0.08333333333333333,3.0,1.0
01KJP22PXRH9VYFY7Z1HZVNSMN,page5-28,01KJP2RBVR6E36EKC8HYRAV5GF,01KJP2SGRYQPGESDGRKTMMAJX4,A,A,1,0.13333333333333333,3.0,1.0
01KJP22PXRH9VYFY7Z1HZVNSMN,page5-28,01KJP2RBVR6E36EKC8HYRAV5GF,01KJP2SNNP4ZB6K1QMGZX5CC0T,A,C,0,0.07692307692307693,3.0,1.0
01KJP22PXRH9VYFY7Z1HZVNSMN,page5-28,01KJP2RH1QNE571FNJRJ0ZHM7W,01KJP2RVD8SK7AN1X5EMGRM458,B,B,1,0.14285714285714285,3.0,1.0
01KJP22PXRH9VYFY7Z1HZVNSMN,page5-28,01KJP2RH1QNE571FNJRJ0ZHM7W,01KJP2SDQCR0935BS4E06A6D2G,B,C,0,0.0,3.0,1.0
01KJP22PXRH9VYFY7Z1HZVNSMN,page5-28,01KJP2RH1QNE571FNJRJ0ZHM7W,01KJP2SGRYQPGESDGRKTMMAJX4,B,A,0,0.0,3.0,1.0
01KJP22PXRH9VYFY7Z1HZVNSMN,page5-28,01KJP2RH1QNE571FNJRJ0ZHM7W,01KJP2SNNP4ZB6K1QMGZX5CC0T,B,C,0,0.0,3.0,1.0
01KJP22PXRH9VYFY7Z1HZVNSMN,page5-28,01KJP2RVD8SK7AN1X5EMGRM458,01KJP2SDQCR0935BS4E06A6D2G,B,C,0,0.1,3.0,1.0
01KJP22PXRH9VYFY7Z1HZVNSMN,page5-28,01KJP2RVD8SK7AN1X5EMGRM458,01KJP2SGRYQPGESDGRKTMMAJX4,B,A,0,0.07142857142857142,3.0,1.0
01KJP22PXRH9VYFY7Z1HZVNSMN,page5-28,01KJP2RVD8SK7AN1X5EMGRM458,01KJP2SNNP4ZB6K1QMGZX5CC0T,B,C,0,0.09090909090909091,3.0,1.0
01KJP22PXRH9VYFY7Z1HZVNSMN,page5-28,01KJP2SDQCR0935BS4E06A6D2G,01KJP2SGRYQPGESDGRKTMMAJX4,C,A,0,0.0,3.0,1.0
01KJP22PXRH9VYFY7Z1HZVNSMN,page5-28,01KJP2SDQCR0935BS4E06A6D2G,01KJP2SNNP4ZB6K1QMGZX5CC0T,C,C,1,0.5,3.0,1.0
01KJP22PXRH9VYFY7Z1HZVNSMN,page5-28,01KJP2SGRYQPGESDGRKTMMAJX4,01KJP2SNNP4ZB6K1QMGZX5CC0T,A,C,0,0.0,3.0,1.0
01KJP22PXRH9VYFY7Z1HZVNSMN,page5-28,01KJP2Q4FMMNPG4DTS771Y4V70,01KJP2Q9Z7MR3VPYE4MH3SC9C8,A,C,0,0.0,4.0,1.0
01KJP22PXRH9VYFY7Z1HZVNSMN,page5-28,01KJP2Q4FMMNPG4DTS771Y4V70,01KJP2RBVR6E36EKC8HYRAV5GF,A,A,1,0.3076923076923077,4.0,1.0
01KJP22PXRH9VYFY7Z1HZVNSMN,page5-28,01KJP2Q4FMMNPG4DTS771Y4V70,01KJP2RH1QNE571FNJRJ0ZHM7W,A,B,0,0.0,4.0,1.0
01KJP22PXRH9VYFY7Z1HZVNSMN,page5-28,01KJP2Q4FMMNPG4DTS771Y4V70,01KJP2RVD8SK7AN1X5EMGRM458,A,B,0,0.0,4.0,1.0
01KJP22PXRH9VYFY7Z1HZVNSMN,page5-28,01KJP2Q4FMMNPG4DTS771Y4V70,01KJP2SDQCR0935BS4E06A6D2G,A,C,0,0.0,4.0,1.0
01KJP22PXRH9VYFY7Z1HZVNSMN,page5-28,01KJP2Q4FMMNPG4DTS771Y4V70,01KJP2SGRYQPGESDGRKTMMAJX4,A,A,1,0.0,4.0,1.0
01KJP22PXRH9VYFY7Z1HZVNSMN,page5-28,01KJP2Q4FMMNPG4DTS771Y4V70,01KJP2SNNP4ZB6K1QMGZX5CC0T,A,C,0,0.08333333333333333,4.0,1.0
01KJP22PXRH9VYFY7Z1HZVNSMN,page5-28,01KJP2Q9Z7MR3VPYE4MH3SC9C8,01KJP2RBVR6E36EKC8HYRAV5GF,C,A,0,0.0,4.0,1.0
01KJP22PXRH9VYFY7Z1HZVNSMN,page5-28,01KJP2Q9Z7MR3VPYE4MH3SC9C8,01KJP2RH1QNE571FNJRJ0ZHM7W,C,B,0,0.0,4.0,1.0
01KJP22PXRH9VYFY7Z1HZVNSMN,page5-28,01KJP2Q9Z7MR3VPYE4MH3SC9C8,01KJP2RVD8SK7AN1X5EMGRM458,C,B,0,0.0,4.0,1.0
01KJP22PXRH9VYFY7Z1HZVNSMN,page5-28,01KJP2Q9Z7MR3VPYE4MH3SC9C8,01KJP2SDQCR0935BS4E06A6D2G,C,C,1,0.5,4.0,1.0
01KJP22PXRH9VYFY7Z1HZVNSMN,page5-28,01KJP2Q9Z7MR3VPYE4MH3SC9C8,01KJP2SGRYQPGESDGRKTMMAJX4,C,A,0,0.0,4.0,1.0
01KJP22PXRH9VYFY7Z1HZVNSMN,page5-28,01KJP2Q9Z7MR3VPYE4MH3SC9C8,01KJP2SNNP4ZB6K1QMGZX5CC0T,C,C,1,0.16666666666666666,4.0,1.0
01KJP22PXRH9VYFY7Z1HZVNSMN,page5-28,01KJP2RBVR6E36EKC8HYRAV5GF,01KJP2RH1QNE571FNJRJ0ZHM7W,A,B,0,0.0,4.0,1.0
01KJP22PXRH9VYFY7Z1HZVNSMN,page5-28,01KJP2RBVR6E36EKC8HYRAV5GF,01KJP2RVD8SK7AN1X5EMGRM458,A,B,0,0.0,4.0,1.0
01KJP22PXRH9VYFY7Z1HZVNSMN,page5-28,01KJP2RBVR6E36EKC8HYRAV5GF,01KJP2SDQCR0935BS4E06A6D2G,A,C,0,0.0,4.0,1.0
01KJP22PXRH9VYFY7Z1HZVNSMN,page5-28,01KJP2RBVR6E36EKC8HYRAV5GF,01KJP2SGRYQPGESDGRKTMMAJX4,A,A,1,0.05555555555555555,4.0,1.0
01KJP22PXRH9VYFY7Z1HZVNSMN,page5-28,01KJP2RBVR6E36EKC8HYRAV5GF,01KJP2SNNP4ZB6K1QMGZX5CC0T,A,C,0,0.07692307692307693,4.0,1.0
01KJP22PXRH9VYFY7Z1HZVNSMN,page5-28,01KJP2RH1QNE571FNJRJ0ZHM7W,01KJP2RVD8SK7AN1X5EMGRM458,B,B,1,1.0,4.0,1.0
01KJP22PXRH9VYFY7Z1HZVNSMN,page5-28,01KJP2RH1QNE571FNJRJ0ZHM7W,01KJP2SDQCR0935BS4E06A6D2G,B,C,0,0.0,4.0,1.0
01KJP22PXRH9VYFY7Z1HZVNSMN,page5-28,01KJP2RH1QNE571FNJRJ0ZHM7W,01KJP2SGRYQPGESDGRKTMMAJX4,B,A,0,0.0,4.0,1.0
01KJP22PXRH9VYFY7Z1HZVNSMN,page5-28,01KJP2RH1QNE571FNJRJ0ZHM7W,01KJP2SNNP4ZB6K1QMGZX5CC0T,B,C,0,0.0,4.0,1.0
01KJP22PXRH9VYFY7Z1HZVNSMN,page5-28,01KJP2RVD8SK7AN1X5EMGRM458,01KJP2SDQCR0935BS4E06A6D2G,B,C,0,0.0,4.0,1.0
01KJP22PXRH9VYFY7Z1HZVNSMN,page5-28,01KJP2RVD8SK7AN1X5EMGRM458,01KJP2SGRYQPGESDGRKTMMAJX4,B,A,0,0.0,4.0,1.0
01KJP22PXRH9VYFY7Z1HZVNSMN,page5-28,01KJP2RVD8SK7AN1X5EMGRM458,01KJP2SNNP4ZB6K1QMGZX5CC0T,B,C,0,0.0,4.0,1.0
01KJP22PXRH9VYFY7Z1HZVNSMN,page5-28,01KJP2SDQCR0935BS4E06A6D2G,01KJP2SGRYQPGESDGRKTMMAJX4,C,A,0,0.0,4.0,1.0
01KJP22PXRH9VYFY7Z1HZVNSMN,page5-28,01KJP2SDQCR0935BS4E06A6D2G,01KJP2SNNP4ZB6K1QMGZX5CC0T,C,C,1,0.2,4.0,1.0
01KJP22PXRH9VYFY7Z1HZVNSMN,page5-28,01KJP2SGRYQPGESDGRKTMMAJX4,01KJP2SNNP4ZB6K1QMGZX5CC0T,A,C,0,0.0,4.0,1.0
01KJP22PXRH9VYFY7Z1HZVNSMN,page5-28,01KJP2Q4FMMNPG4DTS771Y4V70,01KJP2Q9Z7MR3VPYE4MH3SC9C8,A,C,0,0.0,5.0,1.0
01KJP22PXRH9VYFY7Z1HZVNSMN,page5-28,01KJP2Q4FMMNPG4DTS771Y4V70,01KJP2RBVR6E36EKC8HYRAV5GF,A,A,1,0.125,5.0,1.0
01KJP22PXRH9VYFY7Z1HZVNSMN,page5-28,01KJP2Q4FMMNPG4DTS771Y4V70,01KJP2RH1QNE571FNJRJ0ZHM7W,A,B,0,0.0,5.0,1.0
01KJP22PXRH9VYFY7Z1HZVNSMN,page5-28,01KJP2Q4FMMNPG4DTS771Y4V70,01KJP2RVD8SK7AN1X5EMGRM458,A,B,0,0.0,5.0,1.0
01KJP22PXRH9VYFY7Z1HZVNSMN,page5-28,01KJP2Q4FMMNPG4DTS771Y4V70,01KJP2SDQCR0935BS4E06A6D2G,A,C,0,0.0,5.0,1.0
01KJP22PXRH9VYFY7Z1HZVNSMN,page5-28,01KJP2Q4FMMNPG4DTS771Y4V70,01KJP2SGRYQPGESDGRKTMMAJX4,A,A,1,0.0,5.0,1.0
01KJP22PXRH9VYFY7Z1HZVNSMN,page5-28,01KJP2Q4FMMNPG4DTS771Y4V70,01KJP2SNNP4ZB6K1QMGZX5CC0T,A,C,0,0.08333333333333333,5.0,1.0
01KJP22PXRH9VYFY7Z1HZVNSMN,page5-28,01KJP2Q9Z7MR3VPYE4MH3SC9C8,01KJP2RBVR6E36EKC8HYRAV5GF,C,A,0,0.0,5.0,1.0
01KJP22PXRH9VYFY7Z1HZVNSMN,page5-28,01KJP2Q9Z7MR3VPYE4MH3SC9C8,01KJP2RH1QNE571FNJRJ0ZHM7W,C,B,0,0.0,5.0,1.0
01KJP22PXRH9VYFY7Z1HZVNSMN,page5-28,01KJP2Q9Z7MR3VPYE4MH3SC9C8,01KJP2RVD8SK7AN1X5EMGRM458,C,B,0,0.0,5.0,1.0
01KJP22PXRH9VYFY7Z1HZVNSMN,page5-28,01KJP2Q9Z7MR3VPYE4MH3SC9C8,01KJP2SDQCR0935BS4E06A6D2G,C,C,1,1.0,5.0,1.0
01KJP22PXRH9VYFY7Z1HZVNSMN,page5-28,01KJP2Q9Z7MR3VPYE4MH3SC9C8,01KJP2SGRYQPGESDGRKTMMAJX4,C,A,0,0.0,5.0,1.0
01KJP22PXRH9VYFY7Z1HZVNSMN,page5-28,01KJP2Q9Z7MR3VPYE4MH3SC9C8,01KJP2SNNP4ZB6K1QMGZX5CC0T,C,C,1,0.2,5.0,1.0
01KJP22PXRH9VYFY7Z1HZVNSMN,page5-28,01KJP2RBVR6E36EKC8HYRAV5GF,01KJP2RH1QNE571FNJRJ0ZHM7W,A,B,0,0.0,5.0,1.0
01KJP22PXRH9VYFY7Z1HZVNSMN,page5-28,01KJP2RBVR6E36EKC8HYRAV5GF,01KJP2RVD8SK7AN1X5EMGRM458,A,B,0,0.0,5.0,1.0
01KJP22PXRH9VYFY7Z1HZVNSMN,page5-28,01KJP2RBVR6E36EKC8HYRAV5GF,01KJP2SDQCR0935BS4E06A6D2G,A,C,0,0.0,5.0,1.0
01KJP22PXRH9VYFY7Z1HZVNSMN,page5-28,01KJP2RBVR6E36EKC8HYRAV5GF,01KJP2SGRYQPGESDGRKTMMAJX4,A,A,1,0.0,5.0,1.0
01KJP22PXRH9VYFY7Z1HZVNSMN,page5-28,01KJP2RBVR6E36EKC8HYRAV5GF,01KJP2SNNP4ZB6K1QMGZX5CC0T,A,C,0,0.0,5.0,1.0
01KJP22PXRH9VYFY7Z1HZVNSMN,page5-28,01KJP2RH1QNE571FNJRJ0ZHM7W,01KJP2RVD8SK7AN1X5EMGRM458,B,B,1,1.0,5.0,1.0
01KJP22PXRH9VYFY7Z1HZVNSMN,page5-28,01KJP2RH1QNE571FNJRJ0ZHM7W,01KJP2SDQCR0935BS4E06A6D2G,B,C,0,0.0,5.0,1.0
01KJP22PXRH9VYFY7Z1HZVNSMN,page5-28,01KJP2RH1QNE571FNJRJ0ZHM7W,01KJP2SGRYQPGESDGRKTMMAJX4,B,A,0,0.0,5.0,1.0
01KJP22PXRH9VYFY7Z1HZVNSMN,page5-28,01KJP2RH1QNE571FNJRJ0ZHM7W,01KJP2SNNP4ZB6K1QMGZX5CC0T,B,C,0,0.0,5.0,1.0
01KJP22PXRH9VYFY7Z1HZVNSMN,page5-28,01KJP2RVD8SK7AN1X5EMGRM458,01KJP2SDQCR0935BS4E06A6D2G,B,C,0,0.0,5.0,1.0
01KJP22PXRH9VYFY7Z1HZVNSMN,page5-28,01KJP2RVD8SK7AN1X5EMGRM458,01KJP2SGRYQPGESDGRKTMMAJX4,B,A,0,0.0,5.0,1.0
01KJP22PXRH9VYFY7Z1HZVNSMN,page5-28,01KJP2RVD8SK7AN1X5EMGRM458,01KJP2SNNP4ZB6K1QMGZX5CC0T,B,C,0,0.0,5.0,1.0
01KJP22PXRH9VYFY7Z1HZVNSMN,page5-28,01KJP2SDQCR0935BS4E06A6D2G,01KJP2SGRYQPGESDGRKTMMAJX4,C,A,0,0.0,5.0,1.0
01KJP22PXRH9VYFY7Z1HZVNSMN,page5-28,01KJP2SDQCR0935BS4E06A6D2G,01KJP2SNNP4ZB6K1QMGZX5CC0T,C,C,1,0.2,5.0,1.0
01KJP22PXRH9VYFY7Z1HZVNSMN,page5-28,01KJP2SGRYQPGESDGRKTMMAJX4,01KJP2SNNP4ZB6K1QMGZX5CC0T,A,C,0,0.0,5.0,1.0
01KJP22PXRH9VYFY7Z1HZVNSMN,page-B,01KJP2Q4FMMNPG4DTS771Y4V70,01KJP2RH1QNE571FNJRJ0ZHM7W,A,B,0,0.0,1.0,1.0
01KJP22PXRH9VYFY7Z1HZVNSMN,page-B,01KJP2Q4FMMNPG4DTS771Y4V70,01KJP2RVD8SK7AN1X5EMGRM458,A,B,0,0.0,1.0,1.0
01KJP22PXRH9VYFY7Z1HZVNSMN,page-B,01KJP2Q4FMMNPG4DTS771Y4V70,01KJP2SDQCR0935BS4E06A6D2G,A,C,0,0.15384615384615385,1.0,1.0
01KJP22PXRH9VYFY7Z1HZVNSMN,page-B,01KJP2Q4FMMNPG4DTS771Y4V70,01KJP2SGRYQPGESDGRKTMMAJX4,A,A,1,0.16666666666666666,1.0,1.0
01KJP22PXRH9VYFY7Z1HZVNSMN,page-B,01KJP2Q4FMMNPG4DTS771Y4V70,01KJP2SNNP4ZB6K1QMGZX5CC0T,A,C,0,0.09090909090909091,1.0,1.0
01KJP22PXRH9VYFY7Z1HZVNSMN,page-B,01KJP2RH1QNE571FNJRJ0ZHM7W,01KJP2RVD8SK7AN1X5EMGRM458,B,B,1,0.2,1.0,1.0
01KJP22PXRH9VYFY7Z1HZVNSMN,page-B,01KJP2RH1QNE571FNJRJ0ZHM7W,01KJP2SDQCR0935BS4E06A6D2G,B,C,0,0.0,1.0,1.0
01KJP22PXRH9VYFY7Z1HZVNSMN,page-B,01KJP2RH1QNE571FNJRJ0ZHM7W,01KJP2SGRYQPGESDGRKTMMAJX4,B,A,0,0.18181818181818182,1.0,1.0
01KJP22PXRH9VYFY7Z1HZVNSMN,page-B,01KJP2RH1QNE571FNJRJ0ZHM7W,01KJP2SNNP4ZB6K1QMGZX5CC0T,B,C,0,0.14285714285714285,1.0,1.0
01KJP22PXRH9VYFY7Z1HZVNSMN,page-B,01KJP2RVD8SK7AN1X5EMGRM458,01KJP2SDQCR0935BS4E06A6D2G,B,C,0,0.0,1.0,1.0
01KJP22PXRH9VYFY7Z1HZVNSMN,page-B,01KJP2RVD8SK7AN1X5EMGRM458,01KJP2SGRYQPGESDGRKTMMAJX4,B,A,0,0.1,1.0,1.0
01KJP22PXRH9VYFY7Z1HZVNSMN,page-B,01KJP2RVD8SK7AN1X5EMGRM458,01KJP2SNNP4ZB6K1QMGZX5CC0T,B,C,0,0.0,1.0,1.0
01KJP22PXRH9VYFY7Z1HZVNSMN,page-B,01KJP2SDQCR0935BS4E06A6D2G,01KJP2SGRYQPGESDGRKTMMAJX4,C,A,0,0.09090909090909091,1.0,1.0
01KJP22PXRH9VYFY7Z1HZVNSMN,page-B,01KJP2SDQCR0935BS4E06A6D2G,01KJP2SNNP4ZB6K1QMGZX5CC0T,C,C,1,0.07142857142857142,1.0,1.0
01KJP22PXRH9VYFY7Z1HZVNSMN,page-B,01KJP2SGRYQPGESDGRKTMMAJX4,01KJP2SNNP4ZB6K1QMGZX5CC0T,A,C,0,0.10526315789473684,1.0,1.0
01KJP22PXRH9VYFY7Z1HZVNSMN,page-B,01KJP2Q4FMMNPG4DTS771Y4V70,01KJP2Q9Z7MR3VPYE4MH3SC9C8,A,C,0,0.2222222222222222,2.0,1.0
01KJP22PXRH9VYFY7Z1HZVNSMN,page-B,01KJP2Q4FMMNPG4DTS771Y4V70,01KJP2RBVR6E36EKC8HYRAV5GF,A,A,1,0.13636363636363635,2.0,1.0
01KJP22PXRH9VYFY7Z1HZVNSMN,page-B,01KJP2Q4FMMNPG4DTS771Y4V70,01KJP2RH1QNE571FNJRJ0ZHM7W,A,B,0,0.0,2.0,1.0
01KJP22PXRH9VYFY7Z1HZVNSMN,page-B,01KJP2Q4FMMNPG4DTS771Y4V70,01KJP2RVD8SK7AN1X5EMGRM458,A,B,0,0.0,2.0,1.0
01KJP22PXRH9VYFY7Z1HZVNSMN,page-B,01KJP2Q4FMMNPG4DTS771Y4V70,01KJP2SDQCR0935BS4E06A6D2G,A,C,0,0.15384615384615385,2.0,1.0
01KJP22PXRH9VYFY7Z1HZVNSMN,page-B,01KJP2Q4FMMNPG4DTS771Y4V70,01KJP2SGRYQPGESDGRKTMMAJX4,A,A,1,0.16666666666666666,2.0,1.0
01KJP22PXRH9VYFY7Z1HZVNSMN,page-B,01KJP2Q4FMMNPG4DTS771Y4V70,01KJP2SNNP4ZB6K1QMGZX5CC0T,A,C,0,0.09090909090909091,2.0,1.0
01KJP22PXRH9VYFY7Z1HZVNSMN,page-B,01KJP2Q9Z7MR3VPYE4MH3SC9C8,01KJP2RBVR6E36EKC8HYRAV5GF,C,A,0,0.21052631578947367,2.0,1.0
01KJP22PXRH9VYFY7Z1HZVNSMN,page-B,01KJP2Q9Z7MR3VPYE4MH3SC9C8,01KJP2RH1QNE571FNJRJ0ZHM7W,C,B,0,0.09090909090909091,2.0,1.0
01KJP22PXRH9VYFY7Z1HZVNSMN,page-B,01KJP2Q9Z7MR3VPYE4MH3SC9C8,01KJP2RVD8SK7AN1X5EMGRM458,C,B,0,0.09090909090909091,2.0,1.0
01KJP22PXRH9VYFY7Z1HZVNSMN,page-B,01KJP2Q9Z7MR3VPYE4MH3SC9C8,01KJP2SDQCR0935BS4E06A6D2G,C,C,1,0.18181818181818182,2.0,1.0
01KJP22PXRH9VYFY7Z1HZVNSMN,page-B,01KJP2Q9Z7MR3VPYE4MH3SC9C8,01KJP2SGRYQPGESDGRKTMMAJX4,C,A,0,0.35714285714285715,2.0,1.0
01KJP22PXRH9VYFY7Z1HZVNSMN,page-B,01KJP2Q9Z7MR3VPYE4MH3SC9C8,01KJP2SNNP4ZB6K1QMGZX5CC0T,C,C,1,0.29411764705882354,2.0,1.0
01KJP22PXRH9VYFY7Z1HZVNSMN,page-B,01KJP2RBVR6E36EKC8HYRAV5GF,01KJP2RH1QNE571FNJRJ0ZHM7W,A,B,0,0.07142857142857142,2.0,1.0
01KJP22PXRH9VYFY7Z1HZVNSMN,page-B,01KJP2RBVR6E36EKC8HYRAV5GF,01KJP2RVD8SK7AN1X5EMGRM458,A,B,0,0.07142857142857142,2.0,1.0
01KJP22PXRH9VYFY7Z1HZVNSMN,page-B,01KJP2RBVR6E36EKC8HYRAV5GF,01KJP2SDQCR0935BS4E06A6D2G,A,C,0,0.06666666666666667,2.0,1.0
01KJP22PXRH9VYFY7Z1HZVNSMN,page-B,01KJP2RBVR6E36EKC8HYRAV5GF,01KJP2SGRYQPGESDGRKTMMAJX4,A,A,1,0.375,2.0,1.0
01KJP22PXRH9VYFY7Z1HZVNSMN,page-B,01KJP2RBVR6E36EKC8HYRAV5GF,01KJP2SNNP4ZB6K1QMGZX5CC0T,A,C,0,0.08695652173913043,2.0,1.0
01KJP22PXRH9VYFY7Z1HZVNSMN,page-B,01KJP2RH1QNE571FNJRJ0ZHM7W,01KJP2RVD8SK7AN1X5EMGRM458,B,B,1,1.0,2.0,1.0
01KJP22PXRH9VYFY7Z1HZVNSMN,page-B,01KJP2RH1QNE571FNJRJ0ZHM7W,01KJP2SDQCR0935BS4E06A6D2G,B,C,0,0.0,2.0,1.0
01KJP22PXRH9VYFY7Z1HZVNSMN,page-B,01KJP2RH1QNE571FNJRJ0ZHM7W,01KJP2SGRYQPGESDGRKTMMAJX4,B,A,0,0.1,2.0,1.0
01KJP22PXRH9VYFY7Z1HZVNSMN,page-B,01KJP2RH1QNE571FNJRJ0ZHM7W,01KJP2SNNP4ZB6K1QMGZX5CC0T,B,C,0,0.0,2.0,1.0
01KJP22PXRH9VYFY7Z1HZVNSMN,page-B,01KJP2RVD8SK7AN1X5EMGRM458,01KJP2SDQCR0935BS4E06A6D2G,B,C,0,0.0,2.0,1.0
01KJP22PXRH9VYFY7Z1HZVNSMN,page-B,01KJP2RVD8SK7AN1X5EMGRM458,01KJP2SGRYQPGESDGRKTMMAJX4,B,A,0,0.1,2.0,1.0
01KJP22PXRH9VYFY7Z1HZVNSMN,page-B,01KJP2RVD8SK7AN1X5EMGRM458,01KJP2SNNP4ZB6K1QMGZX5CC0T,B,C,0,0.0,2.0,1.0
01KJP22PXRH9VYFY7Z1HZVNSMN,page-B,01KJP2SDQCR0935BS4E06A6D2G,01KJP2SGRYQPGESDGRKTMMAJX4,C,A,0,0.09090909090909091,2.0,1.0
01KJP22PXRH9VYFY7Z1HZVNSMN,page-B,01KJP2SDQCR0935BS4E06A6D2G,01KJP2SNNP4ZB6K1QMGZX5CC0T,C,C,1,0.07142857142857142,2.0,1.0
01KJP22PXRH9VYFY7Z1HZVNSMN,page-B,01KJP2SGRYQPGESDGRKTMMAJX4,01KJP2SNNP4ZB6K1QMGZX5CC0T,A,C,0,0.10526315789473684,2.0,1.0
01KJP22PXRH9VYFY7Z1HZVNSMN,page-B,01KJP2Q4FMMNPG4DTS771Y4V70,01KJP2Q9Z7MR3VPYE4MH3SC9C8,A,C,0,0.09090909090909091,3.0,1.0
01KJP22PXRH9VYFY7Z1HZVNSMN,page-B,01KJP2Q4FMMNPG4DTS771Y4V70,01KJP2RBVR6E36EKC8HYRAV5GF,A,A,1,0.07142857142857142,3.0,1.0
01KJP22PXRH9VYFY7Z1HZVNSMN,page-B,01KJP2Q4FMMNPG4DTS771Y4V70,01KJP2RH1QNE571FNJRJ0ZHM7W,A,B,0,0.6666666666666666,3.0,1.0
01KJP22PXRH9VYFY7Z1HZVNSMN,page-B,01KJP2Q4FMMNPG4DTS771Y4V70,01KJP2RVD8SK7AN1X5EMGRM458,A,B,0,1.0,3.0,1.0
01KJP22PXRH9VYFY7Z1HZVNSMN,page-B,01KJP2Q4FMMNPG4DTS771Y4V70,01KJP2SDQCR0935BS4E06A6D2G,A,C,0,0.0,3.0,1.0
01KJP22PXRH9VYFY7Z1HZVNSMN,page-B,01KJP2Q4FMMNPG4DTS771Y4V70,01KJP2SGRYQPGESDGRKTMMAJX4,A,A,1,0.1,3.0,1.0
01KJP22PXRH9VYFY7Z1HZVNSMN,page-B,01KJP2Q4FMMNPG4DTS771Y4V70,01KJP2SNNP4ZB6K1QMGZX5CC0T,A,C,0,0.0,3.0,1.0
01KJP22PXRH9VYFY7Z1HZVNSMN,page-B,01KJP2Q9Z7MR3VPYE4MH3SC9C8,01KJP2RBVR6E36EKC8HYRAV5GF,C,A,0,0.21052631578947367,3.0,1.0
01KJP22PXRH9VYFY7Z1HZVNSMN,page-B,01KJP2Q9Z7MR3VPYE4MH3SC9C8,01KJP2RH1QNE571FNJRJ0ZHM7W,C,B,0,0.08333333333333333,3.0,1.0
01KJP22PXRH9VYFY7Z1HZVNSMN,page-B,01KJP2Q9Z7MR3VPYE4MH3SC9C8,01KJP2RVD8SK7AN1X5EMGRM458,C,B,0,0.09090909090909091,3.0,1.0
01KJP22PXRH9VYFY7Z1HZVNSMN,page-B,01KJP2Q9Z7MR3VPYE4MH3SC9C8,01KJP2SDQCR0935BS4E06A6D2G,C,C,1,0.18181818181818182,3.0,1.0
01KJP22PXRH9VYFY7Z1HZVNSMN,page-B,01KJP2Q9Z7MR3VPYE4MH3SC9C8,01KJP2SGRYQPGESDGRKTMMAJX4,C,A,0,0.35714285714285715,3.0,1.0
01KJP22PXRH9VYFY7Z1HZVNSMN,page-B,01KJP2Q9Z7MR3VPYE4MH3SC9C8,01KJP2SNNP4ZB6K1QMGZX5CC0T,C,C,1,0.2857142857142857,3.0,1.0
01KJP22PXRH9VYFY7Z1HZVNSMN,page-B,01KJP2RBVR6E36EKC8HYRAV5GF,01KJP2RH1QNE571FNJRJ0ZHM7W,A,B,0,0.06666666666666667,3.0,1.0
01KJP22PXRH9VYFY7Z1HZVNSMN,page-B,01KJP2RBVR6E36EKC8HYRAV5GF,01KJP2RVD8SK7AN1X5EMGRM458,A,B,0,0.07142857142857142,3.0,1.0
01KJP22PXRH9VYFY7Z1HZVNSMN,page-B,01KJP2RBVR6E36EKC8HYRAV5GF,01KJP2SDQCR0935BS4E06A6D2G,A,C,0,0.06666666666666667,3.0,1.0
01KJP22PXRH9VYFY7Z1HZVNSMN,page-B,01KJP2RBVR6E36EKC8HYRAV5GF,01KJP2SGRYQPGESDGRKTMMAJX4,A,A,1,0.375,3.0,1.0
01KJP22PXRH9VYFY7Z1HZVNSMN,page-B,01KJP2RBVR6E36EKC8HYRAV5GF,01KJP2SNNP4ZB6K1QMGZX5CC0T,A,C,0,0.10526315789473684,3.0,1.0
01KJP22PXRH9VYFY7Z1HZVNSMN,page-B,01KJP2RH1QNE571FNJRJ0ZHM7W,01KJP2RVD8SK7AN1X5EMGRM458,B,B,1,0.6666666666666666,3.0,1.0
01KJP22PXRH9VYFY7Z1HZVNSMN,page-B,01KJP2RH1QNE571FNJRJ0ZHM7W,01KJP2SDQCR0935BS4E06A6D2G,B,C,0,0.0,3.0,1.0
01KJP22PXRH9VYFY7Z1HZVNSMN,page-B,01KJP2RH1QNE571FNJRJ0ZHM7W,01KJP2SGRYQPGESDGRKTMMAJX4,B,A,0,0.09090909090909091,3.0,1.0
01KJP22PXRH9VYFY7Z1HZVNSMN,page-B,01KJP2RH1QNE571FNJRJ0ZHM7W,01KJP2SNNP4ZB6K1QMGZX5CC0T,B,C,0,0.0,3.0,1.0
01KJP22PXRH9VYFY7Z1HZVNSMN,page-B,01KJP2RVD8SK7AN1X5EMGRM458,01KJP2SDQCR0935BS4E06A6D2G,B,C,0,0.0,3.0,1.0
01KJP22PXRH9VYFY7Z1HZVNSMN,page-B,01KJP2RVD8SK7AN1X5EMGRM458,01KJP2SGRYQPGESDGRKTMMAJX4,B,A,0,0.1,3.0,1.0
01KJP22PXRH9VYFY7Z1HZVNSMN,page-B,01KJP2RVD8SK7AN1X5EMGRM458,01KJP2SNNP4ZB6K1QMGZX5CC0T,B,C,0,0.0,3.0,1.0
01KJP22PXRH9VYFY7Z1HZVNSMN,page-B,01KJP2SDQCR0935BS4E06A6D2G,01KJP2SGRYQPGESDGRKTMMAJX4,C,A,0,0.09090909090909091,3.0,1.0
01KJP22PXRH9VYFY7Z1HZVNSMN,page-B,01KJP2SDQCR0935BS4E06A6D2G,01KJP2SNNP4ZB6K1QMGZX5CC0T,C,C,1,0.2222222222222222,3.0,1.0
01KJP22PXRH9VYFY7Z1HZVNSMN,page-B,01KJP2SGRYQPGESDGRKTMMAJX4,01KJP2SNNP4ZB6K1QMGZX5CC0T,A,C,0,0.13333333333333333,3.0,1.0
01KJP22PXRH9VYFY7Z1HZVNSMN,page-B,01KJP2Q4FMMNPG4DTS771Y4V70,01KJP2Q9Z7MR3VPYE4MH3SC9C8,A,C,0,0.09090909090909091,4.0,1.0
01KJP22PXRH9VYFY7Z1HZVNSMN,page-B,01KJP2Q4FMMNPG4DTS771Y4V70,01KJP2RBVR6E36EKC8HYRAV5GF,A,A,1,0.07142857142857142,4.0,1.0
01KJP22PXRH9VYFY7Z1HZVNSMN,page-B,01KJP2Q4FMMNPG4DTS771Y4V70,01KJP2RH1QNE571FNJRJ0ZHM7W,A,B,0,0.6666666666666666,4.0,1.0
01KJP22PXRH9VYFY7Z1HZVNSMN,page-B,01KJP2Q4FMMNPG4DTS771Y4V70,01KJP2RVD8SK7AN1X5EMGRM458,A,B,0,1.0,4.0,1.0
01KJP22PXRH9VYFY7Z1HZVNSMN,page-B,01KJP2Q4FMMNPG4DTS771Y4V70,01KJP2SDQCR0935BS4E06A6D2G,A,C,0,0.0,4.0,1.0
01KJP22PXRH9VYFY7Z1HZVNSMN,page-B,01KJP2Q4FMMNPG4DTS771Y4V70,01KJP2SGRYQPGESDGRKTMMAJX4,A,A,1,0.0,4.0,1.0
01KJP22PXRH9VYFY7Z1HZVNSMN,page-B,01KJP2Q4FMMNPG4DTS771Y4V70,01KJP2SNNP4ZB6K1QMGZX5CC0T,A,C,0,0.0,4.0,1.0
01KJP22PXRH9VYFY7Z1HZVNSMN,page-B,01KJP2Q9Z7MR3VPYE4MH3SC9C8,01KJP2RBVR6E36EKC8HYRAV5GF,C,A,0,0.21052631578947367,4.0,1.0
01KJP22PXRH9VYFY7Z1HZVNSMN,page-B,01KJP2Q9Z7MR3VPYE4MH3SC9C8,01KJP2RH1QNE571FNJRJ0ZHM7W,C,B,0,0.08333333333333333,4.0,1.0
01KJP22PXRH9VYFY7Z1HZVNSMN,page-B,01KJP2Q9Z7MR3VPYE4MH3SC9C8,01KJP2RVD8SK7AN1X5EMGRM458,C,B,0,0.09090909090909091,4.0,1.0
01KJP22PXRH9VYFY7Z1HZVNSMN,page-B,01KJP2Q9Z7MR3VPYE4MH3SC9C8,01KJP2SDQCR0935BS4E06A6D2G,C,C,1,0.4,4.0,1.0
01KJP22PXRH9VYFY7Z1HZVNSMN,page-B,01KJP2Q9Z7MR3VPYE4MH3SC9C8,01KJP2SGRYQPGESDGRKTMMAJX4,C,A,0,0.0,4.0,1.0
01KJP22PXRH9VYFY7Z1HZVNSMN,page-B,01KJP2Q9Z7MR3VPYE4MH3SC9C8,01KJP2SNNP4ZB6K1QMGZX5CC0T,C,C,1,0.2857142857142857,4.0,1.0
01KJP22PXRH9VYFY7Z1HZVNSMN,page-B,01KJP2RBVR6E36EKC8HYRAV5GF,01KJP2RH1QNE571FNJRJ0ZHM7W,A,B,0,0.06666666666666667,4.0,1.0
01KJP22PXRH9VYFY7Z1HZVNSMN,page-B,01KJP2RBVR6E36EKC8HYRAV5GF,01KJP2RVD8SK7AN1X5EMGRM458,A,B,0,0.07142857142857142,4.0,1.0
01KJP22PXRH9VYFY7Z1HZVNSMN,page-B,01KJP2RBVR6E36EKC8HYRAV5GF,01KJP2SDQCR0935BS4E06A6D2G,A,C,0,0.13333333333333333,4.0,1.0
01KJP22PXRH9VYFY7Z1HZVNSMN,page-B,01KJP2RBVR6E36EKC8HYRAV5GF,01KJP2SGRYQPGESDGRKTMMAJX4,A,A,1,0.0,4.0,1.0
01KJP22PXRH9VYFY7Z1HZVNSMN,page-B,01KJP2RBVR6E36EKC8HYRAV5GF,01KJP2SNNP4ZB6K1QMGZX5CC0T,A,C,0,0.10526315789473684,4.0,1.0
01KJP22PXRH9VYFY7Z1HZVNSMN,page-B,01KJP2RH1QNE571FNJRJ0ZHM7W,01KJP2RVD8SK7AN1X5EMGRM458,B,B,1,0.6666666666666666,4.0,1.0
01KJP22PXRH9VYFY7Z1HZVNSMN,page-B,01KJP2RH1QNE571FNJRJ0ZHM7W,01KJP2SDQCR0935BS4E06A6D2G,B,C,0,0.0,4.0,1.0
01KJP22PXRH9VYFY7Z1HZVNSMN,page-B,01KJP2RH1QNE571FNJRJ0ZHM7W,01KJP2SGRYQPGESDGRKTMMAJX4,B,A,0,0.0,4.0,1.0
01KJP22PXRH9VYFY7Z1HZVNSMN,page-B,01KJP2RH1QNE571FNJRJ0ZHM7W,01KJP2SNNP4ZB6K1QMGZX5CC0T,B,C,0,0.0,4.0,1.0
01KJP22PXRH9VYFY7Z1HZVNSMN,page-B,01KJP2RVD8SK7AN1X5EMGRM458,01KJP2SDQCR0935BS4E06A6D2G,B,C,0,0.0,4.0,1.0
01KJP22PXRH9VYFY7Z1HZVNSMN,page-B,01KJP2RVD8SK7AN1X5EMGRM458,01KJP2SGRYQPGESDGRKTMMAJX4,B,A,0,0.0,4.0,1.0
01KJP22PXRH9VYFY7Z1HZVNSMN,page-B,01KJP2RVD8SK7AN1X5EMGRM458,01KJP2SNNP4ZB6K1QMGZX5CC0T,B,C,0,0.0,4.0,1.0
01KJP22PXRH9VYFY7Z1HZVNSMN,page-B,01KJP2SDQCR0935BS4E06A6D2G,01KJP2SGRYQPGESDGRKTMMAJX4,C,A,0,0.0,4.0,1.0
01KJP22PXRH9VYFY7Z1HZVNSMN,page-B,01KJP2SDQCR0935BS4E06A6D2G,01KJP2SNNP4ZB6K1QMGZX5CC0T,C,C,1,0.5,4.0,1.0
01KJP22PXRH9VYFY7Z1HZVNSMN,page-B,01KJP2SGRYQPGESDGRKTMMAJX4,01KJP2SNNP4ZB6K1QMGZX5CC0T,A,C,0,0.0,4.0,1.0
01KJP22PXRH9VYFY7Z1HZVNSMN,page-B,01KJP2Q4FMMNPG4DTS771Y4V70,01KJP2Q9Z7MR3VPYE4MH3SC9C8,A,C,0,0.0,5.0,1.0
01KJP22PXRH9VYFY7Z1HZVNSMN,page-B,01KJP2Q4FMMNPG4DTS771Y4V70,01KJP2RBVR6E36EKC8HYRAV5GF,A,A,1,0.0,5.0,1.0
01KJP22PXRH9VYFY7Z1HZVNSMN,page-B,01KJP2Q4FMMNPG4DTS771Y4V70,01KJP2RH1QNE571FNJRJ0ZHM7W,A,B,0,0.6666666666666666,5.0,1.0
01KJP22PXRH9VYFY7Z1HZVNSMN,page-B,01KJP2Q4FMMNPG4DTS771Y4V70,01KJP2RVD8SK7AN1X5EMGRM458,A,B,0,0.3333333333333333,5.0,1.0
01KJP22PXRH9VYFY7Z1HZVNSMN,page-B,01KJP2Q4FMMNPG4DTS771Y4V70,01KJP2SDQCR0935BS4E06A6D2G,A,C,0,0.0,5.0,1.0
01KJP22PXRH9VYFY7Z1HZVNSMN,page-B,01KJP2Q4FMMNPG4DTS771Y4V70,01KJP2SGRYQPGESDGRKTMMAJX4,A,A,1,0.0,5.0,1.0
01KJP22PXRH9VYFY7Z1HZVNSMN,page-B,01KJP2Q4FMMNPG4DTS771Y4V70,01KJP2SNNP4ZB6K1QMGZX5CC0T,A,C,0,0.0,5.0,1.0
01KJP22PXRH9VYFY7Z1HZVNSMN,page-B,01KJP2Q9Z7MR3VPYE4MH3SC9C8,01KJP2RBVR6E36EKC8HYRAV5GF,C,A,0,0.0,5.0,1.0
01KJP22PXRH9VYFY7Z1HZVNSMN,page-B,01KJP2Q9Z7MR3VPYE4MH3SC9C8,01KJP2RH1QNE571FNJRJ0ZHM7W,C,B,0,0.0,5.0,1.0
01KJP22PXRH9VYFY7Z1HZVNSMN,page-B,01KJP2Q9Z7MR3VPYE4MH3SC9C8,01KJP2RVD8SK7AN1X5EMGRM458,C,B,0,0.0,5.0,1.0
01KJP22PXRH9VYFY7Z1HZVNSMN,page-B,01KJP2Q9Z7MR3VPYE4MH3SC9C8,01KJP2SDQCR0935BS4E06A6D2G,C,C,1,0.5,5.0,1.0
01KJP22PXRH9VYFY7Z1HZVNSMN,page-B,01KJP2Q9Z7MR3VPYE4MH3SC9C8,01KJP2SGRYQPGESDGRKTMMAJX4,C,A,0,0.0,5.0,1.0
01KJP22PXRH9VYFY7Z1HZVNSMN,page-B,01KJP2Q9Z7MR3VPYE4MH3SC9C8,01KJP2SNNP4ZB6K1QMGZX5CC0T,C,C,1,0.4444444444444444,5.0,1.0
01KJP22PXRH9VYFY7Z1HZVNSMN,page-B,01KJP2RBVR6E36EKC8HYRAV5GF,01KJP2RH1QNE571FNJRJ0ZHM7W,A,B,0,0.0,5.0,1.0
01KJP22PXRH9VYFY7Z1HZVNSMN,page-B,01KJP2RBVR6E36EKC8HYRAV5GF,01KJP2RVD8SK7AN1X5EMGRM458,A,B,0,0.0,5.0,1.0
01KJP22PXRH9VYFY7Z1HZVNSMN,page-B,01KJP2RBVR6E36EKC8HYRAV5GF,01KJP2SDQCR0935BS4E06A6D2G,A,C,0,0.0,5.0,1.0
01KJP22PXRH9VYFY7Z1HZVNSMN,page-B,01KJP2RBVR6E36EKC8HYRAV5GF,01KJP2SGRYQPGESDGRKTMMAJX4,A,A,1,1.0,5.0,1.0
01KJP22PXRH9VYFY7Z1HZVNSMN,page-B,01KJP2RBVR6E36EKC8HYRAV5GF,01KJP2SNNP4ZB6K1QMGZX5CC0T,A,C,0,0.0,5.0,1.0
01KJP22PXRH9VYFY7Z1HZVNSMN,page-B,01KJP2RH1QNE571FNJRJ0ZHM7W,01KJP2RVD8SK7AN1X5EMGRM458,B,B,1,0.25,5.0,1.0
01KJP22PXRH9VYFY7Z1HZVNSMN,page-B,01KJP2RH1QNE571FNJRJ0ZHM7W,01KJP2SDQCR0935BS4E06A6D2G,B,C,0,0.0,5.0,1.0
01KJP22PXRH9VYFY7Z1HZVNSMN,page-B,01KJP2RH1QNE571FNJRJ0ZHM7W,01KJP2SGRYQPGESDGRKTMMAJX4,B,A,0,0.0,5.0,1.0
01KJP22PXRH9VYFY7Z1HZVNSMN,page-B,01KJP2RH1QNE571FNJRJ0ZHM7W,01KJP2SNNP4ZB6K1QMGZX5CC0T,B,C,0,0.0,5.0,1.0
01KJP22PXRH9VYFY7Z1HZVNSMN,page-B,01KJP2RVD8SK7AN1X5EMGRM458,01KJP2SDQCR0935BS4E06A6D2G,B,C,0,0.0,5.0,1.0
01KJP22PXRH9VYFY7Z1HZVNSMN,page-B,01KJP2RVD8SK7AN1X5EMGRM458,01KJP2SGRYQPGESDGRKTMMAJX4,B,A,0,0.0,5.0,1.0
01KJP22PXRH9VYFY7Z1HZVNSMN,page-B,01KJP2RVD8SK7AN1X5EMGRM458,01KJP2SNNP4ZB6K1QMGZX5CC0T,B,C,0,0.0,5.0,1.0
01KJP22PXRH9VYFY7Z1HZVNSMN,page-B,01KJP2SDQCR0935BS4E06A6D2G,01KJP2SGRYQPGESDGRKTMMAJX4,C,A,0,0.0,5.0,1.0
01KJP22PXRH9VYFY7Z1HZVNSMN,page-B,01KJP2SDQCR0935BS4E06A6D2G,01KJP2SNNP4ZB6K1QMGZX5CC0T,C,C,1,0.5,5.0,1.0
01KJP22PXRH9VYFY7Z1HZVNSMN,page-B,01KJP2SGRYQPGESDGRKTMMAJX4,01KJP2SNNP4ZB6K1QMGZX5CC0T,A,C,0,0.0,5.0,1.0
01KJP22PXRH9VYFY7Z1HZVNSMN,page9-46,01KJP2Q4FMMNPG4DTS771Y4V70,01KJP2RH1QNE571FNJRJ0ZHM7W,A,B,0,0.07142857142857142,1.0,1.0
01KJP22PXRH9VYFY7Z1HZVNSMN,page9-46,01KJP2Q4FMMNPG4DTS771Y4V70,01KJP2RVD8SK7AN1X5EMGRM458,A,B,0,0.0625,1.0,1.0
01KJP22PXRH9VYFY7Z1HZVNSMN,page9-46,01KJP2Q4FMMNPG4DTS771Y4V70,01KJP2SDQCR0935BS4E06A6D2G,A,C,0,0.06666666666666667,1.0,1.0
01KJP22PXRH9VYFY7Z1HZVNSMN,page9-46,01KJP2Q4FMMNPG4DTS771Y4V70,01KJP2SGRYQPGESDGRKTMMAJX4,A,A,1,0.1875,1.0,1.0
01KJP22PXRH9VYFY7Z1HZVNSMN,page9-46,01KJP2Q4FMMNPG4DTS771Y4V70,01KJP2SNNP4ZB6K1QMGZX5CC0T,A,C,0,0.045454545454545456,1.0,1.0
01KJP22PXRH9VYFY7Z1HZVNSMN,page9-46,01KJP2RH1QNE571FNJRJ0ZHM7W,01KJP2RVD8SK7AN1X5EMGRM458,B,B,1,0.1111111111111111,1.0,1.0
01KJP22PXRH9VYFY7Z1HZVNSMN,page9-46,01KJP2RH1QNE571FNJRJ0ZHM7W,01KJP2SDQCR0935BS4E06A6D2G,B,C,0,0.125,1.0,1.0
01KJP22PXRH9VYFY7Z1HZVNSMN,page9-46,01KJP2RH1QNE571FNJRJ0ZHM7W,01KJP2SGRYQPGESDGRKTMMAJX4,B,A,0,0.2,1.0,1.0
01KJP22PXRH9VYFY7Z1HZVNSMN,page9-46,01KJP2RH1QNE571FNJRJ0ZHM7W,01KJP2SNNP4ZB6K1QMGZX5CC0T,B,C,0,0.0,1.0,1.0
01KJP22PXRH9VYFY7Z1HZVNSMN,page9-46,01KJP2RVD8SK7AN1X5EMGRM458,01KJP2SDQCR0935BS4E06A6D2G,B,C,0,0.1,1.0,1.0
01KJP22PXRH9VYFY7Z1HZVNSMN,page9-46,01KJP2RVD8SK7AN1X5EMGRM458,01KJP2SGRYQPGESDGRKTMMAJX4,B,A,0,0.07692307692307693,1.0,1.0
01KJP22PXRH9VYFY7Z1HZVNSMN,page9-46,01KJP2RVD8SK7AN1X5EMGRM458,01KJP2SNNP4ZB6K1QMGZX5CC0T,B,C,0,0.2857142857142857,1.0,1.0
01KJP22PXRH9VYFY7Z1HZVNSMN,page9-46,01KJP2SDQCR0935BS4E06A6D2G,01KJP2SGRYQPGESDGRKTMMAJX4,C,A,0,0.08333333333333333,1.0,1.0
01KJP22PXRH9VYFY7Z1HZVNSMN,page9-46,01KJP2SDQCR0935BS4E06A6D2G,01KJP2SNNP4ZB6K1QMGZX5CC0T,C,C,1,0.0625,1.0,1.0
01KJP22PXRH9VYFY7Z1HZVNSMN,page9-46,01KJP2SGRYQPGESDGRKTMMAJX4,01KJP2SNNP4ZB6K1QMGZX5CC0T,A,C,0,0.05263157894736842,1.0,1.0
01KJP22PXRH9VYFY7Z1HZVNSMN,page9-46,01KJP2Q4FMMNPG4DTS771Y4V70,01KJP2Q9Z7MR3VPYE4MH3SC9C8,A,C,0,0.0,2.0,1.0
01KJP22PXRH9VYFY7Z1HZVNSMN,page9-46,01KJP2Q4FMMNPG4DTS771Y4V70,01KJP2RBVR6E36EKC8HYRAV5GF,A,A,1,0.0625,2.0,1.0
01KJP22PXRH9VYFY7Z1HZVNSMN,page9-46,01KJP2Q4FMMNPG4DTS771Y4V70,01KJP2RH1QNE571FNJRJ0ZHM7W,A,B,0,0.14285714285714285,2.0,1.0
01KJP22PXRH9VYFY7Z1HZVNSMN,page9-46,01KJP2Q4FMMNPG4DTS771Y4V70,01KJP2RVD8SK7AN1X5EMGRM458,A,B,0,0.0625,2.0,1.0
01KJP22PXRH9VYFY7Z1HZVNSMN,page9-46,01KJP2Q4FMMNPG4DTS771Y4V70,01KJP2SDQCR0935BS4E06A6D2G,A,C,0,0.06666666666666667,2.0,1.0
01KJP22PXRH9VYFY7Z1HZVNSMN,page9-46,01KJP2Q4FMMNPG4DTS771Y4V70,01KJP2SGRYQPGESDGRKTMMAJX4,A,A,1,0.1875,2.0,1.0
01KJP22PXRH9VYFY7Z1HZVNSMN,page9-46,01KJP2Q4FMMNPG4DTS771Y4V70,01KJP2SNNP4ZB6K1QMGZX5CC0T,A,C,0,0.045454545454545456,2.0,1.0
01KJP22PXRH9VYFY7Z1HZVNSMN,page9-46,01KJP2Q9Z7MR3VPYE4MH3SC9C8,01KJP2RBVR6E36EKC8HYRAV5GF,C,A,0,0.25,2.0,1.0
01KJP22PXRH9VYFY7Z1HZVNSMN,page9-46,01KJP2Q9Z7MR3VPYE4MH3SC9C8,01KJP2RH1QNE571FNJRJ0ZHM7W,C,B,0,0.0,2.0,1.0
01KJP22PXRH9VYFY7Z1HZVNSMN,page9-46,01KJP2Q9Z7MR3VPYE4MH3SC9C8,01KJP2RVD8SK7AN1X5EMGRM458,C,B,0,0.1111111111111111,2.0,1.0
01KJP22PXRH9VYFY7Z1HZVNSMN,page9-46,01KJP2Q9Z7MR3VPYE4MH3SC9C8,01KJP2SDQCR0935BS4E06A6D2G,C,C,1,0.2857142857142857,2.0,1.0
01KJP22PXRH9VYFY7Z1HZVNSMN,page9-46,01KJP2Q9Z7MR3VPYE4MH3SC9C8,01KJP2SGRYQPGESDGRKTMMAJX4,C,A,0,0.0,2.0,1.0
01KJP22PXRH9VYFY7Z1HZVNSMN,page9-46,01KJP2Q9Z7MR3VPYE4MH3SC9C8,01KJP2SNNP4ZB6K1QMGZX5CC0T,C,C,1,0.23076923076923078,2.0,1.0
01KJP22PXRH9VYFY7Z1HZVNSMN,page9-46,01KJP2RBVR6E36EKC8HYRAV5GF,01KJP2RH1QNE571FNJRJ0ZHM7W,A,B,0,0.1,2.0,1.0
01KJP22PXRH9VYFY7Z1HZVNSMN,page9-46,01KJP2RBVR6E36EKC8HYRAV5GF,01KJP2RVD8SK7AN1X5EMGRM458,A,B,0,0.09090909090909091,2.0,1.0
01KJP22PXRH9VYFY7Z1HZVNSMN,page9-46,01KJP2RBVR6E36EKC8HYRAV5GF,01KJP2SDQCR0935BS4E06A6D2G,A,C,0,0.1,2.0,1.0
01KJP22PXRH9VYFY7Z1HZVNSMN,page9-46,01KJP2RBVR6E36EKC8HYRAV5GF,01KJP2SGRYQPGESDGRKTMMAJX4,A,A,1,0.07692307692307693,2.0,1.0
01KJP22PXRH9VYFY7Z1HZVNSMN,page9-46,01KJP2RBVR6E36EKC8HYRAV5GF,01KJP2SNNP4ZB6K1QMGZX5CC0T,A,C,0,0.125,2.0,1.0
01KJP22PXRH9VYFY7Z1HZVNSMN,page9-46,01KJP2RH1QNE571FNJRJ0ZHM7W,01KJP2RVD8SK7AN1X5EMGRM458,B,B,1,0.1,2.0,1.0
01KJP22PXRH9VYFY7Z1HZVNSMN,page9-46,01KJP2RH1QNE571FNJRJ0ZHM7W,01KJP2SDQCR0935BS4E06A6D2G,B,C,0,0.0,2.0,1.0
01KJP22PXRH9VYFY7Z1HZVNSMN,page9-46,01KJP2RH1QNE571FNJRJ0ZHM7W,01KJP2SGRYQPGESDGRKTMMAJX4,B,A,0,0.18181818181818182,2.0,1.0
01KJP22PXRH9VYFY7Z1HZVNSMN,page9-46,01KJP2RH1QNE571FNJRJ0ZHM7W,01KJP2SNNP4ZB6K1QMGZX5CC0T,B,C,0,0.0625,2.0,1.0
01KJP22PXRH9VYFY7Z1HZVNSMN,page9-46,01KJP2RVD8SK7AN1X5EMGRM458,01KJP2SDQCR0935BS4E06A6D2G,B,C,0,0.1,2.0,1.0
01KJP22PXRH9VYFY7Z1HZVNSMN,page9-46,01KJP2RVD8SK7AN1X5EMGRM458,01KJP2SGRYQPGESDGRKTMMAJX4,B,A,0,0.07692307692307693,2.0,1.0
01KJP22PXRH9VYFY7Z1HZVNSMN,page9-46,01KJP2RVD8SK7AN1X5EMGRM458,01KJP2SNNP4ZB6K1QMGZX5CC0T,B,C,0,0.2857142857142857,2.0,1.0
01KJP22PXRH9VYFY7Z1HZVNSMN,page9-46,01KJP2SDQCR0935BS4E06A6D2G,01KJP2SGRYQPGESDGRKTMMAJX4,C,A,0,0.08333333333333333,2.0,1.0
01KJP22PXRH9VYFY7Z1HZVNSMN,page9-46,01KJP2SDQCR0935BS4E06A6D2G,01KJP2SNNP4ZB6K1QMGZX5CC0T,C,C,1,0.0625,2.0,1.0
01KJP22PXRH9VYFY7Z1HZVNSMN,page9-46,01KJP2SGRYQPGESDGRKTMMAJX4,01KJP2SNNP4ZB6K1QMGZX5CC0T,A,C,0,0.05263157894736842,2.0,1.0
01KJP22PXRH9VYFY7Z1HZVNSMN,page9-46,01KJP2Q4FMMNPG4DTS771Y4V70,01KJP2Q9Z7MR3VPYE4MH3SC9C8,A,C,0,0.15384615384615385,3.0,1.0
01KJP22PXRH9VYFY7Z1HZVNSMN,page9-46,01KJP2Q4FMMNPG4DTS771Y4V70,01KJP2RBVR6E36EKC8HYRAV5GF,A,A,1,0.13333333333333333,3.0,1.0
01KJP22PXRH9VYFY7Z1HZVNSMN,page9-46,01KJP2Q4FMMNPG4DTS771Y4V70,01KJP2RH1QNE571FNJRJ0ZHM7W,A,B,0,0.07142857142857142,3.0,1.0
01KJP22PXRH9VYFY7Z1HZVNSMN,page9-46,01KJP2Q4FMMNPG4DTS771Y4V70,01KJP2RVD8SK7AN1X5EMGRM458,A,B,0,0.21428571428571427,3.0,1.0
01KJP22PXRH9VYFY7Z1HZVNSMN,page9-46,01KJP2Q4FMMNPG4DTS771Y4V70,01KJP2SDQCR0935BS4E06A6D2G,A,C,0,0.06666666666666667,3.0,1.0
01KJP22PXRH9VYFY7Z1HZVNSMN,page9-46,01KJP2Q4FMMNPG4DTS771Y4V70,01KJP2SGRYQPGESDGRKTMMAJX4,A,A,1,0.05555555555555555,3.0,1.0
01KJP22PXRH9VYFY7Z1HZVNSMN,page9-46,01KJP2Q4FMMNPG4DTS771Y4V70,01KJP2SNNP4ZB6K1QMGZX5CC0T,A,C,0,0.13333333333333333,3.0,1.0
01KJP22PXRH9VYFY7Z1HZVNSMN,page9-46,01KJP2Q9Z7MR3VPYE4MH3SC9C8,01KJP2RBVR6E36EKC8HYRAV5GF,C,A,0,0.25,3.0,1.0
01KJP22PXRH9VYFY7Z1HZVNSMN,page9-46,01KJP2Q9Z7MR3VPYE4MH3SC9C8,01KJP2RH1QNE571FNJRJ0ZHM7W,C,B,0,0.0,3.0,1.0
01KJP22PXRH9VYFY7Z1HZVNSMN,page9-46,01KJP2Q9Z7MR3VPYE4MH3SC9C8,01KJP2RVD8SK7AN1X5EMGRM458,C,B,0,0.1111111111111111,3.0,1.0
01KJP22PXRH9VYFY7Z1HZVNSMN,page9-46,01KJP2Q9Z7MR3VPYE4MH3SC9C8,01KJP2SDQCR0935BS4E06A6D2G,C,C,1,0.2857142857142857,3.0,1.0
01KJP22PXRH9VYFY7Z1HZVNSMN,page9-46,01KJP2Q9Z7MR3VPYE4MH3SC9C8,01KJP2SGRYQPGESDGRKTMMAJX4,C,A,0,0.0,3.0,1.0
01KJP22PXRH9VYFY7Z1HZVNSMN,page9-46,01KJP2Q9Z7MR3VPYE4MH3SC9C8,01KJP2SNNP4ZB6K1QMGZX5CC0T,C,C,1,0.6666666666666666,3.0,1.0
01KJP22PXRH9VYFY7Z1HZVNSMN,page9-46,01KJP2RBVR6E36EKC8HYRAV5GF,01KJP2RH1QNE571FNJRJ0ZHM7W,A,B,0,0.1111111111111111,3.0,1.0
01KJP22PXRH9VYFY7Z1HZVNSMN,page9-46,01KJP2RBVR6E36EKC8HYRAV5GF,01KJP2RVD8SK7AN1X5EMGRM458,A,B,0,0.09090909090909091,3.0,1.0
01KJP22PXRH9VYFY7Z1HZVNSMN,page9-46,01KJP2RBVR6E36EKC8HYRAV5GF,01KJP2SDQCR0935BS4E06A6D2G,A,C,0,0.1,3.0,1.0
01KJP22PXRH9VYFY7Z1HZVNSMN,page9-46,01KJP2RBVR6E36EKC8HYRAV5GF,01KJP2SGRYQPGESDGRKTMMAJX4,A,A,1,0.07692307692307693,3.0,1.0
01KJP22PXRH9VYFY7Z1HZVNSMN,page9-46,01KJP2RBVR6E36EKC8HYRAV5GF,01KJP2SNNP4ZB6K1QMGZX5CC0T,A,C,0,0.2,3.0,1.0
01KJP22PXRH9VYFY7Z1HZVNSMN,page9-46,01KJP2RH1QNE571FNJRJ0ZHM7W,01KJP2RVD8SK7AN1X5EMGRM458,B,B,1,0.1111111111111111,3.0,1.0
01KJP22PXRH9VYFY7Z1HZVNSMN,page9-46,01KJP2RH1QNE571FNJRJ0ZHM7W,01KJP2SDQCR0935BS4E06A6D2G,B,C,0,0.0,3.0,1.0
01KJP22PXRH9VYFY7Z1HZVNSMN,page9-46,01KJP2RH1QNE571FNJRJ0ZHM7W,01KJP2SGRYQPGESDGRKTMMAJX4,B,A,0,0.2,3.0,1.0
01KJP22PXRH9VYFY7Z1HZVNSMN,page9-46,01KJP2RH1QNE571FNJRJ0ZHM7W,01KJP2SNNP4ZB6K1QMGZX5CC0T,B,C,0,0.0,3.0,1.0
01KJP22PXRH9VYFY7Z1HZVNSMN,page9-46,01KJP2RVD8SK7AN1X5EMGRM458,01KJP2SDQCR0935BS4E06A6D2G,B,C,0,0.1,3.0,1.0
01KJP22PXRH9VYFY7Z1HZVNSMN,page9-46,01KJP2RVD8SK7AN1X5EMGRM458,01KJP2SGRYQPGESDGRKTMMAJX4,B,A,0,0.07692307692307693,3.0,1.0
01KJP22PXRH9VYFY7Z1HZVNSMN,page9-46,01KJP2RVD8SK7AN1X5EMGRM458,01KJP2SNNP4ZB6K1QMGZX5CC0T,B,C,0,0.09090909090909091,3.0,1.0
01KJP22PXRH9VYFY7Z1HZVNSMN,page9-46,01KJP2SDQCR0935BS4E06A6D2G,01KJP2SGRYQPGESDGRKTMMAJX4,C,A,0,0.08333333333333333,3.0,1.0
01KJP22PXRH9VYFY7Z1HZVNSMN,page9-46,01KJP2SDQCR0935BS4E06A6D2G,01KJP2SNNP4ZB6K1QMGZX5CC0T,C,C,1,0.2222222222222222,3.0,1.0
01KJP22PXRH9VYFY7Z1HZVNSMN,page9-46,01KJP2SGRYQPGESDGRKTMMAJX4,01KJP2SNNP4ZB6K1QMGZX5CC0T,A,C,0,0.0,3.0,1.0
01KJP22PXRH9VYFY7Z1HZVNSMN,page9-46,01KJP2Q4FMMNPG4DTS771Y4V70,01KJP2Q9Z7MR3VPYE4MH3SC9C8,A,C,0,0.15384615384615385,4.0,1.0
01KJP22PXRH9VYFY7Z1HZVNSMN,page9-46,01KJP2Q4FMMNPG4DTS771Y4V70,01KJP2RBVR6E36EKC8HYRAV5GF,A,A,1,0.13333333333333333,4.0,1.0
01KJP22PXRH9VYFY7Z1HZVNSMN,page9-46,01KJP2Q4FMMNPG4DTS771Y4V70,01KJP2RH1QNE571FNJRJ0ZHM7W,A,B,0,0.07142857142857142,4.0,1.0
01KJP22PXRH9VYFY7Z1HZVNSMN,page9-46,01KJP2Q4FMMNPG4DTS771Y4V70,01KJP2RVD8SK7AN1X5EMGRM458,A,B,0,0.07692307692307693,4.0,1.0
01KJP22PXRH9VYFY7Z1HZVNSMN,page9-46,01KJP2Q4FMMNPG4DTS771Y4V70,01KJP2SDQCR0935BS4E06A6D2G,A,C,0,0.15384615384615385,4.0,1.0
01KJP22PXRH9VYFY7Z1HZVNSMN,page9-46,01KJP2Q4FMMNPG4DTS771Y4V70,01KJP2SGRYQPGESDGRKTMMAJX4,A,A,1,0.0625,4.0,1.0
01KJP22PXRH9VYFY7Z1HZVNSMN,page9-46,01KJP2Q4FMMNPG4DTS771Y4V70,01KJP2SNNP4ZB6K1QMGZX5CC0T,A,C,0,0.13333333333333333,4.0,1.0
01KJP22PXRH9VYFY7Z1HZVNSMN,page9-46,01KJP2Q9Z7MR3VPYE4MH3SC9C8,01KJP2RBVR6E36EKC8HYRAV5GF,C,A,0,0.25,4.0,1.0
01KJP22PXRH9VYFY7Z1HZVNSMN,page9-46,01KJP2Q9Z7MR3VPYE4MH3SC9C8,01KJP2RH1QNE571FNJRJ0ZHM7W,C,B,0,0.0,4.0,1.0
01KJP22PXRH9VYFY7Z1HZVNSMN,page9-46,01KJP2Q9Z7MR3VPYE4MH3SC9C8,01KJP2RVD8SK7AN1X5EMGRM458,C,B,0,0.0,4.0,1.0
01KJP22PXRH9VYFY7Z1HZVNSMN,page9-46,01KJP2Q9Z7MR3VPYE4MH3SC9C8,01KJP2SDQCR0935BS4E06A6D2G,C,C,1,0.6,4.0,1.0
01KJP22PXRH9VYFY7Z1HZVNSMN,page9-46,01KJP2Q9Z7MR3VPYE4MH3SC9C8,01KJP2SGRYQPGESDGRKTMMAJX4,C,A,0,0.1111111111111111,4.0,1.0
01KJP22PXRH9VYFY7Z1HZVNSMN,page9-46,01KJP2Q9Z7MR3VPYE4MH3SC9C8,01KJP2SNNP4ZB6K1QMGZX5CC0T,C,C,1,0.6666666666666666,4.0,1.0
01KJP22PXRH9VYFY7Z1HZVNSMN,page9-46,01KJP2RBVR6E36EKC8HYRAV5GF,01KJP2RH1QNE571FNJRJ0ZHM7W,A,B,0,0.1111111111111111,4.0,1.0
01KJP22PXRH9VYFY7Z1HZVNSMN,page9-46,01KJP2RBVR6E36EKC8HYRAV5GF,01KJP2RVD8SK7AN1X5EMGRM458,A,B,0,0.125,4.0,1.0
01KJP22PXRH9VYFY7Z1HZVNSMN,page9-46,01KJP2RBVR6E36EKC8HYRAV5GF,01KJP2SDQCR0935BS4E06A6D2G,A,C,0,0.25,4.0,1.0
01KJP22PXRH9VYFY7Z1HZVNSMN,page9-46,01KJP2RBVR6E36EKC8HYRAV5GF,01KJP2SGRYQPGESDGRKTMMAJX4,A,A,1,0.09090909090909091,4.0,1.0
01KJP22PXRH9VYFY7Z1HZVNSMN,page9-46,01KJP2RBVR6E36EKC8HYRAV5GF,01KJP2SNNP4ZB6K1QMGZX5CC0T,A,C,0,0.2,4.0,1.0
01KJP22PXRH9VYFY7Z1HZVNSMN,page9-46,01KJP2RH1QNE571FNJRJ0ZHM7W,01KJP2RVD8SK7AN1X5EMGRM458,B,B,1,0.75,4.0,1.0
01KJP22PXRH9VYFY7Z1HZVNSMN,page9-46,01KJP2RH1QNE571FNJRJ0ZHM7W,01KJP2SDQCR0935BS4E06A6D2G,B,C,0,0.0,4.0,1.0
01KJP22PXRH9VYFY7Z1HZVNSMN,page9-46,01KJP2RH1QNE571FNJRJ0ZHM7W,01KJP2SGRYQPGESDGRKTMMAJX4,B,A,0,0.0,4.0,1.0
01KJP22PXRH9VYFY7Z1HZVNSMN,page9-46,01KJP2RH1QNE571FNJRJ0ZHM7W,01KJP2SNNP4ZB6K1QMGZX5CC0T,B,C,0,0.0,4.0,1.0
01KJP22PXRH9VYFY7Z1HZVNSMN,page9-46,01KJP2RVD8SK7AN1X5EMGRM458,01KJP2SDQCR0935BS4E06A6D2G,B,C,0,0.0,4.0,1.0
01KJP22PXRH9VYFY7Z1HZVNSMN,page9-46,01KJP2RVD8SK7AN1X5EMGRM458,01KJP2SGRYQPGESDGRKTMMAJX4,B,A,0,0.0,4.0,1.0
01KJP22PXRH9VYFY7Z1HZVNSMN,page9-46,01KJP2RVD8SK7AN1X5EMGRM458,01KJP2SNNP4ZB6K1QMGZX5CC0T,B,C,0,0.0,4.0,1.0
01KJP22PXRH9VYFY7Z1HZVNSMN,page9-46,01KJP2SDQCR0935BS4E06A6D2G,01KJP2SGRYQPGESDGRKTMMAJX4,C,A,0,0.1111111111111111,4.0,1.0
01KJP22PXRH9VYFY7Z1HZVNSMN,page9-46,01KJP2SDQCR0935BS4E06A6D2G,01KJP2SNNP4ZB6K1QMGZX5CC0T,C,C,1,0.42857142857142855,4.0,1.0
01KJP22PXRH9VYFY7Z1HZVNSMN,page9-46,01KJP2SGRYQPGESDGRKTMMAJX4,01KJP2SNNP4ZB6K1QMGZX5CC0T,A,C,0,0.09090909090909091,4.0,1.0
01KJP22PXRH9VYFY7Z1HZVNSMN,page9-46,01KJP2Q4FMMNPG4DTS771Y4V70,01KJP2Q9Z7MR3VPYE4MH3SC9C8,A,C,0,0.07692307692307693,5.0,1.0
01KJP22PXRH9VYFY7Z1HZVNSMN,page9-46,01KJP2Q4FMMNPG4DTS771Y4V70,01KJP2RBVR6E36EKC8HYRAV5GF,A,A,1,0.2222222222222222,5.0,1.0
01KJP22PXRH9VYFY7Z1HZVNSMN,page9-46,01KJP2Q4FMMNPG4DTS771Y4V70,01KJP2RH1QNE571FNJRJ0ZHM7W,A,B,0,0.07142857142857142,5.0,1.0
01KJP22PXRH9VYFY7Z1HZVNSMN,page9-46,01KJP2Q4FMMNPG4DTS771Y4V70,01KJP2RVD8SK7AN1X5EMGRM458,A,B,0,0.07692307692307693,5.0,1.0
01KJP22PXRH9VYFY7Z1HZVNSMN,page9-46,01KJP2Q4FMMNPG4DTS771Y4V70,01KJP2SDQCR0935BS4E06A6D2G,A,C,0,0.15384615384615385,5.0,1.0
01KJP22PXRH9VYFY7Z1HZVNSMN,page9-46,01KJP2Q4FMMNPG4DTS771Y4V70,01KJP2SGRYQPGESDGRKTMMAJX4,A,A,1,0.0625,5.0,1.0
01KJP22PXRH9VYFY7Z1HZVNSMN,page9-46,01KJP2Q4FMMNPG4DTS771Y4V70,01KJP2SNNP4ZB6K1QMGZX5CC0T,A,C,0,0.13333333333333333,5.0,1.0
01KJP22PXRH9VYFY7Z1HZVNSMN,page9-46,01KJP2Q9Z7MR3VPYE4MH3SC9C8,01KJP2RBVR6E36EKC8HYRAV5GF,C,A,0,0.07692307692307693,5.0,1.0
01KJP22PXRH9VYFY7Z1HZVNSMN,page9-46,01KJP2Q9Z7MR3VPYE4MH3SC9C8,01KJP2RH1QNE571FNJRJ0ZHM7W,C,B,0,0.0,5.0,1.0
01KJP22PXRH9VYFY7Z1HZVNSMN,page9-46,01KJP2Q9Z7MR3VPYE4MH3SC9C8,01KJP2RVD8SK7AN1X5EMGRM458,C,B,0,0.0,5.0,1.0
01KJP22PXRH9VYFY7Z1HZVNSMN,page9-46,01KJP2Q9Z7MR3VPYE4MH3SC9C8,01KJP2SDQCR0935BS4E06A6D2G,C,C,1,0.4,5.0,1.0
01KJP22PXRH9VYFY7Z1HZVNSMN,page9-46,01KJP2Q9Z7MR3VPYE4MH3SC9C8,01KJP2SGRYQPGESDGRKTMMAJX4,C,A,0,0.0,5.0,1.0
01KJP22PXRH9VYFY7Z1HZVNSMN,page9-46,01KJP2Q9Z7MR3VPYE4MH3SC9C8,01KJP2SNNP4ZB6K1QMGZX5CC0T,C,C,1,0.2857142857142857,5.0,1.0
01KJP22PXRH9VYFY7Z1HZVNSMN,page9-46,01KJP2RBVR6E36EKC8HYRAV5GF,01KJP2RH1QNE571FNJRJ0ZHM7W,A,B,0,0.07142857142857142,5.0,1.0
01KJP22PXRH9VYFY7Z1HZVNSMN,page9-46,01KJP2RBVR6E36EKC8HYRAV5GF,01KJP2RVD8SK7AN1X5EMGRM458,A,B,0,0.07692307692307693,5.0,1.0
01KJP22PXRH9VYFY7Z1HZVNSMN,page9-46,01KJP2RBVR6E36EKC8HYRAV5GF,01KJP2SDQCR0935BS4E06A6D2G,A,C,0,0.15384615384615385,5.0,1.0
01KJP22PXRH9VYFY7Z1HZVNSMN,page9-46,01KJP2RBVR6E36EKC8HYRAV5GF,01KJP2SGRYQPGESDGRKTMMAJX4,A,A,1,0.0625,5.0,1.0
01KJP22PXRH9VYFY7Z1HZVNSMN,page9-46,01KJP2RBVR6E36EKC8HYRAV5GF,01KJP2SNNP4ZB6K1QMGZX5CC0T,A,C,0,0.13333333333333333,5.0,1.0
01KJP22PXRH9VYFY7Z1HZVNSMN,page9-46,01KJP2RH1QNE571FNJRJ0ZHM7W,01KJP2RVD8SK7AN1X5EMGRM458,B,B,1,0.75,5.0,1.0
01KJP22PXRH9VYFY7Z1HZVNSMN,page9-46,01KJP2RH1QNE571FNJRJ0ZHM7W,01KJP2SDQCR0935BS4E06A6D2G,B,C,0,0.0,5.0,1.0
01KJP22PXRH9VYFY7Z1HZVNSMN,page9-46,01KJP2RH1QNE571FNJRJ0ZHM7W,01KJP2SGRYQPGESDGRKTMMAJX4,B,A,0,0.0,5.0,1.0
01KJP22PXRH9VYFY7Z1HZVNSMN,page9-46,01KJP2RH1QNE571FNJRJ0ZHM7W,01KJP2SNNP4ZB6K1QMGZX5CC0T,B,C,0,0.0,5.0,1.0
01KJP22PXRH9VYFY7Z1HZVNSMN,page9-46,01KJP2RVD8SK7AN1X5EMGRM458,01KJP2SDQCR0935BS4E06A6D2G,B,C,0,0.0,5.0,1.0
01KJP22PXRH9VYFY7Z1HZVNSMN,page9-46,01KJP2RVD8SK7AN1X5EMGRM458,01KJP2SGRYQPGESDGRKTMMAJX4,B,A,0,0.0,5.0,1.0
01KJP22PXRH9VYFY7Z1HZVNSMN,page9-46,01KJP2RVD8SK7AN1X5EMGRM458,01KJP2SNNP4ZB6K1QMGZX5CC0T,B,C,0,0.0,5.0,1.0
01KJP22PXRH9VYFY7Z1HZVNSMN,page9-46,01KJP2SDQCR0935BS4E06A6D2G,01KJP2SGRYQPGESDGRKTMMAJX4,C,A,0,0.1111111111111111,5.0,1.0
01KJP22PXRH9VYFY7Z1HZVNSMN,page9-46,01KJP2SDQCR0935BS4E06A6D2G,01KJP2SNNP4ZB6K1QMGZX5CC0T,C,C,1,0.42857142857142855,5.0,1.0
01KJP22PXRH9VYFY7Z1HZVNSMN,page9-46,01KJP2SGRYQPGESDGRKTMMAJX4,01KJP2SNNP4ZB6K1QMGZX5CC0T,A,C,0,0.09090909090909091,5.0,1.0
01KJP22PXRH9VYFY7Z1HZVNSMN,page7-107,01KJP2Q9Z7MR3VPYE4MH3SC9C8,01KJP2RBVR6E36EKC8HYRAV5GF,C,A,0,0.42857142857142855,2.0,1.0
01KJP22PXRH9VYFY7Z1HZVNSMN,page7-107,01KJP2Q9Z7MR3VPYE4MH3SC9C8,01KJP2RH1QNE571FNJRJ0ZHM7W,C,B,0,0.0,2.0,1.0
01KJP22PXRH9VYFY7Z1HZVNSMN,page7-107,01KJP2Q9Z7MR3VPYE4MH3SC9C8,01KJP2RVD8SK7AN1X5EMGRM458,C,B,0,0.0,2.0,1.0
01KJP22PXRH9VYFY7Z1HZVNSMN,page7-107,01KJP2Q9Z7MR3VPYE4MH3SC9C8,01KJP2SDQCR0935BS4E06A6D2G,C,C,1,0.2857142857142857,2.0,1.0
01KJP22PXRH9VYFY7Z1HZVNSMN,page7-107,01KJP2Q9Z7MR3VPYE4MH3SC9C8,01KJP2SGRYQPGESDGRKTMMAJX4,C,A,0,0.18181818181818182,2.0,1.0
01KJP22PXRH9VYFY7Z1HZVNSMN,page7-107,01KJP2Q9Z7MR3VPYE4MH3SC9C8,01KJP2SNNP4ZB6K1QMGZX5CC0T,C,C,1,0.2727272727272727,2.0,1.0
01KJP22PXRH9VYFY7Z1HZVNSMN,page7-107,01KJP2RBVR6E36EKC8HYRAV5GF,01KJP2RH1QNE571FNJRJ0ZHM7W,A,B,0,0.125,2.0,1.0
01KJP22PXRH9VYFY7Z1HZVNSMN,page7-107,01KJP2RBVR6E36EKC8HYRAV5GF,01KJP2RVD8SK7AN1X5EMGRM458,A,B,0,0.1111111111111111,2.0,1.0
01KJP22PXRH9VYFY7Z1HZVNSMN,page7-107,01KJP2RBVR6E36EKC8HYRAV5GF,01KJP2SDQCR0935BS4E06A6D2G,A,C,0,0.2857142857142857,2.0,1.0
01KJP22PXRH9VYFY7Z1HZVNSMN,page7-107,01KJP2RBVR6E36EKC8HYRAV5GF,01KJP2SGRYQPGESDGRKTMMAJX4,A,A,1,0.18181818181818182,2.0,1.0
01KJP22PXRH9VYFY7Z1HZVNSMN,page7-107,01KJP2RBVR6E36EKC8HYRAV5GF,01KJP2SNNP4ZB6K1QMGZX5CC0T,A,C,0,0.16666666666666666,2.0,1.0
01KJP22PXRH9VYFY7Z1HZVNSMN,page7-107,01KJP2RH1QNE571FNJRJ0ZHM7W,01KJP2RVD8SK7AN1X5EMGRM458,B,B,1,0.8,2.0,1.0
01KJP22PXRH9VYFY7Z1HZVNSMN,page7-107,01KJP2RH1QNE571FNJRJ0ZHM7W,01KJP2SDQCR0935BS4E06A6D2G,B,C,0,0.0,2.0,1.0
01KJP22PXRH9VYFY7Z1HZVNSMN,page7-107,01KJP2RH1QNE571FNJRJ0ZHM7W,01KJP2SGRYQPGESDGRKTMMAJX4,B,A,0,0.0,2.0,1.0
01KJP22PXRH9VYFY7Z1HZVNSMN,page7-107,01KJP2RH1QNE571FNJRJ0ZHM7W,01KJP2SNNP4ZB6K1QMGZX5CC0T,B,C,0,0.0,2.0,1.0
01KJP22PXRH9VYFY7Z1HZVNSMN,page7-107,01KJP2RVD8SK7AN1X5EMGRM458,01KJP2SDQCR0935BS4E06A6D2G,B,C,0,0.0,2.0,1.0
01KJP22PXRH9VYFY7Z1HZVNSMN,page7-107,01KJP2RVD8SK7AN1X5EMGRM458,01KJP2SGRYQPGESDGRKTMMAJX4,B,A,0,0.0,2.0,1.0
01KJP22PXRH9VYFY7Z1HZVNSMN,page7-107,01KJP2RVD8SK7AN1X5EMGRM458,01KJP2SNNP4ZB6K1QMGZX5CC0T,B,C,0,0.0,2.0,1.0
01KJP22PXRH9VYFY7Z1HZVNSMN,page7-107,01KJP2SDQCR0935BS4E06A6D2G,01KJP2SGRYQPGESDGRKTMMAJX4,C,A,0,0.2,2.0,1.0
01KJP22PXRH9VYFY7Z1HZVNSMN,page7-107,01KJP2SDQCR0935BS4E06A6D2G,01KJP2SNNP4ZB6K1QMGZX5CC0T,C,C,1,0.18181818181818182,2.0,1.0
01KJP22PXRH9VYFY7Z1HZVNSMN,page7-107,01KJP2SGRYQPGESDGRKTMMAJX4,01KJP2SNNP4ZB6K1QMGZX5CC0T,A,C,0,0.13333333333333333,2.0,1.0
01KJP22PXRH9VYFY7Z1HZVNSMN,page7-107,01KJP2Q4FMMNPG4DTS771Y4V70,01KJP2Q9Z7MR3VPYE4MH3SC9C8,A,C,0,0.4,3.0,1.0
01KJP22PXRH9VYFY7Z1HZVNSMN,page7-107,01KJP2Q4FMMNPG4DTS771Y4V70,01KJP2RBVR6E36EKC8HYRAV5GF,A,A,1,0.4,3.0,1.0
01KJP22PXRH9VYFY7Z1HZVNSMN,page7-107,01KJP2Q4FMMNPG4DTS771Y4V70,01KJP2RH1QNE571FNJRJ0ZHM7W,A,B,0,0.0,3.0,1.0
01KJP22PXRH9VYFY7Z1HZVNSMN,page7-107,01KJP2Q4FMMNPG4DTS771Y4V70,01KJP2RVD8SK7AN1X5EMGRM458,A,B,0,0.0,3.0,1.0
01KJP22PXRH9VYFY7Z1HZVNSMN,page7-107,01KJP2Q4FMMNPG4DTS771Y4V70,01KJP2SDQCR0935BS4E06A6D2G,A,C,0,0.2,3.0,1.0
01KJP22PXRH9VYFY7Z1HZVNSMN,page7-107,01KJP2Q4FMMNPG4DTS771Y4V70,01KJP2SGRYQPGESDGRKTMMAJX4,A,A,1,0.1111111111111111,3.0,1.0
01KJP22PXRH9VYFY7Z1HZVNSMN,page7-107,01KJP2Q4FMMNPG4DTS771Y4V70,01KJP2SNNP4ZB6K1QMGZX5CC0T,A,C,0,0.125,3.0,1.0
01KJP22PXRH9VYFY7Z1HZVNSMN,page7-107,01KJP2Q9Z7MR3VPYE4MH3SC9C8,01KJP2RBVR6E36EKC8HYRAV5GF,C,A,0,0.42857142857142855,3.0,1.0
01KJP22PXRH9VYFY7Z1HZVNSMN,page7-107,01KJP2Q9Z7MR3VPYE4MH3SC9C8,01KJP2RH1QNE571FNJRJ0ZHM7W,C,B,0,0.0,3.0,1.0
01KJP22PXRH9VYFY7Z1HZVNSMN,page7-107,01KJP2Q9Z7MR3VPYE4MH3SC9C8,01KJP2RVD8SK7AN1X5EMGRM458,C,B,0,0.0,3.0,1.0
01KJP22PXRH9VYFY7Z1HZVNSMN,page7-107,01KJP2Q9Z7MR3VPYE4MH3SC9C8,01KJP2SDQCR0935BS4E06A6D2G,C,C,1,0.2857142857142857,3.0,1.0
01KJP22PXRH9VYFY7Z1HZVNSMN,page7-107,01KJP2Q9Z7MR3VPYE4MH3SC9C8,01KJP2SGRYQPGESDGRKTMMAJX4,C,A,0,0.18181818181818182,3.0,1.0
01KJP22PXRH9VYFY7Z1HZVNSMN,page7-107,01KJP2Q9Z7MR3VPYE4MH3SC9C8,01KJP2SNNP4ZB6K1QMGZX5CC0T,C,C,1,0.2,3.0,1.0
01KJP22PXRH9VYFY7Z1HZVNSMN,page7-107,01KJP2RBVR6E36EKC8HYRAV5GF,01KJP2RH1QNE571FNJRJ0ZHM7W,A,B,0,0.0,3.0,1.0
01KJP22PXRH9VYFY7Z1HZVNSMN,page7-107,01KJP2RBVR6E36EKC8HYRAV5GF,01KJP2RVD8SK7AN1X5EMGRM458,A,B,0,0.1111111111111111,3.0,1.0
01KJP22PXRH9VYFY7Z1HZVNSMN,page7-107,01KJP2RBVR6E36EKC8HYRAV5GF,01KJP2SDQCR0935BS4E06A6D2G,A,C,0,0.2857142857142857,3.0,1.0
01KJP22PXRH9VYFY7Z1HZVNSMN,page7-107,01KJP2RBVR6E36EKC8HYRAV5GF,01KJP2SGRYQPGESDGRKTMMAJX4,A,A,1,0.18181818181818182,3.0,1.0
01KJP22PXRH9VYFY7Z1HZVNSMN,page7-107,01KJP2RBVR6E36EKC8HYRAV5GF,01KJP2SNNP4ZB6K1QMGZX5CC0T,A,C,0,0.09090909090909091,3.0,1.0
01KJP22PXRH9VYFY7Z1HZVNSMN,page7-107,01KJP2RH1QNE571FNJRJ0ZHM7W,01KJP2RVD8SK7AN1X5EMGRM458,B,B,1,0.16666666666666666,3.0,1.0
01KJP22PXRH9VYFY7Z1HZVNSMN,page7-107,01KJP2RH1QNE571FNJRJ0ZHM7W,01KJP2SDQCR0935BS4E06A6D2G,B,C,0,0.0,3.0,1.0
01KJP22PXRH9VYFY7Z1HZVNSMN,page7-107,01KJP2RH1QNE571FNJRJ0ZHM7W,01KJP2SGRYQPGESDGRKTMMAJX4,B,A,0,0.0,3.0,1.0
01KJP22PXRH9VYFY7Z1HZVNSMN,page7-107,01KJP2RH1QNE571FNJRJ0ZHM7W,01KJP2SNNP4ZB6K1QMGZX5CC0T,B,C,0,0.0,3.0,1.0
01KJP22PXRH9VYFY7Z1HZVNSMN,page7-107,01KJP2RVD8SK7AN1X5EMGRM458,01KJP2SDQCR0935BS4E06A6D2G,B,C,0,0.0,3.0,1.0
01KJP22PXRH9VYFY7Z1HZVNSMN,page7-107,01KJP2RVD8SK7AN1X5EMGRM458,01KJP2SGRYQPGESDGRKTMMAJX4,B,A,0,0.0,3.0,1.0
01KJP22PXRH9VYFY7Z1HZVNSMN,page7-107,01KJP2RVD8SK7AN1X5EMGRM458,01KJP2SNNP4ZB6K1QMGZX5CC0T,B,C,0,0.0,3.0,1.0
01KJP22PXRH9VYFY7Z1HZVNSMN,page7-107,01KJP2SDQCR0935BS4E06A6D2G,01KJP2SGRYQPGESDGRKTMMAJX4,C,A,0,0.2,3.0,1.0
01KJP22PXRH9VYFY7Z1HZVNSMN,page7-107,01KJP2SDQCR0935BS4E06A6D2G,01KJP2SNNP4ZB6K1QMGZX5CC0T,C,C,1,0.1,3.0,1.0
01KJP22PXRH9VYFY7Z1HZVNSMN,page7-107,01KJP2SGRYQPGESDGRKTMMAJX4,01KJP2SNNP4ZB6K1QMGZX5CC0T,A,C,0,0.07142857142857142,3.0,1.0
01KJP22PXRH9VYFY7Z1HZVNSMN,page7-107,01KJP2Q4FMMNPG4DTS771Y4V70,01KJP2Q9Z7MR3VPYE4MH3SC9C8,A,C,0,0.4,4.0,1.0
01KJP22PXRH9VYFY7Z1HZVNSMN,page7-107,01KJP2Q4FMMNPG4DTS771Y4V70,01KJP2RBVR6E36EKC8HYRAV5GF,A,A,1,0.4,4.0,1.0
01KJP22PXRH9VYFY7Z1HZVNSMN,page7-107,01KJP2Q4FMMNPG4DTS771Y4V70,01KJP2RH1QNE571FNJRJ0ZHM7W,A,B,0,0.0,4.0,1.0
01KJP22PXRH9VYFY7Z1HZVNSMN,page7-107,01KJP2Q4FMMNPG4DTS771Y4V70,01KJP2RVD8SK7AN1X5EMGRM458,A,B,0,0.0,4.0,1.0
01KJP22PXRH9VYFY7Z1HZVNSMN,page7-107,01KJP2Q4FMMNPG4DTS771Y4V70,01KJP2SDQCR0935BS4E06A6D2G,A,C,0,0.25,4.0,1.0
01KJP22PXRH9VYFY7Z1HZVNSMN,page7-107,01KJP2Q4FMMNPG4DTS771Y4V70,01KJP2SGRYQPGESDGRKTMMAJX4,A,A,1,0.1111111111111111,4.0,1.0
01KJP22PXRH9VYFY7Z1HZVNSMN,page7-107,01KJP2Q4FMMNPG4DTS771Y4V70,01KJP2SNNP4ZB6K1QMGZX5CC0T,A,C,0,0.125,4.0,1.0
01KJP22PXRH9VYFY7Z1HZVNSMN,page7-107,01KJP2Q9Z7MR3VPYE4MH3SC9C8,01KJP2RBVR6E36EKC8HYRAV5GF,C,A,0,0.42857142857142855,4.0,1.0
01KJP22PXRH9VYFY7Z1HZVNSMN,page7-107,01KJP2Q9Z7MR3VPYE4MH3SC9C8,01KJP2RH1QNE571FNJRJ0ZHM7W,C,B,0,0.0,4.0,1.0
01KJP22PXRH9VYFY7Z1HZVNSMN,page7-107,01KJP2Q9Z7MR3VPYE4MH3SC9C8,01KJP2RVD8SK7AN1X5EMGRM458,C,B,0,0.0,4.0,1.0
01KJP22PXRH9VYFY7Z1HZVNSMN,page7-107,01KJP2Q9Z7MR3VPYE4MH3SC9C8,01KJP2SDQCR0935BS4E06A6D2G,C,C,1,0.14285714285714285,4.0,1.0
01KJP22PXRH9VYFY7Z1HZVNSMN,page7-107,01KJP2Q9Z7MR3VPYE4MH3SC9C8,01KJP2SGRYQPGESDGRKTMMAJX4,C,A,0,0.08333333333333333,4.0,1.0
01KJP22PXRH9VYFY7Z1HZVNSMN,page7-107,01KJP2Q9Z7MR3VPYE4MH3SC9C8,01KJP2SNNP4ZB6K1QMGZX5CC0T,C,C,1,0.2,4.0,1.0
01KJP22PXRH9VYFY7Z1HZVNSMN,page7-107,01KJP2RBVR6E36EKC8HYRAV5GF,01KJP2RH1QNE571FNJRJ0ZHM7W,A,B,0,0.0,4.0,1.0
01KJP22PXRH9VYFY7Z1HZVNSMN,page7-107,01KJP2RBVR6E36EKC8HYRAV5GF,01KJP2RVD8SK7AN1X5EMGRM458,A,B,0,0.0,4.0,1.0
01KJP22PXRH9VYFY7Z1HZVNSMN,page7-107,01KJP2RBVR6E36EKC8HYRAV5GF,01KJP2SDQCR0935BS4E06A6D2G,A,C,0,0.14285714285714285,4.0,1.0
01KJP22PXRH9VYFY7Z1HZVNSMN,page7-107,01KJP2RBVR6E36EKC8HYRAV5GF,01KJP2SGRYQPGESDGRKTMMAJX4,A,A,1,0.08333333333333333,4.0,1.0
01KJP22PXRH9VYFY7Z1HZVNSMN,page7-107,01KJP2RBVR6E36EKC8HYRAV5GF,01KJP2SNNP4ZB6K1QMGZX5CC0T,A,C,0,0.09090909090909091,4.0,1.0
01KJP22PXRH9VYFY7Z1HZVNSMN,page7-107,01KJP2RH1QNE571FNJRJ0ZHM7W,01KJP2RVD8SK7AN1X5EMGRM458,B,B,1,0.0,4.0,1.0
01KJP22PXRH9VYFY7Z1HZVNSMN,page7-107,01KJP2RH1QNE571FNJRJ0ZHM7W,01KJP2SDQCR0935BS4E06A6D2G,B,C,0,0.0,4.0,1.0
01KJP22PXRH9VYFY7Z1HZVNSMN,page7-107,01KJP2RH1QNE571FNJRJ0ZHM7W,01KJP2SGRYQPGESDGRKTMMAJX4,B,A,0,0.0,4.0,1.0
01KJP22PXRH9VYFY7Z1HZVNSMN,page7-107,01KJP2RH1QNE571FNJRJ0ZHM7W,01KJP2SNNP4ZB6K1QMGZX5CC0T,B,C,0,0.0,4.0,1.0
01KJP22PXRH9VYFY7Z1HZVNSMN,page7-107,01KJP2RVD8SK7AN1X5EMGRM458,01KJP2SDQCR0935BS4E06A6D2G,B,C,0,0.0,4.0,1.0
01KJP22PXRH9VYFY7Z1HZVNSMN,page7-107,01KJP2RVD8SK7AN1X5EMGRM458,01KJP2SGRYQPGESDGRKTMMAJX4,B,A,0,0.0,4.0,1.0
01KJP22PXRH9VYFY7Z1HZVNSMN,page7-107,01KJP2RVD8SK7AN1X5EMGRM458,01KJP2SNNP4ZB6K1QMGZX5CC0T,B,C,0,0.0,4.0,1.0
01KJP22PXRH9VYFY7Z1HZVNSMN,page7-107,01KJP2SDQCR0935BS4E06A6D2G,01KJP2SGRYQPGESDGRKTMMAJX4,C,A,0,0.1,4.0,1.0
01KJP22PXRH9VYFY7Z1HZVNSMN,page7-107,01KJP2SDQCR0935BS4E06A6D2G,01KJP2SNNP4ZB6K1QMGZX5CC0T,C,C,1,0.1111111111111111,4.0,1.0
01KJP22PXRH9VYFY7Z1HZVNSMN,page7-107,01KJP2SGRYQPGESDGRKTMMAJX4,01KJP2SNNP4ZB6K1QMGZX5CC0T,A,C,0,0.15384615384615385,4.0,1.0
01KJP22PXRH9VYFY7Z1HZVNSMN,page7-107,01KJP2Q4FMMNPG4DTS771Y4V70,01KJP2Q9Z7MR3VPYE4MH3SC9C8,A,C,0,0.5,5.0,1.0
01KJP22PXRH9VYFY7Z1HZVNSMN,page7-107,01KJP2Q4FMMNPG4DTS771Y4V70,01KJP2RBVR6E36EKC8HYRAV5GF,A,A,1,0.5,5.0,1.0
01KJP22PXRH9VYFY7Z1HZVNSMN,page7-107,01KJP2Q4FMMNPG4DTS771Y4V70,01KJP2RH1QNE571FNJRJ0ZHM7W,A,B,0,0.0,5.0,1.0
01KJP22PXRH9VYFY7Z1HZVNSMN,page7-107,01KJP2Q4FMMNPG4DTS771Y4V70,01KJP2RVD8SK7AN1X5EMGRM458,A,B,0,0.0,5.0,1.0
01KJP22PXRH9VYFY7Z1HZVNSMN,page7-107,01KJP2Q4FMMNPG4DTS771Y4V70,01KJP2SDQCR0935BS4E06A6D2G,A,C,0,0.25,5.0,1.0
01KJP22PXRH9VYFY7Z1HZVNSMN,page7-107,01KJP2Q4FMMNPG4DTS771Y4V70,01KJP2SGRYQPGESDGRKTMMAJX4,A,A,1,0.1111111111111111,5.0,1.0
01KJP22PXRH9VYFY7Z1HZVNSMN,page7-107,01KJP2Q4FMMNPG4DTS771Y4V70,01KJP2SNNP4ZB6K1QMGZX5CC0T,A,C,0,0.125,5.0,1.0
01KJP22PXRH9VYFY7Z1HZVNSMN,page7-107,01KJP2Q9Z7MR3VPYE4MH3SC9C8,01KJP2RBVR6E36EKC8HYRAV5GF,C,A,0,0.25,5.0,1.0
01KJP22PXRH9VYFY7Z1HZVNSMN,page7-107,01KJP2Q9Z7MR3VPYE4MH3SC9C8,01KJP2RH1QNE571FNJRJ0ZHM7W,C,B,0,0.0,5.0,1.0
01KJP22PXRH9VYFY7Z1HZVNSMN,page7-107,01KJP2Q9Z7MR3VPYE4MH3SC9C8,01KJP2RVD8SK7AN1X5EMGRM458,C,B,0,0.0,5.0,1.0
01KJP22PXRH9VYFY7Z1HZVNSMN,page7-107,01KJP2Q9Z7MR3VPYE4MH3SC9C8,01KJP2SDQCR0935BS4E06A6D2G,C,C,1,0.16666666666666666,5.0,1.0
01KJP22PXRH9VYFY7Z1HZVNSMN,page7-107,01KJP2Q9Z7MR3VPYE4MH3SC9C8,01KJP2SGRYQPGESDGRKTMMAJX4,C,A,0,0.09090909090909091,5.0,1.0
01KJP22PXRH9VYFY7Z1HZVNSMN,page7-107,01KJP2Q9Z7MR3VPYE4MH3SC9C8,01KJP2SNNP4ZB6K1QMGZX5CC0T,C,C,1,0.2222222222222222,5.0,1.0
01KJP22PXRH9VYFY7Z1HZVNSMN,page7-107,01KJP2RBVR6E36EKC8HYRAV5GF,01KJP2RH1QNE571FNJRJ0ZHM7W,A,B,0,0.0,5.0,1.0
01KJP22PXRH9VYFY7Z1HZVNSMN,page7-107,01KJP2RBVR6E36EKC8HYRAV5GF,01KJP2RVD8SK7AN1X5EMGRM458,A,B,0,0.0,5.0,1.0
01KJP22PXRH9VYFY7Z1HZVNSMN,page7-107,01KJP2RBVR6E36EKC8HYRAV5GF,01KJP2SDQCR0935BS4E06A6D2G,A,C,0,0.0,5.0,1.0
01KJP22PXRH9VYFY7Z1HZVNSMN,page7-107,01KJP2RBVR6E36EKC8HYRAV5GF,01KJP2SGRYQPGESDGRKTMMAJX4,A,A,1,0.0,5.0,1.0
01KJP22PXRH9VYFY7Z1HZVNSMN,page7-107,01KJP2RBVR6E36EKC8HYRAV5GF,01KJP2SNNP4ZB6K1QMGZX5CC0T,A,C,0,0.0,5.0,1.0
01KJP22PXRH9VYFY7Z1HZVNSMN,page7-107,01KJP2RH1QNE571FNJRJ0ZHM7W,01KJP2RVD8SK7AN1X5EMGRM458,B,B,1,0.5,5.0,1.0
01KJP22PXRH9VYFY7Z1HZVNSMN,page7-107,01KJP2RH1QNE571FNJRJ0ZHM7W,01KJP2SDQCR0935BS4E06A6D2G,B,C,0,0.0,5.0,1.0
01KJP22PXRH9VYFY7Z1HZVNSMN,page7-107,01KJP2RH1QNE571FNJRJ0ZHM7W,01KJP2SGRYQPGESDGRKTMMAJX4,B,A,0,0.0,5.0,1.0
01KJP22PXRH9VYFY7Z1HZVNSMN,page7-107,01KJP2RH1QNE571FNJRJ0ZHM7W,01KJP2SNNP4ZB6K1QMGZX5CC0T,B,C,0,0.0,5.0,1.0
01KJP22PXRH9VYFY7Z1HZVNSMN,page7-107,01KJP2RVD8SK7AN1X5EMGRM458,01KJP2SDQCR0935BS4E06A6D2G,B,C,0,0.0,5.0,1.0
01KJP22PXRH9VYFY7Z1HZVNSMN,page7-107,01KJP2RVD8SK7AN1X5EMGRM458,01KJP2SGRYQPGESDGRKTMMAJX4,B,A,0,0.0,5.0,1.0
01KJP22PXRH9VYFY7Z1HZVNSMN,page7-107,01KJP2RVD8SK7AN1X5EMGRM458,01KJP2SNNP4ZB6K1QMGZX5CC0T,B,C,0,0.0,5.0,1.0
01KJP22PXRH9VYFY7Z1HZVNSMN,page7-107,01KJP2SDQCR0935BS4E06A6D2G,01KJP2SGRYQPGESDGRKTMMAJX4,C,A,0,0.1,5.0,1.0
01KJP22PXRH9VYFY7Z1HZVNSMN,page7-107,01KJP2SDQCR0935BS4E06A6D2G,01KJP2SNNP4ZB6K1QMGZX5CC0T,C,C,1,0.1111111111111111,5.0,1.0
01KJP22PXRH9VYFY7Z1HZVNSMN,page7-107,01KJP2SGRYQPGESDGRKTMMAJX4,01KJP2SNNP4ZB6K1QMGZX5CC0T,A,C,0,0.15384615384615385,5.0,1.0
01KJP22PXRH9VYFY7Z1HZVNSMN,page7-255,01KJP2Q4FMMNPG4DTS771Y4V70,01KJP2RH1QNE571FNJRJ0ZHM7W,A,B,0,0.0,1.0,1.0
01KJP22PXRH9VYFY7Z1HZVNSMN,page7-255,01KJP2Q4FMMNPG4DTS771Y4V70,01KJP2RVD8SK7AN1X5EMGRM458,A,B,0,0.0,1.0,1.0
01KJP22PXRH9VYFY7Z1HZVNSMN,page7-255,01KJP2Q4FMMNPG4DTS771Y4V70,01KJP2SDQCR0935BS4E06A6D2G,A,C,0,0.0,1.0,1.0
01KJP22PXRH9VYFY7Z1HZVNSMN,page7-255,01KJP2Q4FMMNPG4DTS771Y4V70,01KJP2SGRYQPGESDGRKTMMAJX4,A,A,1,0.0,1.0,1.0
01KJP22PXRH9VYFY7Z1HZVNSMN,page7-255,01KJP2Q4FMMNPG4DTS771Y4V70,01KJP2SNNP4ZB6K1QMGZX5CC0T,A,C,0,0.0,1.0,1.0
01KJP22PXRH9VYFY7Z1HZVNSMN,page7-255,01KJP2RH1QNE571FNJRJ0ZHM7W,01KJP2RVD8SK7AN1X5EMGRM458,B,B,1,0.1111111111111111,1.0,1.0
01KJP22PXRH9VYFY7Z1HZVNSMN,page7-255,01KJP2RH1QNE571FNJRJ0ZHM7W,01KJP2SDQCR0935BS4E06A6D2G,B,C,0,0.09090909090909091,1.0,1.0
01KJP22PXRH9VYFY7Z1HZVNSMN,page7-255,01KJP2RH1QNE571FNJRJ0ZHM7W,01KJP2SGRYQPGESDGRKTMMAJX4,B,A,0,0.0,1.0,1.0
01KJP22PXRH9VYFY7Z1HZVNSMN,page7-255,01KJP2RH1QNE571FNJRJ0ZHM7W,01KJP2SNNP4ZB6K1QMGZX5CC0T,B,C,0,0.15384615384615385,1.0,1.0
01KJP22PXRH9VYFY7Z1HZVNSMN,page7-255,01KJP2RVD8SK7AN1X5EMGRM458,01KJP2SDQCR0935BS4E06A6D2G,B,C,0,0.0,1.0,1.0
01KJP22PXRH9VYFY7Z1HZVNSMN,page7-255,01KJP2RVD8SK7AN1X5EMGRM458,01KJP2SGRYQPGESDGRKTMMAJX4,B,A,0,0.0,1.0,1.0
01KJP22PXRH9VYFY7Z1HZVNSMN,page7-255,01KJP2RVD8SK7AN1X5EMGRM458,01KJP2SNNP4ZB6K1QMGZX5CC0T,B,C,0,0.0,1.0,1.0
01KJP22PXRH9VYFY7Z1HZVNSMN,page7-255,01KJP2SDQCR0935BS4E06A6D2G,01KJP2SGRYQPGESDGRKTMMAJX4,C,A,0,0.0,1.0,1.0
01KJP22PXRH9VYFY7Z1HZVNSMN,page7-255,01KJP2SDQCR0935BS4E06A6D2G,01KJP2SNNP4ZB6K1QMGZX5CC0T,C,C,1,0.07142857142857142,1.0,1.0
01KJP22PXRH9VYFY7Z1HZVNSMN,page7-255,01KJP2SGRYQPGESDGRKTMMAJX4,01KJP2SNNP4ZB6K1QMGZX5CC0T,A,C,0,0.0,1.0,1.0
01KJP22PXRH9VYFY7Z1HZVNSMN,page7-255,01KJP2Q4FMMNPG4DTS771Y4V70,01KJP2Q9Z7MR3VPYE4MH3SC9C8,A,C,0,0.07692307692307693,2.0,1.0
01KJP22PXRH9VYFY7Z1HZVNSMN,page7-255,01KJP2Q4FMMNPG4DTS771Y4V70,01KJP2RBVR6E36EKC8HYRAV5GF,A,A,1,0.0,2.0,1.0
01KJP22PXRH9VYFY7Z1HZVNSMN,page7-255,01KJP2Q4FMMNPG4DTS771Y4V70,01KJP2RH1QNE571FNJRJ0ZHM7W,A,B,0,0.0,2.0,1.0
01KJP22PXRH9VYFY7Z1HZVNSMN,page7-255,01KJP2Q4FMMNPG4DTS771Y4V70,01KJP2RVD8SK7AN1X5EMGRM458,A,B,0,0.0,2.0,1.0
01KJP22PXRH9VYFY7Z1HZVNSMN,page7-255,01KJP2Q4FMMNPG4DTS771Y4V70,01KJP2SDQCR0935BS4E06A6D2G,A,C,0,0.0,2.0,1.0
01KJP22PXRH9VYFY7Z1HZVNSMN,page7-255,01KJP2Q4FMMNPG4DTS771Y4V70,01KJP2SGRYQPGESDGRKTMMAJX4,A,A,1,0.0,2.0,1.0
01KJP22PXRH9VYFY7Z1HZVNSMN,page7-255,01KJP2Q4FMMNPG4DTS771Y4V70,01KJP2SNNP4ZB6K1QMGZX5CC0T,A,C,0,0.0,2.0,1.0
01KJP22PXRH9VYFY7Z1HZVNSMN,page7-255,01KJP2Q9Z7MR3VPYE4MH3SC9C8,01KJP2RBVR6E36EKC8HYRAV5GF,C,A,0,0.0,2.0,1.0
01KJP22PXRH9VYFY7Z1HZVNSMN,page7-255,01KJP2Q9Z7MR3VPYE4MH3SC9C8,01KJP2RH1QNE571FNJRJ0ZHM7W,C,B,0,0.0,2.0,1.0
01KJP22PXRH9VYFY7Z1HZVNSMN,page7-255,01KJP2Q9Z7MR3VPYE4MH3SC9C8,01KJP2RVD8SK7AN1X5EMGRM458,C,B,0,0.0,2.0,1.0
01KJP22PXRH9VYFY7Z1HZVNSMN,page7-255,01KJP2Q9Z7MR3VPYE4MH3SC9C8,01KJP2SDQCR0935BS4E06A6D2G,C,C,1,0.5,2.0,1.0
01KJP22PXRH9VYFY7Z1HZVNSMN,page7-255,01KJP2Q9Z7MR3VPYE4MH3SC9C8,01KJP2SGRYQPGESDGRKTMMAJX4,C,A,0,0.0,2.0,1.0
01KJP22PXRH9VYFY7Z1HZVNSMN,page7-255,01KJP2Q9Z7MR3VPYE4MH3SC9C8,01KJP2SNNP4ZB6K1QMGZX5CC0T,C,C,1,0.07142857142857142,2.0,1.0
01KJP22PXRH9VYFY7Z1HZVNSMN,page7-255,01KJP2RBVR6E36EKC8HYRAV5GF,01KJP2RH1QNE571FNJRJ0ZHM7W,A,B,0,0.06666666666666667,2.0,1.0
01KJP22PXRH9VYFY7Z1HZVNSMN,page7-255,01KJP2RBVR6E36EKC8HYRAV5GF,01KJP2RVD8SK7AN1X5EMGRM458,A,B,0,0.07142857142857142,2.0,1.0
01KJP22PXRH9VYFY7Z1HZVNSMN,page7-255,01KJP2RBVR6E36EKC8HYRAV5GF,01KJP2SDQCR0935BS4E06A6D2G,A,C,0,0.0,2.0,1.0
01KJP22PXRH9VYFY7Z1HZVNSMN,page7-255,01KJP2RBVR6E36EKC8HYRAV5GF,01KJP2SGRYQPGESDGRKTMMAJX4,A,A,1,0.0,2.0,1.0
01KJP22PXRH9VYFY7Z1HZVNSMN,page7-255,01KJP2RBVR6E36EKC8HYRAV5GF,01KJP2SNNP4ZB6K1QMGZX5CC0T,A,C,0,0.17647058823529413,2.0,1.0
01KJP22PXRH9VYFY7Z1HZVNSMN,page7-255,01KJP2RH1QNE571FNJRJ0ZHM7W,01KJP2RVD8SK7AN1X5EMGRM458,B,B,1,0.8,2.0,1.0
01KJP22PXRH9VYFY7Z1HZVNSMN,page7-255,01KJP2RH1QNE571FNJRJ0ZHM7W,01KJP2SDQCR0935BS4E06A6D2G,B,C,0,0.0,2.0,1.0
01KJP22PXRH9VYFY7Z1HZVNSMN,page7-255,01KJP2RH1QNE571FNJRJ0ZHM7W,01KJP2SGRYQPGESDGRKTMMAJX4,B,A,0,0.0,2.0,1.0
01KJP22PXRH9VYFY7Z1HZVNSMN,page7-255,01KJP2RH1QNE571FNJRJ0ZHM7W,01KJP2SNNP4ZB6K1QMGZX5CC0T,B,C,0,0.0,2.0,1.0
01KJP22PXRH9VYFY7Z1HZVNSMN,page7-255,01KJP2RVD8SK7AN1X5EMGRM458,01KJP2SDQCR0935BS4E06A6D2G,B,C,0,0.0,2.0,1.0
01KJP22PXRH9VYFY7Z1HZVNSMN,page7-255,01KJP2RVD8SK7AN1X5EMGRM458,01KJP2SGRYQPGESDGRKTMMAJX4,B,A,0,0.0,2.0,1.0
01KJP22PXRH9VYFY7Z1HZVNSMN,page7-255,01KJP2RVD8SK7AN1X5EMGRM458,01KJP2SNNP4ZB6K1QMGZX5CC0T,B,C,0,0.0,2.0,1.0
01KJP22PXRH9VYFY7Z1HZVNSMN,page7-255,01KJP2SDQCR0935BS4E06A6D2G,01KJP2SGRYQPGESDGRKTMMAJX4,C,A,0,0.0,2.0,1.0
01KJP22PXRH9VYFY7Z1HZVNSMN,page7-255,01KJP2SDQCR0935BS4E06A6D2G,01KJP2SNNP4ZB6K1QMGZX5CC0T,C,C,1,0.07142857142857142,2.0,1.0
01KJP22PXRH9VYFY7Z1HZVNSMN,page7-255,01KJP2SGRYQPGESDGRKTMMAJX4,01KJP2SNNP4ZB6K1QMGZX5CC0T,A,C,0,0.0,2.0,1.0
01KJP22PXRH9VYFY7Z1HZVNSMN,page7-255,01KJP2Q4FMMNPG4DTS771Y4V70,01KJP2Q9Z7MR3VPYE4MH3SC9C8,A,C,0,0.0625,3.0,1.0
01KJP22PXRH9VYFY7Z1HZVNSMN,page7-255,01KJP2Q4FMMNPG4DTS771Y4V70,01KJP2RBVR6E36EKC8HYRAV5GF,A,A,1,0.1,3.0,1.0
01KJP22PXRH9VYFY7Z1HZVNSMN,page7-255,01KJP2Q4FMMNPG4DTS771Y4V70,01KJP2RH1QNE571FNJRJ0ZHM7W,A,B,0,0.0,3.0,1.0
01KJP22PXRH9VYFY7Z1HZVNSMN,page7-255,01KJP2Q4FMMNPG4DTS771Y4V70,01KJP2RVD8SK7AN1X5EMGRM458,A,B,0,0.07142857142857142,3.0,1.0
01KJP22PXRH9VYFY7Z1HZVNSMN,page7-255,01KJP2Q4FMMNPG4DTS771Y4V70,01KJP2SDQCR0935BS4E06A6D2G,A,C,0,0.0,3.0,1.0
01KJP22PXRH9VYFY7Z1HZVNSMN,page7-255,01KJP2Q4FMMNPG4DTS771Y4V70,01KJP2SGRYQPGESDGRKTMMAJX4,A,A,1,0.05263157894736842,3.0,1.0
01KJP22PXRH9VYFY7Z1HZVNSMN,page7-255,01KJP2Q4FMMNPG4DTS771Y4V70,01KJP2SNNP4ZB6K1QMGZX5CC0T,A,C,0,0.0625,3.0,1.0
01KJP22PXRH9VYFY7Z1HZVNSMN,page7-255,01KJP2Q9Z7MR3VPYE4MH3SC9C8,01KJP2RBVR6E36EKC8HYRAV5GF,C,A,0,0.0,3.0,1.0
01KJP22PXRH9VYFY7Z1HZVNSMN,page7-255,01KJP2Q9Z7MR3VPYE4MH3SC9C8,01KJP2RH1QNE571FNJRJ0ZHM7W,C,B,0,0.0,3.0,1.0
01KJP22PXRH9VYFY7Z1HZVNSMN,page7-255,01KJP2Q9Z7MR3VPYE4MH3SC9C8,01KJP2RVD8SK7AN1X5EMGRM458,C,B,0,0.0,3.0,1.0
01KJP22PXRH9VYFY7Z1HZVNSMN,page7-255,01KJP2Q9Z7MR3VPYE4MH3SC9C8,01KJP2SDQCR0935BS4E06A6D2G,C,C,1,0.5,3.0,1.0
01KJP22PXRH9VYFY7Z1HZVNSMN,page7-255,01KJP2Q9Z7MR3VPYE4MH3SC9C8,01KJP2SGRYQPGESDGRKTMMAJX4,C,A,0,0.0,3.0,1.0
01KJP22PXRH9VYFY7Z1HZVNSMN,page7-255,01KJP2Q9Z7MR3VPYE4MH3SC9C8,01KJP2SNNP4ZB6K1QMGZX5CC0T,C,C,1,0.2,3.0,1.0
01KJP22PXRH9VYFY7Z1HZVNSMN,page7-255,01KJP2RBVR6E36EKC8HYRAV5GF,01KJP2RH1QNE571FNJRJ0ZHM7W,A,B,0,0.0,3.0,1.0
01KJP22PXRH9VYFY7Z1HZVNSMN,page7-255,01KJP2RBVR6E36EKC8HYRAV5GF,01KJP2RVD8SK7AN1X5EMGRM458,A,B,0,0.07142857142857142,3.0,1.0
01KJP22PXRH9VYFY7Z1HZVNSMN,page7-255,01KJP2RBVR6E36EKC8HYRAV5GF,01KJP2SDQCR0935BS4E06A6D2G,A,C,0,0.0,3.0,1.0
01KJP22PXRH9VYFY7Z1HZVNSMN,page7-255,01KJP2RBVR6E36EKC8HYRAV5GF,01KJP2SGRYQPGESDGRKTMMAJX4,A,A,1,0.0,3.0,1.0
01KJP22PXRH9VYFY7Z1HZVNSMN,page7-255,01KJP2RBVR6E36EKC8HYRAV5GF,01KJP2SNNP4ZB6K1QMGZX5CC0T,A,C,0,0.0,3.0,1.0
01KJP22PXRH9VYFY7Z1HZVNSMN,page7-255,01KJP2RH1QNE571FNJRJ0ZHM7W,01KJP2RVD8SK7AN1X5EMGRM458,B,B,1,0.4,3.0,1.0
01KJP22PXRH9VYFY7Z1HZVNSMN,page7-255,01KJP2RH1QNE571FNJRJ0ZHM7W,01KJP2SDQCR0935BS4E06A6D2G,B,C,0,0.0,3.0,1.0
01KJP22PXRH9VYFY7Z1HZVNSMN,page7-255,01KJP2RH1QNE571FNJRJ0ZHM7W,01KJP2SGRYQPGESDGRKTMMAJX4,B,A,0,0.0,3.0,1.0
01KJP22PXRH9VYFY7Z1HZVNSMN,page7-255,01KJP2RH1QNE571FNJRJ0ZHM7W,01KJP2SNNP4ZB6K1QMGZX5CC0T,B,C,0,0.0,3.0,1.0
01KJP22PXRH9VYFY7Z1HZVNSMN,page7-255,01KJP2RVD8SK7AN1X5EMGRM458,01KJP2SDQCR0935BS4E06A6D2G,B,C,0,0.0,3.0,1.0
01KJP22PXRH9VYFY7Z1HZVNSMN,page7-255,01KJP2RVD8SK7AN1X5EMGRM458,01KJP2SGRYQPGESDGRKTMMAJX4,B,A,0,0.0,3.0,1.0
01KJP22PXRH9VYFY7Z1HZVNSMN,page7-255,01KJP2RVD8SK7AN1X5EMGRM458,01KJP2SNNP4ZB6K1QMGZX5CC0T,B,C,0,0.0,3.0,1.0
01KJP22PXRH9VYFY7Z1HZVNSMN,page7-255,01KJP2SDQCR0935BS4E06A6D2G,01KJP2SGRYQPGESDGRKTMMAJX4,C,A,0,0.0,3.0,1.0
01KJP22PXRH9VYFY7Z1HZVNSMN,page7-255,01KJP2SDQCR0935BS4E06A6D2G,01KJP2SNNP4ZB6K1QMGZX5CC0T,C,C,1,0.09090909090909091,3.0,1.0
01KJP22PXRH9VYFY7Z1HZVNSMN,page7-255,01KJP2SGRYQPGESDGRKTMMAJX4,01KJP2SNNP4ZB6K1QMGZX5CC0T,A,C,0,0.0,3.0,1.0
01KJP22PXRH9VYFY7Z1HZVNSMN,page7-255,01KJP2Q4FMMNPG4DTS771Y4V70,01KJP2Q9Z7MR3VPYE4MH3SC9C8,A,C,0,0.0625,4.0,1.0
01KJP22PXRH9VYFY7Z1HZVNSMN,page7-255,01KJP2Q4FMMNPG4DTS771Y4V70,01KJP2RBVR6E36EKC8HYRAV5GF,A,A,1,0.1,4.0,1.0
01KJP22PXRH9VYFY7Z1HZVNSMN,page7-255,01KJP2Q4FMMNPG4DTS771Y4V70,01KJP2RH1QNE571FNJRJ0ZHM7W,A,B,0,0.0,4.0,1.0
01KJP22PXRH9VYFY7Z1HZVNSMN,page7-255,01KJP2Q4FMMNPG4DTS771Y4V70,01KJP2RVD8SK7AN1X5EMGRM458,A,B,0,0.0,4.0,1.0
01KJP22PXRH9VYFY7Z1HZVNSMN,page7-255,01KJP2Q4FMMNPG4DTS771Y4V70,01KJP2SDQCR0935BS4E06A6D2G,A,C,0,0.0,4.0,1.0
01KJP22PXRH9VYFY7Z1HZVNSMN,page7-255,01KJP2Q4FMMNPG4DTS771Y4V70,01KJP2SGRYQPGESDGRKTMMAJX4,A,A,1,0.2857142857142857,4.0,1.0
01KJP22PXRH9VYFY7Z1HZVNSMN,page7-255,01KJP2Q4FMMNPG4DTS771Y4V70,01KJP2SNNP4ZB6K1QMGZX5CC0T,A,C,0,0.0625,4.0,1.0
01KJP22PXRH9VYFY7Z1HZVNSMN,page7-255,01KJP2Q9Z7MR3VPYE4MH3SC9C8,01KJP2RBVR6E36EKC8HYRAV5GF,C,A,0,0.0,4.0,1.0
01KJP22PXRH9VYFY7Z1HZVNSMN,page7-255,01KJP2Q9Z7MR3VPYE4MH3SC9C8,01KJP2RH1QNE571FNJRJ0ZHM7W,C,B,0,0.0,4.0,1.0
01KJP22PXRH9VYFY7Z1HZVNSMN,page7-255,01KJP2Q9Z7MR3VPYE4MH3SC9C8,01KJP2RVD8SK7AN1X5EMGRM458,C,B,0,0.0,4.0,1.0
01KJP22PXRH9VYFY7Z1HZVNSMN,page7-255,01KJP2Q9Z7MR3VPYE4MH3SC9C8,01KJP2SDQCR0935BS4E06A6D2G,C,C,1,0.16666666666666666,4.0,1.0
01KJP22PXRH9VYFY7Z1HZVNSMN,page7-255,01KJP2Q9Z7MR3VPYE4MH3SC9C8,01KJP2SGRYQPGESDGRKTMMAJX4,C,A,0,0.3,4.0,1.0
01KJP22PXRH9VYFY7Z1HZVNSMN,page7-255,01KJP2Q9Z7MR3VPYE4MH3SC9C8,01KJP2SNNP4ZB6K1QMGZX5CC0T,C,C,1,0.2,4.0,1.0
01KJP22PXRH9VYFY7Z1HZVNSMN,page7-255,01KJP2RBVR6E36EKC8HYRAV5GF,01KJP2RH1QNE571FNJRJ0ZHM7W,A,B,0,0.0,4.0,1.0
01KJP22PXRH9VYFY7Z1HZVNSMN,page7-255,01KJP2RBVR6E36EKC8HYRAV5GF,01KJP2RVD8SK7AN1X5EMGRM458,A,B,0,0.0,4.0,1.0
01KJP22PXRH9VYFY7Z1HZVNSMN,page7-255,01KJP2RBVR6E36EKC8HYRAV5GF,01KJP2SDQCR0935BS4E06A6D2G,A,C,0,0.0,4.0,1.0
01KJP22PXRH9VYFY7Z1HZVNSMN,page7-255,01KJP2RBVR6E36EKC8HYRAV5GF,01KJP2SGRYQPGESDGRKTMMAJX4,A,A,1,0.125,4.0,1.0
01KJP22PXRH9VYFY7Z1HZVNSMN,page7-255,01KJP2RBVR6E36EKC8HYRAV5GF,01KJP2SNNP4ZB6K1QMGZX5CC0T,A,C,0,0.0,4.0,1.0
01KJP22PXRH9VYFY7Z1HZVNSMN,page7-255,01KJP2RH1QNE571FNJRJ0ZHM7W,01KJP2RVD8SK7AN1X5EMGRM458,B,B,1,0.6666666666666666,4.0,1.0
01KJP22PXRH9VYFY7Z1HZVNSMN,page7-255,01KJP2RH1QNE571FNJRJ0ZHM7W,01KJP2SDQCR0935BS4E06A6D2G,B,C,0,0.0,4.0,1.0
01KJP22PXRH9VYFY7Z1HZVNSMN,page7-255,01KJP2RH1QNE571FNJRJ0ZHM7W,01KJP2SGRYQPGESDGRKTMMAJX4,B,A,0,0.0,4.0,1.0
01KJP22PXRH9VYFY7Z1HZVNSMN,page7-255,01KJP2RH1QNE571FNJRJ0ZHM7W,01KJP2SNNP4ZB6K1QMGZX5CC0T,B,C,0,0.0,4.0,1.0
01KJP22PXRH9VYFY7Z1HZVNSMN,page7-255,01KJP2RVD8SK7AN1X5EMGRM458,01KJP2SDQCR0935BS4E06A6D2G,B,C,0,0.0,4.0,1.0
01KJP22PXRH9VYFY7Z1HZVNSMN,page7-255,01KJP2RVD8SK7AN1X5EMGRM458,01KJP2SGRYQPGESDGRKTMMAJX4,B,A,0,0.0,4.0,1.0
01KJP22PXRH9VYFY7Z1HZVNSMN,page7-255,01KJP2RVD8SK7AN1X5EMGRM458,01KJP2SNNP4ZB6K1QMGZX5CC0T,B,C,0,0.0,4.0,1.0
01KJP22PXRH9VYFY7Z1HZVNSMN,page7-255,01KJP2SDQCR0935BS4E06A6D2G,01KJP2SGRYQPGESDGRKTMMAJX4,C,A,0,0.0,4.0,1.0
01KJP22PXRH9VYFY7Z1HZVNSMN,page7-255,01KJP2SDQCR0935BS4E06A6D2G,01KJP2SNNP4ZB6K1QMGZX5CC0T,C,C,1,0.16666666666666666,4.0,1.0
01KJP22PXRH9VYFY7Z1HZVNSMN,page7-255,01KJP2SGRYQPGESDGRKTMMAJX4,01KJP2SNNP4ZB6K1QMGZX5CC0T,A,C,0,0.08333333333333333,4.0,1.0
01KJP22PXRH9VYFY7Z1HZVNSMN,page7-255,01KJP2Q4FMMNPG4DTS771Y4V70,01KJP2Q9Z7MR3VPYE4MH3SC9C8,A,C,0,0.0,5.0,1.0
01KJP22PXRH9VYFY7Z1HZVNSMN,page7-255,01KJP2Q4FMMNPG4DTS771Y4V70,01KJP2RBVR6E36EKC8HYRAV5GF,A,A,1,0.0,5.0,1.0
01KJP22PXRH9VYFY7Z1HZVNSMN,page7-255,01KJP2Q4FMMNPG4DTS771Y4V70,01KJP2RH1QNE571FNJRJ0ZHM7W,A,B,0,0.0,5.0,1.0
01KJP22PXRH9VYFY7Z1HZVNSMN,page7-255,01KJP2Q4FMMNPG4DTS771Y4V70,01KJP2RVD8SK7AN1X5EMGRM458,A,B,0,0.0,5.0,1.0
01KJP22PXRH9VYFY7Z1HZVNSMN,page7-255,01KJP2Q4FMMNPG4DTS771Y4V70,01KJP2SDQCR0935BS4E06A6D2G,A,C,0,0.0,5.0,1.0
01KJP22PXRH9VYFY7Z1HZVNSMN,page7-255,01KJP2Q4FMMNPG4DTS771Y4V70,01KJP2SGRYQPGESDGRKTMMAJX4,A,A,1,0.2857142857142857,5.0,1.0
01KJP22PXRH9VYFY7Z1HZVNSMN,page7-255,01KJP2Q4FMMNPG4DTS771Y4V70,01KJP2SNNP4ZB6K1QMGZX5CC0T,A,C,0,0.0625,5.0,1.0
01KJP22PXRH9VYFY7Z1HZVNSMN,page7-255,01KJP2Q9Z7MR3VPYE4MH3SC9C8,01KJP2RBVR6E36EKC8HYRAV5GF,C,A,0,0.0,5.0,1.0
01KJP22PXRH9VYFY7Z1HZVNSMN,page7-255,01KJP2Q9Z7MR3VPYE4MH3SC9C8,01KJP2RH1QNE571FNJRJ0ZHM7W,C,B,0,0.0,5.0,1.0
01KJP22PXRH9VYFY7Z1HZVNSMN,page7-255,01KJP2Q9Z7MR3VPYE4MH3SC9C8,01KJP2RVD8SK7AN1X5EMGRM458,C,B,0,0.0,5.0,1.0
01KJP22PXRH9VYFY7Z1HZVNSMN,page7-255,01KJP2Q9Z7MR3VPYE4MH3SC9C8,01KJP2SDQCR0935BS4E06A6D2G,C,C,1,0.5,5.0,1.0
01KJP22PXRH9VYFY7Z1HZVNSMN,page7-255,01KJP2Q9Z7MR3VPYE4MH3SC9C8,01KJP2SGRYQPGESDGRKTMMAJX4,C,A,0,0.0,5.0,1.0
01KJP22PXRH9VYFY7Z1HZVNSMN,page7-255,01KJP2Q9Z7MR3VPYE4MH3SC9C8,01KJP2SNNP4ZB6K1QMGZX5CC0T,C,C,1,0.14285714285714285,5.0,1.0
01KJP22PXRH9VYFY7Z1HZVNSMN,page7-255,01KJP2RBVR6E36EKC8HYRAV5GF,01KJP2RH1QNE571FNJRJ0ZHM7W,A,B,0,0.0,5.0,1.0
01KJP22PXRH9VYFY7Z1HZVNSMN,page7-255,01KJP2RBVR6E36EKC8HYRAV5GF,01KJP2RVD8SK7AN1X5EMGRM458,A,B,0,0.0,5.0,1.0
01KJP22PXRH9VYFY7Z1HZVNSMN,page7-255,01KJP2RBVR6E36EKC8HYRAV5GF,01KJP2SDQCR0935BS4E06A6D2G,A,C,0,0.0,5.0,1.0
01KJP22PXRH9VYFY7Z1HZVNSMN,page7-255,01KJP2RBVR6E36EKC8HYRAV5GF,01KJP2SGRYQPGESDGRKTMMAJX4,A,A,1,0.125,5.0,1.0
01KJP22PXRH9VYFY7Z1HZVNSMN,page7-255,01KJP2RBVR6E36EKC8HYRAV5GF,01KJP2SNNP4ZB6K1QMGZX5CC0T,A,C,0,0.0,5.0,1.0
01KJP22PXRH9VYFY7Z1HZVNSMN,page7-255,01KJP2RH1QNE571FNJRJ0ZHM7W,01KJP2RVD8SK7AN1X5EMGRM458,B,B,1,0.25,5.0,1.0
01KJP22PXRH9VYFY7Z1HZVNSMN,page7-255,01KJP2RH1QNE571FNJRJ0ZHM7W,01KJP2SDQCR0935BS4E06A6D2G,B,C,0,0.0,5.0,1.0
01KJP22PXRH9VYFY7Z1HZVNSMN,page7-255,01KJP2RH1QNE571FNJRJ0ZHM7W,01KJP2SGRYQPGESDGRKTMMAJX4,B,A,0,0.0,5.0,1.0
01KJP22PXRH9VYFY7Z1HZVNSMN,page7-255,01KJP2RH1QNE571FNJRJ0ZHM7W,01KJP2SNNP4ZB6K1QMGZX5CC0T,B,C,0,0.0,5.0,1.0
01KJP22PXRH9VYFY7Z1HZVNSMN,page7-255,01KJP2RVD8SK7AN1X5EMGRM458,01KJP2SDQCR0935BS4E06A6D2G,B,C,0,0.0,5.0,1.0
01KJP22PXRH9VYFY7Z1HZVNSMN,page7-255,01KJP2RVD8SK7AN1X5EMGRM458,01KJP2SGRYQPGESDGRKTMMAJX4,B,A,0,0.0,5.0,1.0
01KJP22PXRH9VYFY7Z1HZVNSMN,page7-255,01KJP2RVD8SK7AN1X5EMGRM458,01KJP2SNNP4ZB6K1QMGZX5CC0T,B,C,0,0.0,5.0,1.0
01KJP22PXRH9VYFY7Z1HZVNSMN,page7-255,01KJP2SDQCR0935BS4E06A6D2G,01KJP2SGRYQPGESDGRKTMMAJX4,C,A,0,0.0,5.0,1.0
01KJP22PXRH9VYFY7Z1HZVNSMN,page7-255,01KJP2SDQCR0935BS4E06A6D2G,01KJP2SNNP4ZB6K1QMGZX5CC0T,C,C,1,0.16666666666666666,5.0,1.0
01KJP22PXRH9VYFY7Z1HZVNSMN,page7-255,01KJP2SGRYQPGESDGRKTMMAJX4,01KJP2SNNP4ZB6K1QMGZX5CC0T,A,C,0,0.08333333333333333,5.0,1.0
01KJP22PXRH9VYFY7Z1HZVNSMN,page3-35,01KJP2Q4FMMNPG4DTS771Y4V70,01KJP2Q9Z7MR3VPYE4MH3SC9C8,A,C,0,0.18181818181818182,2.0,1.0
01KJP22PXRH9VYFY7Z1HZVNSMN,page3-35,01KJP2Q4FMMNPG4DTS771Y4V70,01KJP2RBVR6E36EKC8HYRAV5GF,A,A,1,0.11764705882352941,2.0,1.0
01KJP22PXRH9VYFY7Z1HZVNSMN,page3-35,01KJP2Q4FMMNPG4DTS771Y4V70,01KJP2RH1QNE571FNJRJ0ZHM7W,A,B,0,0.125,2.0,1.0
01KJP22PXRH9VYFY7Z1HZVNSMN,page3-35,01KJP2Q4FMMNPG4DTS771Y4V70,01KJP2RVD8SK7AN1X5EMGRM458,A,B,0,0.0,2.0,1.0
01KJP22PXRH9VYFY7Z1HZVNSMN,page3-35,01KJP2Q4FMMNPG4DTS771Y4V70,01KJP2SDQCR0935BS4E06A6D2G,A,C,0,0.0,2.0,1.0
01KJP22PXRH9VYFY7Z1HZVNSMN,page3-35,01KJP2Q4FMMNPG4DTS771Y4V70,01KJP2SNNP4ZB6K1QMGZX5CC0T,A,C,0,0.0,2.0,1.0
01KJP22PXRH9VYFY7Z1HZVNSMN,page3-35,01KJP2Q9Z7MR3VPYE4MH3SC9C8,01KJP2RBVR6E36EKC8HYRAV5GF,C,A,0,0.29411764705882354,2.0,1.0
01KJP22PXRH9VYFY7Z1HZVNSMN,page3-35,01KJP2Q9Z7MR3VPYE4MH3SC9C8,01KJP2RH1QNE571FNJRJ0ZHM7W,C,B,0,0.09090909090909091,2.0,1.0
01KJP22PXRH9VYFY7Z1HZVNSMN,page3-35,01KJP2Q9Z7MR3VPYE4MH3SC9C8,01KJP2RVD8SK7AN1X5EMGRM458,C,B,0,0.0,2.0,1.0
01KJP22PXRH9VYFY7Z1HZVNSMN,page3-35,01KJP2Q9Z7MR3VPYE4MH3SC9C8,01KJP2SDQCR0935BS4E06A6D2G,C,C,1,0.0,2.0,1.0
01KJP22PXRH9VYFY7Z1HZVNSMN,page3-35,01KJP2Q9Z7MR3VPYE4MH3SC9C8,01KJP2SNNP4ZB6K1QMGZX5CC0T,C,C,1,0.06666666666666667,2.0,1.0
01KJP22PXRH9VYFY7Z1HZVNSMN,page3-35,01KJP2RBVR6E36EKC8HYRAV5GF,01KJP2RH1QNE571FNJRJ0ZHM7W,A,B,0,0.058823529411764705,2.0,1.0
01KJP22PXRH9VYFY7Z1HZVNSMN,page3-35,01KJP2RBVR6E36EKC8HYRAV5GF,01KJP2RVD8SK7AN1X5EMGRM458,A,B,0,0.0,2.0,1.0
01KJP22PXRH9VYFY7Z1HZVNSMN,page3-35,01KJP2RBVR6E36EKC8HYRAV5GF,01KJP2SDQCR0935BS4E06A6D2G,A,C,0,0.0,2.0,1.0
01KJP22PXRH9VYFY7Z1HZVNSMN,page3-35,01KJP2RBVR6E36EKC8HYRAV5GF,01KJP2SNNP4ZB6K1QMGZX5CC0T,A,C,0,0.047619047619047616,2.0,1.0
01KJP22PXRH9VYFY7Z1HZVNSMN,page3-35,01KJP2RH1QNE571FNJRJ0ZHM7W,01KJP2RVD8SK7AN1X5EMGRM458,B,B,1,0.2,2.0,1.0
01KJP22PXRH9VYFY7Z1HZVNSMN,page3-35,01KJP2RH1QNE571FNJRJ0ZHM7W,01KJP2SDQCR0935BS4E06A6D2G,B,C,0,0.0,2.0,1.0
01KJP22PXRH9VYFY7Z1HZVNSMN,page3-35,01KJP2RH1QNE571FNJRJ0ZHM7W,01KJP2SNNP4ZB6K1QMGZX5CC0T,B,C,0,0.0,2.0,1.0
01KJP22PXRH9VYFY7Z1HZVNSMN,page3-35,01KJP2RVD8SK7AN1X5EMGRM458,01KJP2SDQCR0935BS4E06A6D2G,B,C,0,0.0,2.0,1.0
01KJP22PXRH9VYFY7Z1HZVNSMN,page3-35,01KJP2RVD8SK7AN1X5EMGRM458,01KJP2SNNP4ZB6K1QMGZX5CC0T,B,C,0,0.0,2.0,1.0
01KJP22PXRH9VYFY7Z1HZVNSMN,page3-35,01KJP2SDQCR0935BS4E06A6D2G,01KJP2SNNP4ZB6K1QMGZX5CC0T,C,C,1,0.2222222222222222,2.0,1.0
01KJP22PXRH9VYFY7Z1HZVNSMN,page3-35,01KJP2Q4FMMNPG4DTS771Y4V70,01KJP2Q9Z7MR3VPYE4MH3SC9C8,A,C,0,0.0625,3.0,1.0
01KJP22PXRH9VYFY7Z1HZVNSMN,page3-35,01KJP2Q4FMMNPG4DTS771Y4V70,01KJP2RBVR6E36EKC8HYRAV5GF,A,A,1,0.15,3.0,1.0
01KJP22PXRH9VYFY7Z1HZVNSMN,page3-35,01KJP2Q4FMMNPG4DTS771Y4V70,01KJP2RH1QNE571FNJRJ0ZHM7W,A,B,0,0.0,3.0,1.0
01KJP22PXRH9VYFY7Z1HZVNSMN,page3-35,01KJP2Q4FMMNPG4DTS771Y4V70,01KJP2RVD8SK7AN1X5EMGRM458,A,B,0,0.0,3.0,1.0
01KJP22PXRH9VYFY7Z1HZVNSMN,page3-35,01KJP2Q4FMMNPG4DTS771Y4V70,01KJP2SDQCR0935BS4E06A6D2G,A,C,0,0.09090909090909091,3.0,1.0
01KJP22PXRH9VYFY7Z1HZVNSMN,page3-35,01KJP2Q4FMMNPG4DTS771Y4V70,01KJP2SNNP4ZB6K1QMGZX5CC0T,A,C,0,0.0,3.0,1.0
01KJP22PXRH9VYFY7Z1HZVNSMN,page3-35,01KJP2Q9Z7MR3VPYE4MH3SC9C8,01KJP2RBVR6E36EKC8HYRAV5GF,C,A,0,0.29411764705882354,3.0,1.0
01KJP22PXRH9VYFY7Z1HZVNSMN,page3-35,01KJP2Q9Z7MR3VPYE4MH3SC9C8,01KJP2RH1QNE571FNJRJ0ZHM7W,C,B,0,0.18181818181818182,3.0,1.0
01KJP22PXRH9VYFY7Z1HZVNSMN,page3-35,01KJP2Q9Z7MR3VPYE4MH3SC9C8,01KJP2RVD8SK7AN1X5EMGRM458,C,B,0,0.0,3.0,1.0
01KJP22PXRH9VYFY7Z1HZVNSMN,page3-35,01KJP2Q9Z7MR3VPYE4MH3SC9C8,01KJP2SDQCR0935BS4E06A6D2G,C,C,1,0.0,3.0,1.0
01KJP22PXRH9VYFY7Z1HZVNSMN,page3-35,01KJP2Q9Z7MR3VPYE4MH3SC9C8,01KJP2SNNP4ZB6K1QMGZX5CC0T,C,C,1,0.0,3.0,1.0
01KJP22PXRH9VYFY7Z1HZVNSMN,page3-35,01KJP2RBVR6E36EKC8HYRAV5GF,01KJP2RH1QNE571FNJRJ0ZHM7W,A,B,0,0.11764705882352941,3.0,1.0
01KJP22PXRH9VYFY7Z1HZVNSMN,page3-35,01KJP2RBVR6E36EKC8HYRAV5GF,01KJP2RVD8SK7AN1X5EMGRM458,A,B,0,0.0,3.0,1.0
01KJP22PXRH9VYFY7Z1HZVNSMN,page3-35,01KJP2RBVR6E36EKC8HYRAV5GF,01KJP2SDQCR0935BS4E06A6D2G,A,C,0,0.0,3.0,1.0
01KJP22PXRH9VYFY7Z1HZVNSMN,page3-35,01KJP2RBVR6E36EKC8HYRAV5GF,01KJP2SNNP4ZB6K1QMGZX5CC0T,A,C,0,0.0,3.0,1.0
01KJP22PXRH9VYFY7Z1HZVNSMN,page3-35,01KJP2RH1QNE571FNJRJ0ZHM7W,01KJP2RVD8SK7AN1X5EMGRM458,B,B,1,0.0,3.0,1.0
01KJP22PXRH9VYFY7Z1HZVNSMN,page3-35,01KJP2RH1QNE571FNJRJ0ZHM7W,01KJP2SDQCR0935BS4E06A6D2G,B,C,0,0.0,3.0,1.0
01KJP22PXRH9VYFY7Z1HZVNSMN,page3-35,01KJP2RH1QNE571FNJRJ0ZHM7W,01KJP2SNNP4ZB6K1QMGZX5CC0T,B,C,0,0.0,3.0,1.0
01KJP22PXRH9VYFY7Z1HZVNSMN,page3-35,01KJP2RVD8SK7AN1X5EMGRM458,01KJP2SDQCR0935BS4E06A6D2G,B,C,0,0.0,3.0,1.0
01KJP22PXRH9VYFY7Z1HZVNSMN,page3-35,01KJP2RVD8SK7AN1X5EMGRM458,01KJP2SNNP4ZB6K1QMGZX5CC0T,B,C,0,0.0,3.0,1.0
01KJP22PXRH9VYFY7Z1HZVNSMN,page3-35,01KJP2SDQCR0935BS4E06A6D2G,01KJP2SNNP4ZB6K1QMGZX5CC0T,C,C,1,0.16666666666666666,3.0,1.0
01KJP22PXRH9VYFY7Z1HZVNSMN,page3-35,01KJP2Q4FMMNPG4DTS771Y4V70,01KJP2Q9Z7MR3VPYE4MH3SC9C8,A,C,0,0.0625,4.0,1.0
01KJP22PXRH9VYFY7Z1HZVNSMN,page3-35,01KJP2Q4FMMNPG4DTS771Y4V70,01KJP2RBVR6E36EKC8HYRAV5GF,A,A,1,0.15,4.0,1.0
01KJP22PXRH9VYFY7Z1HZVNSMN,page3-35,01KJP2Q4FMMNPG4DTS771Y4V70,01KJP2RH1QNE571FNJRJ0ZHM7W,A,B,0,0.0,4.0,1.0
01KJP22PXRH9VYFY7Z1HZVNSMN,page3-35,01KJP2Q4FMMNPG4DTS771Y4V70,01KJP2RVD8SK7AN1X5EMGRM458,A,B,0,0.0,4.0,1.0
01KJP22PXRH9VYFY7Z1HZVNSMN,page3-35,01KJP2Q4FMMNPG4DTS771Y4V70,01KJP2SDQCR0935BS4E06A6D2G,A,C,0,0.0,4.0,1.0
01KJP22PXRH9VYFY7Z1HZVNSMN,page3-35,01KJP2Q4FMMNPG4DTS771Y4V70,01KJP2SGRYQPGESDGRKTMMAJX4,A,A,1,0.0,4.0,1.0
01KJP22PXRH9VYFY7Z1HZVNSMN,page3-35,01KJP2Q4FMMNPG4DTS771Y4V70,01KJP2SNNP4ZB6K1QMGZX5CC0T,A,C,0,0.0,4.0,1.0
01KJP22PXRH9VYFY7Z1HZVNSMN,page3-35,01KJP2Q9Z7MR3VPYE4MH3SC9C8,01KJP2RBVR6E36EKC8HYRAV5GF,C,A,0,0.29411764705882354,4.0,1.0
01KJP22PXRH9VYFY7Z1HZVNSMN,page3-35,01KJP2Q9Z7MR3VPYE4MH3SC9C8,01KJP2RH1QNE571FNJRJ0ZHM7W,C,B,0,0.18181818181818182,4.0,1.0
01KJP22PXRH9VYFY7Z1HZVNSMN,page3-35,01KJP2Q9Z7MR3VPYE4MH3SC9C8,01KJP2RVD8SK7AN1X5EMGRM458,C,B,0,0.0,4.0,1.0
01KJP22PXRH9VYFY7Z1HZVNSMN,page3-35,01KJP2Q9Z7MR3VPYE4MH3SC9C8,01KJP2SDQCR0935BS4E06A6D2G,C,C,1,0.0,4.0,1.0
01KJP22PXRH9VYFY7Z1HZVNSMN,page3-35,01KJP2Q9Z7MR3VPYE4MH3SC9C8,01KJP2SGRYQPGESDGRKTMMAJX4,C,A,0,0.0,4.0,1.0
01KJP22PXRH9VYFY7Z1HZVNSMN,page3-35,01KJP2Q9Z7MR3VPYE4MH3SC9C8,01KJP2SNNP4ZB6K1QMGZX5CC0T,C,C,1,0.0,4.0,1.0
01KJP22PXRH9VYFY7Z1HZVNSMN,page3-35,01KJP2RBVR6E36EKC8HYRAV5GF,01KJP2RH1QNE571FNJRJ0ZHM7W,A,B,0,0.11764705882352941,4.0,1.0
01KJP22PXRH9VYFY7Z1HZVNSMN,page3-35,01KJP2RBVR6E36EKC8HYRAV5GF,01KJP2RVD8SK7AN1X5EMGRM458,A,B,0,0.0,4.0,1.0
01KJP22PXRH9VYFY7Z1HZVNSMN,page3-35,01KJP2RBVR6E36EKC8HYRAV5GF,01KJP2SDQCR0935BS4E06A6D2G,A,C,0,0.0,4.0,1.0
01KJP22PXRH9VYFY7Z1HZVNSMN,page3-35,01KJP2RBVR6E36EKC8HYRAV5GF,01KJP2SGRYQPGESDGRKTMMAJX4,A,A,1,0.05555555555555555,4.0,1.0
01KJP22PXRH9VYFY7Z1HZVNSMN,page3-35,01KJP2RBVR6E36EKC8HYRAV5GF,01KJP2SNNP4ZB6K1QMGZX5CC0T,A,C,0,0.0,4.0,1.0
01KJP22PXRH9VYFY7Z1HZVNSMN,page3-35,01KJP2RH1QNE571FNJRJ0ZHM7W,01KJP2RVD8SK7AN1X5EMGRM458,B,B,1,0.4,4.0,1.0
01KJP22PXRH9VYFY7Z1HZVNSMN,page3-35,01KJP2RH1QNE571FNJRJ0ZHM7W,01KJP2SDQCR0935BS4E06A6D2G,B,C,0,0.0,4.0,1.0
01KJP22PXRH9VYFY7Z1HZVNSMN,page3-35,01KJP2RH1QNE571FNJRJ0ZHM7W,01KJP2SGRYQPGESDGRKTMMAJX4,B,A,0,0.0,4.0,1.0
01KJP22PXRH9VYFY7Z1HZVNSMN,page3-35,01KJP2RH1QNE571FNJRJ0ZHM7W,01KJP2SNNP4ZB6K1QMGZX5CC0T,B,C,0,0.0,4.0,1.0
01KJP22PXRH9VYFY7Z1HZVNSMN,page3-35,01KJP2RVD8SK7AN1X5EMGRM458,01KJP2SDQCR0935BS4E06A6D2G,B,C,0,0.0,4.0,1.0
01KJP22PXRH9VYFY7Z1HZVNSMN,page3-35,01KJP2RVD8SK7AN1X5EMGRM458,01KJP2SGRYQPGESDGRKTMMAJX4,B,A,0,0.0,4.0,1.0
01KJP22PXRH9VYFY7Z1HZVNSMN,page3-35,01KJP2RVD8SK7AN1X5EMGRM458,01KJP2SNNP4ZB6K1QMGZX5CC0T,B,C,0,0.0,4.0,1.0
01KJP22PXRH9VYFY7Z1HZVNSMN,page3-35,01KJP2SDQCR0935BS4E06A6D2G,01KJP2SGRYQPGESDGRKTMMAJX4,C,A,0,0.0,4.0,1.0
01KJP22PXRH9VYFY7Z1HZVNSMN,page3-35,01KJP2SDQCR0935BS4E06A6D2G,01KJP2SNNP4ZB6K1QMGZX5CC0T,C,C,1,0.5,4.0,1.0
01KJP22PXRH9VYFY7Z1HZVNSMN,page3-35,01KJP2SGRYQPGESDGRKTMMAJX4,01KJP2SNNP4ZB6K1QMGZX5CC0T,A,C,0,0.0,4.0,1.0
01KJP22PXRH9VYFY7Z1HZVNSMN,page3-35,01KJP2Q4FMMNPG4DTS771Y4V70,01KJP2Q9Z7MR3VPYE4MH3SC9C8,A,C,0,0.0,5.0,1.0
01KJP22PXRH9VYFY7Z1HZVNSMN,page3-35,01KJP2Q4FMMNPG4DTS771Y4V70,01KJP2RBVR6E36EKC8HYRAV5GF,A,A,1,0.25,5.0,1.0
01KJP22PXRH9VYFY7Z1HZVNSMN,page3-35,01KJP2Q4FMMNPG4DTS771Y4V70,01KJP2RH1QNE571FNJRJ0ZHM7W,A,B,0,0.0,5.0,1.0
01KJP22PXRH9VYFY7Z1HZVNSMN,page3-35,01KJP2Q4FMMNPG4DTS771Y4V70,01KJP2RVD8SK7AN1X5EMGRM458,A,B,0,0.0,5.0,1.0
01KJP22PXRH9VYFY7Z1HZVNSMN,page3-35,01KJP2Q4FMMNPG4DTS771Y4V70,01KJP2SDQCR0935BS4E06A6D2G,A,C,0,0.0,5.0,1.0
01KJP22PXRH9VYFY7Z1HZVNSMN,page3-35,01KJP2Q4FMMNPG4DTS771Y4V70,01KJP2SGRYQPGESDGRKTMMAJX4,A,A,1,0.0,5.0,1.0
01KJP22PXRH9VYFY7Z1HZVNSMN,page3-35,01KJP2Q4FMMNPG4DTS771Y4V70,01KJP2SNNP4ZB6K1QMGZX5CC0T,A,C,0,0.0,5.0,1.0
01KJP22PXRH9VYFY7Z1HZVNSMN,page3-35,01KJP2Q9Z7MR3VPYE4MH3SC9C8,01KJP2RBVR6E36EKC8HYRAV5GF,C,A,0,0.0,5.0,1.0
01KJP22PXRH9VYFY7Z1HZVNSMN,page3-35,01KJP2Q9Z7MR3VPYE4MH3SC9C8,01KJP2RH1QNE571FNJRJ0ZHM7W,C,B,0,0.0,5.0,1.0
01KJP22PXRH9VYFY7Z1HZVNSMN,page3-35,01KJP2Q9Z7MR3VPYE4MH3SC9C8,01KJP2RVD8SK7AN1X5EMGRM458,C,B,0,0.0,5.0,1.0
01KJP22PXRH9VYFY7Z1HZVNSMN,page3-35,01KJP2Q9Z7MR3VPYE4MH3SC9C8,01KJP2SDQCR0935BS4E06A6D2G,C,C,1,0.5,5.0,1.0
01KJP22PXRH9VYFY7Z1HZVNSMN,page3-35,01KJP2Q9Z7MR3VPYE4MH3SC9C8,01KJP2SGRYQPGESDGRKTMMAJX4,C,A,0,0.0,5.0,1.0
01KJP22PXRH9VYFY7Z1HZVNSMN,page3-35,01KJP2Q9Z7MR3VPYE4MH3SC9C8,01KJP2SNNP4ZB6K1QMGZX5CC0T,C,C,1,0.25,5.0,1.0
01KJP22PXRH9VYFY7Z1HZVNSMN,page3-35,01KJP2RBVR6E36EKC8HYRAV5GF,01KJP2RH1QNE571FNJRJ0ZHM7W,A,B,0,0.0,5.0,1.0
01KJP22PXRH9VYFY7Z1HZVNSMN,page3-35,01KJP2RBVR6E36EKC8HYRAV5GF,01KJP2RVD8SK7AN1X5EMGRM458,A,B,0,0.0,5.0,1.0
01KJP22PXRH9VYFY7Z1HZVNSMN,page3-35,01KJP2RBVR6E36EKC8HYRAV5GF,01KJP2SDQCR0935BS4E06A6D2G,A,C,0,0.0,5.0,1.0
01KJP22PXRH9VYFY7Z1HZVNSMN,page3-35,01KJP2RBVR6E36EKC8HYRAV5GF,01KJP2SGRYQPGESDGRKTMMAJX4,A,A,1,0.0,5.0,1.0
01KJP22PXRH9VYFY7Z1HZVNSMN,page3-35,01KJP2RBVR6E36EKC8HYRAV5GF,01KJP2SNNP4ZB6K1QMGZX5CC0T,A,C,0,0.0,5.0,1.0
01KJP22PXRH9VYFY7Z1HZVNSMN,page3-35,01KJP2RH1QNE571FNJRJ0ZHM7W,01KJP2RVD8SK7AN1X5EMGRM458,B,B,1,0.4,5.0,1.0
01KJP22PXRH9VYFY7Z1HZVNSMN,page3-35,01KJP2RH1QNE571FNJRJ0ZHM7W,01KJP2SDQCR0935BS4E06A6D2G,B,C,0,0.0,5.0,1.0
01KJP22PXRH9VYFY7Z1HZVNSMN,page3-35,01KJP2RH1QNE571FNJRJ0ZHM7W,01KJP2SGRYQPGESDGRKTMMAJX4,B,A,0,0.0,5.0,1.0
01KJP22PXRH9VYFY7Z1HZVNSMN,page3-35,01KJP2RH1QNE571FNJRJ0ZHM7W,01KJP2SNNP4ZB6K1QMGZX5CC0T,B,C,0,0.0,5.0,1.0
01KJP22PXRH9VYFY7Z1HZVNSMN,page3-35,01KJP2RVD8SK7AN1X5EMGRM458,01KJP2SDQCR0935BS4E06A6D2G,B,C,0,0.0,5.0,1.0
01KJP22PXRH9VYFY7Z1HZVNSMN,page3-35,01KJP2RVD8SK7AN1X5EMGRM458,01KJP2SGRYQPGESDGRKTMMAJX4,B,A,0,0.0,5.0,1.0
01KJP22PXRH9VYFY7Z1HZVNSMN,page3-35,01KJP2RVD8SK7AN1X5EMGRM458,01KJP2SNNP4ZB6K1QMGZX5CC0T,B,C,0,0.0,5.0,1.0
01KJP22PXRH9VYFY7Z1HZVNSMN,page3-35,01KJP2SDQCR0935BS4E06A6D2G,01KJP2SGRYQPGESDGRKTMMAJX4,C,A,0,0.0,5.0,1.0
01KJP22PXRH9VYFY7Z1HZVNSMN,page3-35,01KJP2SDQCR0935BS4E06A6D2G,01KJP2SNNP4ZB6K1QMGZX5CC0T,C,C,1,0.5,5.0,1.0
01KJP22PXRH9VYFY7Z1HZVNSMN,page3-35,01KJP2SGRYQPGESDGRKTMMAJX4,01KJP2SNNP4ZB6K1QMGZX5CC0T,A,C,0,0.0,5.0,1.0
01KJP22PXRH9VYFY7Z1HZVNSMN,page5-28,01KJP2Q4FMMNPG4DTS771Y4V70,01KJP2RH1QNE571FNJRJ0ZHM7W,A,B,0,0.0,1.0,2.0
01KJP22PXRH9VYFY7Z1HZVNSMN,page5-28,01KJP2Q4FMMNPG4DTS771Y4V70,01KJP2RVD8SK7AN1X5EMGRM458,A,B,0,0.18181818181818182,1.0,2.0
01KJP22PXRH9VYFY7Z1HZVNSMN,page5-28,01KJP2Q4FMMNPG4DTS771Y4V70,01KJP2SDQCR0935BS4E06A6D2G,A,C,0,0.1,1.0,2.0
01KJP22PXRH9VYFY7Z1HZVNSMN,page5-28,01KJP2Q4FMMNPG4DTS771Y4V70,01KJP2SGRYQPGESDGRKTMMAJX4,A,A,1,0.125,1.0,2.0
01KJP22PXRH9VYFY7Z1HZVNSMN,page5-28,01KJP2Q4FMMNPG4DTS771Y4V70,01KJP2SNNP4ZB6K1QMGZX5CC0T,A,C,0,0.0,1.0,2.0
01KJP22PXRH9VYFY7Z1HZVNSMN,page5-28,01KJP2RH1QNE571FNJRJ0ZHM7W,01KJP2RVD8SK7AN1X5EMGRM458,B,B,1,0.1111111111111111,1.0,2.0
01KJP22PXRH9VYFY7Z1HZVNSMN,page5-28,01KJP2RH1QNE571FNJRJ0ZHM7W,01KJP2SDQCR0935BS4E06A6D2G,B,C,0,0.0,1.0,2.0
01KJP22PXRH9VYFY7Z1HZVNSMN,page5-28,01KJP2RH1QNE571FNJRJ0ZHM7W,01KJP2SGRYQPGESDGRKTMMAJX4,B,A,0,0.0,1.0,2.0
01KJP22PXRH9VYFY7Z1HZVNSMN,page5-28,01KJP2RH1QNE571FNJRJ0ZHM7W,01KJP2SNNP4ZB6K1QMGZX5CC0T,B,C,0,0.0,1.0,2.0
01KJP22PXRH9VYFY7Z1HZVNSMN,page5-28,01KJP2RVD8SK7AN1X5EMGRM458,01KJP2SDQCR0935BS4E06A6D2G,B,C,0,0.14285714285714285,1.0,2.0
01KJP22PXRH9VYFY7Z1HZVNSMN,page5-28,01KJP2RVD8SK7AN1X5EMGRM458,01KJP2SGRYQPGESDGRKTMMAJX4,B,A,0,0.0,1.0,2.0
01KJP22PXRH9VYFY7Z1HZVNSMN,page5-28,01KJP2RVD8SK7AN1X5EMGRM458,01KJP2SNNP4ZB6K1QMGZX5CC0T,B,C,0,0.0,1.0,2.0
01KJP22PXRH9VYFY7Z1HZVNSMN,page5-28,01KJP2SDQCR0935BS4E06A6D2G,01KJP2SGRYQPGESDGRKTMMAJX4,C,A,0,0.0,1.0,2.0
01KJP22PXRH9VYFY7Z1HZVNSMN,page5-28,01KJP2SDQCR0935BS4E06A6D2G,01KJP2SNNP4ZB6K1QMGZX5CC0T,C,C,1,0.2857142857142857,1.0,2.0
01KJP22PXRH9VYFY7Z1HZVNSMN,page5-28,01KJP2SGRYQPGESDGRKTMMAJX4,01KJP2SNNP4ZB6K1QMGZX5CC0T,A,C,0,0.0,1.0,2.0
01KJP22PXRH9VYFY7Z1HZVNSMN,page5-28,01KJP2Q4FMMNPG4DTS771Y4V70,01KJP2Q9Z7MR3VPYE4MH3SC9C8,A,C,0,0.0,2.0,2.0
01KJP22PXRH9VYFY7Z1HZVNSMN,page5-28,01KJP2Q4FMMNPG4DTS771Y4V70,01KJP2RBVR6E36EKC8HYRAV5GF,A,A,1,0.09090909090909091,2.0,2.0
01KJP22PXRH9VYFY7Z1HZVNSMN,page5-28,01KJP2Q4FMMNPG4DTS771Y4V70,01KJP2RH1QNE571FNJRJ0ZHM7W,A,B,0,0.0,2.0,2.0
01KJP22PXRH9VYFY7Z1HZVNSMN,page5-28,01KJP2Q4FMMNPG4DTS771Y4V70,01KJP2RVD8SK7AN1X5EMGRM458,A,B,0,0.0,2.0,2.0
01KJP22PXRH9VYFY7Z1HZVNSMN,page5-28,01KJP2Q4FMMNPG4DTS771Y4V70,01KJP2SDQCR0935BS4E06A6D2G,A,C,0,0.0,2.0,2.0
01KJP22PXRH9VYFY7Z1HZVNSMN,page5-28,01KJP2Q4FMMNPG4DTS771Y4V70,01KJP2SGRYQPGESDGRKTMMAJX4,A,A,1,1.0,2.0,2.0
01KJP22PXRH9VYFY7Z1HZVNSMN,page5-28,01KJP2Q4FMMNPG4DTS771Y4V70,01KJP2SNNP4ZB6K1QMGZX5CC0T,A,C,0,0.0,2.0,2.0
01KJP22PXRH9VYFY7Z1HZVNSMN,page5-28,01KJP2Q9Z7MR3VPYE4MH3SC9C8,01KJP2RBVR6E36EKC8HYRAV5GF,C,A,0,0.08333333333333333,2.0,2.0
01KJP22PXRH9VYFY7Z1HZVNSMN,page5-28,01KJP2Q9Z7MR3VPYE4MH3SC9C8,01KJP2RH1QNE571FNJRJ0ZHM7W,C,B,0,0.0,2.0,2.0
01KJP22PXRH9VYFY7Z1HZVNSMN,page5-28,01KJP2Q9Z7MR3VPYE4MH3SC9C8,01KJP2RVD8SK7AN1X5EMGRM458,C,B,0,0.0,2.0,2.0
01KJP22PXRH9VYFY7Z1HZVNSMN,page5-28,01KJP2Q9Z7MR3VPYE4MH3SC9C8,01KJP2SDQCR0935BS4E06A6D2G,C,C,1,0.6666666666666666,2.0,2.0
01KJP22PXRH9VYFY7Z1HZVNSMN,page5-28,01KJP2Q9Z7MR3VPYE4MH3SC9C8,01KJP2SGRYQPGESDGRKTMMAJX4,C,A,0,0.0,2.0,2.0
01KJP22PXRH9VYFY7Z1HZVNSMN,page5-28,01KJP2Q9Z7MR3VPYE4MH3SC9C8,01KJP2SNNP4ZB6K1QMGZX5CC0T,C,C,1,0.3333333333333333,2.0,2.0
01KJP22PXRH9VYFY7Z1HZVNSMN,page5-28,01KJP2RBVR6E36EKC8HYRAV5GF,01KJP2RH1QNE571FNJRJ0ZHM7W,A,B,0,0.0,2.0,2.0
01KJP22PXRH9VYFY7Z1HZVNSMN,page5-28,01KJP2RBVR6E36EKC8HYRAV5GF,01KJP2RVD8SK7AN1X5EMGRM458,A,B,0,0.0,2.0,2.0
01KJP22PXRH9VYFY7Z1HZVNSMN,page5-28,01KJP2RBVR6E36EKC8HYRAV5GF,01KJP2SDQCR0935BS4E06A6D2G,A,C,0,0.07692307692307693,2.0,2.0
01KJP22PXRH9VYFY7Z1HZVNSMN,page5-28,01KJP2RBVR6E36EKC8HYRAV5GF,01KJP2SGRYQPGESDGRKTMMAJX4,A,A,1,0.09090909090909091,2.0,2.0
01KJP22PXRH9VYFY7Z1HZVNSMN,page5-28,01KJP2RBVR6E36EKC8HYRAV5GF,01KJP2SNNP4ZB6K1QMGZX5CC0T,A,C,0,0.0625,2.0,2.0
01KJP22PXRH9VYFY7Z1HZVNSMN,page5-28,01KJP2RH1QNE571FNJRJ0ZHM7W,01KJP2RVD8SK7AN1X5EMGRM458,B,B,1,0.1111111111111111,2.0,2.0
01KJP22PXRH9VYFY7Z1HZVNSMN,page5-28,01KJP2RH1QNE571FNJRJ0ZHM7W,01KJP2SDQCR0935BS4E06A6D2G,B,C,0,0.0,2.0,2.0
01KJP22PXRH9VYFY7Z1HZVNSMN,page5-28,01KJP2RH1QNE571FNJRJ0ZHM7W,01KJP2SGRYQPGESDGRKTMMAJX4,B,A,0,0.0,2.0,2.0
01KJP22PXRH9VYFY7Z1HZVNSMN,page5-28,01KJP2RH1QNE571FNJRJ0ZHM7W,01KJP2SNNP4ZB6K1QMGZX5CC0T,B,C,0,0.0,2.0,2.0
01KJP22PXRH9VYFY7Z1HZVNSMN,page5-28,01KJP2RVD8SK7AN1X5EMGRM458,01KJP2SDQCR0935BS4E06A6D2G,B,C,0,0.14285714285714285,2.0,2.0
01KJP22PXRH9VYFY7Z1HZVNSMN,page5-28,01KJP2RVD8SK7AN1X5EMGRM458,01KJP2SGRYQPGESDGRKTMMAJX4,B,A,0,0.0,2.0,2.0
01KJP22PXRH9VYFY7Z1HZVNSMN,page5-28,01KJP2RVD8SK7AN1X5EMGRM458,01KJP2SNNP4ZB6K1QMGZX5CC0T,B,C,0,0.0,2.0,2.0
01KJP22PXRH9VYFY7Z1HZVNSMN,page5-28,01KJP2SDQCR0935BS4E06A6D2G,01KJP2SGRYQPGESDGRKTMMAJX4,C,A,0,0.0,2.0,2.0
01KJP22PXRH9VYFY7Z1HZVNSMN,page5-28,01KJP2SDQCR0935BS4E06A6D2G,01KJP2SNNP4ZB6K1QMGZX5CC0T,C,C,1,0.2857142857142857,2.0,2.0
01KJP22PXRH9VYFY7Z1HZVNSMN,page5-28,01KJP2SGRYQPGESDGRKTMMAJX4,01KJP2SNNP4ZB6K1QMGZX5CC0T,A,C,0,0.0,2.0,2.0
01KJP22PXRH9VYFY7Z1HZVNSMN,page5-28,01KJP2Q4FMMNPG4DTS771Y4V70,01KJP2Q9Z7MR3VPYE4MH3SC9C8,A,C,0,0.0,3.0,2.0
01KJP22PXRH9VYFY7Z1HZVNSMN,page5-28,01KJP2Q4FMMNPG4DTS771Y4V70,01KJP2RBVR6E36EKC8HYRAV5GF,A,A,1,0.2,3.0,2.0
01KJP22PXRH9VYFY7Z1HZVNSMN,page5-28,01KJP2Q4FMMNPG4DTS771Y4V70,01KJP2RH1QNE571FNJRJ0ZHM7W,A,B,0,0.0,3.0,2.0
01KJP22PXRH9VYFY7Z1HZVNSMN,page5-28,01KJP2Q4FMMNPG4DTS771Y4V70,01KJP2RVD8SK7AN1X5EMGRM458,A,B,0,0.3333333333333333,3.0,2.0
01KJP22PXRH9VYFY7Z1HZVNSMN,page5-28,01KJP2Q4FMMNPG4DTS771Y4V70,01KJP2SDQCR0935BS4E06A6D2G,A,C,0,0.1111111111111111,3.0,2.0
01KJP22PXRH9VYFY7Z1HZVNSMN,page5-28,01KJP2Q4FMMNPG4DTS771Y4V70,01KJP2SGRYQPGESDGRKTMMAJX4,A,A,1,0.14285714285714285,3.0,2.0
01KJP22PXRH9VYFY7Z1HZVNSMN,page5-28,01KJP2Q4FMMNPG4DTS771Y4V70,01KJP2SNNP4ZB6K1QMGZX5CC0T,A,C,0,0.0,3.0,2.0
01KJP22PXRH9VYFY7Z1HZVNSMN,page5-28,01KJP2Q9Z7MR3VPYE4MH3SC9C8,01KJP2RBVR6E36EKC8HYRAV5GF,C,A,0,0.08333333333333333,3.0,2.0
01KJP22PXRH9VYFY7Z1HZVNSMN,page5-28,01KJP2Q9Z7MR3VPYE4MH3SC9C8,01KJP2RH1QNE571FNJRJ0ZHM7W,C,B,0,1.0,3.0,2.0
01KJP22PXRH9VYFY7Z1HZVNSMN,page5-28,01KJP2Q9Z7MR3VPYE4MH3SC9C8,01KJP2RVD8SK7AN1X5EMGRM458,C,B,0,0.0,3.0,2.0
01KJP22PXRH9VYFY7Z1HZVNSMN,page5-28,01KJP2Q9Z7MR3VPYE4MH3SC9C8,01KJP2SDQCR0935BS4E06A6D2G,C,C,1,0.6666666666666666,3.0,2.0
01KJP22PXRH9VYFY7Z1HZVNSMN,page5-28,01KJP2Q9Z7MR3VPYE4MH3SC9C8,01KJP2SGRYQPGESDGRKTMMAJX4,C,A,0,0.0,3.0,2.0
01KJP22PXRH9VYFY7Z1HZVNSMN,page5-28,01KJP2Q9Z7MR3VPYE4MH3SC9C8,01KJP2SNNP4ZB6K1QMGZX5CC0T,C,C,1,0.5,3.0,2.0
01KJP22PXRH9VYFY7Z1HZVNSMN,page5-28,01KJP2RBVR6E36EKC8HYRAV5GF,01KJP2RH1QNE571FNJRJ0ZHM7W,A,B,0,0.08333333333333333,3.0,2.0
01KJP22PXRH9VYFY7Z1HZVNSMN,page5-28,01KJP2RBVR6E36EKC8HYRAV5GF,01KJP2RVD8SK7AN1X5EMGRM458,A,B,0,0.0,3.0,2.0
01KJP22PXRH9VYFY7Z1HZVNSMN,page5-28,01KJP2RBVR6E36EKC8HYRAV5GF,01KJP2SDQCR0935BS4E06A6D2G,A,C,0,0.07692307692307693,3.0,2.0
01KJP22PXRH9VYFY7Z1HZVNSMN,page5-28,01KJP2RBVR6E36EKC8HYRAV5GF,01KJP2SGRYQPGESDGRKTMMAJX4,A,A,1,0.09090909090909091,3.0,2.0
01KJP22PXRH9VYFY7Z1HZVNSMN,page5-28,01KJP2RBVR6E36EKC8HYRAV5GF,01KJP2SNNP4ZB6K1QMGZX5CC0T,A,C,0,0.07142857142857142,3.0,2.0
01KJP22PXRH9VYFY7Z1HZVNSMN,page5-28,01KJP2RH1QNE571FNJRJ0ZHM7W,01KJP2RVD8SK7AN1X5EMGRM458,B,B,1,0.0,3.0,2.0
01KJP22PXRH9VYFY7Z1HZVNSMN,page5-28,01KJP2RH1QNE571FNJRJ0ZHM7W,01KJP2SDQCR0935BS4E06A6D2G,B,C,0,0.6666666666666666,3.0,2.0
01KJP22PXRH9VYFY7Z1HZVNSMN,page5-28,01KJP2RH1QNE571FNJRJ0ZHM7W,01KJP2SGRYQPGESDGRKTMMAJX4,B,A,0,0.0,3.0,2.0
01KJP22PXRH9VYFY7Z1HZVNSMN,page5-28,01KJP2RH1QNE571FNJRJ0ZHM7W,01KJP2SNNP4ZB6K1QMGZX5CC0T,B,C,0,0.5,3.0,2.0
01KJP22PXRH9VYFY7Z1HZVNSMN,page5-28,01KJP2RVD8SK7AN1X5EMGRM458,01KJP2SDQCR0935BS4E06A6D2G,B,C,0,0.14285714285714285,3.0,2.0
01KJP22PXRH9VYFY7Z1HZVNSMN,page5-28,01KJP2RVD8SK7AN1X5EMGRM458,01KJP2SGRYQPGESDGRKTMMAJX4,B,A,0,0.0,3.0,2.0
01KJP22PXRH9VYFY7Z1HZVNSMN,page5-28,01KJP2RVD8SK7AN1X5EMGRM458,01KJP2SNNP4ZB6K1QMGZX5CC0T,B,C,0,0.0,3.0,2.0
01KJP22PXRH9VYFY7Z1HZVNSMN,page5-28,01KJP2SDQCR0935BS4E06A6D2G,01KJP2SGRYQPGESDGRKTMMAJX4,C,A,0,0.0,3.0,2.0
01KJP22PXRH9VYFY7Z1HZVNSMN,page5-28,01KJP2SDQCR0935BS4E06A6D2G,01KJP2SNNP4ZB6K1QMGZX5CC0T,C,C,1,0.4,3.0,2.0
01KJP22PXRH9VYFY7Z1HZVNSMN,page5-28,01KJP2SGRYQPGESDGRKTMMAJX4,01KJP2SNNP4ZB6K1QMGZX5CC0T,A,C,0,0.0,3.0,2.0
01KJP22PXRH9VYFY7Z1HZVNSMN,page5-28,01KJP2Q4FMMNPG4DTS771Y4V70,01KJP2Q9Z7MR3VPYE4MH3SC9C8,A,C,0,0.0,4.0,2.0
01KJP22PXRH9VYFY7Z1HZVNSMN,page5-28,01KJP2Q4FMMNPG4DTS771Y4V70,01KJP2RBVR6E36EKC8HYRAV5GF,A,A,1,0.2,4.0,2.0
01KJP22PXRH9VYFY7Z1HZVNSMN,page5-28,01KJP2Q4FMMNPG4DTS771Y4V70,01KJP2RH1QNE571FNJRJ0ZHM7W,A,B,0,0.0,4.0,2.0
01KJP22PXRH9VYFY7Z1HZVNSMN,page5-28,01KJP2Q4FMMNPG4DTS771Y4V70,01KJP2RVD8SK7AN1X5EMGRM458,A,B,0,0.125,4.0,2.0
01KJP22PXRH9VYFY7Z1HZVNSMN,page5-28,01KJP2Q4FMMNPG4DTS771Y4V70,01KJP2SDQCR0935BS4E06A6D2G,A,C,0,0.0,4.0,2.0
01KJP22PXRH9VYFY7Z1HZVNSMN,page5-28,01KJP2Q4FMMNPG4DTS771Y4V70,01KJP2SGRYQPGESDGRKTMMAJX4,A,A,1,0.1111111111111111,4.0,2.0
01KJP22PXRH9VYFY7Z1HZVNSMN,page5-28,01KJP2Q4FMMNPG4DTS771Y4V70,01KJP2SNNP4ZB6K1QMGZX5CC0T,A,C,0,0.0,4.0,2.0
01KJP22PXRH9VYFY7Z1HZVNSMN,page5-28,01KJP2Q9Z7MR3VPYE4MH3SC9C8,01KJP2RBVR6E36EKC8HYRAV5GF,C,A,0,0.08333333333333333,4.0,2.0
01KJP22PXRH9VYFY7Z1HZVNSMN,page5-28,01KJP2Q9Z7MR3VPYE4MH3SC9C8,01KJP2RH1QNE571FNJRJ0ZHM7W,C,B,0,1.0,4.0,2.0
01KJP22PXRH9VYFY7Z1HZVNSMN,page5-28,01KJP2Q9Z7MR3VPYE4MH3SC9C8,01KJP2RVD8SK7AN1X5EMGRM458,C,B,0,0.0,4.0,2.0
01KJP22PXRH9VYFY7Z1HZVNSMN,page5-28,01KJP2Q9Z7MR3VPYE4MH3SC9C8,01KJP2SDQCR0935BS4E06A6D2G,C,C,1,0.5,4.0,2.0
01KJP22PXRH9VYFY7Z1HZVNSMN,page5-28,01KJP2Q9Z7MR3VPYE4MH3SC9C8,01KJP2SGRYQPGESDGRKTMMAJX4,C,A,0,0.6666666666666666,4.0,2.0
01KJP22PXRH9VYFY7Z1HZVNSMN,page5-28,01KJP2Q9Z7MR3VPYE4MH3SC9C8,01KJP2SNNP4ZB6K1QMGZX5CC0T,C,C,1,0.5,4.0,2.0
01KJP22PXRH9VYFY7Z1HZVNSMN,page5-28,01KJP2RBVR6E36EKC8HYRAV5GF,01KJP2RH1QNE571FNJRJ0ZHM7W,A,B,0,0.08333333333333333,4.0,2.0
01KJP22PXRH9VYFY7Z1HZVNSMN,page5-28,01KJP2RBVR6E36EKC8HYRAV5GF,01KJP2RVD8SK7AN1X5EMGRM458,A,B,0,0.0,4.0,2.0
01KJP22PXRH9VYFY7Z1HZVNSMN,page5-28,01KJP2RBVR6E36EKC8HYRAV5GF,01KJP2SDQCR0935BS4E06A6D2G,A,C,0,0.09090909090909091,4.0,2.0
01KJP22PXRH9VYFY7Z1HZVNSMN,page5-28,01KJP2RBVR6E36EKC8HYRAV5GF,01KJP2SGRYQPGESDGRKTMMAJX4,A,A,1,0.16666666666666666,4.0,2.0
01KJP22PXRH9VYFY7Z1HZVNSMN,page5-28,01KJP2RBVR6E36EKC8HYRAV5GF,01KJP2SNNP4ZB6K1QMGZX5CC0T,A,C,0,0.07142857142857142,4.0,2.0
01KJP22PXRH9VYFY7Z1HZVNSMN,page5-28,01KJP2RH1QNE571FNJRJ0ZHM7W,01KJP2RVD8SK7AN1X5EMGRM458,B,B,1,0.0,4.0,2.0
01KJP22PXRH9VYFY7Z1HZVNSMN,page5-28,01KJP2RH1QNE571FNJRJ0ZHM7W,01KJP2SDQCR0935BS4E06A6D2G,B,C,0,0.5,4.0,2.0
01KJP22PXRH9VYFY7Z1HZVNSMN,page5-28,01KJP2RH1QNE571FNJRJ0ZHM7W,01KJP2SGRYQPGESDGRKTMMAJX4,B,A,0,0.6666666666666666,4.0,2.0
01KJP22PXRH9VYFY7Z1HZVNSMN,page5-28,01KJP2RH1QNE571FNJRJ0ZHM7W,01KJP2SNNP4ZB6K1QMGZX5CC0T,B,C,0,0.5,4.0,2.0
01KJP22PXRH9VYFY7Z1HZVNSMN,page5-28,01KJP2RVD8SK7AN1X5EMGRM458,01KJP2SDQCR0935BS4E06A6D2G,B,C,0,0.0,4.0,2.0
01KJP22PXRH9VYFY7Z1HZVNSMN,page5-28,01KJP2RVD8SK7AN1X5EMGRM458,01KJP2SGRYQPGESDGRKTMMAJX4,B,A,0,0.0,4.0,2.0
01KJP22PXRH9VYFY7Z1HZVNSMN,page5-28,01KJP2RVD8SK7AN1X5EMGRM458,01KJP2SNNP4ZB6K1QMGZX5CC0T,B,C,0,0.0,4.0,2.0
01KJP22PXRH9VYFY7Z1HZVNSMN,page5-28,01KJP2SDQCR0935BS4E06A6D2G,01KJP2SGRYQPGESDGRKTMMAJX4,C,A,0,0.3333333333333333,4.0,2.0
01KJP22PXRH9VYFY7Z1HZVNSMN,page5-28,01KJP2SDQCR0935BS4E06A6D2G,01KJP2SNNP4ZB6K1QMGZX5CC0T,C,C,1,0.25,4.0,2.0
01KJP22PXRH9VYFY7Z1HZVNSMN,page5-28,01KJP2SGRYQPGESDGRKTMMAJX4,01KJP2SNNP4ZB6K1QMGZX5CC0T,A,C,0,0.4,4.0,2.0
01KJP22PXRH9VYFY7Z1HZVNSMN,page5-28,01KJP2Q4FMMNPG4DTS771Y4V70,01KJP2Q9Z7MR3VPYE4MH3SC9C8,A,C,0,0.0,5.0,2.0
01KJP22PXRH9VYFY7Z1HZVNSMN,page5-28,01KJP2Q4FMMNPG4DTS771Y4V70,01KJP2RBVR6E36EKC8HYRAV5GF,A,A,1,0.09090909090909091,5.0,2.0
01KJP22PXRH9VYFY7Z1HZVNSMN,page5-28,01KJP2Q4FMMNPG4DTS771Y4V70,01KJP2RH1QNE571FNJRJ0ZHM7W,A,B,0,0.0,5.0,2.0
01KJP22PXRH9VYFY7Z1HZVNSMN,page5-28,01KJP2Q4FMMNPG4DTS771Y4V70,01KJP2RVD8SK7AN1X5EMGRM458,A,B,0,0.125,5.0,2.0
01KJP22PXRH9VYFY7Z1HZVNSMN,page5-28,01KJP2Q4FMMNPG4DTS771Y4V70,01KJP2SDQCR0935BS4E06A6D2G,A,C,0,0.0,5.0,2.0
01KJP22PXRH9VYFY7Z1HZVNSMN,page5-28,01KJP2Q4FMMNPG4DTS771Y4V70,01KJP2SGRYQPGESDGRKTMMAJX4,A,A,1,0.1111111111111111,5.0,2.0
01KJP22PXRH9VYFY7Z1HZVNSMN,page5-28,01KJP2Q4FMMNPG4DTS771Y4V70,01KJP2SNNP4ZB6K1QMGZX5CC0T,A,C,0,0.0,5.0,2.0
01KJP22PXRH9VYFY7Z1HZVNSMN,page5-28,01KJP2Q9Z7MR3VPYE4MH3SC9C8,01KJP2RBVR6E36EKC8HYRAV5GF,C,A,0,0.0,5.0,2.0
01KJP22PXRH9VYFY7Z1HZVNSMN,page5-28,01KJP2Q9Z7MR3VPYE4MH3SC9C8,01KJP2RH1QNE571FNJRJ0ZHM7W,C,B,0,1.0,5.0,2.0
01KJP22PXRH9VYFY7Z1HZVNSMN,page5-28,01KJP2Q9Z7MR3VPYE4MH3SC9C8,01KJP2RVD8SK7AN1X5EMGRM458,C,B,0,0.0,5.0,2.0
01KJP22PXRH9VYFY7Z1HZVNSMN,page5-28,01KJP2Q9Z7MR3VPYE4MH3SC9C8,01KJP2SDQCR0935BS4E06A6D2G,C,C,1,0.5,5.0,2.0
01KJP22PXRH9VYFY7Z1HZVNSMN,page5-28,01KJP2Q9Z7MR3VPYE4MH3SC9C8,01KJP2SGRYQPGESDGRKTMMAJX4,C,A,0,0.6666666666666666,5.0,2.0
01KJP22PXRH9VYFY7Z1HZVNSMN,page5-28,01KJP2Q9Z7MR3VPYE4MH3SC9C8,01KJP2SNNP4ZB6K1QMGZX5CC0T,C,C,1,0.5,5.0,2.0
01KJP22PXRH9VYFY7Z1HZVNSMN,page5-28,01KJP2RBVR6E36EKC8HYRAV5GF,01KJP2RH1QNE571FNJRJ0ZHM7W,A,B,0,0.0,5.0,2.0
01KJP22PXRH9VYFY7Z1HZVNSMN,page5-28,01KJP2RBVR6E36EKC8HYRAV5GF,01KJP2RVD8SK7AN1X5EMGRM458,A,B,0,0.0,5.0,2.0
01KJP22PXRH9VYFY7Z1HZVNSMN,page5-28,01KJP2RBVR6E36EKC8HYRAV5GF,01KJP2SDQCR0935BS4E06A6D2G,A,C,0,0.0,5.0,2.0
01KJP22PXRH9VYFY7Z1HZVNSMN,page5-28,01KJP2RBVR6E36EKC8HYRAV5GF,01KJP2SGRYQPGESDGRKTMMAJX4,A,A,1,0.14285714285714285,5.0,2.0
01KJP22PXRH9VYFY7Z1HZVNSMN,page5-28,01KJP2RBVR6E36EKC8HYRAV5GF,01KJP2SNNP4ZB6K1QMGZX5CC0T,A,C,0,0.0,5.0,2.0
01KJP22PXRH9VYFY7Z1HZVNSMN,page5-28,01KJP2RH1QNE571FNJRJ0ZHM7W,01KJP2RVD8SK7AN1X5EMGRM458,B,B,1,0.0,5.0,2.0
01KJP22PXRH9VYFY7Z1HZVNSMN,page5-28,01KJP2RH1QNE571FNJRJ0ZHM7W,01KJP2SDQCR0935BS4E06A6D2G,B,C,0,0.5,5.0,2.0
01KJP22PXRH9VYFY7Z1HZVNSMN,page5-28,01KJP2RH1QNE571FNJRJ0ZHM7W,01KJP2SGRYQPGESDGRKTMMAJX4,B,A,0,0.6666666666666666,5.0,2.0
01KJP22PXRH9VYFY7Z1HZVNSMN,page5-28,01KJP2RH1QNE571FNJRJ0ZHM7W,01KJP2SNNP4ZB6K1QMGZX5CC0T,B,C,0,0.5,5.0,2.0
01KJP22PXRH9VYFY7Z1HZVNSMN,page5-28,01KJP2RVD8SK7AN1X5EMGRM458,01KJP2SDQCR0935BS4E06A6D2G,B,C,0,0.0,5.0,2.0
01KJP22PXRH9VYFY7Z1HZVNSMN,page5-28,01KJP2RVD8SK7AN1X5EMGRM458,01KJP2SGRYQPGESDGRKTMMAJX4,B,A,0,0.0,5.0,2.0
01KJP22PXRH9VYFY7Z1HZVNSMN,page5-28,01KJP2RVD8SK7AN1X5EMGRM458,01KJP2SNNP4ZB6K1QMGZX5CC0T,B,C,0,0.0,5.0,2.0
01KJP22PXRH9VYFY7Z1HZVNSMN,page5-28,01KJP2SDQCR0935BS4E06A6D2G,01KJP2SGRYQPGESDGRKTMMAJX4,C,A,0,0.3333333333333333,5.0,2.0
01KJP22PXRH9VYFY7Z1HZVNSMN,page5-28,01KJP2SDQCR0935BS4E06A6D2G,01KJP2SNNP4ZB6K1QMGZX5CC0T,C,C,1,0.25,5.0,2.0
01KJP22PXRH9VYFY7Z1HZVNSMN,page5-28,01KJP2SGRYQPGESDGRKTMMAJX4,01KJP2SNNP4ZB6K1QMGZX5CC0T,A,C,0,0.4,5.0,2.0
01KJP22PXRH9VYFY7Z1HZVNSMN,page-B,01KJP2Q4FMMNPG4DTS771Y4V70,01KJP2RH1QNE571FNJRJ0ZHM7W,A,B,0,0.25,1.0,2.0
01KJP22PXRH9VYFY7Z1HZVNSMN,page-B,01KJP2Q4FMMNPG4DTS771Y4V70,01KJP2RVD8SK7AN1X5EMGRM458,A,B,0,0.3333333333333333,1.0,2.0
01KJP22PXRH9VYFY7Z1HZVNSMN,page-B,01KJP2Q4FMMNPG4DTS771Y4V70,01KJP2SDQCR0935BS4E06A6D2G,A,C,0,0.0,1.0,2.0
01KJP22PXRH9VYFY7Z1HZVNSMN,page-B,01KJP2Q4FMMNPG4DTS771Y4V70,01KJP2SGRYQPGESDGRKTMMAJX4,A,A,1,0.0,1.0,2.0
01KJP22PXRH9VYFY7Z1HZVNSMN,page-B,01KJP2Q4FMMNPG4DTS771Y4V70,01KJP2SNNP4ZB6K1QMGZX5CC0T,A,C,0,0.0,1.0,2.0
01KJP22PXRH9VYFY7Z1HZVNSMN,page-B,01KJP2RH1QNE571FNJRJ0ZHM7W,01KJP2RVD8SK7AN1X5EMGRM458,B,B,1,0.25,1.0,2.0
01KJP22PXRH9VYFY7Z1HZVNSMN,page-B,01KJP2RH1QNE571FNJRJ0ZHM7W,01KJP2SDQCR0935BS4E06A6D2G,B,C,0,0.0,1.0,2.0
01KJP22PXRH9VYFY7Z1HZVNSMN,page-B,01KJP2RH1QNE571FNJRJ0ZHM7W,01KJP2SGRYQPGESDGRKTMMAJX4,B,A,0,0.0,1.0,2.0
01KJP22PXRH9VYFY7Z1HZVNSMN,page-B,01KJP2RH1QNE571FNJRJ0ZHM7W,01KJP2SNNP4ZB6K1QMGZX5CC0T,B,C,0,0.0,1.0,2.0
01KJP22PXRH9VYFY7Z1HZVNSMN,page-B,01KJP2RVD8SK7AN1X5EMGRM458,01KJP2SDQCR0935BS4E06A6D2G,B,C,0,0.0,1.0,2.0
01KJP22PXRH9VYFY7Z1HZVNSMN,page-B,01KJP2RVD8SK7AN1X5EMGRM458,01KJP2SGRYQPGESDGRKTMMAJX4,B,A,0,0.0,1.0,2.0
01KJP22PXRH9VYFY7Z1HZVNSMN,page-B,01KJP2RVD8SK7AN1X5EMGRM458,01KJP2SNNP4ZB6K1QMGZX5CC0T,B,C,0,0.0,1.0,2.0
01KJP22PXRH9VYFY7Z1HZVNSMN,page-B,01KJP2SDQCR0935BS4E06A6D2G,01KJP2SGRYQPGESDGRKTMMAJX4,C,A,0,0.0,1.0,2.0
01KJP22PXRH9VYFY7Z1HZVNSMN,page-B,01KJP2SDQCR0935BS4E06A6D2G,01KJP2SNNP4ZB6K1QMGZX5CC0T,C,C,1,0.1111111111111111,1.0,2.0
01KJP22PXRH9VYFY7Z1HZVNSMN,page-B,01KJP2SGRYQPGESDGRKTMMAJX4,01KJP2SNNP4ZB6K1QMGZX5CC0T,A,C,0,0.0,1.0,2.0
01KJP22PXRH9VYFY7Z1HZVNSMN,page-B,01KJP2Q4FMMNPG4DTS771Y4V70,01KJP2Q9Z7MR3VPYE4MH3SC9C8,A,C,0,0.0,2.0,2.0
01KJP22PXRH9VYFY7Z1HZVNSMN,page-B,01KJP2Q4FMMNPG4DTS771Y4V70,01KJP2RBVR6E36EKC8HYRAV5GF,A,A,1,0.0,2.0,2.0
01KJP22PXRH9VYFY7Z1HZVNSMN,page-B,01KJP2Q4FMMNPG4DTS771Y4V70,01KJP2RH1QNE571FNJRJ0ZHM7W,A,B,0,0.25,2.0,2.0
01KJP22PXRH9VYFY7Z1HZVNSMN,page-B,01KJP2Q4FMMNPG4DTS771Y4V70,01KJP2RVD8SK7AN1X5EMGRM458,A,B,0,0.3333333333333333,2.0,2.0
01KJP22PXRH9VYFY7Z1HZVNSMN,page-B,01KJP2Q4FMMNPG4DTS771Y4V70,01KJP2SDQCR0935BS4E06A6D2G,A,C,0,0.0,2.0,2.0
01KJP22PXRH9VYFY7Z1HZVNSMN,page-B,01KJP2Q4FMMNPG4DTS771Y4V70,01KJP2SGRYQPGESDGRKTMMAJX4,A,A,1,0.0,2.0,2.0
01KJP22PXRH9VYFY7Z1HZVNSMN,page-B,01KJP2Q4FMMNPG4DTS771Y4V70,01KJP2SNNP4ZB6K1QMGZX5CC0T,A,C,0,0.0,2.0,2.0
01KJP22PXRH9VYFY7Z1HZVNSMN,page-B,01KJP2Q9Z7MR3VPYE4MH3SC9C8,01KJP2RBVR6E36EKC8HYRAV5GF,C,A,0,0.0,2.0,2.0
01KJP22PXRH9VYFY7Z1HZVNSMN,page-B,01KJP2Q9Z7MR3VPYE4MH3SC9C8,01KJP2RH1QNE571FNJRJ0ZHM7W,C,B,0,0.0,2.0,2.0
01KJP22PXRH9VYFY7Z1HZVNSMN,page-B,01KJP2Q9Z7MR3VPYE4MH3SC9C8,01KJP2RVD8SK7AN1X5EMGRM458,C,B,0,0.0,2.0,2.0
01KJP22PXRH9VYFY7Z1HZVNSMN,page-B,01KJP2Q9Z7MR3VPYE4MH3SC9C8,01KJP2SDQCR0935BS4E06A6D2G,C,C,1,1.0,2.0,2.0
01KJP22PXRH9VYFY7Z1HZVNSMN,page-B,01KJP2Q9Z7MR3VPYE4MH3SC9C8,01KJP2SGRYQPGESDGRKTMMAJX4,C,A,0,0.0,2.0,2.0
01KJP22PXRH9VYFY7Z1HZVNSMN,page-B,01KJP2Q9Z7MR3VPYE4MH3SC9C8,01KJP2SNNP4ZB6K1QMGZX5CC0T,C,C,1,0.125,2.0,2.0
01KJP22PXRH9VYFY7Z1HZVNSMN,page-B,01KJP2RBVR6E36EKC8HYRAV5GF,01KJP2RH1QNE571FNJRJ0ZHM7W,A,B,0,0.0,2.0,2.0
01KJP22PXRH9VYFY7Z1HZVNSMN,page-B,01KJP2RBVR6E36EKC8HYRAV5GF,01KJP2RVD8SK7AN1X5EMGRM458,A,B,0,0.0,2.0,2.0
01KJP22PXRH9VYFY7Z1HZVNSMN,page-B,01KJP2RBVR6E36EKC8HYRAV5GF,01KJP2SDQCR0935BS4E06A6D2G,A,C,0,0.0,2.0,2.0
01KJP22PXRH9VYFY7Z1HZVNSMN,page-B,01KJP2RBVR6E36EKC8HYRAV5GF,01KJP2SGRYQPGESDGRKTMMAJX4,A,A,1,1.0,2.0,2.0
01KJP22PXRH9VYFY7Z1HZVNSMN,page-B,01KJP2RBVR6E36EKC8HYRAV5GF,01KJP2SNNP4ZB6K1QMGZX5CC0T,A,C,0,0.0,2.0,2.0
01KJP22PXRH9VYFY7Z1HZVNSMN,page-B,01KJP2RH1QNE571FNJRJ0ZHM7W,01KJP2RVD8SK7AN1X5EMGRM458,B,B,1,0.25,2.0,2.0
01KJP22PXRH9VYFY7Z1HZVNSMN,page-B,01KJP2RH1QNE571FNJRJ0ZHM7W,01KJP2SDQCR0935BS4E06A6D2G,B,C,0,0.0,2.0,2.0
01KJP22PXRH9VYFY7Z1HZVNSMN,page-B,01KJP2RH1QNE571FNJRJ0ZHM7W,01KJP2SGRYQPGESDGRKTMMAJX4,B,A,0,0.0,2.0,2.0
01KJP22PXRH9VYFY7Z1HZVNSMN,page-B,01KJP2RH1QNE571FNJRJ0ZHM7W,01KJP2SNNP4ZB6K1QMGZX5CC0T,B,C,0,0.0,2.0,2.0
01KJP22PXRH9VYFY7Z1HZVNSMN,page-B,01KJP2RVD8SK7AN1X5EMGRM458,01KJP2SDQCR0935BS4E06A6D2G,B,C,0,0.0,2.0,2.0
01KJP22PXRH9VYFY7Z1HZVNSMN,page-B,01KJP2RVD8SK7AN1X5EMGRM458,01KJP2SGRYQPGESDGRKTMMAJX4,B,A,0,0.0,2.0,2.0
01KJP22PXRH9VYFY7Z1HZVNSMN,page-B,01KJP2RVD8SK7AN1X5EMGRM458,01KJP2SNNP4ZB6K1QMGZX5CC0T,B,C,0,0.0,2.0,2.0
01KJP22PXRH9VYFY7Z1HZVNSMN,page-B,01KJP2SDQCR0935BS4E06A6D2G,01KJP2SGRYQPGESDGRKTMMAJX4,C,A,0,0.0,2.0,2.0
01KJP22PXRH9VYFY7Z1HZVNSMN,page-B,01KJP2SDQCR0935BS4E06A6D2G,01KJP2SNNP4ZB6K1QMGZX5CC0T,C,C,1,0.125,2.0,2.0
01KJP22PXRH9VYFY7Z1HZVNSMN,page-B,01KJP2SGRYQPGESDGRKTMMAJX4,01KJP2SNNP4ZB6K1QMGZX5CC0T,A,C,0,0.0,2.0,2.0
01KJP22PXRH9VYFY7Z1HZVNSMN,page-B,01KJP2Q4FMMNPG4DTS771Y4V70,01KJP2Q9Z7MR3VPYE4MH3SC9C8,A,C,0,0.25,3.0,2.0
01KJP22PXRH9VYFY7Z1HZVNSMN,page-B,01KJP2Q4FMMNPG4DTS771Y4V70,01KJP2RBVR6E36EKC8HYRAV5GF,A,A,1,0.0,3.0,2.0
01KJP22PXRH9VYFY7Z1HZVNSMN,page-B,01KJP2Q4FMMNPG4DTS771Y4V70,01KJP2RH1QNE571FNJRJ0ZHM7W,A,B,0,0.1111111111111111,3.0,2.0
01KJP22PXRH9VYFY7Z1HZVNSMN,page-B,01KJP2Q4FMMNPG4DTS771Y4V70,01KJP2RVD8SK7AN1X5EMGRM458,A,B,0,0.125,3.0,2.0
01KJP22PXRH9VYFY7Z1HZVNSMN,page-B,01KJP2Q4FMMNPG4DTS771Y4V70,01KJP2SDQCR0935BS4E06A6D2G,A,C,0,0.25,3.0,2.0
01KJP22PXRH9VYFY7Z1HZVNSMN,page-B,01KJP2Q4FMMNPG4DTS771Y4V70,01KJP2SGRYQPGESDGRKTMMAJX4,A,A,1,0.0,3.0,2.0
01KJP22PXRH9VYFY7Z1HZVNSMN,page-B,01KJP2Q4FMMNPG4DTS771Y4V70,01KJP2SNNP4ZB6K1QMGZX5CC0T,A,C,0,0.0,3.0,2.0
01KJP22PXRH9VYFY7Z1HZVNSMN,page-B,01KJP2Q9Z7MR3VPYE4MH3SC9C8,01KJP2RBVR6E36EKC8HYRAV5GF,C,A,0,0.0,3.0,2.0
01KJP22PXRH9VYFY7Z1HZVNSMN,page-B,01KJP2Q9Z7MR3VPYE4MH3SC9C8,01KJP2RH1QNE571FNJRJ0ZHM7W,C,B,0,0.0,3.0,2.0
01KJP22PXRH9VYFY7Z1HZVNSMN,page-B,01KJP2Q9Z7MR3VPYE4MH3SC9C8,01KJP2RVD8SK7AN1X5EMGRM458,C,B,0,0.0,3.0,2.0
01KJP22PXRH9VYFY7Z1HZVNSMN,page-B,01KJP2Q9Z7MR3VPYE4MH3SC9C8,01KJP2SDQCR0935BS4E06A6D2G,C,C,1,1.0,3.0,2.0
01KJP22PXRH9VYFY7Z1HZVNSMN,page-B,01KJP2Q9Z7MR3VPYE4MH3SC9C8,01KJP2SGRYQPGESDGRKTMMAJX4,C,A,0,0.0,3.0,2.0
01KJP22PXRH9VYFY7Z1HZVNSMN,page-B,01KJP2Q9Z7MR3VPYE4MH3SC9C8,01KJP2SNNP4ZB6K1QMGZX5CC0T,C,C,1,0.14285714285714285,3.0,2.0
01KJP22PXRH9VYFY7Z1HZVNSMN,page-B,01KJP2RBVR6E36EKC8HYRAV5GF,01KJP2RH1QNE571FNJRJ0ZHM7W,A,B,0,0.0,3.0,2.0
01KJP22PXRH9VYFY7Z1HZVNSMN,page-B,01KJP2RBVR6E36EKC8HYRAV5GF,01KJP2RVD8SK7AN1X5EMGRM458,A,B,0,0.0,3.0,2.0
01KJP22PXRH9VYFY7Z1HZVNSMN,page-B,01KJP2RBVR6E36EKC8HYRAV5GF,01KJP2SDQCR0935BS4E06A6D2G,A,C,0,0.0,3.0,2.0
01KJP22PXRH9VYFY7Z1HZVNSMN,page-B,01KJP2RBVR6E36EKC8HYRAV5GF,01KJP2SGRYQPGESDGRKTMMAJX4,A,A,1,1.0,3.0,2.0
01KJP22PXRH9VYFY7Z1HZVNSMN,page-B,01KJP2RBVR6E36EKC8HYRAV5GF,01KJP2SNNP4ZB6K1QMGZX5CC0T,A,C,0,0.0,3.0,2.0
01KJP22PXRH9VYFY7Z1HZVNSMN,page-B,01KJP2RH1QNE571FNJRJ0ZHM7W,01KJP2RVD8SK7AN1X5EMGRM458,B,B,1,0.25,3.0,2.0
01KJP22PXRH9VYFY7Z1HZVNSMN,page-B,01KJP2RH1QNE571FNJRJ0ZHM7W,01KJP2SDQCR0935BS4E06A6D2G,B,C,0,0.0,3.0,2.0
01KJP22PXRH9VYFY7Z1HZVNSMN,page-B,01KJP2RH1QNE571FNJRJ0ZHM7W,01KJP2SGRYQPGESDGRKTMMAJX4,B,A,0,0.0,3.0,2.0
01KJP22PXRH9VYFY7Z1HZVNSMN,page-B,01KJP2RH1QNE571FNJRJ0ZHM7W,01KJP2SNNP4ZB6K1QMGZX5CC0T,B,C,0,0.0,3.0,2.0
01KJP22PXRH9VYFY7Z1HZVNSMN,page-B,01KJP2RVD8SK7AN1X5EMGRM458,01KJP2SDQCR0935BS4E06A6D2G,B,C,0,0.0,3.0,2.0
01KJP22PXRH9VYFY7Z1HZVNSMN,page-B,01KJP2RVD8SK7AN1X5EMGRM458,01KJP2SGRYQPGESDGRKTMMAJX4,B,A,0,0.0,3.0,2.0
01KJP22PXRH9VYFY7Z1HZVNSMN,page-B,01KJP2RVD8SK7AN1X5EMGRM458,01KJP2SNNP4ZB6K1QMGZX5CC0T,B,C,0,0.0,3.0,2.0
01KJP22PXRH9VYFY7Z1HZVNSMN,page-B,01KJP2SDQCR0935BS4E06A6D2G,01KJP2SGRYQPGESDGRKTMMAJX4,C,A,0,0.0,3.0,2.0
01KJP22PXRH9VYFY7Z1HZVNSMN,page-B,01KJP2SDQCR0935BS4E06A6D2G,01KJP2SNNP4ZB6K1QMGZX5CC0T,C,C,1,0.14285714285714285,3.0,2.0
01KJP22PXRH9VYFY7Z1HZVNSMN,page-B,01KJP2SGRYQPGESDGRKTMMAJX4,01KJP2SNNP4ZB6K1QMGZX5CC0T,A,C,0,0.0,3.0,2.0
01KJP22PXRH9VYFY7Z1HZVNSMN,page-B,01KJP2Q4FMMNPG4DTS771Y4V70,01KJP2Q9Z7MR3VPYE4MH3SC9C8,A,C,0,0.25,4.0,2.0
01KJP22PXRH9VYFY7Z1HZVNSMN,page-B,01KJP2Q4FMMNPG4DTS771Y4V70,01KJP2RBVR6E36EKC8HYRAV5GF,A,A,1,0.0,4.0,2.0
01KJP22PXRH9VYFY7Z1HZVNSMN,page-B,01KJP2Q4FMMNPG4DTS771Y4V70,01KJP2RH1QNE571FNJRJ0ZHM7W,A,B,0,0.1111111111111111,4.0,2.0
01KJP22PXRH9VYFY7Z1HZVNSMN,page-B,01KJP2Q4FMMNPG4DTS771Y4V70,01KJP2RVD8SK7AN1X5EMGRM458,A,B,0,0.125,4.0,2.0
01KJP22PXRH9VYFY7Z1HZVNSMN,page-B,01KJP2Q4FMMNPG4DTS771Y4V70,01KJP2SDQCR0935BS4E06A6D2G,A,C,0,0.2222222222222222,4.0,2.0
01KJP22PXRH9VYFY7Z1HZVNSMN,page-B,01KJP2Q4FMMNPG4DTS771Y4V70,01KJP2SGRYQPGESDGRKTMMAJX4,A,A,1,0.0,4.0,2.0
01KJP22PXRH9VYFY7Z1HZVNSMN,page-B,01KJP2Q4FMMNPG4DTS771Y4V70,01KJP2SNNP4ZB6K1QMGZX5CC0T,A,C,0,0.0,4.0,2.0
01KJP22PXRH9VYFY7Z1HZVNSMN,page-B,01KJP2Q9Z7MR3VPYE4MH3SC9C8,01KJP2RBVR6E36EKC8HYRAV5GF,C,A,0,0.0,4.0,2.0
01KJP22PXRH9VYFY7Z1HZVNSMN,page-B,01KJP2Q9Z7MR3VPYE4MH3SC9C8,01KJP2RH1QNE571FNJRJ0ZHM7W,C,B,0,0.0,4.0,2.0
01KJP22PXRH9VYFY7Z1HZVNSMN,page-B,01KJP2Q9Z7MR3VPYE4MH3SC9C8,01KJP2RVD8SK7AN1X5EMGRM458,C,B,0,0.0,4.0,2.0
01KJP22PXRH9VYFY7Z1HZVNSMN,page-B,01KJP2Q9Z7MR3VPYE4MH3SC9C8,01KJP2SDQCR0935BS4E06A6D2G,C,C,1,0.75,4.0,2.0
01KJP22PXRH9VYFY7Z1HZVNSMN,page-B,01KJP2Q9Z7MR3VPYE4MH3SC9C8,01KJP2SGRYQPGESDGRKTMMAJX4,C,A,0,0.0,4.0,2.0
01KJP22PXRH9VYFY7Z1HZVNSMN,page-B,01KJP2Q9Z7MR3VPYE4MH3SC9C8,01KJP2SNNP4ZB6K1QMGZX5CC0T,C,C,1,0.14285714285714285,4.0,2.0
01KJP22PXRH9VYFY7Z1HZVNSMN,page-B,01KJP2RBVR6E36EKC8HYRAV5GF,01KJP2RH1QNE571FNJRJ0ZHM7W,A,B,0,0.0,4.0,2.0
01KJP22PXRH9VYFY7Z1HZVNSMN,page-B,01KJP2RBVR6E36EKC8HYRAV5GF,01KJP2RVD8SK7AN1X5EMGRM458,A,B,0,0.0,4.0,2.0
01KJP22PXRH9VYFY7Z1HZVNSMN,page-B,01KJP2RBVR6E36EKC8HYRAV5GF,01KJP2SDQCR0935BS4E06A6D2G,A,C,0,0.0,4.0,2.0
01KJP22PXRH9VYFY7Z1HZVNSMN,page-B,01KJP2RBVR6E36EKC8HYRAV5GF,01KJP2SGRYQPGESDGRKTMMAJX4,A,A,1,1.0,4.0,2.0
01KJP22PXRH9VYFY7Z1HZVNSMN,page-B,01KJP2RBVR6E36EKC8HYRAV5GF,01KJP2SNNP4ZB6K1QMGZX5CC0T,A,C,0,0.0,4.0,2.0
01KJP22PXRH9VYFY7Z1HZVNSMN,page-B,01KJP2RH1QNE571FNJRJ0ZHM7W,01KJP2RVD8SK7AN1X5EMGRM458,B,B,1,0.25,4.0,2.0
01KJP22PXRH9VYFY7Z1HZVNSMN,page-B,01KJP2RH1QNE571FNJRJ0ZHM7W,01KJP2SDQCR0935BS4E06A6D2G,B,C,0,0.0,4.0,2.0
01KJP22PXRH9VYFY7Z1HZVNSMN,page-B,01KJP2RH1QNE571FNJRJ0ZHM7W,01KJP2SGRYQPGESDGRKTMMAJX4,B,A,0,0.0,4.0,2.0
01KJP22PXRH9VYFY7Z1HZVNSMN,page-B,01KJP2RH1QNE571FNJRJ0ZHM7W,01KJP2SNNP4ZB6K1QMGZX5CC0T,B,C,0,0.0,4.0,2.0
01KJP22PXRH9VYFY7Z1HZVNSMN,page-B,01KJP2RVD8SK7AN1X5EMGRM458,01KJP2SDQCR0935BS4E06A6D2G,B,C,0,0.0,4.0,2.0
01KJP22PXRH9VYFY7Z1HZVNSMN,page-B,01KJP2RVD8SK7AN1X5EMGRM458,01KJP2SGRYQPGESDGRKTMMAJX4,B,A,0,0.0,4.0,2.0
01KJP22PXRH9VYFY7Z1HZVNSMN,page-B,01KJP2RVD8SK7AN1X5EMGRM458,01KJP2SNNP4ZB6K1QMGZX5CC0T,B,C,0,0.0,4.0,2.0
01KJP22PXRH9VYFY7Z1HZVNSMN,page-B,01KJP2SDQCR0935BS4E06A6D2G,01KJP2SGRYQPGESDGRKTMMAJX4,C,A,0,0.0,4.0,2.0
01KJP22PXRH9VYFY7Z1HZVNSMN,page-B,01KJP2SDQCR0935BS4E06A6D2G,01KJP2SNNP4ZB6K1QMGZX5CC0T,C,C,1,0.125,4.0,2.0
01KJP22PXRH9VYFY7Z1HZVNSMN,page-B,01KJP2SGRYQPGESDGRKTMMAJX4,01KJP2SNNP4ZB6K1QMGZX5CC0T,A,C,0,0.0,4.0,2.0
01KJP22PXRH9VYFY7Z1HZVNSMN,page-B,01KJP2Q4FMMNPG4DTS771Y4V70,01KJP2Q9Z7MR3VPYE4MH3SC9C8,A,C,0,0.25,5.0,2.0
01KJP22PXRH9VYFY7Z1HZVNSMN,page-B,01KJP2Q4FMMNPG4DTS771Y4V70,01KJP2RBVR6E36EKC8HYRAV5GF,A,A,1,0.0,5.0,2.0
01KJP22PXRH9VYFY7Z1HZVNSMN,page-B,01KJP2Q4FMMNPG4DTS771Y4V70,01KJP2RH1QNE571FNJRJ0ZHM7W,A,B,0,0.1111111111111111,5.0,2.0
01KJP22PXRH9VYFY7Z1HZVNSMN,page-B,01KJP2Q4FMMNPG4DTS771Y4V70,01KJP2RVD8SK7AN1X5EMGRM458,A,B,0,0.125,5.0,2.0
01KJP22PXRH9VYFY7Z1HZVNSMN,page-B,01KJP2Q4FMMNPG4DTS771Y4V70,01KJP2SDQCR0935BS4E06A6D2G,A,C,0,0.16666666666666666,5.0,2.0
01KJP22PXRH9VYFY7Z1HZVNSMN,page-B,01KJP2Q4FMMNPG4DTS771Y4V70,01KJP2SGRYQPGESDGRKTMMAJX4,A,A,1,0.0,5.0,2.0
01KJP22PXRH9VYFY7Z1HZVNSMN,page-B,01KJP2Q4FMMNPG4DTS771Y4V70,01KJP2SNNP4ZB6K1QMGZX5CC0T,A,C,0,0.0,5.0,2.0
01KJP22PXRH9VYFY7Z1HZVNSMN,page-B,01KJP2Q9Z7MR3VPYE4MH3SC9C8,01KJP2RBVR6E36EKC8HYRAV5GF,C,A,0,0.0,5.0,2.0
01KJP22PXRH9VYFY7Z1HZVNSMN,page-B,01KJP2Q9Z7MR3VPYE4MH3SC9C8,01KJP2RH1QNE571FNJRJ0ZHM7W,C,B,0,0.0,5.0,2.0
01KJP22PXRH9VYFY7Z1HZVNSMN,page-B,01KJP2Q9Z7MR3VPYE4MH3SC9C8,01KJP2RVD8SK7AN1X5EMGRM458,C,B,0,0.0,5.0,2.0
01KJP22PXRH9VYFY7Z1HZVNSMN,page-B,01KJP2Q9Z7MR3VPYE4MH3SC9C8,01KJP2SDQCR0935BS4E06A6D2G,C,C,1,0.42857142857142855,5.0,2.0
01KJP22PXRH9VYFY7Z1HZVNSMN,page-B,01KJP2Q9Z7MR3VPYE4MH3SC9C8,01KJP2SGRYQPGESDGRKTMMAJX4,C,A,0,0.0,5.0,2.0
01KJP22PXRH9VYFY7Z1HZVNSMN,page-B,01KJP2Q9Z7MR3VPYE4MH3SC9C8,01KJP2SNNP4ZB6K1QMGZX5CC0T,C,C,1,0.14285714285714285,5.0,2.0
01KJP22PXRH9VYFY7Z1HZVNSMN,page-B,01KJP2RBVR6E36EKC8HYRAV5GF,01KJP2RH1QNE571FNJRJ0ZHM7W,A,B,0,0.0,5.0,2.0
01KJP22PXRH9VYFY7Z1HZVNSMN,page-B,01KJP2RBVR6E36EKC8HYRAV5GF,01KJP2RVD8SK7AN1X5EMGRM458,A,B,0,0.0,5.0,2.0
01KJP22PXRH9VYFY7Z1HZVNSMN,page-B,01KJP2RBVR6E36EKC8HYRAV5GF,01KJP2SDQCR0935BS4E06A6D2G,A,C,0,0.0,5.0,2.0
01KJP22PXRH9VYFY7Z1HZVNSMN,page-B,01KJP2RBVR6E36EKC8HYRAV5GF,01KJP2SGRYQPGESDGRKTMMAJX4,A,A,1,1.0,5.0,2.0
01KJP22PXRH9VYFY7Z1HZVNSMN,page-B,01KJP2RBVR6E36EKC8HYRAV5GF,01KJP2SNNP4ZB6K1QMGZX5CC0T,A,C,0,0.0,5.0,2.0
01KJP22PXRH9VYFY7Z1HZVNSMN,page-B,01KJP2RH1QNE571FNJRJ0ZHM7W,01KJP2RVD8SK7AN1X5EMGRM458,B,B,1,0.25,5.0,2.0
01KJP22PXRH9VYFY7Z1HZVNSMN,page-B,01KJP2RH1QNE571FNJRJ0ZHM7W,01KJP2SDQCR0935BS4E06A6D2G,B,C,0,0.1111111111111111,5.0,2.0
01KJP22PXRH9VYFY7Z1HZVNSMN,page-B,01KJP2RH1QNE571FNJRJ0ZHM7W,01KJP2SGRYQPGESDGRKTMMAJX4,B,A,0,0.0,5.0,2.0
01KJP22PXRH9VYFY7Z1HZVNSMN,page-B,01KJP2RH1QNE571FNJRJ0ZHM7W,01KJP2SNNP4ZB6K1QMGZX5CC0T,B,C,0,0.0,5.0,2.0
01KJP22PXRH9VYFY7Z1HZVNSMN,page-B,01KJP2RVD8SK7AN1X5EMGRM458,01KJP2SDQCR0935BS4E06A6D2G,B,C,0,0.0,5.0,2.0
01KJP22PXRH9VYFY7Z1HZVNSMN,page-B,01KJP2RVD8SK7AN1X5EMGRM458,01KJP2SGRYQPGESDGRKTMMAJX4,B,A,0,0.0,5.0,2.0
01KJP22PXRH9VYFY7Z1HZVNSMN,page-B,01KJP2RVD8SK7AN1X5EMGRM458,01KJP2SNNP4ZB6K1QMGZX5CC0T,B,C,0,0.0,5.0,2.0
01KJP22PXRH9VYFY7Z1HZVNSMN,page-B,01KJP2SDQCR0935BS4E06A6D2G,01KJP2SGRYQPGESDGRKTMMAJX4,C,A,0,0.0,5.0,2.0
01KJP22PXRH9VYFY7Z1HZVNSMN,page-B,01KJP2SDQCR0935BS4E06A6D2G,01KJP2SNNP4ZB6K1QMGZX5CC0T,C,C,1,0.2,5.0,2.0
01KJP22PXRH9VYFY7Z1HZVNSMN,page-B,01KJP2SGRYQPGESDGRKTMMAJX4,01KJP2SNNP4ZB6K1QMGZX5CC0T,A,C,0,0.0,5.0,2.0
01KJP22PXRH9VYFY7Z1HZVNSMN,page9-46,01KJP2Q4FMMNPG4DTS771Y4V70,01KJP2RH1QNE571FNJRJ0ZHM7W,A,B,0,0.07692307692307693,1.0,2.0
01KJP22PXRH9VYFY7Z1HZVNSMN,page9-46,01KJP2Q4FMMNPG4DTS771Y4V70,01KJP2RVD8SK7AN1X5EMGRM458,A,B,0,0.25,1.0,2.0
01KJP22PXRH9VYFY7Z1HZVNSMN,page9-46,01KJP2Q4FMMNPG4DTS771Y4V70,01KJP2SDQCR0935BS4E06A6D2G,A,C,0,0.18181818181818182,1.0,2.0
01KJP22PXRH9VYFY7Z1HZVNSMN,page9-46,01KJP2Q4FMMNPG4DTS771Y4V70,01KJP2SGRYQPGESDGRKTMMAJX4,A,A,1,0.0,1.0,2.0
01KJP22PXRH9VYFY7Z1HZVNSMN,page9-46,01KJP2Q4FMMNPG4DTS771Y4V70,01KJP2SNNP4ZB6K1QMGZX5CC0T,A,C,0,0.07142857142857142,1.0,2.0
01KJP22PXRH9VYFY7Z1HZVNSMN,page9-46,01KJP2RH1QNE571FNJRJ0ZHM7W,01KJP2RVD8SK7AN1X5EMGRM458,B,B,1,0.5,1.0,2.0
01KJP22PXRH9VYFY7Z1HZVNSMN,page9-46,01KJP2RH1QNE571FNJRJ0ZHM7W,01KJP2SDQCR0935BS4E06A6D2G,B,C,0,0.0,1.0,2.0
01KJP22PXRH9VYFY7Z1HZVNSMN,page9-46,01KJP2RH1QNE571FNJRJ0ZHM7W,01KJP2SGRYQPGESDGRKTMMAJX4,B,A,0,0.0,1.0,2.0
01KJP22PXRH9VYFY7Z1HZVNSMN,page9-46,01KJP2RH1QNE571FNJRJ0ZHM7W,01KJP2SNNP4ZB6K1QMGZX5CC0T,B,C,0,0.0,1.0,2.0
01KJP22PXRH9VYFY7Z1HZVNSMN,page9-46,01KJP2RVD8SK7AN1X5EMGRM458,01KJP2SDQCR0935BS4E06A6D2G,B,C,0,0.14285714285714285,1.0,2.0
01KJP22PXRH9VYFY7Z1HZVNSMN,page9-46,01KJP2RVD8SK7AN1X5EMGRM458,01KJP2SGRYQPGESDGRKTMMAJX4,B,A,0,0.0,1.0,2.0
01KJP22PXRH9VYFY7Z1HZVNSMN,page9-46,01KJP2RVD8SK7AN1X5EMGRM458,01KJP2SNNP4ZB6K1QMGZX5CC0T,B,C,0,0.1111111111111111,1.0,2.0
01KJP22PXRH9VYFY7Z1HZVNSMN,page9-46,01KJP2SDQCR0935BS4E06A6D2G,01KJP2SGRYQPGESDGRKTMMAJX4,C,A,0,0.0,1.0,2.0
01KJP22PXRH9VYFY7Z1HZVNSMN,page9-46,01KJP2SDQCR0935BS4E06A6D2G,01KJP2SNNP4ZB6K1QMGZX5CC0T,C,C,1,0.14285714285714285,1.0,2.0
01KJP22PXRH9VYFY7Z1HZVNSMN,page9-46,01KJP2SGRYQPGESDGRKTMMAJX4,01KJP2SNNP4ZB6K1QMGZX5CC0T,A,C,0,0.0,1.0,2.0
01KJP22PXRH9VYFY7Z1HZVNSMN,page9-46,01KJP2Q4FMMNPG4DTS771Y4V70,01KJP2Q9Z7MR3VPYE4MH3SC9C8,A,C,0,0.16666666666666666,2.0,2.0
01KJP22PXRH9VYFY7Z1HZVNSMN,page9-46,01KJP2Q4FMMNPG4DTS771Y4V70,01KJP2RBVR6E36EKC8HYRAV5GF,A,A,1,0.36363636363636365,2.0,2.0
01KJP22PXRH9VYFY7Z1HZVNSMN,page9-46,01KJP2Q4FMMNPG4DTS771Y4V70,01KJP2RH1QNE571FNJRJ0ZHM7W,A,B,0,0.07692307692307693,2.0,2.0
01KJP22PXRH9VYFY7Z1HZVNSMN,page9-46,01KJP2Q4FMMNPG4DTS771Y4V70,01KJP2RVD8SK7AN1X5EMGRM458,A,B,0,0.25,2.0,2.0
01KJP22PXRH9VYFY7Z1HZVNSMN,page9-46,01KJP2Q4FMMNPG4DTS771Y4V70,01KJP2SDQCR0935BS4E06A6D2G,A,C,0,0.18181818181818182,2.0,2.0
01KJP22PXRH9VYFY7Z1HZVNSMN,page9-46,01KJP2Q4FMMNPG4DTS771Y4V70,01KJP2SGRYQPGESDGRKTMMAJX4,A,A,1,0.0,2.0,2.0
01KJP22PXRH9VYFY7Z1HZVNSMN,page9-46,01KJP2Q4FMMNPG4DTS771Y4V70,01KJP2SNNP4ZB6K1QMGZX5CC0T,A,C,0,0.07142857142857142,2.0,2.0
01KJP22PXRH9VYFY7Z1HZVNSMN,page9-46,01KJP2Q9Z7MR3VPYE4MH3SC9C8,01KJP2RBVR6E36EKC8HYRAV5GF,C,A,0,0.2857142857142857,2.0,2.0
01KJP22PXRH9VYFY7Z1HZVNSMN,page9-46,01KJP2Q9Z7MR3VPYE4MH3SC9C8,01KJP2RH1QNE571FNJRJ0ZHM7W,C,B,0,0.0,2.0,2.0
01KJP22PXRH9VYFY7Z1HZVNSMN,page9-46,01KJP2Q9Z7MR3VPYE4MH3SC9C8,01KJP2RVD8SK7AN1X5EMGRM458,C,B,0,0.125,2.0,2.0
01KJP22PXRH9VYFY7Z1HZVNSMN,page9-46,01KJP2Q9Z7MR3VPYE4MH3SC9C8,01KJP2SDQCR0935BS4E06A6D2G,C,C,1,0.75,2.0,2.0
01KJP22PXRH9VYFY7Z1HZVNSMN,page9-46,01KJP2Q9Z7MR3VPYE4MH3SC9C8,01KJP2SGRYQPGESDGRKTMMAJX4,C,A,0,0.0,2.0,2.0
01KJP22PXRH9VYFY7Z1HZVNSMN,page9-46,01KJP2Q9Z7MR3VPYE4MH3SC9C8,01KJP2SNNP4ZB6K1QMGZX5CC0T,C,C,1,0.125,2.0,2.0
01KJP22PXRH9VYFY7Z1HZVNSMN,page9-46,01KJP2RBVR6E36EKC8HYRAV5GF,01KJP2RH1QNE571FNJRJ0ZHM7W,A,B,0,0.125,2.0,2.0
01KJP22PXRH9VYFY7Z1HZVNSMN,page9-46,01KJP2RBVR6E36EKC8HYRAV5GF,01KJP2RVD8SK7AN1X5EMGRM458,A,B,0,0.42857142857142855,2.0,2.0
01KJP22PXRH9VYFY7Z1HZVNSMN,page9-46,01KJP2RBVR6E36EKC8HYRAV5GF,01KJP2SDQCR0935BS4E06A6D2G,A,C,0,0.3333333333333333,2.0,2.0
01KJP22PXRH9VYFY7Z1HZVNSMN,page9-46,01KJP2RBVR6E36EKC8HYRAV5GF,01KJP2SGRYQPGESDGRKTMMAJX4,A,A,1,0.0,2.0,2.0
01KJP22PXRH9VYFY7Z1HZVNSMN,page9-46,01KJP2RBVR6E36EKC8HYRAV5GF,01KJP2SNNP4ZB6K1QMGZX5CC0T,A,C,0,0.1111111111111111,2.0,2.0
01KJP22PXRH9VYFY7Z1HZVNSMN,page9-46,01KJP2RH1QNE571FNJRJ0ZHM7W,01KJP2RVD8SK7AN1X5EMGRM458,B,B,1,0.5,2.0,2.0
01KJP22PXRH9VYFY7Z1HZVNSMN,page9-46,01KJP2RH1QNE571FNJRJ0ZHM7W,01KJP2SDQCR0935BS4E06A6D2G,B,C,0,0.0,2.0,2.0
01KJP22PXRH9VYFY7Z1HZVNSMN,page9-46,01KJP2RH1QNE571FNJRJ0ZHM7W,01KJP2SGRYQPGESDGRKTMMAJX4,B,A,0,0.0,2.0,2.0
01KJP22PXRH9VYFY7Z1HZVNSMN,page9-46,01KJP2RH1QNE571FNJRJ0ZHM7W,01KJP2SNNP4ZB6K1QMGZX5CC0T,B,C,0,0.0,2.0,2.0
01KJP22PXRH9VYFY7Z1HZVNSMN,page9-46,01KJP2RVD8SK7AN1X5EMGRM458,01KJP2SDQCR0935BS4E06A6D2G,B,C,0,0.14285714285714285,2.0,2.0
01KJP22PXRH9VYFY7Z1HZVNSMN,page9-46,01KJP2RVD8SK7AN1X5EMGRM458,01KJP2SGRYQPGESDGRKTMMAJX4,B,A,0,0.0,2.0,2.0
01KJP22PXRH9VYFY7Z1HZVNSMN,page9-46,01KJP2RVD8SK7AN1X5EMGRM458,01KJP2SNNP4ZB6K1QMGZX5CC0T,B,C,0,0.1111111111111111,2.0,2.0
01KJP22PXRH9VYFY7Z1HZVNSMN,page9-46,01KJP2SDQCR0935BS4E06A6D2G,01KJP2SGRYQPGESDGRKTMMAJX4,C,A,0,0.0,2.0,2.0
01KJP22PXRH9VYFY7Z1HZVNSMN,page9-46,01KJP2SDQCR0935BS4E06A6D2G,01KJP2SNNP4ZB6K1QMGZX5CC0T,C,C,1,0.14285714285714285,2.0,2.0
01KJP22PXRH9VYFY7Z1HZVNSMN,page9-46,01KJP2SGRYQPGESDGRKTMMAJX4,01KJP2SNNP4ZB6K1QMGZX5CC0T,A,C,0,0.0,2.0,2.0
01KJP22PXRH9VYFY7Z1HZVNSMN,page9-46,01KJP2Q4FMMNPG4DTS771Y4V70,01KJP2Q9Z7MR3VPYE4MH3SC9C8,A,C,0,0.2857142857142857,3.0,2.0
01KJP22PXRH9VYFY7Z1HZVNSMN,page9-46,01KJP2Q4FMMNPG4DTS771Y4V70,01KJP2RBVR6E36EKC8HYRAV5GF,A,A,1,0.42857142857142855,3.0,2.0
01KJP22PXRH9VYFY7Z1HZVNSMN,page9-46,01KJP2Q4FMMNPG4DTS771Y4V70,01KJP2RH1QNE571FNJRJ0ZHM7W,A,B,0,0.0,3.0,2.0
01KJP22PXRH9VYFY7Z1HZVNSMN,page9-46,01KJP2Q4FMMNPG4DTS771Y4V70,01KJP2RVD8SK7AN1X5EMGRM458,A,B,0,0.25,3.0,2.0
01KJP22PXRH9VYFY7Z1HZVNSMN,page9-46,01KJP2Q4FMMNPG4DTS771Y4V70,01KJP2SDQCR0935BS4E06A6D2G,A,C,0,0.3333333333333333,3.0,2.0
01KJP22PXRH9VYFY7Z1HZVNSMN,page9-46,01KJP2Q4FMMNPG4DTS771Y4V70,01KJP2SGRYQPGESDGRKTMMAJX4,A,A,1,0.0,3.0,2.0
01KJP22PXRH9VYFY7Z1HZVNSMN,page9-46,01KJP2Q4FMMNPG4DTS771Y4V70,01KJP2SNNP4ZB6K1QMGZX5CC0T,A,C,0,0.1111111111111111,3.0,2.0
01KJP22PXRH9VYFY7Z1HZVNSMN,page9-46,01KJP2Q9Z7MR3VPYE4MH3SC9C8,01KJP2RBVR6E36EKC8HYRAV5GF,C,A,0,0.2857142857142857,3.0,2.0
01KJP22PXRH9VYFY7Z1HZVNSMN,page9-46,01KJP2Q9Z7MR3VPYE4MH3SC9C8,01KJP2RH1QNE571FNJRJ0ZHM7W,C,B,0,0.0,3.0,2.0
01KJP22PXRH9VYFY7Z1HZVNSMN,page9-46,01KJP2Q9Z7MR3VPYE4MH3SC9C8,01KJP2RVD8SK7AN1X5EMGRM458,C,B,0,0.125,3.0,2.0
01KJP22PXRH9VYFY7Z1HZVNSMN,page9-46,01KJP2Q9Z7MR3VPYE4MH3SC9C8,01KJP2SDQCR0935BS4E06A6D2G,C,C,1,0.75,3.0,2.0
01KJP22PXRH9VYFY7Z1HZVNSMN,page9-46,01KJP2Q9Z7MR3VPYE4MH3SC9C8,01KJP2SGRYQPGESDGRKTMMAJX4,C,A,0,0.0,3.0,2.0
01KJP22PXRH9VYFY7Z1HZVNSMN,page9-46,01KJP2Q9Z7MR3VPYE4MH3SC9C8,01KJP2SNNP4ZB6K1QMGZX5CC0T,C,C,1,0.125,3.0,2.0
01KJP22PXRH9VYFY7Z1HZVNSMN,page9-46,01KJP2RBVR6E36EKC8HYRAV5GF,01KJP2RH1QNE571FNJRJ0ZHM7W,A,B,0,0.0,3.0,2.0
01KJP22PXRH9VYFY7Z1HZVNSMN,page9-46,01KJP2RBVR6E36EKC8HYRAV5GF,01KJP2RVD8SK7AN1X5EMGRM458,A,B,0,0.42857142857142855,3.0,2.0
01KJP22PXRH9VYFY7Z1HZVNSMN,page9-46,01KJP2RBVR6E36EKC8HYRAV5GF,01KJP2SDQCR0935BS4E06A6D2G,A,C,0,0.3333333333333333,3.0,2.0
01KJP22PXRH9VYFY7Z1HZVNSMN,page9-46,01KJP2RBVR6E36EKC8HYRAV5GF,01KJP2SGRYQPGESDGRKTMMAJX4,A,A,1,0.0,3.0,2.0
01KJP22PXRH9VYFY7Z1HZVNSMN,page9-46,01KJP2RBVR6E36EKC8HYRAV5GF,01KJP2SNNP4ZB6K1QMGZX5CC0T,A,C,0,0.1111111111111111,3.0,2.0
01KJP22PXRH9VYFY7Z1HZVNSMN,page9-46,01KJP2RH1QNE571FNJRJ0ZHM7W,01KJP2RVD8SK7AN1X5EMGRM458,B,B,1,0.3333333333333333,3.0,2.0
01KJP22PXRH9VYFY7Z1HZVNSMN,page9-46,01KJP2RH1QNE571FNJRJ0ZHM7W,01KJP2SDQCR0935BS4E06A6D2G,B,C,0,0.0,3.0,2.0
01KJP22PXRH9VYFY7Z1HZVNSMN,page9-46,01KJP2RH1QNE571FNJRJ0ZHM7W,01KJP2SGRYQPGESDGRKTMMAJX4,B,A,0,0.0,3.0,2.0
01KJP22PXRH9VYFY7Z1HZVNSMN,page9-46,01KJP2RH1QNE571FNJRJ0ZHM7W,01KJP2SNNP4ZB6K1QMGZX5CC0T,B,C,0,0.0,3.0,2.0
01KJP22PXRH9VYFY7Z1HZVNSMN,page9-46,01KJP2RVD8SK7AN1X5EMGRM458,01KJP2SDQCR0935BS4E06A6D2G,B,C,0,0.14285714285714285,3.0,2.0
01KJP22PXRH9VYFY7Z1HZVNSMN,page9-46,01KJP2RVD8SK7AN1X5EMGRM458,01KJP2SGRYQPGESDGRKTMMAJX4,B,A,0,0.0,3.0,2.0
01KJP22PXRH9VYFY7Z1HZVNSMN,page9-46,01KJP2RVD8SK7AN1X5EMGRM458,01KJP2SNNP4ZB6K1QMGZX5CC0T,B,C,0,0.1111111111111111,3.0,2.0
01KJP22PXRH9VYFY7Z1HZVNSMN,page9-46,01KJP2SDQCR0935BS4E06A6D2G,01KJP2SGRYQPGESDGRKTMMAJX4,C,A,0,0.0,3.0,2.0
01KJP22PXRH9VYFY7Z1HZVNSMN,page9-46,01KJP2SDQCR0935BS4E06A6D2G,01KJP2SNNP4ZB6K1QMGZX5CC0T,C,C,1,0.14285714285714285,3.0,2.0
01KJP22PXRH9VYFY7Z1HZVNSMN,page9-46,01KJP2SGRYQPGESDGRKTMMAJX4,01KJP2SNNP4ZB6K1QMGZX5CC0T,A,C,0,0.0,3.0,2.0
01KJP22PXRH9VYFY7Z1HZVNSMN,page9-46,01KJP2Q4FMMNPG4DTS771Y4V70,01KJP2Q9Z7MR3VPYE4MH3SC9C8,A,C,0,0.2857142857142857,4.0,2.0
01KJP22PXRH9VYFY7Z1HZVNSMN,page9-46,01KJP2Q4FMMNPG4DTS771Y4V70,01KJP2RBVR6E36EKC8HYRAV5GF,A,A,1,0.42857142857142855,4.0,2.0
01KJP22PXRH9VYFY7Z1HZVNSMN,page9-46,01KJP2Q4FMMNPG4DTS771Y4V70,01KJP2RH1QNE571FNJRJ0ZHM7W,A,B,0,0.0,4.0,2.0
01KJP22PXRH9VYFY7Z1HZVNSMN,page9-46,01KJP2Q4FMMNPG4DTS771Y4V70,01KJP2RVD8SK7AN1X5EMGRM458,A,B,0,0.25,4.0,2.0
01KJP22PXRH9VYFY7Z1HZVNSMN,page9-46,01KJP2Q4FMMNPG4DTS771Y4V70,01KJP2SDQCR0935BS4E06A6D2G,A,C,0,0.2857142857142857,4.0,2.0
01KJP22PXRH9VYFY7Z1HZVNSMN,page9-46,01KJP2Q4FMMNPG4DTS771Y4V70,01KJP2SGRYQPGESDGRKTMMAJX4,A,A,1,0.0,4.0,2.0
01KJP22PXRH9VYFY7Z1HZVNSMN,page9-46,01KJP2Q4FMMNPG4DTS771Y4V70,01KJP2SNNP4ZB6K1QMGZX5CC0T,A,C,0,0.1111111111111111,4.0,2.0
01KJP22PXRH9VYFY7Z1HZVNSMN,page9-46,01KJP2Q9Z7MR3VPYE4MH3SC9C8,01KJP2RBVR6E36EKC8HYRAV5GF,C,A,0,0.2857142857142857,4.0,2.0
01KJP22PXRH9VYFY7Z1HZVNSMN,page9-46,01KJP2Q9Z7MR3VPYE4MH3SC9C8,01KJP2RH1QNE571FNJRJ0ZHM7W,C,B,0,0.0,4.0,2.0
01KJP22PXRH9VYFY7Z1HZVNSMN,page9-46,01KJP2Q9Z7MR3VPYE4MH3SC9C8,01KJP2RVD8SK7AN1X5EMGRM458,C,B,0,0.125,4.0,2.0
01KJP22PXRH9VYFY7Z1HZVNSMN,page9-46,01KJP2Q9Z7MR3VPYE4MH3SC9C8,01KJP2SDQCR0935BS4E06A6D2G,C,C,1,1.0,4.0,2.0
01KJP22PXRH9VYFY7Z1HZVNSMN,page9-46,01KJP2Q9Z7MR3VPYE4MH3SC9C8,01KJP2SGRYQPGESDGRKTMMAJX4,C,A,0,0.0,4.0,2.0
01KJP22PXRH9VYFY7Z1HZVNSMN,page9-46,01KJP2Q9Z7MR3VPYE4MH3SC9C8,01KJP2SNNP4ZB6K1QMGZX5CC0T,C,C,1,0.125,4.0,2.0
01KJP22PXRH9VYFY7Z1HZVNSMN,page9-46,01KJP2RBVR6E36EKC8HYRAV5GF,01KJP2RH1QNE571FNJRJ0ZHM7W,A,B,0,0.0,4.0,2.0
01KJP22PXRH9VYFY7Z1HZVNSMN,page9-46,01KJP2RBVR6E36EKC8HYRAV5GF,01KJP2RVD8SK7AN1X5EMGRM458,A,B,0,0.42857142857142855,4.0,2.0
01KJP22PXRH9VYFY7Z1HZVNSMN,page9-46,01KJP2RBVR6E36EKC8HYRAV5GF,01KJP2SDQCR0935BS4E06A6D2G,A,C,0,0.2857142857142857,4.0,2.0
01KJP22PXRH9VYFY7Z1HZVNSMN,page9-46,01KJP2RBVR6E36EKC8HYRAV5GF,01KJP2SGRYQPGESDGRKTMMAJX4,A,A,1,0.0,4.0,2.0
01KJP22PXRH9VYFY7Z1HZVNSMN,page9-46,01KJP2RBVR6E36EKC8HYRAV5GF,01KJP2SNNP4ZB6K1QMGZX5CC0T,A,C,0,0.1111111111111111,4.0,2.0
01KJP22PXRH9VYFY7Z1HZVNSMN,page9-46,01KJP2RH1QNE571FNJRJ0ZHM7W,01KJP2RVD8SK7AN1X5EMGRM458,B,B,1,0.3333333333333333,4.0,2.0
01KJP22PXRH9VYFY7Z1HZVNSMN,page9-46,01KJP2RH1QNE571FNJRJ0ZHM7W,01KJP2SDQCR0935BS4E06A6D2G,B,C,0,0.0,4.0,2.0
01KJP22PXRH9VYFY7Z1HZVNSMN,page9-46,01KJP2RH1QNE571FNJRJ0ZHM7W,01KJP2SGRYQPGESDGRKTMMAJX4,B,A,0,0.0,4.0,2.0
01KJP22PXRH9VYFY7Z1HZVNSMN,page9-46,01KJP2RH1QNE571FNJRJ0ZHM7W,01KJP2SNNP4ZB6K1QMGZX5CC0T,B,C,0,0.0,4.0,2.0
01KJP22PXRH9VYFY7Z1HZVNSMN,page9-46,01KJP2RVD8SK7AN1X5EMGRM458,01KJP2SDQCR0935BS4E06A6D2G,B,C,0,0.125,4.0,2.0
01KJP22PXRH9VYFY7Z1HZVNSMN,page9-46,01KJP2RVD8SK7AN1X5EMGRM458,01KJP2SGRYQPGESDGRKTMMAJX4,B,A,0,0.0,4.0,2.0
01KJP22PXRH9VYFY7Z1HZVNSMN,page9-46,01KJP2RVD8SK7AN1X5EMGRM458,01KJP2SNNP4ZB6K1QMGZX5CC0T,B,C,0,0.1111111111111111,4.0,2.0
01KJP22PXRH9VYFY7Z1HZVNSMN,page9-46,01KJP2SDQCR0935BS4E06A6D2G,01KJP2SGRYQPGESDGRKTMMAJX4,C,A,0,0.0,4.0,2.0
01KJP22PXRH9VYFY7Z1HZVNSMN,page9-46,01KJP2SDQCR0935BS4E06A6D2G,01KJP2SNNP4ZB6K1QMGZX5CC0T,C,C,1,0.125,4.0,2.0
01KJP22PXRH9VYFY7Z1HZVNSMN,page9-46,01KJP2SGRYQPGESDGRKTMMAJX4,01KJP2SNNP4ZB6K1QMGZX5CC0T,A,C,0,0.0,4.0,2.0
01KJP22PXRH9VYFY7Z1HZVNSMN,page9-46,01KJP2Q4FMMNPG4DTS771Y4V70,01KJP2Q9Z7MR3VPYE4MH3SC9C8,A,C,0,0.2857142857142857,5.0,2.0
01KJP22PXRH9VYFY7Z1HZVNSMN,page9-46,01KJP2Q4FMMNPG4DTS771Y4V70,01KJP2RBVR6E36EKC8HYRAV5GF,A,A,1,0.4,5.0,2.0
01KJP22PXRH9VYFY7Z1HZVNSMN,page9-46,01KJP2Q4FMMNPG4DTS771Y4V70,01KJP2RH1QNE571FNJRJ0ZHM7W,A,B,0,0.0,5.0,2.0
01KJP22PXRH9VYFY7Z1HZVNSMN,page9-46,01KJP2Q4FMMNPG4DTS771Y4V70,01KJP2RVD8SK7AN1X5EMGRM458,A,B,0,0.25,5.0,2.0
01KJP22PXRH9VYFY7Z1HZVNSMN,page9-46,01KJP2Q4FMMNPG4DTS771Y4V70,01KJP2SDQCR0935BS4E06A6D2G,A,C,0,0.2857142857142857,5.0,2.0
01KJP22PXRH9VYFY7Z1HZVNSMN,page9-46,01KJP2Q4FMMNPG4DTS771Y4V70,01KJP2SGRYQPGESDGRKTMMAJX4,A,A,1,0.0,5.0,2.0
01KJP22PXRH9VYFY7Z1HZVNSMN,page9-46,01KJP2Q4FMMNPG4DTS771Y4V70,01KJP2SNNP4ZB6K1QMGZX5CC0T,A,C,0,0.1111111111111111,5.0,2.0
01KJP22PXRH9VYFY7Z1HZVNSMN,page9-46,01KJP2Q9Z7MR3VPYE4MH3SC9C8,01KJP2RBVR6E36EKC8HYRAV5GF,C,A,0,0.2,5.0,2.0
01KJP22PXRH9VYFY7Z1HZVNSMN,page9-46,01KJP2Q9Z7MR3VPYE4MH3SC9C8,01KJP2RH1QNE571FNJRJ0ZHM7W,C,B,0,0.0,5.0,2.0
01KJP22PXRH9VYFY7Z1HZVNSMN,page9-46,01KJP2Q9Z7MR3VPYE4MH3SC9C8,01KJP2RVD8SK7AN1X5EMGRM458,C,B,0,0.125,5.0,2.0
01KJP22PXRH9VYFY7Z1HZVNSMN,page9-46,01KJP2Q9Z7MR3VPYE4MH3SC9C8,01KJP2SDQCR0935BS4E06A6D2G,C,C,1,1.0,5.0,2.0
01KJP22PXRH9VYFY7Z1HZVNSMN,page9-46,01KJP2Q9Z7MR3VPYE4MH3SC9C8,01KJP2SGRYQPGESDGRKTMMAJX4,C,A,0,0.0,5.0,2.0
01KJP22PXRH9VYFY7Z1HZVNSMN,page9-46,01KJP2Q9Z7MR3VPYE4MH3SC9C8,01KJP2SNNP4ZB6K1QMGZX5CC0T,C,C,1,0.125,5.0,2.0
01KJP22PXRH9VYFY7Z1HZVNSMN,page9-46,01KJP2RBVR6E36EKC8HYRAV5GF,01KJP2RH1QNE571FNJRJ0ZHM7W,A,B,0,0.0,5.0,2.0
01KJP22PXRH9VYFY7Z1HZVNSMN,page9-46,01KJP2RBVR6E36EKC8HYRAV5GF,01KJP2RVD8SK7AN1X5EMGRM458,A,B,0,0.4,5.0,2.0
01KJP22PXRH9VYFY7Z1HZVNSMN,page9-46,01KJP2RBVR6E36EKC8HYRAV5GF,01KJP2SDQCR0935BS4E06A6D2G,A,C,0,0.2,5.0,2.0
01KJP22PXRH9VYFY7Z1HZVNSMN,page9-46,01KJP2RBVR6E36EKC8HYRAV5GF,01KJP2SGRYQPGESDGRKTMMAJX4,A,A,1,0.0,5.0,2.0
01KJP22PXRH9VYFY7Z1HZVNSMN,page9-46,01KJP2RBVR6E36EKC8HYRAV5GF,01KJP2SNNP4ZB6K1QMGZX5CC0T,A,C,0,0.16666666666666666,5.0,2.0
01KJP22PXRH9VYFY7Z1HZVNSMN,page9-46,01KJP2RH1QNE571FNJRJ0ZHM7W,01KJP2RVD8SK7AN1X5EMGRM458,B,B,1,0.3333333333333333,5.0,2.0
01KJP22PXRH9VYFY7Z1HZVNSMN,page9-46,01KJP2RH1QNE571FNJRJ0ZHM7W,01KJP2SDQCR0935BS4E06A6D2G,B,C,0,0.0,5.0,2.0
01KJP22PXRH9VYFY7Z1HZVNSMN,page9-46,01KJP2RH1QNE571FNJRJ0ZHM7W,01KJP2SGRYQPGESDGRKTMMAJX4,B,A,0,0.0,5.0,2.0
01KJP22PXRH9VYFY7Z1HZVNSMN,page9-46,01KJP2RH1QNE571FNJRJ0ZHM7W,01KJP2SNNP4ZB6K1QMGZX5CC0T,B,C,0,0.0,5.0,2.0
01KJP22PXRH9VYFY7Z1HZVNSMN,page9-46,01KJP2RVD8SK7AN1X5EMGRM458,01KJP2SDQCR0935BS4E06A6D2G,B,C,0,0.125,5.0,2.0
01KJP22PXRH9VYFY7Z1HZVNSMN,page9-46,01KJP2RVD8SK7AN1X5EMGRM458,01KJP2SGRYQPGESDGRKTMMAJX4,B,A,0,0.0,5.0,2.0
01KJP22PXRH9VYFY7Z1HZVNSMN,page9-46,01KJP2RVD8SK7AN1X5EMGRM458,01KJP2SNNP4ZB6K1QMGZX5CC0T,B,C,0,0.1111111111111111,5.0,2.0
01KJP22PXRH9VYFY7Z1HZVNSMN,page9-46,01KJP2SDQCR0935BS4E06A6D2G,01KJP2SGRYQPGESDGRKTMMAJX4,C,A,0,0.0,5.0,2.0
01KJP22PXRH9VYFY7Z1HZVNSMN,page9-46,01KJP2SDQCR0935BS4E06A6D2G,01KJP2SNNP4ZB6K1QMGZX5CC0T,C,C,1,0.125,5.0,2.0
01KJP22PXRH9VYFY7Z1HZVNSMN,page9-46,01KJP2SGRYQPGESDGRKTMMAJX4,01KJP2SNNP4ZB6K1QMGZX5CC0T,A,C,0,0.0,5.0,2.0
01KJP22PXRH9VYFY7Z1HZVNSMN,page7-107,01KJP2Q4FMMNPG4DTS771Y4V70,01KJP2RH1QNE571FNJRJ0ZHM7W,A,B,0,0.0,1.0,2.0
01KJP22PXRH9VYFY7Z1HZVNSMN,page7-107,01KJP2Q4FMMNPG4DTS771Y4V70,01KJP2RVD8SK7AN1X5EMGRM458,A,B,0,0.0,1.0,2.0
01KJP22PXRH9VYFY7Z1HZVNSMN,page7-107,01KJP2Q4FMMNPG4DTS771Y4V70,01KJP2SDQCR0935BS4E06A6D2G,A,C,0,0.4,1.0,2.0
01KJP22PXRH9VYFY7Z1HZVNSMN,page7-107,01KJP2Q4FMMNPG4DTS771Y4V70,01KJP2SGRYQPGESDGRKTMMAJX4,A,A,1,0.16666666666666666,1.0,2.0
01KJP22PXRH9VYFY7Z1HZVNSMN,page7-107,01KJP2Q4FMMNPG4DTS771Y4V70,01KJP2SNNP4ZB6K1QMGZX5CC0T,A,C,0,0.2222222222222222,1.0,2.0
01KJP22PXRH9VYFY7Z1HZVNSMN,page7-107,01KJP2RH1QNE571FNJRJ0ZHM7W,01KJP2RVD8SK7AN1X5EMGRM458,B,B,1,0.3333333333333333,1.0,2.0
01KJP22PXRH9VYFY7Z1HZVNSMN,page7-107,01KJP2RH1QNE571FNJRJ0ZHM7W,01KJP2SDQCR0935BS4E06A6D2G,B,C,0,0.0,1.0,2.0
01KJP22PXRH9VYFY7Z1HZVNSMN,page7-107,01KJP2RH1QNE571FNJRJ0ZHM7W,01KJP2SGRYQPGESDGRKTMMAJX4,B,A,0,0.0,1.0,2.0
01KJP22PXRH9VYFY7Z1HZVNSMN,page7-107,01KJP2RH1QNE571FNJRJ0ZHM7W,01KJP2SNNP4ZB6K1QMGZX5CC0T,B,C,0,0.0,1.0,2.0
01KJP22PXRH9VYFY7Z1HZVNSMN,page7-107,01KJP2RVD8SK7AN1X5EMGRM458,01KJP2SDQCR0935BS4E06A6D2G,B,C,0,0.0,1.0,2.0
01KJP22PXRH9VYFY7Z1HZVNSMN,page7-107,01KJP2RVD8SK7AN1X5EMGRM458,01KJP2SGRYQPGESDGRKTMMAJX4,B,A,0,0.0,1.0,2.0
01KJP22PXRH9VYFY7Z1HZVNSMN,page7-107,01KJP2RVD8SK7AN1X5EMGRM458,01KJP2SNNP4ZB6K1QMGZX5CC0T,B,C,0,0.0,1.0,2.0
01KJP22PXRH9VYFY7Z1HZVNSMN,page7-107,01KJP2SDQCR0935BS4E06A6D2G,01KJP2SGRYQPGESDGRKTMMAJX4,C,A,0,0.14285714285714285,1.0,2.0
01KJP22PXRH9VYFY7Z1HZVNSMN,page7-107,01KJP2SDQCR0935BS4E06A6D2G,01KJP2SNNP4ZB6K1QMGZX5CC0T,C,C,1,0.2,1.0,2.0
01KJP22PXRH9VYFY7Z1HZVNSMN,page7-107,01KJP2SGRYQPGESDGRKTMMAJX4,01KJP2SNNP4ZB6K1QMGZX5CC0T,A,C,0,0.09090909090909091,1.0,2.0
01KJP22PXRH9VYFY7Z1HZVNSMN,page7-107,01KJP2Q4FMMNPG4DTS771Y4V70,01KJP2Q9Z7MR3VPYE4MH3SC9C8,A,C,0,0.75,2.0,2.0
01KJP22PXRH9VYFY7Z1HZVNSMN,page7-107,01KJP2Q4FMMNPG4DTS771Y4V70,01KJP2RBVR6E36EKC8HYRAV5GF,A,A,1,0.6,2.0,2.0
01KJP22PXRH9VYFY7Z1HZVNSMN,page7-107,01KJP2Q4FMMNPG4DTS771Y4V70,01KJP2RH1QNE571FNJRJ0ZHM7W,A,B,0,0.0,2.0,2.0
01KJP22PXRH9VYFY7Z1HZVNSMN,page7-107,01KJP2Q4FMMNPG4DTS771Y4V70,01KJP2RVD8SK7AN1X5EMGRM458,A,B,0,0.0,2.0,2.0
01KJP22PXRH9VYFY7Z1HZVNSMN,page7-107,01KJP2Q4FMMNPG4DTS771Y4V70,01KJP2SDQCR0935BS4E06A6D2G,A,C,0,0.4,2.0,2.0
01KJP22PXRH9VYFY7Z1HZVNSMN,page7-107,01KJP2Q4FMMNPG4DTS771Y4V70,01KJP2SGRYQPGESDGRKTMMAJX4,A,A,1,0.16666666666666666,2.0,2.0
01KJP22PXRH9VYFY7Z1HZVNSMN,page7-107,01KJP2Q4FMMNPG4DTS771Y4V70,01KJP2SNNP4ZB6K1QMGZX5CC0T,A,C,0,0.2222222222222222,2.0,2.0
01KJP22PXRH9VYFY7Z1HZVNSMN,page7-107,01KJP2Q9Z7MR3VPYE4MH3SC9C8,01KJP2RBVR6E36EKC8HYRAV5GF,C,A,0,0.5,2.0,2.0
01KJP22PXRH9VYFY7Z1HZVNSMN,page7-107,01KJP2Q9Z7MR3VPYE4MH3SC9C8,01KJP2RH1QNE571FNJRJ0ZHM7W,C,B,0,0.0,2.0,2.0
01KJP22PXRH9VYFY7Z1HZVNSMN,page7-107,01KJP2Q9Z7MR3VPYE4MH3SC9C8,01KJP2RVD8SK7AN1X5EMGRM458,C,B,0,0.0,2.0,2.0
01KJP22PXRH9VYFY7Z1HZVNSMN,page7-107,01KJP2Q9Z7MR3VPYE4MH3SC9C8,01KJP2SDQCR0935BS4E06A6D2G,C,C,1,0.3333333333333333,2.0,2.0
01KJP22PXRH9VYFY7Z1HZVNSMN,page7-107,01KJP2Q9Z7MR3VPYE4MH3SC9C8,01KJP2SGRYQPGESDGRKTMMAJX4,C,A,0,0.14285714285714285,2.0,2.0
01KJP22PXRH9VYFY7Z1HZVNSMN,page7-107,01KJP2Q9Z7MR3VPYE4MH3SC9C8,01KJP2SNNP4ZB6K1QMGZX5CC0T,C,C,1,0.3333333333333333,2.0,2.0
01KJP22PXRH9VYFY7Z1HZVNSMN,page7-107,01KJP2RBVR6E36EKC8HYRAV5GF,01KJP2RH1QNE571FNJRJ0ZHM7W,A,B,0,0.14285714285714285,2.0,2.0
01KJP22PXRH9VYFY7Z1HZVNSMN,page7-107,01KJP2RBVR6E36EKC8HYRAV5GF,01KJP2RVD8SK7AN1X5EMGRM458,A,B,0,0.0,2.0,2.0
01KJP22PXRH9VYFY7Z1HZVNSMN,page7-107,01KJP2RBVR6E36EKC8HYRAV5GF,01KJP2SDQCR0935BS4E06A6D2G,A,C,0,0.2857142857142857,2.0,2.0
01KJP22PXRH9VYFY7Z1HZVNSMN,page7-107,01KJP2RBVR6E36EKC8HYRAV5GF,01KJP2SGRYQPGESDGRKTMMAJX4,A,A,1,0.125,2.0,2.0
01KJP22PXRH9VYFY7Z1HZVNSMN,page7-107,01KJP2RBVR6E36EKC8HYRAV5GF,01KJP2SNNP4ZB6K1QMGZX5CC0T,A,C,0,0.18181818181818182,2.0,2.0
01KJP22PXRH9VYFY7Z1HZVNSMN,page7-107,01KJP2RH1QNE571FNJRJ0ZHM7W,01KJP2RVD8SK7AN1X5EMGRM458,B,B,1,0.3333333333333333,2.0,2.0
01KJP22PXRH9VYFY7Z1HZVNSMN,page7-107,01KJP2RH1QNE571FNJRJ0ZHM7W,01KJP2SDQCR0935BS4E06A6D2G,B,C,0,0.0,2.0,2.0
01KJP22PXRH9VYFY7Z1HZVNSMN,page7-107,01KJP2RH1QNE571FNJRJ0ZHM7W,01KJP2SGRYQPGESDGRKTMMAJX4,B,A,0,0.0,2.0,2.0
01KJP22PXRH9VYFY7Z1HZVNSMN,page7-107,01KJP2RH1QNE571FNJRJ0ZHM7W,01KJP2SNNP4ZB6K1QMGZX5CC0T,B,C,0,0.0,2.0,2.0
01KJP22PXRH9VYFY7Z1HZVNSMN,page7-107,01KJP2RVD8SK7AN1X5EMGRM458,01KJP2SDQCR0935BS4E06A6D2G,B,C,0,0.0,2.0,2.0
01KJP22PXRH9VYFY7Z1HZVNSMN,page7-107,01KJP2RVD8SK7AN1X5EMGRM458,01KJP2SGRYQPGESDGRKTMMAJX4,B,A,0,0.0,2.0,2.0
01KJP22PXRH9VYFY7Z1HZVNSMN,page7-107,01KJP2RVD8SK7AN1X5EMGRM458,01KJP2SNNP4ZB6K1QMGZX5CC0T,B,C,0,0.0,2.0,2.0
01KJP22PXRH9VYFY7Z1HZVNSMN,page7-107,01KJP2SDQCR0935BS4E06A6D2G,01KJP2SGRYQPGESDGRKTMMAJX4,C,A,0,0.14285714285714285,2.0,2.0
01KJP22PXRH9VYFY7Z1HZVNSMN,page7-107,01KJP2SDQCR0935BS4E06A6D2G,01KJP2SNNP4ZB6K1QMGZX5CC0T,C,C,1,0.2,2.0,2.0
01KJP22PXRH9VYFY7Z1HZVNSMN,page7-107,01KJP2SGRYQPGESDGRKTMMAJX4,01KJP2SNNP4ZB6K1QMGZX5CC0T,A,C,0,0.09090909090909091,2.0,2.0
01KJP22PXRH9VYFY7Z1HZVNSMN,page7-107,01KJP2Q4FMMNPG4DTS771Y4V70,01KJP2Q9Z7MR3VPYE4MH3SC9C8,A,C,0,0.25,3.0,2.0
01KJP22PXRH9VYFY7Z1HZVNSMN,page7-107,01KJP2Q4FMMNPG4DTS771Y4V70,01KJP2RBVR6E36EKC8HYRAV5GF,A,A,1,0.2,3.0,2.0
01KJP22PXRH9VYFY7Z1HZVNSMN,page7-107,01KJP2Q4FMMNPG4DTS771Y4V70,01KJP2RH1QNE571FNJRJ0ZHM7W,A,B,0,0.0,3.0,2.0
01KJP22PXRH9VYFY7Z1HZVNSMN,page7-107,01KJP2Q4FMMNPG4DTS771Y4V70,01KJP2RVD8SK7AN1X5EMGRM458,A,B,0,0.0,3.0,2.0
01KJP22PXRH9VYFY7Z1HZVNSMN,page7-107,01KJP2Q4FMMNPG4DTS771Y4V70,01KJP2SDQCR0935BS4E06A6D2G,A,C,0,0.0,3.0,2.0
01KJP22PXRH9VYFY7Z1HZVNSMN,page7-107,01KJP2Q4FMMNPG4DTS771Y4V70,01KJP2SGRYQPGESDGRKTMMAJX4,A,A,1,0.0,3.0,2.0
01KJP22PXRH9VYFY7Z1HZVNSMN,page7-107,01KJP2Q4FMMNPG4DTS771Y4V70,01KJP2SNNP4ZB6K1QMGZX5CC0T,A,C,0,0.0,3.0,2.0
01KJP22PXRH9VYFY7Z1HZVNSMN,page7-107,01KJP2Q9Z7MR3VPYE4MH3SC9C8,01KJP2RBVR6E36EKC8HYRAV5GF,C,A,0,0.5,3.0,2.0
01KJP22PXRH9VYFY7Z1HZVNSMN,page7-107,01KJP2Q9Z7MR3VPYE4MH3SC9C8,01KJP2RH1QNE571FNJRJ0ZHM7W,C,B,0,0.0,3.0,2.0
01KJP22PXRH9VYFY7Z1HZVNSMN,page7-107,01KJP2Q9Z7MR3VPYE4MH3SC9C8,01KJP2RVD8SK7AN1X5EMGRM458,C,B,0,0.0,3.0,2.0
01KJP22PXRH9VYFY7Z1HZVNSMN,page7-107,01KJP2Q9Z7MR3VPYE4MH3SC9C8,01KJP2SDQCR0935BS4E06A6D2G,C,C,1,0.3333333333333333,3.0,2.0
01KJP22PXRH9VYFY7Z1HZVNSMN,page7-107,01KJP2Q9Z7MR3VPYE4MH3SC9C8,01KJP2SGRYQPGESDGRKTMMAJX4,C,A,0,0.14285714285714285,3.0,2.0
01KJP22PXRH9VYFY7Z1HZVNSMN,page7-107,01KJP2Q9Z7MR3VPYE4MH3SC9C8,01KJP2SNNP4ZB6K1QMGZX5CC0T,C,C,1,0.2222222222222222,3.0,2.0
01KJP22PXRH9VYFY7Z1HZVNSMN,page7-107,01KJP2RBVR6E36EKC8HYRAV5GF,01KJP2RH1QNE571FNJRJ0ZHM7W,A,B,0,0.0,3.0,2.0
01KJP22PXRH9VYFY7Z1HZVNSMN,page7-107,01KJP2RBVR6E36EKC8HYRAV5GF,01KJP2RVD8SK7AN1X5EMGRM458,A,B,0,0.0,3.0,2.0
01KJP22PXRH9VYFY7Z1HZVNSMN,page7-107,01KJP2RBVR6E36EKC8HYRAV5GF,01KJP2SDQCR0935BS4E06A6D2G,A,C,0,0.2857142857142857,3.0,2.0
01KJP22PXRH9VYFY7Z1HZVNSMN,page7-107,01KJP2RBVR6E36EKC8HYRAV5GF,01KJP2SGRYQPGESDGRKTMMAJX4,A,A,1,0.125,3.0,2.0
01KJP22PXRH9VYFY7Z1HZVNSMN,page7-107,01KJP2RBVR6E36EKC8HYRAV5GF,01KJP2SNNP4ZB6K1QMGZX5CC0T,A,C,0,0.09090909090909091,3.0,2.0
01KJP22PXRH9VYFY7Z1HZVNSMN,page7-107,01KJP2RH1QNE571FNJRJ0ZHM7W,01KJP2RVD8SK7AN1X5EMGRM458,B,B,1,1.0,3.0,2.0
01KJP22PXRH9VYFY7Z1HZVNSMN,page7-107,01KJP2RH1QNE571FNJRJ0ZHM7W,01KJP2SDQCR0935BS4E06A6D2G,B,C,0,0.0,3.0,2.0
01KJP22PXRH9VYFY7Z1HZVNSMN,page7-107,01KJP2RH1QNE571FNJRJ0ZHM7W,01KJP2SGRYQPGESDGRKTMMAJX4,B,A,0,0.0,3.0,2.0
01KJP22PXRH9VYFY7Z1HZVNSMN,page7-107,01KJP2RH1QNE571FNJRJ0ZHM7W,01KJP2SNNP4ZB6K1QMGZX5CC0T,B,C,0,0.0,3.0,2.0
01KJP22PXRH9VYFY7Z1HZVNSMN,page7-107,01KJP2RVD8SK7AN1X5EMGRM458,01KJP2SDQCR0935BS4E06A6D2G,B,C,0,0.0,3.0,2.0
01KJP22PXRH9VYFY7Z1HZVNSMN,page7-107,01KJP2RVD8SK7AN1X5EMGRM458,01KJP2SGRYQPGESDGRKTMMAJX4,B,A,0,0.0,3.0,2.0
01KJP22PXRH9VYFY7Z1HZVNSMN,page7-107,01KJP2RVD8SK7AN1X5EMGRM458,01KJP2SNNP4ZB6K1QMGZX5CC0T,B,C,0,0.0,3.0,2.0
01KJP22PXRH9VYFY7Z1HZVNSMN,page7-107,01KJP2SDQCR0935BS4E06A6D2G,01KJP2SGRYQPGESDGRKTMMAJX4,C,A,0,0.14285714285714285,3.0,2.0
01KJP22PXRH9VYFY7Z1HZVNSMN,page7-107,01KJP2SDQCR0935BS4E06A6D2G,01KJP2SNNP4ZB6K1QMGZX5CC0T,C,C,1,0.1,3.0,2.0
01KJP22PXRH9VYFY7Z1HZVNSMN,page7-107,01KJP2SGRYQPGESDGRKTMMAJX4,01KJP2SNNP4ZB6K1QMGZX5CC0T,A,C,0,0.1,3.0,2.0
01KJP22PXRH9VYFY7Z1HZVNSMN,page7-107,01KJP2Q4FMMNPG4DTS771Y4V70,01KJP2Q9Z7MR3VPYE4MH3SC9C8,A,C,0,0.25,4.0,2.0
01KJP22PXRH9VYFY7Z1HZVNSMN,page7-107,01KJP2Q4FMMNPG4DTS771Y4V70,01KJP2RBVR6E36EKC8HYRAV5GF,A,A,1,0.2,4.0,2.0
01KJP22PXRH9VYFY7Z1HZVNSMN,page7-107,01KJP2Q4FMMNPG4DTS771Y4V70,01KJP2RH1QNE571FNJRJ0ZHM7W,A,B,0,0.0,4.0,2.0
01KJP22PXRH9VYFY7Z1HZVNSMN,page7-107,01KJP2Q4FMMNPG4DTS771Y4V70,01KJP2RVD8SK7AN1X5EMGRM458,A,B,0,0.0,4.0,2.0
01KJP22PXRH9VYFY7Z1HZVNSMN,page7-107,01KJP2Q4FMMNPG4DTS771Y4V70,01KJP2SDQCR0935BS4E06A6D2G,A,C,0,0.3333333333333333,4.0,2.0
01KJP22PXRH9VYFY7Z1HZVNSMN,page7-107,01KJP2Q4FMMNPG4DTS771Y4V70,01KJP2SGRYQPGESDGRKTMMAJX4,A,A,1,0.0,4.0,2.0
01KJP22PXRH9VYFY7Z1HZVNSMN,page7-107,01KJP2Q4FMMNPG4DTS771Y4V70,01KJP2SNNP4ZB6K1QMGZX5CC0T,A,C,0,0.0,4.0,2.0
01KJP22PXRH9VYFY7Z1HZVNSMN,page7-107,01KJP2Q9Z7MR3VPYE4MH3SC9C8,01KJP2RBVR6E36EKC8HYRAV5GF,C,A,0,0.5,4.0,2.0
01KJP22PXRH9VYFY7Z1HZVNSMN,page7-107,01KJP2Q9Z7MR3VPYE4MH3SC9C8,01KJP2RH1QNE571FNJRJ0ZHM7W,C,B,0,0.0,4.0,2.0
01KJP22PXRH9VYFY7Z1HZVNSMN,page7-107,01KJP2Q9Z7MR3VPYE4MH3SC9C8,01KJP2RVD8SK7AN1X5EMGRM458,C,B,0,0.0,4.0,2.0
01KJP22PXRH9VYFY7Z1HZVNSMN,page7-107,01KJP2Q9Z7MR3VPYE4MH3SC9C8,01KJP2SDQCR0935BS4E06A6D2G,C,C,1,0.75,4.0,2.0
01KJP22PXRH9VYFY7Z1HZVNSMN,page7-107,01KJP2Q9Z7MR3VPYE4MH3SC9C8,01KJP2SGRYQPGESDGRKTMMAJX4,C,A,0,0.14285714285714285,4.0,2.0
01KJP22PXRH9VYFY7Z1HZVNSMN,page7-107,01KJP2Q9Z7MR3VPYE4MH3SC9C8,01KJP2SNNP4ZB6K1QMGZX5CC0T,C,C,1,0.2222222222222222,4.0,2.0
01KJP22PXRH9VYFY7Z1HZVNSMN,page7-107,01KJP2RBVR6E36EKC8HYRAV5GF,01KJP2RH1QNE571FNJRJ0ZHM7W,A,B,0,0.0,4.0,2.0
01KJP22PXRH9VYFY7Z1HZVNSMN,page7-107,01KJP2RBVR6E36EKC8HYRAV5GF,01KJP2RVD8SK7AN1X5EMGRM458,A,B,0,0.0,4.0,2.0
01KJP22PXRH9VYFY7Z1HZVNSMN,page7-107,01KJP2RBVR6E36EKC8HYRAV5GF,01KJP2SDQCR0935BS4E06A6D2G,A,C,0,0.6,4.0,2.0
01KJP22PXRH9VYFY7Z1HZVNSMN,page7-107,01KJP2RBVR6E36EKC8HYRAV5GF,01KJP2SGRYQPGESDGRKTMMAJX4,A,A,1,0.125,4.0,2.0
01KJP22PXRH9VYFY7Z1HZVNSMN,page7-107,01KJP2RBVR6E36EKC8HYRAV5GF,01KJP2SNNP4ZB6K1QMGZX5CC0T,A,C,0,0.09090909090909091,4.0,2.0
01KJP22PXRH9VYFY7Z1HZVNSMN,page7-107,01KJP2RH1QNE571FNJRJ0ZHM7W,01KJP2RVD8SK7AN1X5EMGRM458,B,B,1,1.0,4.0,2.0
01KJP22PXRH9VYFY7Z1HZVNSMN,page7-107,01KJP2RH1QNE571FNJRJ0ZHM7W,01KJP2SDQCR0935BS4E06A6D2G,B,C,0,0.0,4.0,2.0
01KJP22PXRH9VYFY7Z1HZVNSMN,page7-107,01KJP2RH1QNE571FNJRJ0ZHM7W,01KJP2SGRYQPGESDGRKTMMAJX4,B,A,0,0.0,4.0,2.0
01KJP22PXRH9VYFY7Z1HZVNSMN,page7-107,01KJP2RH1QNE571FNJRJ0ZHM7W,01KJP2SNNP4ZB6K1QMGZX5CC0T,B,C,0,0.0,4.0,2.0
01KJP22PXRH9VYFY7Z1HZVNSMN,page7-107,01KJP2RVD8SK7AN1X5EMGRM458,01KJP2SDQCR0935BS4E06A6D2G,B,C,0,0.0,4.0,2.0
01KJP22PXRH9VYFY7Z1HZVNSMN,page7-107,01KJP2RVD8SK7AN1X5EMGRM458,01KJP2SGRYQPGESDGRKTMMAJX4,B,A,0,0.0,4.0,2.0
01KJP22PXRH9VYFY7Z1HZVNSMN,page7-107,01KJP2RVD8SK7AN1X5EMGRM458,01KJP2SNNP4ZB6K1QMGZX5CC0T,B,C,0,0.0,4.0,2.0
01KJP22PXRH9VYFY7Z1HZVNSMN,page7-107,01KJP2SDQCR0935BS4E06A6D2G,01KJP2SGRYQPGESDGRKTMMAJX4,C,A,0,0.16666666666666666,4.0,2.0
01KJP22PXRH9VYFY7Z1HZVNSMN,page7-107,01KJP2SDQCR0935BS4E06A6D2G,01KJP2SNNP4ZB6K1QMGZX5CC0T,C,C,1,0.1111111111111111,4.0,2.0
01KJP22PXRH9VYFY7Z1HZVNSMN,page7-107,01KJP2SGRYQPGESDGRKTMMAJX4,01KJP2SNNP4ZB6K1QMGZX5CC0T,A,C,0,0.1,4.0,2.0
01KJP22PXRH9VYFY7Z1HZVNSMN,page7-107,01KJP2Q4FMMNPG4DTS771Y4V70,01KJP2Q9Z7MR3VPYE4MH3SC9C8,A,C,0,0.25,5.0,2.0
01KJP22PXRH9VYFY7Z1HZVNSMN,page7-107,01KJP2Q4FMMNPG4DTS771Y4V70,01KJP2RBVR6E36EKC8HYRAV5GF,A,A,1,1.0,5.0,2.0
01KJP22PXRH9VYFY7Z1HZVNSMN,page7-107,01KJP2Q4FMMNPG4DTS771Y4V70,01KJP2RH1QNE571FNJRJ0ZHM7W,A,B,0,0.0,5.0,2.0
01KJP22PXRH9VYFY7Z1HZVNSMN,page7-107,01KJP2Q4FMMNPG4DTS771Y4V70,01KJP2RVD8SK7AN1X5EMGRM458,A,B,0,0.0,5.0,2.0
01KJP22PXRH9VYFY7Z1HZVNSMN,page7-107,01KJP2Q4FMMNPG4DTS771Y4V70,01KJP2SDQCR0935BS4E06A6D2G,A,C,0,0.3333333333333333,5.0,2.0
01KJP22PXRH9VYFY7Z1HZVNSMN,page7-107,01KJP2Q4FMMNPG4DTS771Y4V70,01KJP2SGRYQPGESDGRKTMMAJX4,A,A,1,0.0,5.0,2.0
01KJP22PXRH9VYFY7Z1HZVNSMN,page7-107,01KJP2Q4FMMNPG4DTS771Y4V70,01KJP2SNNP4ZB6K1QMGZX5CC0T,A,C,0,0.0,5.0,2.0
01KJP22PXRH9VYFY7Z1HZVNSMN,page7-107,01KJP2Q9Z7MR3VPYE4MH3SC9C8,01KJP2RBVR6E36EKC8HYRAV5GF,C,A,0,0.25,5.0,2.0
01KJP22PXRH9VYFY7Z1HZVNSMN,page7-107,01KJP2Q9Z7MR3VPYE4MH3SC9C8,01KJP2RH1QNE571FNJRJ0ZHM7W,C,B,0,0.0,5.0,2.0
01KJP22PXRH9VYFY7Z1HZVNSMN,page7-107,01KJP2Q9Z7MR3VPYE4MH3SC9C8,01KJP2RVD8SK7AN1X5EMGRM458,C,B,0,0.0,5.0,2.0
01KJP22PXRH9VYFY7Z1HZVNSMN,page7-107,01KJP2Q9Z7MR3VPYE4MH3SC9C8,01KJP2SDQCR0935BS4E06A6D2G,C,C,1,0.4,5.0,2.0
01KJP22PXRH9VYFY7Z1HZVNSMN,page7-107,01KJP2Q9Z7MR3VPYE4MH3SC9C8,01KJP2SGRYQPGESDGRKTMMAJX4,C,A,0,0.14285714285714285,5.0,2.0
01KJP22PXRH9VYFY7Z1HZVNSMN,page7-107,01KJP2Q9Z7MR3VPYE4MH3SC9C8,01KJP2SNNP4ZB6K1QMGZX5CC0T,C,C,1,0.375,5.0,2.0
01KJP22PXRH9VYFY7Z1HZVNSMN,page7-107,01KJP2RBVR6E36EKC8HYRAV5GF,01KJP2RH1QNE571FNJRJ0ZHM7W,A,B,0,0.0,5.0,2.0
01KJP22PXRH9VYFY7Z1HZVNSMN,page7-107,01KJP2RBVR6E36EKC8HYRAV5GF,01KJP2RVD8SK7AN1X5EMGRM458,A,B,0,0.0,5.0,2.0
01KJP22PXRH9VYFY7Z1HZVNSMN,page7-107,01KJP2RBVR6E36EKC8HYRAV5GF,01KJP2SDQCR0935BS4E06A6D2G,A,C,0,0.3333333333333333,5.0,2.0
01KJP22PXRH9VYFY7Z1HZVNSMN,page7-107,01KJP2RBVR6E36EKC8HYRAV5GF,01KJP2SGRYQPGESDGRKTMMAJX4,A,A,1,0.0,5.0,2.0
01KJP22PXRH9VYFY7Z1HZVNSMN,page7-107,01KJP2RBVR6E36EKC8HYRAV5GF,01KJP2SNNP4ZB6K1QMGZX5CC0T,A,C,0,0.0,5.0,2.0
01KJP22PXRH9VYFY7Z1HZVNSMN,page7-107,01KJP2RH1QNE571FNJRJ0ZHM7W,01KJP2RVD8SK7AN1X5EMGRM458,B,B,1,1.0,5.0,2.0
01KJP22PXRH9VYFY7Z1HZVNSMN,page7-107,01KJP2RH1QNE571FNJRJ0ZHM7W,01KJP2SDQCR0935BS4E06A6D2G,B,C,0,0.0,5.0,2.0
01KJP22PXRH9VYFY7Z1HZVNSMN,page7-107,01KJP2RH1QNE571FNJRJ0ZHM7W,01KJP2SGRYQPGESDGRKTMMAJX4,B,A,0,0.0,5.0,2.0
01KJP22PXRH9VYFY7Z1HZVNSMN,page7-107,01KJP2RH1QNE571FNJRJ0ZHM7W,01KJP2SNNP4ZB6K1QMGZX5CC0T,B,C,0,0.0,5.0,2.0
01KJP22PXRH9VYFY7Z1HZVNSMN,page7-107,01KJP2RVD8SK7AN1X5EMGRM458,01KJP2SDQCR0935BS4E06A6D2G,B,C,0,0.0,5.0,2.0
01KJP22PXRH9VYFY7Z1HZVNSMN,page7-107,01KJP2RVD8SK7AN1X5EMGRM458,01KJP2SGRYQPGESDGRKTMMAJX4,B,A,0,0.0,5.0,2.0
01KJP22PXRH9VYFY7Z1HZVNSMN,page7-107,01KJP2RVD8SK7AN1X5EMGRM458,01KJP2SNNP4ZB6K1QMGZX5CC0T,B,C,0,0.0,5.0,2.0
01KJP22PXRH9VYFY7Z1HZVNSMN,page7-107,01KJP2SDQCR0935BS4E06A6D2G,01KJP2SGRYQPGESDGRKTMMAJX4,C,A,0,0.16666666666666666,5.0,2.0
01KJP22PXRH9VYFY7Z1HZVNSMN,page7-107,01KJP2SDQCR0935BS4E06A6D2G,01KJP2SNNP4ZB6K1QMGZX5CC0T,C,C,1,0.1111111111111111,5.0,2.0
01KJP22PXRH9VYFY7Z1HZVNSMN,page7-107,01KJP2SGRYQPGESDGRKTMMAJX4,01KJP2SNNP4ZB6K1QMGZX5CC0T,A,C,0,0.1,5.0,2.0
01KJP22PXRH9VYFY7Z1HZVNSMN,page7-255,01KJP2Q4FMMNPG4DTS771Y4V70,01KJP2RH1QNE571FNJRJ0ZHM7W,A,B,0,0.0,1.0,2.0
01KJP22PXRH9VYFY7Z1HZVNSMN,page7-255,01KJP2Q4FMMNPG4DTS771Y4V70,01KJP2RVD8SK7AN1X5EMGRM458,A,B,0,0.0,1.0,2.0
01KJP22PXRH9VYFY7Z1HZVNSMN,page7-255,01KJP2Q4FMMNPG4DTS771Y4V70,01KJP2SDQCR0935BS4E06A6D2G,A,C,0,0.0,1.0,2.0
01KJP22PXRH9VYFY7Z1HZVNSMN,page7-255,01KJP2Q4FMMNPG4DTS771Y4V70,01KJP2SGRYQPGESDGRKTMMAJX4,A,A,1,0.1,1.0,2.0
01KJP22PXRH9VYFY7Z1HZVNSMN,page7-255,01KJP2Q4FMMNPG4DTS771Y4V70,01KJP2SNNP4ZB6K1QMGZX5CC0T,A,C,0,0.0,1.0,2.0
01KJP22PXRH9VYFY7Z1HZVNSMN,page7-255,01KJP2RH1QNE571FNJRJ0ZHM7W,01KJP2RVD8SK7AN1X5EMGRM458,B,B,1,0.75,1.0,2.0
01KJP22PXRH9VYFY7Z1HZVNSMN,page7-255,01KJP2RH1QNE571FNJRJ0ZHM7W,01KJP2SDQCR0935BS4E06A6D2G,B,C,0,0.0,1.0,2.0
01KJP22PXRH9VYFY7Z1HZVNSMN,page7-255,01KJP2RH1QNE571FNJRJ0ZHM7W,01KJP2SGRYQPGESDGRKTMMAJX4,B,A,0,0.0,1.0,2.0
01KJP22PXRH9VYFY7Z1HZVNSMN,page7-255,01KJP2RH1QNE571FNJRJ0ZHM7W,01KJP2SNNP4ZB6K1QMGZX5CC0T,B,C,0,0.0,1.0,2.0
01KJP22PXRH9VYFY7Z1HZVNSMN,page7-255,01KJP2RVD8SK7AN1X5EMGRM458,01KJP2SDQCR0935BS4E06A6D2G,B,C,0,0.0,1.0,2.0
01KJP22PXRH9VYFY7Z1HZVNSMN,page7-255,01KJP2RVD8SK7AN1X5EMGRM458,01KJP2SGRYQPGESDGRKTMMAJX4,B,A,0,0.1111111111111111,1.0,2.0
01KJP22PXRH9VYFY7Z1HZVNSMN,page7-255,01KJP2RVD8SK7AN1X5EMGRM458,01KJP2SNNP4ZB6K1QMGZX5CC0T,B,C,0,0.0,1.0,2.0
01KJP22PXRH9VYFY7Z1HZVNSMN,page7-255,01KJP2SDQCR0935BS4E06A6D2G,01KJP2SGRYQPGESDGRKTMMAJX4,C,A,0,0.0,1.0,2.0
01KJP22PXRH9VYFY7Z1HZVNSMN,page7-255,01KJP2SDQCR0935BS4E06A6D2G,01KJP2SNNP4ZB6K1QMGZX5CC0T,C,C,1,0.2,1.0,2.0
01KJP22PXRH9VYFY7Z1HZVNSMN,page7-255,01KJP2SGRYQPGESDGRKTMMAJX4,01KJP2SNNP4ZB6K1QMGZX5CC0T,A,C,0,0.0,1.0,2.0
01KJP22PXRH9VYFY7Z1HZVNSMN,page7-255,01KJP2Q4FMMNPG4DTS771Y4V70,01KJP2Q9Z7MR3VPYE4MH3SC9C8,A,C,0,0.0,2.0,2.0
01KJP22PXRH9VYFY7Z1HZVNSMN,page7-255,01KJP2Q4FMMNPG4DTS771Y4V70,01KJP2RBVR6E36EKC8HYRAV5GF,A,A,1,0.3333333333333333,2.0,2.0
01KJP22PXRH9VYFY7Z1HZVNSMN,page7-255,01KJP2Q4FMMNPG4DTS771Y4V70,01KJP2RH1QNE571FNJRJ0ZHM7W,A,B,0,0.0,2.0,2.0
01KJP22PXRH9VYFY7Z1HZVNSMN,page7-255,01KJP2Q4FMMNPG4DTS771Y4V70,01KJP2RVD8SK7AN1X5EMGRM458,A,B,0,0.0,2.0,2.0
01KJP22PXRH9VYFY7Z1HZVNSMN,page7-255,01KJP2Q4FMMNPG4DTS771Y4V70,01KJP2SDQCR0935BS4E06A6D2G,A,C,0,0.0,2.0,2.0
01KJP22PXRH9VYFY7Z1HZVNSMN,page7-255,01KJP2Q4FMMNPG4DTS771Y4V70,01KJP2SGRYQPGESDGRKTMMAJX4,A,A,1,0.1,2.0,2.0
01KJP22PXRH9VYFY7Z1HZVNSMN,page7-255,01KJP2Q4FMMNPG4DTS771Y4V70,01KJP2SNNP4ZB6K1QMGZX5CC0T,A,C,0,0.0,2.0,2.0
01KJP22PXRH9VYFY7Z1HZVNSMN,page7-255,01KJP2Q9Z7MR3VPYE4MH3SC9C8,01KJP2RBVR6E36EKC8HYRAV5GF,C,A,0,0.0,2.0,2.0
01KJP22PXRH9VYFY7Z1HZVNSMN,page7-255,01KJP2Q9Z7MR3VPYE4MH3SC9C8,01KJP2RH1QNE571FNJRJ0ZHM7W,C,B,0,0.0,2.0,2.0
01KJP22PXRH9VYFY7Z1HZVNSMN,page7-255,01KJP2Q9Z7MR3VPYE4MH3SC9C8,01KJP2RVD8SK7AN1X5EMGRM458,C,B,0,0.0,2.0,2.0
01KJP22PXRH9VYFY7Z1HZVNSMN,page7-255,01KJP2Q9Z7MR3VPYE4MH3SC9C8,01KJP2SDQCR0935BS4E06A6D2G,C,C,1,0.5,2.0,2.0
01KJP22PXRH9VYFY7Z1HZVNSMN,page7-255,01KJP2Q9Z7MR3VPYE4MH3SC9C8,01KJP2SGRYQPGESDGRKTMMAJX4,C,A,0,0.0,2.0,2.0
01KJP22PXRH9VYFY7Z1HZVNSMN,page7-255,01KJP2Q9Z7MR3VPYE4MH3SC9C8,01KJP2SNNP4ZB6K1QMGZX5CC0T,C,C,1,0.16666666666666666,2.0,2.0
01KJP22PXRH9VYFY7Z1HZVNSMN,page7-255,01KJP2RBVR6E36EKC8HYRAV5GF,01KJP2RH1QNE571FNJRJ0ZHM7W,A,B,0,0.0,2.0,2.0
01KJP22PXRH9VYFY7Z1HZVNSMN,page7-255,01KJP2RBVR6E36EKC8HYRAV5GF,01KJP2RVD8SK7AN1X5EMGRM458,A,B,0,0.0,2.0,2.0
01KJP22PXRH9VYFY7Z1HZVNSMN,page7-255,01KJP2RBVR6E36EKC8HYRAV5GF,01KJP2SDQCR0935BS4E06A6D2G,A,C,0,0.0,2.0,2.0
01KJP22PXRH9VYFY7Z1HZVNSMN,page7-255,01KJP2RBVR6E36EKC8HYRAV5GF,01KJP2SGRYQPGESDGRKTMMAJX4,A,A,1,0.2857142857142857,2.0,2.0
01KJP22PXRH9VYFY7Z1HZVNSMN,page7-255,01KJP2RBVR6E36EKC8HYRAV5GF,01KJP2SNNP4ZB6K1QMGZX5CC0T,A,C,0,0.0,2.0,2.0
01KJP22PXRH9VYFY7Z1HZVNSMN,page7-255,01KJP2RH1QNE571FNJRJ0ZHM7W,01KJP2RVD8SK7AN1X5EMGRM458,B,B,1,0.4,2.0,2.0
01KJP22PXRH9VYFY7Z1HZVNSMN,page7-255,01KJP2RH1QNE571FNJRJ0ZHM7W,01KJP2SDQCR0935BS4E06A6D2G,B,C,0,0.0,2.0,2.0
01KJP22PXRH9VYFY7Z1HZVNSMN,page7-255,01KJP2RH1QNE571FNJRJ0ZHM7W,01KJP2SGRYQPGESDGRKTMMAJX4,B,A,0,0.0,2.0,2.0
01KJP22PXRH9VYFY7Z1HZVNSMN,page7-255,01KJP2RH1QNE571FNJRJ0ZHM7W,01KJP2SNNP4ZB6K1QMGZX5CC0T,B,C,0,0.0,2.0,2.0
01KJP22PXRH9VYFY7Z1HZVNSMN,page7-255,01KJP2RVD8SK7AN1X5EMGRM458,01KJP2SDQCR0935BS4E06A6D2G,B,C,0,0.0,2.0,2.0
01KJP22PXRH9VYFY7Z1HZVNSMN,page7-255,01KJP2RVD8SK7AN1X5EMGRM458,01KJP2SGRYQPGESDGRKTMMAJX4,B,A,0,0.1111111111111111,2.0,2.0
01KJP22PXRH9VYFY7Z1HZVNSMN,page7-255,01KJP2RVD8SK7AN1X5EMGRM458,01KJP2SNNP4ZB6K1QMGZX5CC0T,B,C,0,0.0,2.0,2.0
01KJP22PXRH9VYFY7Z1HZVNSMN,page7-255,01KJP2SDQCR0935BS4E06A6D2G,01KJP2SGRYQPGESDGRKTMMAJX4,C,A,0,0.0,2.0,2.0
01KJP22PXRH9VYFY7Z1HZVNSMN,page7-255,01KJP2SDQCR0935BS4E06A6D2G,01KJP2SNNP4ZB6K1QMGZX5CC0T,C,C,1,0.2,2.0,2.0
01KJP22PXRH9VYFY7Z1HZVNSMN,page7-255,01KJP2SGRYQPGESDGRKTMMAJX4,01KJP2SNNP4ZB6K1QMGZX5CC0T,A,C,0,0.0,2.0,2.0
01KJP22PXRH9VYFY7Z1HZVNSMN,page7-255,01KJP2Q4FMMNPG4DTS771Y4V70,01KJP2Q9Z7MR3VPYE4MH3SC9C8,A,C,0,0.0,3.0,2.0
01KJP22PXRH9VYFY7Z1HZVNSMN,page7-255,01KJP2Q4FMMNPG4DTS771Y4V70,01KJP2RBVR6E36EKC8HYRAV5GF,A,A,1,0.3333333333333333,3.0,2.0
01KJP22PXRH9VYFY7Z1HZVNSMN,page7-255,01KJP2Q4FMMNPG4DTS771Y4V70,01KJP2RH1QNE571FNJRJ0ZHM7W,A,B,0,0.0,3.0,2.0
01KJP22PXRH9VYFY7Z1HZVNSMN,page7-255,01KJP2Q4FMMNPG4DTS771Y4V70,01KJP2RVD8SK7AN1X5EMGRM458,A,B,0,0.0,3.0,2.0
01KJP22PXRH9VYFY7Z1HZVNSMN,page7-255,01KJP2Q4FMMNPG4DTS771Y4V70,01KJP2SDQCR0935BS4E06A6D2G,A,C,0,0.0,3.0,2.0
01KJP22PXRH9VYFY7Z1HZVNSMN,page7-255,01KJP2Q4FMMNPG4DTS771Y4V70,01KJP2SGRYQPGESDGRKTMMAJX4,A,A,1,0.1,3.0,2.0
01KJP22PXRH9VYFY7Z1HZVNSMN,page7-255,01KJP2Q4FMMNPG4DTS771Y4V70,01KJP2SNNP4ZB6K1QMGZX5CC0T,A,C,0,0.0,3.0,2.0
01KJP22PXRH9VYFY7Z1HZVNSMN,page7-255,01KJP2Q9Z7MR3VPYE4MH3SC9C8,01KJP2RBVR6E36EKC8HYRAV5GF,C,A,0,0.0,3.0,2.0
01KJP22PXRH9VYFY7Z1HZVNSMN,page7-255,01KJP2Q9Z7MR3VPYE4MH3SC9C8,01KJP2RH1QNE571FNJRJ0ZHM7W,C,B,0,0.0,3.0,2.0
01KJP22PXRH9VYFY7Z1HZVNSMN,page7-255,01KJP2Q9Z7MR3VPYE4MH3SC9C8,01KJP2RVD8SK7AN1X5EMGRM458,C,B,0,0.0,3.0,2.0
01KJP22PXRH9VYFY7Z1HZVNSMN,page7-255,01KJP2Q9Z7MR3VPYE4MH3SC9C8,01KJP2SDQCR0935BS4E06A6D2G,C,C,1,0.5,3.0,2.0
01KJP22PXRH9VYFY7Z1HZVNSMN,page7-255,01KJP2Q9Z7MR3VPYE4MH3SC9C8,01KJP2SGRYQPGESDGRKTMMAJX4,C,A,0,0.0,3.0,2.0
01KJP22PXRH9VYFY7Z1HZVNSMN,page7-255,01KJP2Q9Z7MR3VPYE4MH3SC9C8,01KJP2SNNP4ZB6K1QMGZX5CC0T,C,C,1,0.5,3.0,2.0
01KJP22PXRH9VYFY7Z1HZVNSMN,page7-255,01KJP2RBVR6E36EKC8HYRAV5GF,01KJP2RH1QNE571FNJRJ0ZHM7W,A,B,0,0.0,3.0,2.0
01KJP22PXRH9VYFY7Z1HZVNSMN,page7-255,01KJP2RBVR6E36EKC8HYRAV5GF,01KJP2RVD8SK7AN1X5EMGRM458,A,B,0,0.0,3.0,2.0
01KJP22PXRH9VYFY7Z1HZVNSMN,page7-255,01KJP2RBVR6E36EKC8HYRAV5GF,01KJP2SDQCR0935BS4E06A6D2G,A,C,0,0.0,3.0,2.0
01KJP22PXRH9VYFY7Z1HZVNSMN,page7-255,01KJP2RBVR6E36EKC8HYRAV5GF,01KJP2SGRYQPGESDGRKTMMAJX4,A,A,1,0.2857142857142857,3.0,2.0
01KJP22PXRH9VYFY7Z1HZVNSMN,page7-255,01KJP2RBVR6E36EKC8HYRAV5GF,01KJP2SNNP4ZB6K1QMGZX5CC0T,A,C,0,0.0,3.0,2.0
01KJP22PXRH9VYFY7Z1HZVNSMN,page7-255,01KJP2RH1QNE571FNJRJ0ZHM7W,01KJP2RVD8SK7AN1X5EMGRM458,B,B,1,0.4,3.0,2.0
01KJP22PXRH9VYFY7Z1HZVNSMN,page7-255,01KJP2RH1QNE571FNJRJ0ZHM7W,01KJP2SDQCR0935BS4E06A6D2G,B,C,0,0.0,3.0,2.0
01KJP22PXRH9VYFY7Z1HZVNSMN,page7-255,01KJP2RH1QNE571FNJRJ0ZHM7W,01KJP2SGRYQPGESDGRKTMMAJX4,B,A,0,0.0,3.0,2.0
01KJP22PXRH9VYFY7Z1HZVNSMN,page7-255,01KJP2RH1QNE571FNJRJ0ZHM7W,01KJP2SNNP4ZB6K1QMGZX5CC0T,B,C,0,0.0,3.0,2.0
01KJP22PXRH9VYFY7Z1HZVNSMN,page7-255,01KJP2RVD8SK7AN1X5EMGRM458,01KJP2SDQCR0935BS4E06A6D2G,B,C,0,0.0,3.0,2.0
01KJP22PXRH9VYFY7Z1HZVNSMN,page7-255,01KJP2RVD8SK7AN1X5EMGRM458,01KJP2SGRYQPGESDGRKTMMAJX4,B,A,0,0.1111111111111111,3.0,2.0
01KJP22PXRH9VYFY7Z1HZVNSMN,page7-255,01KJP2RVD8SK7AN1X5EMGRM458,01KJP2SNNP4ZB6K1QMGZX5CC0T,B,C,0,0.0,3.0,2.0
01KJP22PXRH9VYFY7Z1HZVNSMN,page7-255,01KJP2SDQCR0935BS4E06A6D2G,01KJP2SGRYQPGESDGRKTMMAJX4,C,A,0,0.0,3.0,2.0
01KJP22PXRH9VYFY7Z1HZVNSMN,page7-255,01KJP2SDQCR0935BS4E06A6D2G,01KJP2SNNP4ZB6K1QMGZX5CC0T,C,C,1,0.25,3.0,2.0
01KJP22PXRH9VYFY7Z1HZVNSMN,page7-255,01KJP2SGRYQPGESDGRKTMMAJX4,01KJP2SNNP4ZB6K1QMGZX5CC0T,A,C,0,0.0,3.0,2.0
01KJP22PXRH9VYFY7Z1HZVNSMN,page7-255,01KJP2Q4FMMNPG4DTS771Y4V70,01KJP2Q9Z7MR3VPYE4MH3SC9C8,A,C,0,0.0,4.0,2.0
01KJP22PXRH9VYFY7Z1HZVNSMN,page7-255,01KJP2Q4FMMNPG4DTS771Y4V70,01KJP2RBVR6E36EKC8HYRAV5GF,A,A,1,0.3333333333333333,4.0,2.0
01KJP22PXRH9VYFY7Z1HZVNSMN,page7-255,01KJP2Q4FMMNPG4DTS771Y4V70,01KJP2RH1QNE571FNJRJ0ZHM7W,A,B,0,0.0,4.0,2.0
01KJP22PXRH9VYFY7Z1HZVNSMN,page7-255,01KJP2Q4FMMNPG4DTS771Y4V70,01KJP2RVD8SK7AN1X5EMGRM458,A,B,0,0.0,4.0,2.0
01KJP22PXRH9VYFY7Z1HZVNSMN,page7-255,01KJP2Q4FMMNPG4DTS771Y4V70,01KJP2SDQCR0935BS4E06A6D2G,A,C,0,0.0,4.0,2.0
01KJP22PXRH9VYFY7Z1HZVNSMN,page7-255,01KJP2Q4FMMNPG4DTS771Y4V70,01KJP2SGRYQPGESDGRKTMMAJX4,A,A,1,0.0,4.0,2.0
01KJP22PXRH9VYFY7Z1HZVNSMN,page7-255,01KJP2Q4FMMNPG4DTS771Y4V70,01KJP2SNNP4ZB6K1QMGZX5CC0T,A,C,0,0.0,4.0,2.0
01KJP22PXRH9VYFY7Z1HZVNSMN,page7-255,01KJP2Q9Z7MR3VPYE4MH3SC9C8,01KJP2RBVR6E36EKC8HYRAV5GF,C,A,0,0.0,4.0,2.0
01KJP22PXRH9VYFY7Z1HZVNSMN,page7-255,01KJP2Q9Z7MR3VPYE4MH3SC9C8,01KJP2RH1QNE571FNJRJ0ZHM7W,C,B,0,0.0,4.0,2.0
01KJP22PXRH9VYFY7Z1HZVNSMN,page7-255,01KJP2Q9Z7MR3VPYE4MH3SC9C8,01KJP2RVD8SK7AN1X5EMGRM458,C,B,0,0.0,4.0,2.0
01KJP22PXRH9VYFY7Z1HZVNSMN,page7-255,01KJP2Q9Z7MR3VPYE4MH3SC9C8,01KJP2SDQCR0935BS4E06A6D2G,C,C,1,0.0,4.0,2.0
01KJP22PXRH9VYFY7Z1HZVNSMN,page7-255,01KJP2Q9Z7MR3VPYE4MH3SC9C8,01KJP2SGRYQPGESDGRKTMMAJX4,C,A,0,0.0,4.0,2.0
01KJP22PXRH9VYFY7Z1HZVNSMN,page7-255,01KJP2Q9Z7MR3VPYE4MH3SC9C8,01KJP2SNNP4ZB6K1QMGZX5CC0T,C,C,1,0.5,4.0,2.0
01KJP22PXRH9VYFY7Z1HZVNSMN,page7-255,01KJP2RBVR6E36EKC8HYRAV5GF,01KJP2RH1QNE571FNJRJ0ZHM7W,A,B,0,0.0,4.0,2.0
01KJP22PXRH9VYFY7Z1HZVNSMN,page7-255,01KJP2RBVR6E36EKC8HYRAV5GF,01KJP2RVD8SK7AN1X5EMGRM458,A,B,0,0.0,4.0,2.0
01KJP22PXRH9VYFY7Z1HZVNSMN,page7-255,01KJP2RBVR6E36EKC8HYRAV5GF,01KJP2SDQCR0935BS4E06A6D2G,A,C,0,0.0,4.0,2.0
01KJP22PXRH9VYFY7Z1HZVNSMN,page7-255,01KJP2RBVR6E36EKC8HYRAV5GF,01KJP2SGRYQPGESDGRKTMMAJX4,A,A,1,0.0,4.0,2.0
01KJP22PXRH9VYFY7Z1HZVNSMN,page7-255,01KJP2RBVR6E36EKC8HYRAV5GF,01KJP2SNNP4ZB6K1QMGZX5CC0T,A,C,0,0.0,4.0,2.0
01KJP22PXRH9VYFY7Z1HZVNSMN,page7-255,01KJP2RH1QNE571FNJRJ0ZHM7W,01KJP2RVD8SK7AN1X5EMGRM458,B,B,1,0.0,4.0,2.0
01KJP22PXRH9VYFY7Z1HZVNSMN,page7-255,01KJP2RH1QNE571FNJRJ0ZHM7W,01KJP2SDQCR0935BS4E06A6D2G,B,C,0,0.0,4.0,2.0
01KJP22PXRH9VYFY7Z1HZVNSMN,page7-255,01KJP2RH1QNE571FNJRJ0ZHM7W,01KJP2SGRYQPGESDGRKTMMAJX4,B,A,0,0.0,4.0,2.0
01KJP22PXRH9VYFY7Z1HZVNSMN,page7-255,01KJP2RH1QNE571FNJRJ0ZHM7W,01KJP2SNNP4ZB6K1QMGZX5CC0T,B,C,0,0.0,4.0,2.0
01KJP22PXRH9VYFY7Z1HZVNSMN,page7-255,01KJP2RVD8SK7AN1X5EMGRM458,01KJP2SDQCR0935BS4E06A6D2G,B,C,0,0.0,4.0,2.0
01KJP22PXRH9VYFY7Z1HZVNSMN,page7-255,01KJP2RVD8SK7AN1X5EMGRM458,01KJP2SGRYQPGESDGRKTMMAJX4,B,A,0,0.0,4.0,2.0
01KJP22PXRH9VYFY7Z1HZVNSMN,page7-255,01KJP2RVD8SK7AN1X5EMGRM458,01KJP2SNNP4ZB6K1QMGZX5CC0T,B,C,0,0.0,4.0,2.0
01KJP22PXRH9VYFY7Z1HZVNSMN,page7-255,01KJP2SDQCR0935BS4E06A6D2G,01KJP2SGRYQPGESDGRKTMMAJX4,C,A,0,0.0,4.0,2.0
01KJP22PXRH9VYFY7Z1HZVNSMN,page7-255,01KJP2SDQCR0935BS4E06A6D2G,01KJP2SNNP4ZB6K1QMGZX5CC0T,C,C,1,0.0,4.0,2.0
01KJP22PXRH9VYFY7Z1HZVNSMN,page7-255,01KJP2SGRYQPGESDGRKTMMAJX4,01KJP2SNNP4ZB6K1QMGZX5CC0T,A,C,0,0.0,4.0,2.0
01KJP22PXRH9VYFY7Z1HZVNSMN,page7-255,01KJP2Q4FMMNPG4DTS771Y4V70,01KJP2Q9Z7MR3VPYE4MH3SC9C8,A,C,0,0.0,5.0,2.0
01KJP22PXRH9VYFY7Z1HZVNSMN,page7-255,01KJP2Q4FMMNPG4DTS771Y4V70,01KJP2RBVR6E36EKC8HYRAV5GF,A,A,1,0.2,5.0,2.0
01KJP22PXRH9VYFY7Z1HZVNSMN,page7-255,01KJP2Q4FMMNPG4DTS771Y4V70,01KJP2RH1QNE571FNJRJ0ZHM7W,A,B,0,0.0,5.0,2.0
01KJP22PXRH9VYFY7Z1HZVNSMN,page7-255,01KJP2Q4FMMNPG4DTS771Y4V70,01KJP2RVD8SK7AN1X5EMGRM458,A,B,0,0.0,5.0,2.0
01KJP22PXRH9VYFY7Z1HZVNSMN,page7-255,01KJP2Q4FMMNPG4DTS771Y4V70,01KJP2SDQCR0935BS4E06A6D2G,A,C,0,0.0,5.0,2.0
01KJP22PXRH9VYFY7Z1HZVNSMN,page7-255,01KJP2Q4FMMNPG4DTS771Y4V70,01KJP2SGRYQPGESDGRKTMMAJX4,A,A,1,0.0,5.0,2.0
01KJP22PXRH9VYFY7Z1HZVNSMN,page7-255,01KJP2Q4FMMNPG4DTS771Y4V70,01KJP2SNNP4ZB6K1QMGZX5CC0T,A,C,0,0.0,5.0,2.0
01KJP22PXRH9VYFY7Z1HZVNSMN,page7-255,01KJP2Q9Z7MR3VPYE4MH3SC9C8,01KJP2RBVR6E36EKC8HYRAV5GF,C,A,0,0.0,5.0,2.0
01KJP22PXRH9VYFY7Z1HZVNSMN,page7-255,01KJP2Q9Z7MR3VPYE4MH3SC9C8,01KJP2RH1QNE571FNJRJ0ZHM7W,C,B,0,0.0,5.0,2.0
01KJP22PXRH9VYFY7Z1HZVNSMN,page7-255,01KJP2Q9Z7MR3VPYE4MH3SC9C8,01KJP2RVD8SK7AN1X5EMGRM458,C,B,0,0.0,5.0,2.0
01KJP22PXRH9VYFY7Z1HZVNSMN,page7-255,01KJP2Q9Z7MR3VPYE4MH3SC9C8,01KJP2SDQCR0935BS4E06A6D2G,C,C,1,0.0,5.0,2.0
01KJP22PXRH9VYFY7Z1HZVNSMN,page7-255,01KJP2Q9Z7MR3VPYE4MH3SC9C8,01KJP2SGRYQPGESDGRKTMMAJX4,C,A,0,0.0,5.0,2.0
01KJP22PXRH9VYFY7Z1HZVNSMN,page7-255,01KJP2Q9Z7MR3VPYE4MH3SC9C8,01KJP2SNNP4ZB6K1QMGZX5CC0T,C,C,1,0.5,5.0,2.0
01KJP22PXRH9VYFY7Z1HZVNSMN,page7-255,01KJP2RBVR6E36EKC8HYRAV5GF,01KJP2RH1QNE571FNJRJ0ZHM7W,A,B,0,0.0,5.0,2.0
01KJP22PXRH9VYFY7Z1HZVNSMN,page7-255,01KJP2RBVR6E36EKC8HYRAV5GF,01KJP2RVD8SK7AN1X5EMGRM458,A,B,0,0.0,5.0,2.0
01KJP22PXRH9VYFY7Z1HZVNSMN,page7-255,01KJP2RBVR6E36EKC8HYRAV5GF,01KJP2SDQCR0935BS4E06A6D2G,A,C,0,0.0,5.0,2.0
01KJP22PXRH9VYFY7Z1HZVNSMN,page7-255,01KJP2RBVR6E36EKC8HYRAV5GF,01KJP2SGRYQPGESDGRKTMMAJX4,A,A,1,0.0,5.0,2.0
01KJP22PXRH9VYFY7Z1HZVNSMN,page7-255,01KJP2RBVR6E36EKC8HYRAV5GF,01KJP2SNNP4ZB6K1QMGZX5CC0T,A,C,0,0.0,5.0,2.0
01KJP22PXRH9VYFY7Z1HZVNSMN,page7-255,01KJP2RH1QNE571FNJRJ0ZHM7W,01KJP2RVD8SK7AN1X5EMGRM458,B,B,1,0.4,5.0,2.0
01KJP22PXRH9VYFY7Z1HZVNSMN,page7-255,01KJP2RH1QNE571FNJRJ0ZHM7W,01KJP2SDQCR0935BS4E06A6D2G,B,C,0,0.0,5.0,2.0
01KJP22PXRH9VYFY7Z1HZVNSMN,page7-255,01KJP2RH1QNE571FNJRJ0ZHM7W,01KJP2SGRYQPGESDGRKTMMAJX4,B,A,0,0.0,5.0,2.0
01KJP22PXRH9VYFY7Z1HZVNSMN,page7-255,01KJP2RH1QNE571FNJRJ0ZHM7W,01KJP2SNNP4ZB6K1QMGZX5CC0T,B,C,0,0.0,5.0,2.0
01KJP22PXRH9VYFY7Z1HZVNSMN,page7-255,01KJP2RVD8SK7AN1X5EMGRM458,01KJP2SDQCR0935BS4E06A6D2G,B,C,0,0.0,5.0,2.0
01KJP22PXRH9VYFY7Z1HZVNSMN,page7-255,01KJP2RVD8SK7AN1X5EMGRM458,01KJP2SGRYQPGESDGRKTMMAJX4,B,A,0,0.14285714285714285,5.0,2.0
01KJP22PXRH9VYFY7Z1HZVNSMN,page7-255,01KJP2RVD8SK7AN1X5EMGRM458,01KJP2SNNP4ZB6K1QMGZX5CC0T,B,C,0,0.0,5.0,2.0
01KJP22PXRH9VYFY7Z1HZVNSMN,page7-255,01KJP2SDQCR0935BS4E06A6D2G,01KJP2SGRYQPGESDGRKTMMAJX4,C,A,0,0.0,5.0,2.0
01KJP22PXRH9VYFY7Z1HZVNSMN,page7-255,01KJP2SDQCR0935BS4E06A6D2G,01KJP2SNNP4ZB6K1QMGZX5CC0T,C,C,1,0.0,5.0,2.0
01KJP22PXRH9VYFY7Z1HZVNSMN,page7-255,01KJP2SGRYQPGESDGRKTMMAJX4,01KJP2SNNP4ZB6K1QMGZX5CC0T,A,C,0,0.0,5.0,2.0
01KJP22PXRH9VYFY7Z1HZVNSMN,page3-35,01KJP2Q4FMMNPG4DTS771Y4V70,01KJP2RH1QNE571FNJRJ0ZHM7W,A,B,0,0.0,1.0,2.0
01KJP22PXRH9VYFY7Z1HZVNSMN,page3-35,01KJP2Q4FMMNPG4DTS771Y4V70,01KJP2RVD8SK7AN1X5EMGRM458,A,B,0,0.0,1.0,2.0
01KJP22PXRH9VYFY7Z1HZVNSMN,page3-35,01KJP2Q4FMMNPG4DTS771Y4V70,01KJP2SDQCR0935BS4E06A6D2G,A,C,0,0.0,1.0,2.0
01KJP22PXRH9VYFY7Z1HZVNSMN,page3-35,01KJP2Q4FMMNPG4DTS771Y4V70,01KJP2SGRYQPGESDGRKTMMAJX4,A,A,1,0.0,1.0,2.0
01KJP22PXRH9VYFY7Z1HZVNSMN,page3-35,01KJP2Q4FMMNPG4DTS771Y4V70,01KJP2SNNP4ZB6K1QMGZX5CC0T,A,C,0,0.0,1.0,2.0
01KJP22PXRH9VYFY7Z1HZVNSMN,page3-35,01KJP2RH1QNE571FNJRJ0ZHM7W,01KJP2RVD8SK7AN1X5EMGRM458,B,B,1,1.0,1.0,2.0
01KJP22PXRH9VYFY7Z1HZVNSMN,page3-35,01KJP2RH1QNE571FNJRJ0ZHM7W,01KJP2SDQCR0935BS4E06A6D2G,B,C,0,0.0,1.0,2.0
01KJP22PXRH9VYFY7Z1HZVNSMN,page3-35,01KJP2RH1QNE571FNJRJ0ZHM7W,01KJP2SGRYQPGESDGRKTMMAJX4,B,A,0,0.0,1.0,2.0
01KJP22PXRH9VYFY7Z1HZVNSMN,page3-35,01KJP2RH1QNE571FNJRJ0ZHM7W,01KJP2SNNP4ZB6K1QMGZX5CC0T,B,C,0,0.0,1.0,2.0
01KJP22PXRH9VYFY7Z1HZVNSMN,page3-35,01KJP2RVD8SK7AN1X5EMGRM458,01KJP2SDQCR0935BS4E06A6D2G,B,C,0,0.0,1.0,2.0
01KJP22PXRH9VYFY7Z1HZVNSMN,page3-35,01KJP2RVD8SK7AN1X5EMGRM458,01KJP2SGRYQPGESDGRKTMMAJX4,B,A,0,0.0,1.0,2.0
01KJP22PXRH9VYFY7Z1HZVNSMN,page3-35,01KJP2RVD8SK7AN1X5EMGRM458,01KJP2SNNP4ZB6K1QMGZX5CC0T,B,C,0,0.0,1.0,2.0
01KJP22PXRH9VYFY7Z1HZVNSMN,page3-35,01KJP2SDQCR0935BS4E06A6D2G,01KJP2SGRYQPGESDGRKTMMAJX4,C,A,0,0.0,1.0,2.0
01KJP22PXRH9VYFY7Z1HZVNSMN,page3-35,01KJP2SDQCR0935BS4E06A6D2G,01KJP2SNNP4ZB6K1QMGZX5CC0T,C,C,1,0.4,1.0,2.0
01KJP22PXRH9VYFY7Z1HZVNSMN,page3-35,01KJP2SGRYQPGESDGRKTMMAJX4,01KJP2SNNP4ZB6K1QMGZX5CC0T,A,C,0,0.0,1.0,2.0
01KJP22PXRH9VYFY7Z1HZVNSMN,page3-35,01KJP2Q4FMMNPG4DTS771Y4V70,01KJP2Q9Z7MR3VPYE4MH3SC9C8,A,C,0,0.0,2.0,2.0
01KJP22PXRH9VYFY7Z1HZVNSMN,page3-35,01KJP2Q4FMMNPG4DTS771Y4V70,01KJP2RBVR6E36EKC8HYRAV5GF,A,A,1,0.18181818181818182,2.0,2.0
01KJP22PXRH9VYFY7Z1HZVNSMN,page3-35,01KJP2Q4FMMNPG4DTS771Y4V70,01KJP2RH1QNE571FNJRJ0ZHM7W,A,B,0,0.0,2.0,2.0
01KJP22PXRH9VYFY7Z1HZVNSMN,page3-35,01KJP2Q4FMMNPG4DTS771Y4V70,01KJP2RVD8SK7AN1X5EMGRM458,A,B,0,0.0,2.0,2.0
01KJP22PXRH9VYFY7Z1HZVNSMN,page3-35,01KJP2Q4FMMNPG4DTS771Y4V70,01KJP2SDQCR0935BS4E06A6D2G,A,C,0,0.0,2.0,2.0
01KJP22PXRH9VYFY7Z1HZVNSMN,page3-35,01KJP2Q4FMMNPG4DTS771Y4V70,01KJP2SGRYQPGESDGRKTMMAJX4,A,A,1,0.0,2.0,2.0
01KJP22PXRH9VYFY7Z1HZVNSMN,page3-35,01KJP2Q4FMMNPG4DTS771Y4V70,01KJP2SNNP4ZB6K1QMGZX5CC0T,A,C,0,0.0,2.0,2.0
01KJP22PXRH9VYFY7Z1HZVNSMN,page3-35,01KJP2Q9Z7MR3VPYE4MH3SC9C8,01KJP2RBVR6E36EKC8HYRAV5GF,C,A,0,0.0,2.0,2.0
01KJP22PXRH9VYFY7Z1HZVNSMN,page3-35,01KJP2Q9Z7MR3VPYE4MH3SC9C8,01KJP2RH1QNE571FNJRJ0ZHM7W,C,B,0,0.0,2.0,2.0
01KJP22PXRH9VYFY7Z1HZVNSMN,page3-35,01KJP2Q9Z7MR3VPYE4MH3SC9C8,01KJP2RVD8SK7AN1X5EMGRM458,C,B,0,0.0,2.0,2.0
01KJP22PXRH9VYFY7Z1HZVNSMN,page3-35,01KJP2Q9Z7MR3VPYE4MH3SC9C8,01KJP2SDQCR0935BS4E06A6D2G,C,C,1,0.5,2.0,2.0
01KJP22PXRH9VYFY7Z1HZVNSMN,page3-35,01KJP2Q9Z7MR3VPYE4MH3SC9C8,01KJP2SGRYQPGESDGRKTMMAJX4,C,A,0,0.0,2.0,2.0
01KJP22PXRH9VYFY7Z1HZVNSMN,page3-35,01KJP2Q9Z7MR3VPYE4MH3SC9C8,01KJP2SNNP4ZB6K1QMGZX5CC0T,C,C,1,0.2,2.0,2.0
01KJP22PXRH9VYFY7Z1HZVNSMN,page3-35,01KJP2RBVR6E36EKC8HYRAV5GF,01KJP2RH1QNE571FNJRJ0ZHM7W,A,B,0,0.2857142857142857,2.0,2.0
01KJP22PXRH9VYFY7Z1HZVNSMN,page3-35,01KJP2RBVR6E36EKC8HYRAV5GF,01KJP2RVD8SK7AN1X5EMGRM458,A,B,0,0.2857142857142857,2.0,2.0
01KJP22PXRH9VYFY7Z1HZVNSMN,page3-35,01KJP2RBVR6E36EKC8HYRAV5GF,01KJP2SDQCR0935BS4E06A6D2G,A,C,0,0.0,2.0,2.0
01KJP22PXRH9VYFY7Z1HZVNSMN,page3-35,01KJP2RBVR6E36EKC8HYRAV5GF,01KJP2SGRYQPGESDGRKTMMAJX4,A,A,1,0.0,2.0,2.0
01KJP22PXRH9VYFY7Z1HZVNSMN,page3-35,01KJP2RBVR6E36EKC8HYRAV5GF,01KJP2SNNP4ZB6K1QMGZX5CC0T,A,C,0,0.0,2.0,2.0
01KJP22PXRH9VYFY7Z1HZVNSMN,page3-35,01KJP2RH1QNE571FNJRJ0ZHM7W,01KJP2RVD8SK7AN1X5EMGRM458,B,B,1,1.0,2.0,2.0
01KJP22PXRH9VYFY7Z1HZVNSMN,page3-35,01KJP2RH1QNE571FNJRJ0ZHM7W,01KJP2SDQCR0935BS4E06A6D2G,B,C,0,0.0,2.0,2.0
01KJP22PXRH9VYFY7Z1HZVNSMN,page3-35,01KJP2RH1QNE571FNJRJ0ZHM7W,01KJP2SGRYQPGESDGRKTMMAJX4,B,A,0,0.0,2.0,2.0
01KJP22PXRH9VYFY7Z1HZVNSMN,page3-35,01KJP2RH1QNE571FNJRJ0ZHM7W,01KJP2SNNP4ZB6K1QMGZX5CC0T,B,C,0,0.0,2.0,2.0
01KJP22PXRH9VYFY7Z1HZVNSMN,page3-35,01KJP2RVD8SK7AN1X5EMGRM458,01KJP2SDQCR0935BS4E06A6D2G,B,C,0,0.0,2.0,2.0
01KJP22PXRH9VYFY7Z1HZVNSMN,page3-35,01KJP2RVD8SK7AN1X5EMGRM458,01KJP2SGRYQPGESDGRKTMMAJX4,B,A,0,0.0,2.0,2.0
01KJP22PXRH9VYFY7Z1HZVNSMN,page3-35,01KJP2RVD8SK7AN1X5EMGRM458,01KJP2SNNP4ZB6K1QMGZX5CC0T,B,C,0,0.0,2.0,2.0
01KJP22PXRH9VYFY7Z1HZVNSMN,page3-35,01KJP2SDQCR0935BS4E06A6D2G,01KJP2SGRYQPGESDGRKTMMAJX4,C,A,0,0.0,2.0,2.0
01KJP22PXRH9VYFY7Z1HZVNSMN,page3-35,01KJP2SDQCR0935BS4E06A6D2G,01KJP2SNNP4ZB6K1QMGZX5CC0T,C,C,1,0.4,2.0,2.0
01KJP22PXRH9VYFY7Z1HZVNSMN,page3-35,01KJP2SGRYQPGESDGRKTMMAJX4,01KJP2SNNP4ZB6K1QMGZX5CC0T,A,C,0,0.0,2.0,2.0
01KJP22PXRH9VYFY7Z1HZVNSMN,page3-35,01KJP2Q4FMMNPG4DTS771Y4V70,01KJP2Q9Z7MR3VPYE4MH3SC9C8,A,C,0,0.0,3.0,2.0
01KJP22PXRH9VYFY7Z1HZVNSMN,page3-35,01KJP2Q4FMMNPG4DTS771Y4V70,01KJP2RBVR6E36EKC8HYRAV5GF,A,A,1,0.2222222222222222,3.0,2.0
01KJP22PXRH9VYFY7Z1HZVNSMN,page3-35,01KJP2Q4FMMNPG4DTS771Y4V70,01KJP2RH1QNE571FNJRJ0ZHM7W,A,B,0,0.0,3.0,2.0
01KJP22PXRH9VYFY7Z1HZVNSMN,page3-35,01KJP2Q4FMMNPG4DTS771Y4V70,01KJP2RVD8SK7AN1X5EMGRM458,A,B,0,0.0,3.0,2.0
01KJP22PXRH9VYFY7Z1HZVNSMN,page3-35,01KJP2Q4FMMNPG4DTS771Y4V70,01KJP2SDQCR0935BS4E06A6D2G,A,C,0,0.0,3.0,2.0
01KJP22PXRH9VYFY7Z1HZVNSMN,page3-35,01KJP2Q4FMMNPG4DTS771Y4V70,01KJP2SGRYQPGESDGRKTMMAJX4,A,A,1,0.0,3.0,2.0
01KJP22PXRH9VYFY7Z1HZVNSMN,page3-35,01KJP2Q4FMMNPG4DTS771Y4V70,01KJP2SNNP4ZB6K1QMGZX5CC0T,A,C,0,0.0,3.0,2.0
01KJP22PXRH9VYFY7Z1HZVNSMN,page3-35,01KJP2Q9Z7MR3VPYE4MH3SC9C8,01KJP2RBVR6E36EKC8HYRAV5GF,C,A,0,0.0,3.0,2.0
01KJP22PXRH9VYFY7Z1HZVNSMN,page3-35,01KJP2Q9Z7MR3VPYE4MH3SC9C8,01KJP2RH1QNE571FNJRJ0ZHM7W,C,B,0,0.0,3.0,2.0
01KJP22PXRH9VYFY7Z1HZVNSMN,page3-35,01KJP2Q9Z7MR3VPYE4MH3SC9C8,01KJP2RVD8SK7AN1X5EMGRM458,C,B,0,0.0,3.0,2.0
01KJP22PXRH9VYFY7Z1HZVNSMN,page3-35,01KJP2Q9Z7MR3VPYE4MH3SC9C8,01KJP2SDQCR0935BS4E06A6D2G,C,C,1,0.5,3.0,2.0
01KJP22PXRH9VYFY7Z1HZVNSMN,page3-35,01KJP2Q9Z7MR3VPYE4MH3SC9C8,01KJP2SGRYQPGESDGRKTMMAJX4,C,A,0,0.0,3.0,2.0
01KJP22PXRH9VYFY7Z1HZVNSMN,page3-35,01KJP2Q9Z7MR3VPYE4MH3SC9C8,01KJP2SNNP4ZB6K1QMGZX5CC0T,C,C,1,0.25,3.0,2.0
01KJP22PXRH9VYFY7Z1HZVNSMN,page3-35,01KJP2RBVR6E36EKC8HYRAV5GF,01KJP2RH1QNE571FNJRJ0ZHM7W,A,B,0,0.2857142857142857,3.0,2.0
01KJP22PXRH9VYFY7Z1HZVNSMN,page3-35,01KJP2RBVR6E36EKC8HYRAV5GF,01KJP2RVD8SK7AN1X5EMGRM458,A,B,0,0.2857142857142857,3.0,2.0
01KJP22PXRH9VYFY7Z1HZVNSMN,page3-35,01KJP2RBVR6E36EKC8HYRAV5GF,01KJP2SDQCR0935BS4E06A6D2G,A,C,0,0.0,3.0,2.0
01KJP22PXRH9VYFY7Z1HZVNSMN,page3-35,01KJP2RBVR6E36EKC8HYRAV5GF,01KJP2SGRYQPGESDGRKTMMAJX4,A,A,1,0.0,3.0,2.0
01KJP22PXRH9VYFY7Z1HZVNSMN,page3-35,01KJP2RBVR6E36EKC8HYRAV5GF,01KJP2SNNP4ZB6K1QMGZX5CC0T,A,C,0,0.0,3.0,2.0
01KJP22PXRH9VYFY7Z1HZVNSMN,page3-35,01KJP2RH1QNE571FNJRJ0ZHM7W,01KJP2RVD8SK7AN1X5EMGRM458,B,B,1,1.0,3.0,2.0
01KJP22PXRH9VYFY7Z1HZVNSMN,page3-35,01KJP2RH1QNE571FNJRJ0ZHM7W,01KJP2SDQCR0935BS4E06A6D2G,B,C,0,0.0,3.0,2.0
01KJP22PXRH9VYFY7Z1HZVNSMN,page3-35,01KJP2RH1QNE571FNJRJ0ZHM7W,01KJP2SGRYQPGESDGRKTMMAJX4,B,A,0,0.0,3.0,2.0
01KJP22PXRH9VYFY7Z1HZVNSMN,page3-35,01KJP2RH1QNE571FNJRJ0ZHM7W,01KJP2SNNP4ZB6K1QMGZX5CC0T,B,C,0,0.0,3.0,2.0
01KJP22PXRH9VYFY7Z1HZVNSMN,page3-35,01KJP2RVD8SK7AN1X5EMGRM458,01KJP2SDQCR0935BS4E06A6D2G,B,C,0,0.0,3.0,2.0
01KJP22PXRH9VYFY7Z1HZVNSMN,page3-35,01KJP2RVD8SK7AN1X5EMGRM458,01KJP2SGRYQPGESDGRKTMMAJX4,B,A,0,0.0,3.0,2.0
01KJP22PXRH9VYFY7Z1HZVNSMN,page3-35,01KJP2RVD8SK7AN1X5EMGRM458,01KJP2SNNP4ZB6K1QMGZX5CC0T,B,C,0,0.0,3.0,2.0
01KJP22PXRH9VYFY7Z1HZVNSMN,page3-35,01KJP2SDQCR0935BS4E06A6D2G,01KJP2SGRYQPGESDGRKTMMAJX4,C,A,0,0.0,3.0,2.0
01KJP22PXRH9VYFY7Z1HZVNSMN,page3-35,01KJP2SDQCR0935BS4E06A6D2G,01KJP2SNNP4ZB6K1QMGZX5CC0T,C,C,1,0.5,3.0,2.0
01KJP22PXRH9VYFY7Z1HZVNSMN,page3-35,01KJP2SGRYQPGESDGRKTMMAJX4,01KJP2SNNP4ZB6K1QMGZX5CC0T,A,C,0,0.0,3.0,2.0
01KJP22PXRH9VYFY7Z1HZVNSMN,page3-35,01KJP2Q4FMMNPG4DTS771Y4V70,01KJP2Q9Z7MR3VPYE4MH3SC9C8,A,C,0,0.0,4.0,2.0
01KJP22PXRH9VYFY7Z1HZVNSMN,page3-35,01KJP2Q4FMMNPG4DTS771Y4V70,01KJP2RBVR6E36EKC8HYRAV5GF,A,A,1,0.2222222222222222,4.0,2.0
01KJP22PXRH9VYFY7Z1HZVNSMN,page3-35,01KJP2Q4FMMNPG4DTS771Y4V70,01KJP2RH1QNE571FNJRJ0ZHM7W,A,B,0,0.0,4.0,2.0
01KJP22PXRH9VYFY7Z1HZVNSMN,page3-35,01KJP2Q4FMMNPG4DTS771Y4V70,01KJP2RVD8SK7AN1X5EMGRM458,A,B,0,0.0,4.0,2.0
01KJP22PXRH9VYFY7Z1HZVNSMN,page3-35,01KJP2Q4FMMNPG4DTS771Y4V70,01KJP2SDQCR0935BS4E06A6D2G,A,C,0,0.0,4.0,2.0
01KJP22PXRH9VYFY7Z1HZVNSMN,page3-35,01KJP2Q4FMMNPG4DTS771Y4V70,01KJP2SGRYQPGESDGRKTMMAJX4,A,A,1,0.0,4.0,2.0
01KJP22PXRH9VYFY7Z1HZVNSMN,page3-35,01KJP2Q4FMMNPG4DTS771Y4V70,01KJP2SNNP4ZB6K1QMGZX5CC0T,A,C,0,0.0,4.0,2.0
01KJP22PXRH9VYFY7Z1HZVNSMN,page3-35,01KJP2Q9Z7MR3VPYE4MH3SC9C8,01KJP2RBVR6E36EKC8HYRAV5GF,C,A,0,0.0,4.0,2.0
01KJP22PXRH9VYFY7Z1HZVNSMN,page3-35,01KJP2Q9Z7MR3VPYE4MH3SC9C8,01KJP2RH1QNE571FNJRJ0ZHM7W,C,B,0,0.0,4.0,2.0
01KJP22PXRH9VYFY7Z1HZVNSMN,page3-35,01KJP2Q9Z7MR3VPYE4MH3SC9C8,01KJP2RVD8SK7AN1X5EMGRM458,C,B,0,0.0,4.0,2.0
01KJP22PXRH9VYFY7Z1HZVNSMN,page3-35,01KJP2Q9Z7MR3VPYE4MH3SC9C8,01KJP2SDQCR0935BS4E06A6D2G,C,C,1,0.5,4.0,2.0
01KJP22PXRH9VYFY7Z1HZVNSMN,page3-35,01KJP2Q9Z7MR3VPYE4MH3SC9C8,01KJP2SGRYQPGESDGRKTMMAJX4,C,A,0,0.0,4.0,2.0
01KJP22PXRH9VYFY7Z1HZVNSMN,page3-35,01KJP2Q9Z7MR3VPYE4MH3SC9C8,01KJP2SNNP4ZB6K1QMGZX5CC0T,C,C,1,0.25,4.0,2.0
01KJP22PXRH9VYFY7Z1HZVNSMN,page3-35,01KJP2RBVR6E36EKC8HYRAV5GF,01KJP2RH1QNE571FNJRJ0ZHM7W,A,B,0,0.2857142857142857,4.0,2.0
01KJP22PXRH9VYFY7Z1HZVNSMN,page3-35,01KJP2RBVR6E36EKC8HYRAV5GF,01KJP2RVD8SK7AN1X5EMGRM458,A,B,0,0.2857142857142857,4.0,2.0
01KJP22PXRH9VYFY7Z1HZVNSMN,page3-35,01KJP2RBVR6E36EKC8HYRAV5GF,01KJP2SDQCR0935BS4E06A6D2G,A,C,0,0.0,4.0,2.0
01KJP22PXRH9VYFY7Z1HZVNSMN,page3-35,01KJP2RBVR6E36EKC8HYRAV5GF,01KJP2SGRYQPGESDGRKTMMAJX4,A,A,1,0.0,4.0,2.0
01KJP22PXRH9VYFY7Z1HZVNSMN,page3-35,01KJP2RBVR6E36EKC8HYRAV5GF,01KJP2SNNP4ZB6K1QMGZX5CC0T,A,C,0,0.0,4.0,2.0
01KJP22PXRH9VYFY7Z1HZVNSMN,page3-35,01KJP2RH1QNE571FNJRJ0ZHM7W,01KJP2RVD8SK7AN1X5EMGRM458,B,B,1,1.0,4.0,2.0
01KJP22PXRH9VYFY7Z1HZVNSMN,page3-35,01KJP2RH1QNE571FNJRJ0ZHM7W,01KJP2SDQCR0935BS4E06A6D2G,B,C,0,0.0,4.0,2.0
01KJP22PXRH9VYFY7Z1HZVNSMN,page3-35,01KJP2RH1QNE571FNJRJ0ZHM7W,01KJP2SGRYQPGESDGRKTMMAJX4,B,A,0,0.0,4.0,2.0
01KJP22PXRH9VYFY7Z1HZVNSMN,page3-35,01KJP2RH1QNE571FNJRJ0ZHM7W,01KJP2SNNP4ZB6K1QMGZX5CC0T,B,C,0,0.0,4.0,2.0
01KJP22PXRH9VYFY7Z1HZVNSMN,page3-35,01KJP2RVD8SK7AN1X5EMGRM458,01KJP2SDQCR0935BS4E06A6D2G,B,C,0,0.0,4.0,2.0
01KJP22PXRH9VYFY7Z1HZVNSMN,page3-35,01KJP2RVD8SK7AN1X5EMGRM458,01KJP2SGRYQPGESDGRKTMMAJX4,B,A,0,0.0,4.0,2.0
01KJP22PXRH9VYFY7Z1HZVNSMN,page3-35,01KJP2RVD8SK7AN1X5EMGRM458,01KJP2SNNP4ZB6K1QMGZX5CC0T,B,C,0,0.0,4.0,2.0
01KJP22PXRH9VYFY7Z1HZVNSMN,page3-35,01KJP2SDQCR0935BS4E06A6D2G,01KJP2SGRYQPGESDGRKTMMAJX4,C,A,0,0.0,4.0,2.0
01KJP22PXRH9VYFY7Z1HZVNSMN,page3-35,01KJP2SDQCR0935BS4E06A6D2G,01KJP2SNNP4ZB6K1QMGZX5CC0T,C,C,1,0.5,4.0,2.0
01KJP22PXRH9VYFY7Z1HZVNSMN,page3-35,01KJP2SGRYQPGESDGRKTMMAJX4,01KJP2SNNP4ZB6K1QMGZX5CC0T,A,C,0,0.0,4.0,2.0
01KJP22PXRH9VYFY7Z1HZVNSMN,page3-35,01KJP2Q4FMMNPG4DTS771Y4V70,01KJP2Q9Z7MR3VPYE4MH3SC9C8,A,C,0,0.14285714285714285,5.0,2.0
01KJP22PXRH9VYFY7Z1HZVNSMN,page3-35,01KJP2Q4FMMNPG4DTS771Y4V70,01KJP2RBVR6E36EKC8HYRAV5GF,A,A,1,0.2222222222222222,5.0,2.0
01KJP22PXRH9VYFY7Z1HZVNSMN,page3-35,01KJP2Q4FMMNPG4DTS771Y4V70,01KJP2RH1QNE571FNJRJ0ZHM7W,A,B,0,0.0,5.0,2.0
01KJP22PXRH9VYFY7Z1HZVNSMN,page3-35,01KJP2Q4FMMNPG4DTS771Y4V70,01KJP2RVD8SK7AN1X5EMGRM458,A,B,0,0.0,5.0,2.0
01KJP22PXRH9VYFY7Z1HZVNSMN,page3-35,01KJP2Q4FMMNPG4DTS771Y4V70,01KJP2SDQCR0935BS4E06A6D2G,A,C,0,0.0,5.0,2.0
01KJP22PXRH9VYFY7Z1HZVNSMN,page3-35,01KJP2Q4FMMNPG4DTS771Y4V70,01KJP2SGRYQPGESDGRKTMMAJX4,A,A,1,0.0,5.0,2.0
01KJP22PXRH9VYFY7Z1HZVNSMN,page3-35,01KJP2Q4FMMNPG4DTS771Y4V70,01KJP2SNNP4ZB6K1QMGZX5CC0T,A,C,0,0.0,5.0,2.0
01KJP22PXRH9VYFY7Z1HZVNSMN,page3-35,01KJP2Q9Z7MR3VPYE4MH3SC9C8,01KJP2RBVR6E36EKC8HYRAV5GF,C,A,0,0.0,5.0,2.0
01KJP22PXRH9VYFY7Z1HZVNSMN,page3-35,01KJP2Q9Z7MR3VPYE4MH3SC9C8,01KJP2RH1QNE571FNJRJ0ZHM7W,C,B,0,0.0,5.0,2.0
01KJP22PXRH9VYFY7Z1HZVNSMN,page3-35,01KJP2Q9Z7MR3VPYE4MH3SC9C8,01KJP2RVD8SK7AN1X5EMGRM458,C,B,0,0.0,5.0,2.0
01KJP22PXRH9VYFY7Z1HZVNSMN,page3-35,01KJP2Q9Z7MR3VPYE4MH3SC9C8,01KJP2SDQCR0935BS4E06A6D2G,C,C,1,0.5,5.0,2.0
01KJP22PXRH9VYFY7Z1HZVNSMN,page3-35,01KJP2Q9Z7MR3VPYE4MH3SC9C8,01KJP2SGRYQPGESDGRKTMMAJX4,C,A,0,0.0,5.0,2.0
01KJP22PXRH9VYFY7Z1HZVNSMN,page3-35,01KJP2Q9Z7MR3VPYE4MH3SC9C8,01KJP2SNNP4ZB6K1QMGZX5CC0T,C,C,1,0.3333333333333333,5.0,2.0
01KJP22PXRH9VYFY7Z1HZVNSMN,page3-35,01KJP2RBVR6E36EKC8HYRAV5GF,01KJP2RH1QNE571FNJRJ0ZHM7W,A,B,0,0.2857142857142857,5.0,2.0
01KJP22PXRH9VYFY7Z1HZVNSMN,page3-35,01KJP2RBVR6E36EKC8HYRAV5GF,01KJP2RVD8SK7AN1X5EMGRM458,A,B,0,0.2857142857142857,5.0,2.0
01KJP22PXRH9VYFY7Z1HZVNSMN,page3-35,01KJP2RBVR6E36EKC8HYRAV5GF,01KJP2SDQCR0935BS4E06A6D2G,A,C,0,0.0,5.0,2.0
01KJP22PXRH9VYFY7Z1HZVNSMN,page3-35,01KJP2RBVR6E36EKC8HYRAV5GF,01KJP2SGRYQPGESDGRKTMMAJX4,A,A,1,0.0,5.0,2.0
01KJP22PXRH9VYFY7Z1HZVNSMN,page3-35,01KJP2RBVR6E36EKC8HYRAV5GF,01KJP2SNNP4ZB6K1QMGZX5CC0T,A,C,0,0.0,5.0,2.0
01KJP22PXRH9VYFY7Z1HZVNSMN,page3-35,01KJP2RH1QNE571FNJRJ0ZHM7W,01KJP2RVD8SK7AN1X5EMGRM458,B,B,1,1.0,5.0,2.0
01KJP22PXRH9VYFY7Z1HZVNSMN,page3-35,01KJP2RH1QNE571FNJRJ0ZHM7W,01KJP2SDQCR0935BS4E06A6D2G,B,C,0,0.0,5.0,2.0
01KJP22PXRH9VYFY7Z1HZVNSMN,page3-35,01KJP2RH1QNE571FNJRJ0ZHM7W,01KJP2SGRYQPGESDGRKTMMAJX4,B,A,0,0.0,5.0,2.0
01KJP22PXRH9VYFY7Z1HZVNSMN,page3-35,01KJP2RH1QNE571FNJRJ0ZHM7W,01KJP2SNNP4ZB6K1QMGZX5CC0T,B,C,0,0.0,5.0,2.0
01KJP22PXRH9VYFY7Z1HZVNSMN,page3-35,01KJP2RVD8SK7AN1X5EMGRM458,01KJP2SDQCR0935BS4E06A6D2G,B,C,0,0.0,5.0,2.0
01KJP22PXRH9VYFY7Z1HZVNSMN,page3-35,01KJP2RVD8SK7AN1X5EMGRM458,01KJP2SGRYQPGESDGRKTMMAJX4,B,A,0,0.0,5.0,2.0
01KJP22PXRH9VYFY7Z1HZVNSMN,page3-35,01KJP2RVD8SK7AN1X5EMGRM458,01KJP2SNNP4ZB6K1QMGZX5CC0T,B,C,0,0.0,5.0,2.0
01KJP22PXRH9VYFY7Z1HZVNSMN,page3-35,01KJP2SDQCR0935BS4E06A6D2G,01KJP2SGRYQPGESDGRKTMMAJX4,C,A,0,0.0,5.0,2.0
01KJP22PXRH9VYFY7Z1HZVNSMN,page3-35,01KJP2SDQCR0935BS4E06A6D2G,01KJP2SNNP4ZB6K1QMGZX5CC0T,C,C,1,0.5,5.0,2.0
01KJP22PXRH9VYFY7Z1HZVNSMN,page3-35,01KJP2SGRYQPGESDGRKTMMAJX4,01KJP2SNNP4ZB6K1QMGZX5CC0T,A,C,0,0.0,5.0,2.0
