gameId,target,speaker1,speaker2,group1,group2,sameGroup,similarity,participantPair,window,length1,length2
01KJN6MMPQTMDYRN709968YFN1,page-B,01KJN78B0TFR8F59JDGD057XNS,01KJN79Y7T0VZNKHTSJRZWTDZ5,A,B,0,0.0,01KJN78B0TFR8F59JDGD057XNS_01KJN79Y7T0VZNKHTSJRZWTDZ5,phase1_final,13,2
01KJN6MMPQTMDYRN709968YFN1,page-B,01KJN78B0TFR8F59JDGD057XNS,01KJN788SPAKVVBHX9T9FDQWAF,A,B,0,0.0,01KJN788SPAKVVBHX9T9FDQWAF_01KJN78B0TFR8F59JDGD057XNS,phase1_final,13,1
01KJN6MMPQTMDYRN709968YFN1,page-B,01KJN78B0TFR8F59JDGD057XNS,01KJN791EPN054R2NTQQ1BFXJ5,A,A,1,0.4,01KJN78B0TFR8F59JDGD057XNS_01KJN791EPN054R2NTQQ1BFXJ5,phase1_final,13,2
01KJN6MMPQTMDYRN709968YFN1,page-B,01KJN78B0TFR8F59JDGD057XNS,01KJN796KT7FCNV2F9QNCQDSES,A,C,0,0.0,01KJN78B0TFR8F59JDGD057XNS_01KJN796KT7FCNV2F9QNCQDSES,phase1_final,13,9
01KJN6MMPQTMDYRN709968YFN1,page-B,01KJN78B0TFR8F59JDGD057XNS,01KJN78CQJ3KY7VMGAR6F3D4S0,A,B,0,0.0,01KJN78B0TFR8F59JDGD057XNS_01KJN78CQJ3KY7VMGAR6F3D4S0,phase1_final,13,1
01KJN6MMPQTMDYRN709968YFN1,page-B,01KJN78B0TFR8F59JDGD057XNS,01KJN78JVY5FN5QXW9XGGE72RG,A,A,1,0.4,01KJN78B0TFR8F59JDGD057XNS_01KJN78JVY5FN5QXW9XGGE72RG,phase1_final,13,2
01KJN6MMPQTMDYRN709968YFN1,page-B,01KJN78B0TFR8F59JDGD057XNS,01KJN79ZDP3YNFFHHQA302PJDP,A,C,0,0.0,01KJN78B0TFR8F59JDGD057XNS_01KJN79ZDP3YNFFHHQA302PJDP,phase1_final,13,11
01KJN6MMPQTMDYRN709968YFN1,page-B,01KJN79Y7T0VZNKHTSJRZWTDZ5,01KJN788SPAKVVBHX9T9FDQWAF,B,B,1,0.0,01KJN788SPAKVVBHX9T9FDQWAF_01KJN79Y7T0VZNKHTSJRZWTDZ5,phase1_final,2,1
01KJN6MMPQTMDYRN709968YFN1,page-B,01KJN79Y7T0VZNKHTSJRZWTDZ5,01KJN791EPN054R2NTQQ1BFXJ5,B,A,0,0.0,01KJN791EPN054R2NTQQ1BFXJ5_01KJN79Y7T0VZNKHTSJRZWTDZ5,phase1_final,2,2
01KJN6MMPQTMDYRN709968YFN1,page-B,01KJN79Y7T0VZNKHTSJRZWTDZ5,01KJN796KT7FCNV2F9QNCQDSES,B,C,0,0.0,01KJN796KT7FCNV2F9QNCQDSES_01KJN79Y7T0VZNKHTSJRZWTDZ5,phase1_final,2,9
01KJN6MMPQTMDYRN709968YFN1,page-B,01KJN79Y7T0VZNKHTSJRZWTDZ5,01KJN78CQJ3KY7VMGAR6F3D4S0,B,B,1,0.5,01KJN78CQJ3KY7VMGAR6F3D4S0_01KJN79Y7T0VZNKHTSJRZWTDZ5,phase1_final,2,1
01KJN6MMPQTMDYRN709968YFN1,page-B,01KJN79Y7T0VZNKHTSJRZWTDZ5,01KJN78JVY5FN5QXW9XGGE72RG,B,A,0,0.0,01KJN78JVY5FN5QXW9XGGE72RG_01KJN79Y7T0VZNKHTSJRZWTDZ5,phase1_final,2,2
01KJN6MMPQTMDYRN709968YFN1,page-B,01KJN79Y7T0VZNKHTSJRZWTDZ5,01KJN79ZDP3YNFFHHQA302PJDP,B,C,0,0.0,01KJN79Y7T0VZNKHTSJRZWTDZ5_01KJN79ZDP3YNFFHHQA302PJDP,phase1_final,2,11
01KJN6MMPQTMDYRN709968YFN1,page-B,01KJN788SPAKVVBHX9T9FDQWAF,01KJN791EPN054R2NTQQ1BFXJ5,B,A,0,0.0,01KJN788SPAKVVBHX9T9FDQWAF_01KJN791EPN054R2NTQQ1BFXJ5,phase1_final,1,2
01KJN6MMPQTMDYRN709968YFN1,page-B,01KJN788SPAKVVBHX9T9FDQWAF,01KJN796KT7FCNV2F9QNCQDSES,B,C,0,0.0,01KJN788SPAKVVBHX9T9FDQWAF_01KJN796KT7FCNV2F9QNCQDSES,phase1_final,1,9
01KJN6MMPQTMDYRN709968YFN1,page-B,01KJN788SPAKVVBHX9T9FDQWAF,01KJN78CQJ3KY7VMGAR6F3D4S0,B,B,1,0.0,01KJN788SPAKVVBHX9T9FDQWAF_01KJN78CQJ3KY7VMGAR6F3D4S0,phase1_final,1,1
01KJN6MMPQTMDYRN709968YFN1,page-B,01KJN788SPAKVVBHX9T9FDQWAF,01KJN78JVY5FN5QXW9XGGE72RG,B,A,0,0.0,01KJN788SPAKVVBHX9T9FDQWAF_01KJN78JVY5FN5QXW9XGGE72RG,phase1_final,1,2
01KJN6MMPQTMDYRN709968YFN1,page-B,01KJN788SPAKVVBHX9T9FDQWAF,01KJN79ZDP3YNFFHHQA302PJDP,B,C,0,0.0,01KJN788SPAKVVBHX9T9FDQWAF_01KJN79ZDP3YNFFHHQA302PJDP,phase1_final,1,11
01KJN6MMPQTMDYRN709968YFN1,page-B,01KJN791EPN054R2NTQQ1BFXJ5,01KJN796KT7FCNV2F9QNCQDSES,A,C,0,0.0,01KJN791EPN054R2NTQQ1BFXJ5_01KJN796KT7FCNV2F9QNCQDSES,phase1_final,2,9
01KJN6MMPQTMDYRN709968YFN1,page-B,01KJN791EPN054R2NTQQ1BFXJ5,01KJN78CQJ3KY7VMGAR6F3D4S0,A,B,0,0.0,01KJN78CQJ3KY7VMGAR6F3D4S0_01KJN791EPN054R2NTQQ1BFXJ5,phase1_final,2,1
01KJN6MMPQTMDYRN709968YFN1,page-B,01KJN791EPN054R2NTQQ1BFXJ5,01KJN78JVY5FN5QXW9XGGE72RG,A,A,1,1.0,01KJN78JVY5FN5QXW9XGGE72RG_01KJN791EPN054R2NTQQ1BFXJ5,phase1_final,2,2
01KJN6MMPQTMDYRN709968YFN1,page-B,01KJN791EPN054R2NTQQ1BFXJ5,01KJN79ZDP3YNFFHHQA302PJDP,A,C,0,0.0,01KJN791EPN054R2NTQQ1BFXJ5_01KJN79ZDP3YNFFHHQA302PJDP,phase1_final,2,11
01KJN6MMPQTMDYRN709968YFN1,page-B,01KJN796KT7FCNV2F9QNCQDSES,01KJN78CQJ3KY7VMGAR6F3D4S0,C,B,0,0.0,01KJN78CQJ3KY7VMGAR6F3D4S0_01KJN796KT7FCNV2F9QNCQDSES,phase1_final,9,1
01KJN6MMPQTMDYRN709968YFN1,page-B,01KJN796KT7FCNV2F9QNCQDSES,01KJN78JVY5FN5QXW9XGGE72RG,C,A,0,0.0,01KJN78JVY5FN5QXW9XGGE72RG_01KJN796KT7FCNV2F9QNCQDSES,phase1_final,9,2
01KJN6MMPQTMDYRN709968YFN1,page-B,01KJN796KT7FCNV2F9QNCQDSES,01KJN79ZDP3YNFFHHQA302PJDP,C,C,1,0.0,01KJN796KT7FCNV2F9QNCQDSES_01KJN79ZDP3YNFFHHQA302PJDP,phase1_final,9,11
01KJN6MMPQTMDYRN709968YFN1,page-B,01KJN78CQJ3KY7VMGAR6F3D4S0,01KJN78JVY5FN5QXW9XGGE72RG,B,A,0,0.0,01KJN78CQJ3KY7VMGAR6F3D4S0_01KJN78JVY5FN5QXW9XGGE72RG,phase1_final,1,2
01KJN6MMPQTMDYRN709968YFN1,page-B,01KJN78CQJ3KY7VMGAR6F3D4S0,01KJN79ZDP3YNFFHHQA302PJDP,B,C,0,0.0,01KJN78CQJ3KY7VMGAR6F3D4S0_01KJN79ZDP3YNFFHHQA302PJDP,phase1_final,1,11
01KJN6MMPQTMDYRN709968YFN1,page-B,01KJN78JVY5FN5QXW9XGGE72RG,01KJN79ZDP3YNFFHHQA302PJDP,A,C,0,0.0,01KJN78JVY5FN5QXW9XGGE72RG_01KJN79ZDP3YNFFHHQA302PJDP,phase1_final,2,11
01KJN6MMPQTMDYRN709968YFN1,page3-35,01KJN78B0TFR8F59JDGD057XNS,01KJN78M7563R5D9TQE5G142DA,A,C,0,0.0,01KJN78B0TFR8F59JDGD057XNS_01KJN78M7563R5D9TQE5G142DA,phase1_final,6,7
01KJN6MMPQTMDYRN709968YFN1,page3-35,01KJN78B0TFR8F59JDGD057XNS,01KJN79Y7T0VZNKHTSJRZWTDZ5,A,B,0,0.25,01KJN78B0TFR8F59JDGD057XNS_01KJN79Y7T0VZNKHTSJRZWTDZ5,phase1_final,6,1
01KJN6MMPQTMDYRN709968YFN1,page3-35,01KJN78B0TFR8F59JDGD057XNS,01KJN788SPAKVVBHX9T9FDQWAF,A,B,0,0.25,01KJN788SPAKVVBHX9T9FDQWAF_01KJN78B0TFR8F59JDGD057XNS,phase1_final,6,1
01KJN6MMPQTMDYRN709968YFN1,page3-35,01KJN78B0TFR8F59JDGD057XNS,01KJN791EPN054R2NTQQ1BFXJ5,A,A,1,0.5,01KJN78B0TFR8F59JDGD057XNS_01KJN791EPN054R2NTQQ1BFXJ5,phase1_final,6,2
01KJN6MMPQTMDYRN709968YFN1,page3-35,01KJN78B0TFR8F59JDGD057XNS,01KJN796KT7FCNV2F9QNCQDSES,A,C,0,0.0,01KJN78B0TFR8F59JDGD057XNS_01KJN796KT7FCNV2F9QNCQDSES,phase1_final,6,7
01KJN6MMPQTMDYRN709968YFN1,page3-35,01KJN78B0TFR8F59JDGD057XNS,01KJN78CQJ3KY7VMGAR6F3D4S0,A,B,0,0.25,01KJN78B0TFR8F59JDGD057XNS_01KJN78CQJ3KY7VMGAR6F3D4S0,phase1_final,6,1
01KJN6MMPQTMDYRN709968YFN1,page3-35,01KJN78B0TFR8F59JDGD057XNS,01KJN78JVY5FN5QXW9XGGE72RG,A,A,1,0.25,01KJN78B0TFR8F59JDGD057XNS_01KJN78JVY5FN5QXW9XGGE72RG,phase1_final,6,1
01KJN6MMPQTMDYRN709968YFN1,page3-35,01KJN78B0TFR8F59JDGD057XNS,01KJN79ZDP3YNFFHHQA302PJDP,A,C,0,0.0,01KJN78B0TFR8F59JDGD057XNS_01KJN79ZDP3YNFFHHQA302PJDP,phase1_final,6,3
01KJN6MMPQTMDYRN709968YFN1,page3-35,01KJN78M7563R5D9TQE5G142DA,01KJN79Y7T0VZNKHTSJRZWTDZ5,C,B,0,0.0,01KJN78M7563R5D9TQE5G142DA_01KJN79Y7T0VZNKHTSJRZWTDZ5,phase1_final,7,1
01KJN6MMPQTMDYRN709968YFN1,page3-35,01KJN78M7563R5D9TQE5G142DA,01KJN788SPAKVVBHX9T9FDQWAF,C,B,0,0.0,01KJN788SPAKVVBHX9T9FDQWAF_01KJN78M7563R5D9TQE5G142DA,phase1_final,7,1
01KJN6MMPQTMDYRN709968YFN1,page3-35,01KJN78M7563R5D9TQE5G142DA,01KJN791EPN054R2NTQQ1BFXJ5,C,A,0,0.0,01KJN78M7563R5D9TQE5G142DA_01KJN791EPN054R2NTQQ1BFXJ5,phase1_final,7,2
01KJN6MMPQTMDYRN709968YFN1,page3-35,01KJN78M7563R5D9TQE5G142DA,01KJN796KT7FCNV2F9QNCQDSES,C,C,1,0.125,01KJN78M7563R5D9TQE5G142DA_01KJN796KT7FCNV2F9QNCQDSES,phase1_final,7,7
01KJN6MMPQTMDYRN709968YFN1,page3-35,01KJN78M7563R5D9TQE5G142DA,01KJN78CQJ3KY7VMGAR6F3D4S0,C,B,0,0.0,01KJN78CQJ3KY7VMGAR6F3D4S0_01KJN78M7563R5D9TQE5G142DA,phase1_final,7,1
01KJN6MMPQTMDYRN709968YFN1,page3-35,01KJN78M7563R5D9TQE5G142DA,01KJN78JVY5FN5QXW9XGGE72RG,C,A,0,0.0,01KJN78JVY5FN5QXW9XGGE72RG_01KJN78M7563R5D9TQE5G142DA,phase1_final,7,1
01KJN6MMPQTMDYRN709968YFN1,page3-35,01KJN78M7563R5D9TQE5G142DA,01KJN79ZDP3YNFFHHQA302PJDP,C,C,1,0.4,01KJN78M7563R5D9TQE5G142DA_01KJN79ZDP3YNFFHHQA302PJDP,phase1_final,7,3
01KJN6MMPQTMDYRN709968YFN1,page3-35,01KJN79Y7T0VZNKHTSJRZWTDZ5,01KJN788SPAKVVBHX9T9FDQWAF,B,B,1,1.0,01KJN788SPAKVVBHX9T9FDQWAF_01KJN79Y7T0VZNKHTSJRZWTDZ5,phase1_final,1,1
01KJN6MMPQTMDYRN709968YFN1,page3-35,01KJN79Y7T0VZNKHTSJRZWTDZ5,01KJN791EPN054R2NTQQ1BFXJ5,B,A,0,0.5,01KJN791EPN054R2NTQQ1BFXJ5_01KJN79Y7T0VZNKHTSJRZWTDZ5,phase1_final,1,2
01KJN6MMPQTMDYRN709968YFN1,page3-35,01KJN79Y7T0VZNKHTSJRZWTDZ5,01KJN796KT7FCNV2F9QNCQDSES,B,C,0,0.0,01KJN796KT7FCNV2F9QNCQDSES_01KJN79Y7T0VZNKHTSJRZWTDZ5,phase1_final,1,7
01KJN6MMPQTMDYRN709968YFN1,page3-35,01KJN79Y7T0VZNKHTSJRZWTDZ5,01KJN78CQJ3KY7VMGAR6F3D4S0,B,B,1,1.0,01KJN78CQJ3KY7VMGAR6F3D4S0_01KJN79Y7T0VZNKHTSJRZWTDZ5,phase1_final,1,1
01KJN6MMPQTMDYRN709968YFN1,page3-35,01KJN79Y7T0VZNKHTSJRZWTDZ5,01KJN78JVY5FN5QXW9XGGE72RG,B,A,0,0.0,01KJN78JVY5FN5QXW9XGGE72RG_01KJN79Y7T0VZNKHTSJRZWTDZ5,phase1_final,1,1
01KJN6MMPQTMDYRN709968YFN1,page3-35,01KJN79Y7T0VZNKHTSJRZWTDZ5,01KJN79ZDP3YNFFHHQA302PJDP,B,C,0,0.0,01KJN79Y7T0VZNKHTSJRZWTDZ5_01KJN79ZDP3YNFFHHQA302PJDP,phase1_final,1,3
01KJN6MMPQTMDYRN709968YFN1,page3-35,01KJN788SPAKVVBHX9T9FDQWAF,01KJN791EPN054R2NTQQ1BFXJ5,B,A,0,0.5,01KJN788SPAKVVBHX9T9FDQWAF_01KJN791EPN054R2NTQQ1BFXJ5,phase1_final,1,2
01KJN6MMPQTMDYRN709968YFN1,page3-35,01KJN788SPAKVVBHX9T9FDQWAF,01KJN796KT7FCNV2F9QNCQDSES,B,C,0,0.0,01KJN788SPAKVVBHX9T9FDQWAF_01KJN796KT7FCNV2F9QNCQDSES,phase1_final,1,7
01KJN6MMPQTMDYRN709968YFN1,page3-35,01KJN788SPAKVVBHX9T9FDQWAF,01KJN78CQJ3KY7VMGAR6F3D4S0,B,B,1,1.0,01KJN788SPAKVVBHX9T9FDQWAF_01KJN78CQJ3KY7VMGAR6F3D4S0,phase1_final,1,1
01KJN6MMPQTMDYRN709968YFN1,page3-35,01KJN788SPAKVVBHX9T9FDQWAF,01KJN78JVY5FN5QXW9XGGE72RG,B,A,0,0.0,01KJN788SPAKVVBHX9T9FDQWAF_01KJN78JVY5FN5QXW9XGGE72RG,phase1_final,1,1
01KJN6MMPQTMDYRN709968YFN1,page3-35,01KJN788SPAKVVBHX9T9FDQWAF,01KJN79ZDP3YNFFHHQA302PJDP,B,C,0,0.0,01KJN788SPAKVVBHX9T9FDQWAF_01KJN79ZDP3YNFFHHQA302PJDP,phase1_final,1,3
01KJN6MMPQTMDYRN709968YFN1,page3-35,01KJN791EPN054R2NTQQ1BFXJ5,01KJN796KT7FCNV2F9QNCQDSES,A,C,0,0.0,01KJN791EPN054R2NTQQ1BFXJ5_01KJN796KT7FCNV2F9QNCQDSES,phase1_final,2,7
01KJN6MMPQTMDYRN709968YFN1,page3-35,01KJN791EPN054R2NTQQ1BFXJ5,01KJN78CQJ3KY7VMGAR6F3D4S0,A,B,0,0.5,01KJN78CQJ3KY7VMGAR6F3D4S0_01KJN791EPN054R2NTQQ1BFXJ5,phase1_final,2,1
01KJN6MMPQTMDYRN709968YFN1,page3-35,01KJN791EPN054R2NTQQ1BFXJ5,01KJN78JVY5FN5QXW9XGGE72RG,A,A,1,0.5,01KJN78JVY5FN5QXW9XGGE72RG_01KJN791EPN054R2NTQQ1BFXJ5,phase1_final,2,1
01KJN6MMPQTMDYRN709968YFN1,page3-35,01KJN791EPN054R2NTQQ1BFXJ5,01KJN79ZDP3YNFFHHQA302PJDP,A,C,0,0.0,01KJN791EPN054R2NTQQ1BFXJ5_01KJN79ZDP3YNFFHHQA302PJDP,phase1_final,2,3
01KJN6MMPQTMDYRN709968YFN1,page3-35,01KJN796KT7FCNV2F9QNCQDSES,01KJN78CQJ3KY7VMGAR6F3D4S0,C,B,0,0.0,01KJN78CQJ3KY7VMGAR6F3D4S0_01KJN796KT7FCNV2F9QNCQDSES,phase1_final,7,1
01KJN6MMPQTMDYRN709968YFN1,page3-35,01KJN796KT7FCNV2F9QNCQDSES,01KJN78JVY5FN5QXW9XGGE72RG,C,A,0,0.0,01KJN78JVY5FN5QXW9XGGE72RG_01KJN796KT7FCNV2F9QNCQDSES,phase1_final,7,1
01KJN6MMPQTMDYRN709968YFN1,page3-35,01KJN796KT7FCNV2F9QNCQDSES,01KJN79ZDP3YNFFHHQA302PJDP,C,C,1,0.14285714285714285,01KJN796KT7FCNV2F9QNCQDSES_01KJN79ZDP3YNFFHHQA302PJDP,phase1_final,7,3
01KJN6MMPQTMDYRN709968YFN1,page3-35,01KJN78CQJ3KY7VMGAR6F3D4S0,01KJN78JVY5FN5QXW9XGGE72RG,B,A,0,0.0,01KJN78CQJ3KY7VMGAR6F3D4S0_01KJN78JVY5FN5QXW9XGGE72RG,phase1_final,1,1
01KJN6MMPQTMDYRN709968YFN1,page3-35,01KJN78CQJ3KY7VMGAR6F3D4S0,01KJN79ZDP3YNFFHHQA302PJDP,B,C,0,0.0,01KJN78CQJ3KY7VMGAR6F3D4S0_01KJN79ZDP3YNFFHHQA302PJDP,phase1_final,1,3
01KJN6MMPQTMDYRN709968YFN1,page3-35,01KJN78JVY5FN5QXW9XGGE72RG,01KJN79ZDP3YNFFHHQA302PJDP,A,C,0,0.0,01KJN78JVY5FN5QXW9XGGE72RG_01KJN79ZDP3YNFFHHQA302PJDP,phase1_final,1,3
01KJN6MMPQTMDYRN709968YFN1,page5-28,01KJN78B0TFR8F59JDGD057XNS,01KJN78M7563R5D9TQE5G142DA,A,C,0,0.0,01KJN78B0TFR8F59JDGD057XNS_01KJN78M7563R5D9TQE5G142DA,phase1_final,5,8
01KJN6MMPQTMDYRN709968YFN1,page5-28,01KJN78B0TFR8F59JDGD057XNS,01KJN79Y7T0VZNKHTSJRZWTDZ5,A,B,0,0.0,01KJN78B0TFR8F59JDGD057XNS_01KJN79Y7T0VZNKHTSJRZWTDZ5,phase1_final,5,4
01KJN6MMPQTMDYRN709968YFN1,page5-28,01KJN78B0TFR8F59JDGD057XNS,01KJN788SPAKVVBHX9T9FDQWAF,A,B,0,0.0,01KJN788SPAKVVBHX9T9FDQWAF_01KJN78B0TFR8F59JDGD057XNS,phase1_final,5,6
01KJN6MMPQTMDYRN709968YFN1,page5-28,01KJN78B0TFR8F59JDGD057XNS,01KJN791EPN054R2NTQQ1BFXJ5,A,A,1,0.6666666666666666,01KJN78B0TFR8F59JDGD057XNS_01KJN791EPN054R2NTQQ1BFXJ5,phase1_final,5,3
01KJN6MMPQTMDYRN709968YFN1,page5-28,01KJN78B0TFR8F59JDGD057XNS,01KJN796KT7FCNV2F9QNCQDSES,A,C,0,0.0,01KJN78B0TFR8F59JDGD057XNS_01KJN796KT7FCNV2F9QNCQDSES,phase1_final,5,14
01KJN6MMPQTMDYRN709968YFN1,page5-28,01KJN78B0TFR8F59JDGD057XNS,01KJN78CQJ3KY7VMGAR6F3D4S0,A,B,0,0.0,01KJN78B0TFR8F59JDGD057XNS_01KJN78CQJ3KY7VMGAR6F3D4S0,phase1_final,5,5
01KJN6MMPQTMDYRN709968YFN1,page5-28,01KJN78B0TFR8F59JDGD057XNS,01KJN78JVY5FN5QXW9XGGE72RG,A,A,1,0.6666666666666666,01KJN78B0TFR8F59JDGD057XNS_01KJN78JVY5FN5QXW9XGGE72RG,phase1_final,5,3
01KJN6MMPQTMDYRN709968YFN1,page5-28,01KJN78B0TFR8F59JDGD057XNS,01KJN79ZDP3YNFFHHQA302PJDP,A,C,0,0.0,01KJN78B0TFR8F59JDGD057XNS_01KJN79ZDP3YNFFHHQA302PJDP,phase1_final,5,8
01KJN6MMPQTMDYRN709968YFN1,page5-28,01KJN78M7563R5D9TQE5G142DA,01KJN79Y7T0VZNKHTSJRZWTDZ5,C,B,0,0.0,01KJN78M7563R5D9TQE5G142DA_01KJN79Y7T0VZNKHTSJRZWTDZ5,phase1_final,8,4
01KJN6MMPQTMDYRN709968YFN1,page5-28,01KJN78M7563R5D9TQE5G142DA,01KJN788SPAKVVBHX9T9FDQWAF,C,B,0,0.0,01KJN788SPAKVVBHX9T9FDQWAF_01KJN78M7563R5D9TQE5G142DA,phase1_final,8,6
01KJN6MMPQTMDYRN709968YFN1,page5-28,01KJN78M7563R5D9TQE5G142DA,01KJN791EPN054R2NTQQ1BFXJ5,C,A,0,0.0,01KJN78M7563R5D9TQE5G142DA_01KJN791EPN054R2NTQQ1BFXJ5,phase1_final,8,3
01KJN6MMPQTMDYRN709968YFN1,page5-28,01KJN78M7563R5D9TQE5G142DA,01KJN796KT7FCNV2F9QNCQDSES,C,C,1,0.09090909090909091,01KJN78M7563R5D9TQE5G142DA_01KJN796KT7FCNV2F9QNCQDSES,phase1_final,8,14
01KJN6MMPQTMDYRN709968YFN1,page5-28,01KJN78M7563R5D9TQE5G142DA,01KJN78CQJ3KY7VMGAR6F3D4S0,C,B,0,0.0,01KJN78CQJ3KY7VMGAR6F3D4S0_01KJN78M7563R5D9TQE5G142DA,phase1_final,8,5
01KJN6MMPQTMDYRN709968YFN1,page5-28,01KJN78M7563R5D9TQE5G142DA,01KJN78JVY5FN5QXW9XGGE72RG,C,A,0,0.0,01KJN78JVY5FN5QXW9XGGE72RG_01KJN78M7563R5D9TQE5G142DA,phase1_final,8,3
01KJN6MMPQTMDYRN709968YFN1,page5-28,01KJN78M7563R5D9TQE5G142DA,01KJN79ZDP3YNFFHHQA302PJDP,C,C,1,0.0,01KJN78M7563R5D9TQE5G142DA_01KJN79ZDP3YNFFHHQA302PJDP,phase1_final,8,8
01KJN6MMPQTMDYRN709968YFN1,page5-28,01KJN79Y7T0VZNKHTSJRZWTDZ5,01KJN788SPAKVVBHX9T9FDQWAF,B,B,1,0.5,01KJN788SPAKVVBHX9T9FDQWAF_01KJN79Y7T0VZNKHTSJRZWTDZ5,phase1_final,4,6
01KJN6MMPQTMDYRN709968YFN1,page5-28,01KJN79Y7T0VZNKHTSJRZWTDZ5,01KJN791EPN054R2NTQQ1BFXJ5,B,A,0,0.0,01KJN791EPN054R2NTQQ1BFXJ5_01KJN79Y7T0VZNKHTSJRZWTDZ5,phase1_final,4,3
01KJN6MMPQTMDYRN709968YFN1,page5-28,01KJN79Y7T0VZNKHTSJRZWTDZ5,01KJN796KT7FCNV2F9QNCQDSES,B,C,0,0.09090909090909091,01KJN796KT7FCNV2F9QNCQDSES_01KJN79Y7T0VZNKHTSJRZWTDZ5,phase1_final,4,14
01KJN6MMPQTMDYRN709968YFN1,page5-28,01KJN79Y7T0VZNKHTSJRZWTDZ5,01KJN78CQJ3KY7VMGAR6F3D4S0,B,B,1,0.3333333333333333,01KJN78CQJ3KY7VMGAR6F3D4S0_01KJN79Y7T0VZNKHTSJRZWTDZ5,phase1_final,4,5
01KJN6MMPQTMDYRN709968YFN1,page5-28,01KJN79Y7T0VZNKHTSJRZWTDZ5,01KJN78JVY5FN5QXW9XGGE72RG,B,A,0,0.0,01KJN78JVY5FN5QXW9XGGE72RG_01KJN79Y7T0VZNKHTSJRZWTDZ5,phase1_final,4,3
01KJN6MMPQTMDYRN709968YFN1,page5-28,01KJN79Y7T0VZNKHTSJRZWTDZ5,01KJN79ZDP3YNFFHHQA302PJDP,B,C,0,0.125,01KJN79Y7T0VZNKHTSJRZWTDZ5_01KJN79ZDP3YNFFHHQA302PJDP,phase1_final,4,8
01KJN6MMPQTMDYRN709968YFN1,page5-28,01KJN788SPAKVVBHX9T9FDQWAF,01KJN791EPN054R2NTQQ1BFXJ5,B,A,0,0.0,01KJN788SPAKVVBHX9T9FDQWAF_01KJN791EPN054R2NTQQ1BFXJ5,phase1_final,6,3
01KJN6MMPQTMDYRN709968YFN1,page5-28,01KJN788SPAKVVBHX9T9FDQWAF,01KJN796KT7FCNV2F9QNCQDSES,B,C,0,0.08333333333333333,01KJN788SPAKVVBHX9T9FDQWAF_01KJN796KT7FCNV2F9QNCQDSES,phase1_final,6,14
01KJN6MMPQTMDYRN709968YFN1,page5-28,01KJN788SPAKVVBHX9T9FDQWAF,01KJN78CQJ3KY7VMGAR6F3D4S0,B,B,1,0.2857142857142857,01KJN788SPAKVVBHX9T9FDQWAF_01KJN78CQJ3KY7VMGAR6F3D4S0,phase1_final,6,5
01KJN6MMPQTMDYRN709968YFN1,page5-28,01KJN788SPAKVVBHX9T9FDQWAF,01KJN78JVY5FN5QXW9XGGE72RG,B,A,0,0.0,01KJN788SPAKVVBHX9T9FDQWAF_01KJN78JVY5FN5QXW9XGGE72RG,phase1_final,6,3
01KJN6MMPQTMDYRN709968YFN1,page5-28,01KJN788SPAKVVBHX9T9FDQWAF,01KJN79ZDP3YNFFHHQA302PJDP,B,C,0,0.1111111111111111,01KJN788SPAKVVBHX9T9FDQWAF_01KJN79ZDP3YNFFHHQA302PJDP,phase1_final,6,8
01KJN6MMPQTMDYRN709968YFN1,page5-28,01KJN791EPN054R2NTQQ1BFXJ5,01KJN796KT7FCNV2F9QNCQDSES,A,C,0,0.0,01KJN791EPN054R2NTQQ1BFXJ5_01KJN796KT7FCNV2F9QNCQDSES,phase1_final,3,14
01KJN6MMPQTMDYRN709968YFN1,page5-28,01KJN791EPN054R2NTQQ1BFXJ5,01KJN78CQJ3KY7VMGAR6F3D4S0,A,B,0,0.0,01KJN78CQJ3KY7VMGAR6F3D4S0_01KJN791EPN054R2NTQQ1BFXJ5,phase1_final,3,5
01KJN6MMPQTMDYRN709968YFN1,page5-28,01KJN791EPN054R2NTQQ1BFXJ5,01KJN78JVY5FN5QXW9XGGE72RG,A,A,1,1.0,01KJN78JVY5FN5QXW9XGGE72RG_01KJN791EPN054R2NTQQ1BFXJ5,phase1_final,3,3
01KJN6MMPQTMDYRN709968YFN1,page5-28,01KJN791EPN054R2NTQQ1BFXJ5,01KJN79ZDP3YNFFHHQA302PJDP,A,C,0,0.0,01KJN791EPN054R2NTQQ1BFXJ5_01KJN79ZDP3YNFFHHQA302PJDP,phase1_final,3,8
01KJN6MMPQTMDYRN709968YFN1,page5-28,01KJN796KT7FCNV2F9QNCQDSES,01KJN78CQJ3KY7VMGAR6F3D4S0,C,B,0,0.09090909090909091,01KJN78CQJ3KY7VMGAR6F3D4S0_01KJN796KT7FCNV2F9QNCQDSES,phase1_final,14,5
01KJN6MMPQTMDYRN709968YFN1,page5-28,01KJN796KT7FCNV2F9QNCQDSES,01KJN78JVY5FN5QXW9XGGE72RG,C,A,0,0.0,01KJN78JVY5FN5QXW9XGGE72RG_01KJN796KT7FCNV2F9QNCQDSES,phase1_final,14,3
01KJN6MMPQTMDYRN709968YFN1,page5-28,01KJN796KT7FCNV2F9QNCQDSES,01KJN79ZDP3YNFFHHQA302PJDP,C,C,1,0.18181818181818182,01KJN796KT7FCNV2F9QNCQDSES_01KJN79ZDP3YNFFHHQA302PJDP,phase1_final,14,8
01KJN6MMPQTMDYRN709968YFN1,page5-28,01KJN78CQJ3KY7VMGAR6F3D4S0,01KJN78JVY5FN5QXW9XGGE72RG,B,A,0,0.0,01KJN78CQJ3KY7VMGAR6F3D4S0_01KJN78JVY5FN5QXW9XGGE72RG,phase1_final,5,3
01KJN6MMPQTMDYRN709968YFN1,page5-28,01KJN78CQJ3KY7VMGAR6F3D4S0,01KJN79ZDP3YNFFHHQA302PJDP,B,C,0,0.125,01KJN78CQJ3KY7VMGAR6F3D4S0_01KJN79ZDP3YNFFHHQA302PJDP,phase1_final,5,8
01KJN6MMPQTMDYRN709968YFN1,page5-28,01KJN78JVY5FN5QXW9XGGE72RG,01KJN79ZDP3YNFFHHQA302PJDP,A,C,0,0.0,01KJN78JVY5FN5QXW9XGGE72RG_01KJN79ZDP3YNFFHHQA302PJDP,phase1_final,3,8
01KJN6MMPQTMDYRN709968YFN1,page7-107,01KJN78B0TFR8F59JDGD057XNS,01KJN78M7563R5D9TQE5G142DA,A,C,0,0.15384615384615385,01KJN78B0TFR8F59JDGD057XNS_01KJN78M7563R5D9TQE5G142DA,phase1_final,9,13
01KJN6MMPQTMDYRN709968YFN1,page7-107,01KJN78B0TFR8F59JDGD057XNS,01KJN79Y7T0VZNKHTSJRZWTDZ5,A,B,0,0.0,01KJN78B0TFR8F59JDGD057XNS_01KJN79Y7T0VZNKHTSJRZWTDZ5,phase1_final,9,4
01KJN6MMPQTMDYRN709968YFN1,page7-107,01KJN78B0TFR8F59JDGD057XNS,01KJN788SPAKVVBHX9T9FDQWAF,A,B,0,0.1111111111111111,01KJN788SPAKVVBHX9T9FDQWAF_01KJN78B0TFR8F59JDGD057XNS,phase1_final,9,3
01KJN6MMPQTMDYRN709968YFN1,page7-107,01KJN78B0TFR8F59JDGD057XNS,01KJN791EPN054R2NTQQ1BFXJ5,A,A,1,0.75,01KJN78B0TFR8F59JDGD057XNS_01KJN791EPN054R2NTQQ1BFXJ5,phase1_final,9,8
01KJN6MMPQTMDYRN709968YFN1,page7-107,01KJN78B0TFR8F59JDGD057XNS,01KJN796KT7FCNV2F9QNCQDSES,A,C,0,0.25,01KJN78B0TFR8F59JDGD057XNS_01KJN796KT7FCNV2F9QNCQDSES,phase1_final,9,4
01KJN6MMPQTMDYRN709968YFN1,page7-107,01KJN78B0TFR8F59JDGD057XNS,01KJN78CQJ3KY7VMGAR6F3D4S0,A,B,0,0.125,01KJN78B0TFR8F59JDGD057XNS_01KJN78CQJ3KY7VMGAR6F3D4S0,phase1_final,9,2
01KJN6MMPQTMDYRN709968YFN1,page7-107,01KJN78B0TFR8F59JDGD057XNS,01KJN78JVY5FN5QXW9XGGE72RG,A,A,1,0.42857142857142855,01KJN78B0TFR8F59JDGD057XNS_01KJN78JVY5FN5QXW9XGGE72RG,phase1_final,9,5
01KJN6MMPQTMDYRN709968YFN1,page7-107,01KJN78B0TFR8F59JDGD057XNS,01KJN79ZDP3YNFFHHQA302PJDP,A,C,0,0.1,01KJN78B0TFR8F59JDGD057XNS_01KJN79ZDP3YNFFHHQA302PJDP,phase1_final,9,5
01KJN6MMPQTMDYRN709968YFN1,page7-107,01KJN78M7563R5D9TQE5G142DA,01KJN79Y7T0VZNKHTSJRZWTDZ5,C,B,0,0.0,01KJN78M7563R5D9TQE5G142DA_01KJN79Y7T0VZNKHTSJRZWTDZ5,phase1_final,13,4
01KJN6MMPQTMDYRN709968YFN1,page7-107,01KJN78M7563R5D9TQE5G142DA,01KJN788SPAKVVBHX9T9FDQWAF,C,B,0,0.0,01KJN788SPAKVVBHX9T9FDQWAF_01KJN78M7563R5D9TQE5G142DA,phase1_final,13,3
01KJN6MMPQTMDYRN709968YFN1,page7-107,01KJN78M7563R5D9TQE5G142DA,01KJN791EPN054R2NTQQ1BFXJ5,C,A,0,0.15384615384615385,01KJN78M7563R5D9TQE5G142DA_01KJN791EPN054R2NTQQ1BFXJ5,phase1_final,13,8
01KJN6MMPQTMDYRN709968YFN1,page7-107,01KJN78M7563R5D9TQE5G142DA,01KJN796KT7FCNV2F9QNCQDSES,C,C,1,0.0,01KJN78M7563R5D9TQE5G142DA_01KJN796KT7FCNV2F9QNCQDSES,phase1_final,13,4
01KJN6MMPQTMDYRN709968YFN1,page7-107,01KJN78M7563R5D9TQE5G142DA,01KJN78CQJ3KY7VMGAR6F3D4S0,C,B,0,0.0,01KJN78CQJ3KY7VMGAR6F3D4S0_01KJN78M7563R5D9TQE5G142DA,phase1_final,13,2
01KJN6MMPQTMDYRN709968YFN1,page7-107,01KJN78M7563R5D9TQE5G142DA,01KJN78JVY5FN5QXW9XGGE72RG,C,A,0,0.0,01KJN78JVY5FN5QXW9XGGE72RG_01KJN78M7563R5D9TQE5G142DA,phase1_final,13,5
01KJN6MMPQTMDYRN709968YFN1,page7-107,01KJN78M7563R5D9TQE5G142DA,01KJN79ZDP3YNFFHHQA302PJDP,C,C,1,0.0,01KJN78M7563R5D9TQE5G142DA_01KJN79ZDP3YNFFHHQA302PJDP,phase1_final,13,5
01KJN6MMPQTMDYRN709968YFN1,page7-107,01KJN79Y7T0VZNKHTSJRZWTDZ5,01KJN788SPAKVVBHX9T9FDQWAF,B,B,1,0.16666666666666666,01KJN788SPAKVVBHX9T9FDQWAF_01KJN79Y7T0VZNKHTSJRZWTDZ5,phase1_final,4,3
01KJN6MMPQTMDYRN709968YFN1,page7-107,01KJN79Y7T0VZNKHTSJRZWTDZ5,01KJN791EPN054R2NTQQ1BFXJ5,B,A,0,0.0,01KJN791EPN054R2NTQQ1BFXJ5_01KJN79Y7T0VZNKHTSJRZWTDZ5,phase1_final,4,8
01KJN6MMPQTMDYRN709968YFN1,page7-107,01KJN79Y7T0VZNKHTSJRZWTDZ5,01KJN796KT7FCNV2F9QNCQDSES,B,C,0,0.0,01KJN796KT7FCNV2F9QNCQDSES_01KJN79Y7T0VZNKHTSJRZWTDZ5,phase1_final,4,4
01KJN6MMPQTMDYRN709968YFN1,page7-107,01KJN79Y7T0VZNKHTSJRZWTDZ5,01KJN78CQJ3KY7VMGAR6F3D4S0,B,B,1,0.2,01KJN78CQJ3KY7VMGAR6F3D4S0_01KJN79Y7T0VZNKHTSJRZWTDZ5,phase1_final,4,2
01KJN6MMPQTMDYRN709968YFN1,page7-107,01KJN79Y7T0VZNKHTSJRZWTDZ5,01KJN78JVY5FN5QXW9XGGE72RG,B,A,0,0.0,01KJN78JVY5FN5QXW9XGGE72RG_01KJN79Y7T0VZNKHTSJRZWTDZ5,phase1_final,4,5
01KJN6MMPQTMDYRN709968YFN1,page7-107,01KJN79Y7T0VZNKHTSJRZWTDZ5,01KJN79ZDP3YNFFHHQA302PJDP,B,C,0,0.0,01KJN79Y7T0VZNKHTSJRZWTDZ5_01KJN79ZDP3YNFFHHQA302PJDP,phase1_final,4,5
01KJN6MMPQTMDYRN709968YFN1,page7-107,01KJN788SPAKVVBHX9T9FDQWAF,01KJN791EPN054R2NTQQ1BFXJ5,B,A,0,0.1111111111111111,01KJN788SPAKVVBHX9T9FDQWAF_01KJN791EPN054R2NTQQ1BFXJ5,phase1_final,3,8
01KJN6MMPQTMDYRN709968YFN1,page7-107,01KJN788SPAKVVBHX9T9FDQWAF,01KJN796KT7FCNV2F9QNCQDSES,B,C,0,0.2,01KJN788SPAKVVBHX9T9FDQWAF_01KJN796KT7FCNV2F9QNCQDSES,phase1_final,3,4
01KJN6MMPQTMDYRN709968YFN1,page7-107,01KJN788SPAKVVBHX9T9FDQWAF,01KJN78CQJ3KY7VMGAR6F3D4S0,B,B,1,0.6666666666666666,01KJN788SPAKVVBHX9T9FDQWAF_01KJN78CQJ3KY7VMGAR6F3D4S0,phase1_final,3,2
01KJN6MMPQTMDYRN709968YFN1,page7-107,01KJN788SPAKVVBHX9T9FDQWAF,01KJN78JVY5FN5QXW9XGGE72RG,B,A,0,0.2,01KJN788SPAKVVBHX9T9FDQWAF_01KJN78JVY5FN5QXW9XGGE72RG,phase1_final,3,5
01KJN6MMPQTMDYRN709968YFN1,page7-107,01KJN788SPAKVVBHX9T9FDQWAF,01KJN79ZDP3YNFFHHQA302PJDP,B,C,0,0.16666666666666666,01KJN788SPAKVVBHX9T9FDQWAF_01KJN79ZDP3YNFFHHQA302PJDP,phase1_final,3,5
01KJN6MMPQTMDYRN709968YFN1,page7-107,01KJN791EPN054R2NTQQ1BFXJ5,01KJN796KT7FCNV2F9QNCQDSES,A,C,0,0.25,01KJN791EPN054R2NTQQ1BFXJ5_01KJN796KT7FCNV2F9QNCQDSES,phase1_final,8,4
01KJN6MMPQTMDYRN709968YFN1,page7-107,01KJN791EPN054R2NTQQ1BFXJ5,01KJN78CQJ3KY7VMGAR6F3D4S0,A,B,0,0.125,01KJN78CQJ3KY7VMGAR6F3D4S0_01KJN791EPN054R2NTQQ1BFXJ5,phase1_final,8,2
01KJN6MMPQTMDYRN709968YFN1,page7-107,01KJN791EPN054R2NTQQ1BFXJ5,01KJN78JVY5FN5QXW9XGGE72RG,A,A,1,0.25,01KJN78JVY5FN5QXW9XGGE72RG_01KJN791EPN054R2NTQQ1BFXJ5,phase1_final,8,5
01KJN6MMPQTMDYRN709968YFN1,page7-107,01KJN791EPN054R2NTQQ1BFXJ5,01KJN79ZDP3YNFFHHQA302PJDP,A,C,0,0.1,01KJN791EPN054R2NTQQ1BFXJ5_01KJN79ZDP3YNFFHHQA302PJDP,phase1_final,8,5
01KJN6MMPQTMDYRN709968YFN1,page7-107,01KJN796KT7FCNV2F9QNCQDSES,01KJN78CQJ3KY7VMGAR6F3D4S0,C,B,0,0.25,01KJN78CQJ3KY7VMGAR6F3D4S0_01KJN796KT7FCNV2F9QNCQDSES,phase1_final,4,2
01KJN6MMPQTMDYRN709968YFN1,page7-107,01KJN796KT7FCNV2F9QNCQDSES,01KJN78JVY5FN5QXW9XGGE72RG,C,A,0,0.5,01KJN78JVY5FN5QXW9XGGE72RG_01KJN796KT7FCNV2F9QNCQDSES,phase1_final,4,5
01KJN6MMPQTMDYRN709968YFN1,page7-107,01KJN796KT7FCNV2F9QNCQDSES,01KJN79ZDP3YNFFHHQA302PJDP,C,C,1,0.16666666666666666,01KJN796KT7FCNV2F9QNCQDSES_01KJN79ZDP3YNFFHHQA302PJDP,phase1_final,4,5
01KJN6MMPQTMDYRN709968YFN1,page7-107,01KJN78CQJ3KY7VMGAR6F3D4S0,01KJN78JVY5FN5QXW9XGGE72RG,B,A,0,0.25,01KJN78CQJ3KY7VMGAR6F3D4S0_01KJN78JVY5FN5QXW9XGGE72RG,phase1_final,2,5
01KJN6MMPQTMDYRN709968YFN1,page7-107,01KJN78CQJ3KY7VMGAR6F3D4S0,01KJN79ZDP3YNFFHHQA302PJDP,B,C,0,0.2,01KJN78CQJ3KY7VMGAR6F3D4S0_01KJN79ZDP3YNFFHHQA302PJDP,phase1_final,2,5
01KJN6MMPQTMDYRN709968YFN1,page7-107,01KJN78JVY5FN5QXW9XGGE72RG,01KJN79ZDP3YNFFHHQA302PJDP,A,C,0,0.16666666666666666,01KJN78JVY5FN5QXW9XGGE72RG_01KJN79ZDP3YNFFHHQA302PJDP,phase1_final,5,5
01KJN6MMPQTMDYRN709968YFN1,page7-255,01KJN78B0TFR8F59JDGD057XNS,01KJN78M7563R5D9TQE5G142DA,A,C,0,0.07692307692307693,01KJN78B0TFR8F59JDGD057XNS_01KJN78M7563R5D9TQE5G142DA,phase1_final,19,6
01KJN6MMPQTMDYRN709968YFN1,page7-255,01KJN78B0TFR8F59JDGD057XNS,01KJN79Y7T0VZNKHTSJRZWTDZ5,A,B,0,0.0,01KJN78B0TFR8F59JDGD057XNS_01KJN79Y7T0VZNKHTSJRZWTDZ5,phase1_final,19,1
01KJN6MMPQTMDYRN709968YFN1,page7-255,01KJN78B0TFR8F59JDGD057XNS,01KJN788SPAKVVBHX9T9FDQWAF,A,B,0,0.0,01KJN788SPAKVVBHX9T9FDQWAF_01KJN78B0TFR8F59JDGD057XNS,phase1_final,19,1
01KJN6MMPQTMDYRN709968YFN1,page7-255,01KJN78B0TFR8F59JDGD057XNS,01KJN791EPN054R2NTQQ1BFXJ5,A,A,1,0.1875,01KJN78B0TFR8F59JDGD057XNS_01KJN791EPN054R2NTQQ1BFXJ5,phase1_final,19,12
01KJN6MMPQTMDYRN709968YFN1,page7-255,01KJN78B0TFR8F59JDGD057XNS,01KJN796KT7FCNV2F9QNCQDSES,A,C,0,0.13333333333333333,01KJN78B0TFR8F59JDGD057XNS_01KJN796KT7FCNV2F9QNCQDSES,phase1_final,19,7
01KJN6MMPQTMDYRN709968YFN1,page7-255,01KJN78B0TFR8F59JDGD057XNS,01KJN78CQJ3KY7VMGAR6F3D4S0,A,B,0,0.0,01KJN78B0TFR8F59JDGD057XNS_01KJN78CQJ3KY7VMGAR6F3D4S0,phase1_final,19,1
01KJN6MMPQTMDYRN709968YFN1,page7-255,01KJN78B0TFR8F59JDGD057XNS,01KJN78JVY5FN5QXW9XGGE72RG,A,A,1,0.3076923076923077,01KJN78B0TFR8F59JDGD057XNS_01KJN78JVY5FN5QXW9XGGE72RG,phase1_final,19,9
01KJN6MMPQTMDYRN709968YFN1,page7-255,01KJN78B0TFR8F59JDGD057XNS,01KJN79ZDP3YNFFHHQA302PJDP,A,C,0,0.06666666666666667,01KJN78B0TFR8F59JDGD057XNS_01KJN79ZDP3YNFFHHQA302PJDP,phase1_final,19,9
01KJN6MMPQTMDYRN709968YFN1,page7-255,01KJN78M7563R5D9TQE5G142DA,01KJN79Y7T0VZNKHTSJRZWTDZ5,C,B,0,0.0,01KJN78M7563R5D9TQE5G142DA_01KJN79Y7T0VZNKHTSJRZWTDZ5,phase1_final,6,1
01KJN6MMPQTMDYRN709968YFN1,page7-255,01KJN78M7563R5D9TQE5G142DA,01KJN788SPAKVVBHX9T9FDQWAF,C,B,0,0.0,01KJN788SPAKVVBHX9T9FDQWAF_01KJN78M7563R5D9TQE5G142DA,phase1_final,6,1
01KJN6MMPQTMDYRN709968YFN1,page7-255,01KJN78M7563R5D9TQE5G142DA,01KJN791EPN054R2NTQQ1BFXJ5,C,A,0,0.1,01KJN78M7563R5D9TQE5G142DA_01KJN791EPN054R2NTQQ1BFXJ5,phase1_final,6,12
01KJN6MMPQTMDYRN709968YFN1,page7-255,01KJN78M7563R5D9TQE5G142DA,01KJN796KT7FCNV2F9QNCQDSES,C,C,1,0.5,01KJN78M7563R5D9TQE5G142DA_01KJN796KT7FCNV2F9QNCQDSES,phase1_final,6,7
01KJN6MMPQTMDYRN709968YFN1,page7-255,01KJN78M7563R5D9TQE5G142DA,01KJN78CQJ3KY7VMGAR6F3D4S0,C,B,0,0.0,01KJN78CQJ3KY7VMGAR6F3D4S0_01KJN78M7563R5D9TQE5G142DA,phase1_final,6,1
01KJN6MMPQTMDYRN709968YFN1,page7-255,01KJN78M7563R5D9TQE5G142DA,01KJN78JVY5FN5QXW9XGGE72RG,C,A,0,0.125,01KJN78JVY5FN5QXW9XGGE72RG_01KJN78M7563R5D9TQE5G142DA,phase1_final,6,9
01KJN6MMPQTMDYRN709968YFN1,page7-255,01KJN78M7563R5D9TQE5G142DA,01KJN79ZDP3YNFFHHQA302PJDP,C,C,1,0.0,01KJN78M7563R5D9TQE5G142DA_01KJN79ZDP3YNFFHHQA302PJDP,phase1_final,6,9
01KJN6MMPQTMDYRN709968YFN1,page7-255,01KJN79Y7T0VZNKHTSJRZWTDZ5,01KJN788SPAKVVBHX9T9FDQWAF,B,B,1,1.0,01KJN788SPAKVVBHX9T9FDQWAF_01KJN79Y7T0VZNKHTSJRZWTDZ5,phase1_final,1,1
01KJN6MMPQTMDYRN709968YFN1,page7-255,01KJN79Y7T0VZNKHTSJRZWTDZ5,01KJN791EPN054R2NTQQ1BFXJ5,B,A,0,0.0,01KJN791EPN054R2NTQQ1BFXJ5_01KJN79Y7T0VZNKHTSJRZWTDZ5,phase1_final,1,12
01KJN6MMPQTMDYRN709968YFN1,page7-255,01KJN79Y7T0VZNKHTSJRZWTDZ5,01KJN796KT7FCNV2F9QNCQDSES,B,C,0,0.0,01KJN796KT7FCNV2F9QNCQDSES_01KJN79Y7T0VZNKHTSJRZWTDZ5,phase1_final,1,7
01KJN6MMPQTMDYRN709968YFN1,page7-255,01KJN79Y7T0VZNKHTSJRZWTDZ5,01KJN78CQJ3KY7VMGAR6F3D4S0,B,B,1,1.0,01KJN78CQJ3KY7VMGAR6F3D4S0_01KJN79Y7T0VZNKHTSJRZWTDZ5,phase1_final,1,1
01KJN6MMPQTMDYRN709968YFN1,page7-255,01KJN79Y7T0VZNKHTSJRZWTDZ5,01KJN78JVY5FN5QXW9XGGE72RG,B,A,0,0.0,01KJN78JVY5FN5QXW9XGGE72RG_01KJN79Y7T0VZNKHTSJRZWTDZ5,phase1_final,1,9
01KJN6MMPQTMDYRN709968YFN1,page7-255,01KJN79Y7T0VZNKHTSJRZWTDZ5,01KJN79ZDP3YNFFHHQA302PJDP,B,C,0,0.0,01KJN79Y7T0VZNKHTSJRZWTDZ5_01KJN79ZDP3YNFFHHQA302PJDP,phase1_final,1,9
01KJN6MMPQTMDYRN709968YFN1,page7-255,01KJN788SPAKVVBHX9T9FDQWAF,01KJN791EPN054R2NTQQ1BFXJ5,B,A,0,0.0,01KJN788SPAKVVBHX9T9FDQWAF_01KJN791EPN054R2NTQQ1BFXJ5,phase1_final,1,12
01KJN6MMPQTMDYRN709968YFN1,page7-255,01KJN788SPAKVVBHX9T9FDQWAF,01KJN796KT7FCNV2F9QNCQDSES,B,C,0,0.0,01KJN788SPAKVVBHX9T9FDQWAF_01KJN796KT7FCNV2F9QNCQDSES,phase1_final,1,7
01KJN6MMPQTMDYRN709968YFN1,page7-255,01KJN788SPAKVVBHX9T9FDQWAF,01KJN78CQJ3KY7VMGAR6F3D4S0,B,B,1,1.0,01KJN788SPAKVVBHX9T9FDQWAF_01KJN78CQJ3KY7VMGAR6F3D4S0,phase1_final,1,1
01KJN6MMPQTMDYRN709968YFN1,page7-255,01KJN788SPAKVVBHX9T9FDQWAF,01KJN78JVY5FN5QXW9XGGE72RG,B,A,0,0.0,01KJN788SPAKVVBHX9T9FDQWAF_01KJN78JVY5FN5QXW9XGGE72RG,phase1_final,1,9
01KJN6MMPQTMDYRN709968YFN1,page7-255,01KJN788SPAKVVBHX9T9FDQWAF,01KJN79ZDP3YNFFHHQA302PJDP,B,C,0,0.0,01KJN788SPAKVVBHX9T9FDQWAF_01KJN79ZDP3YNFFHHQA302PJDP,phase1_final,1,9
01KJN6MMPQTMDYRN709968YFN1,page7-255,01KJN791EPN054R2NTQQ1BFXJ5,01KJN796KT7FCNV2F9QNCQDSES,A,C,0,0.07692307692307693,01KJN791EPN054R2NTQQ1BFXJ5_01KJN796KT7FCNV2F9QNCQDSES,phase1_final,12,7
01KJN6MMPQTMDYRN709968YFN1,page7-255,01KJN791EPN054R2NTQQ1BFXJ5,01KJN78CQJ3KY7VMGAR6F3D4S0,A,B,0,0.0,01KJN78CQJ3KY7VMGAR6F3D4S0_01KJN791EPN054R2NTQQ1BFXJ5,phase1_final,12,1
01KJN6MMPQTMDYRN709968YFN1,page7-255,01KJN791EPN054R2NTQQ1BFXJ5,01KJN78JVY5FN5QXW9XGGE72RG,A,A,1,0.4,01KJN78JVY5FN5QXW9XGGE72RG_01KJN791EPN054R2NTQQ1BFXJ5,phase1_final,12,9
01KJN6MMPQTMDYRN709968YFN1,page7-255,01KJN791EPN054R2NTQQ1BFXJ5,01KJN79ZDP3YNFFHHQA302PJDP,A,C,0,0.18181818181818182,01KJN791EPN054R2NTQQ1BFXJ5_01KJN79ZDP3YNFFHHQA302PJDP,phase1_final,12,9
01KJN6MMPQTMDYRN709968YFN1,page7-255,01KJN796KT7FCNV2F9QNCQDSES,01KJN78CQJ3KY7VMGAR6F3D4S0,C,B,0,0.0,01KJN78CQJ3KY7VMGAR6F3D4S0_01KJN796KT7FCNV2F9QNCQDSES,phase1_final,7,1
01KJN6MMPQTMDYRN709968YFN1,page7-255,01KJN796KT7FCNV2F9QNCQDSES,01KJN78JVY5FN5QXW9XGGE72RG,C,A,0,0.09090909090909091,01KJN78JVY5FN5QXW9XGGE72RG_01KJN796KT7FCNV2F9QNCQDSES,phase1_final,7,9
01KJN6MMPQTMDYRN709968YFN1,page7-255,01KJN796KT7FCNV2F9QNCQDSES,01KJN79ZDP3YNFFHHQA302PJDP,C,C,1,0.0,01KJN796KT7FCNV2F9QNCQDSES_01KJN79ZDP3YNFFHHQA302PJDP,phase1_final,7,9
01KJN6MMPQTMDYRN709968YFN1,page7-255,01KJN78CQJ3KY7VMGAR6F3D4S0,01KJN78JVY5FN5QXW9XGGE72RG,B,A,0,0.0,01KJN78CQJ3KY7VMGAR6F3D4S0_01KJN78JVY5FN5QXW9XGGE72RG,phase1_final,1,9
01KJN6MMPQTMDYRN709968YFN1,page7-255,01KJN78CQJ3KY7VMGAR6F3D4S0,01KJN79ZDP3YNFFHHQA302PJDP,B,C,0,0.0,01KJN78CQJ3KY7VMGAR6F3D4S0_01KJN79ZDP3YNFFHHQA302PJDP,phase1_final,1,9
01KJN6MMPQTMDYRN709968YFN1,page7-255,01KJN78JVY5FN5QXW9XGGE72RG,01KJN79ZDP3YNFFHHQA302PJDP,A,C,0,0.1,01KJN78JVY5FN5QXW9XGGE72RG_01KJN79ZDP3YNFFHHQA302PJDP,phase1_final,9,9
01KJN6MMPQTMDYRN709968YFN1,page9-46,01KJN78B0TFR8F59JDGD057XNS,01KJN78M7563R5D9TQE5G142DA,A,C,0,0.2222222222222222,01KJN78B0TFR8F59JDGD057XNS_01KJN78M7563R5D9TQE5G142DA,phase1_final,11,7
01KJN6MMPQTMDYRN709968YFN1,page9-46,01KJN78B0TFR8F59JDGD057XNS,01KJN79Y7T0VZNKHTSJRZWTDZ5,A,B,0,0.18181818181818182,01KJN78B0TFR8F59JDGD057XNS_01KJN79Y7T0VZNKHTSJRZWTDZ5,phase1_final,11,7
01KJN6MMPQTMDYRN709968YFN1,page9-46,01KJN78B0TFR8F59JDGD057XNS,01KJN788SPAKVVBHX9T9FDQWAF,A,B,0,0.3,01KJN788SPAKVVBHX9T9FDQWAF_01KJN78B0TFR8F59JDGD057XNS,phase1_final,11,7
01KJN6MMPQTMDYRN709968YFN1,page9-46,01KJN78B0TFR8F59JDGD057XNS,01KJN791EPN054R2NTQQ1BFXJ5,A,A,1,0.2727272727272727,01KJN78B0TFR8F59JDGD057XNS_01KJN791EPN054R2NTQQ1BFXJ5,phase1_final,11,10
01KJN6MMPQTMDYRN709968YFN1,page9-46,01KJN78B0TFR8F59JDGD057XNS,01KJN796KT7FCNV2F9QNCQDSES,A,C,0,0.2727272727272727,01KJN78B0TFR8F59JDGD057XNS_01KJN796KT7FCNV2F9QNCQDSES,phase1_final,11,8
01KJN6MMPQTMDYRN709968YFN1,page9-46,01KJN78B0TFR8F59JDGD057XNS,01KJN78CQJ3KY7VMGAR6F3D4S0,A,B,0,0.0,01KJN78B0TFR8F59JDGD057XNS_01KJN78CQJ3KY7VMGAR6F3D4S0,phase1_final,11,4
01KJN6MMPQTMDYRN709968YFN1,page9-46,01KJN78B0TFR8F59JDGD057XNS,01KJN78JVY5FN5QXW9XGGE72RG,A,A,1,0.25,01KJN78B0TFR8F59JDGD057XNS_01KJN78JVY5FN5QXW9XGGE72RG,phase1_final,11,4
01KJN6MMPQTMDYRN709968YFN1,page9-46,01KJN78B0TFR8F59JDGD057XNS,01KJN79ZDP3YNFFHHQA302PJDP,A,C,0,0.15384615384615385,01KJN78B0TFR8F59JDGD057XNS_01KJN79ZDP3YNFFHHQA302PJDP,phase1_final,11,13
01KJN6MMPQTMDYRN709968YFN1,page9-46,01KJN78M7563R5D9TQE5G142DA,01KJN79Y7T0VZNKHTSJRZWTDZ5,C,B,0,0.1111111111111111,01KJN78M7563R5D9TQE5G142DA_01KJN79Y7T0VZNKHTSJRZWTDZ5,phase1_final,7,7
01KJN6MMPQTMDYRN709968YFN1,page9-46,01KJN78M7563R5D9TQE5G142DA,01KJN788SPAKVVBHX9T9FDQWAF,C,B,0,0.25,01KJN788SPAKVVBHX9T9FDQWAF_01KJN78M7563R5D9TQE5G142DA,phase1_final,7,7
01KJN6MMPQTMDYRN709968YFN1,page9-46,01KJN78M7563R5D9TQE5G142DA,01KJN791EPN054R2NTQQ1BFXJ5,C,A,0,0.0,01KJN78M7563R5D9TQE5G142DA_01KJN791EPN054R2NTQQ1BFXJ5,phase1_final,7,10
01KJN6MMPQTMDYRN709968YFN1,page9-46,01KJN78M7563R5D9TQE5G142DA,01KJN796KT7FCNV2F9QNCQDSES,C,C,1,0.2222222222222222,01KJN78M7563R5D9TQE5G142DA_01KJN796KT7FCNV2F9QNCQDSES,phase1_final,7,8
01KJN6MMPQTMDYRN709968YFN1,page9-46,01KJN78M7563R5D9TQE5G142DA,01KJN78CQJ3KY7VMGAR6F3D4S0,C,B,0,0.0,01KJN78CQJ3KY7VMGAR6F3D4S0_01KJN78M7563R5D9TQE5G142DA,phase1_final,7,4
01KJN6MMPQTMDYRN709968YFN1,page9-46,01KJN78M7563R5D9TQE5G142DA,01KJN78JVY5FN5QXW9XGGE72RG,C,A,0,0.0,01KJN78JVY5FN5QXW9XGGE72RG_01KJN78M7563R5D9TQE5G142DA,phase1_final,7,4
01KJN6MMPQTMDYRN709968YFN1,page9-46,01KJN78M7563R5D9TQE5G142DA,01KJN79ZDP3YNFFHHQA302PJDP,C,C,1,0.2,01KJN78M7563R5D9TQE5G142DA_01KJN79ZDP3YNFFHHQA302PJDP,phase1_final,7,13
01KJN6MMPQTMDYRN709968YFN1,page9-46,01KJN79Y7T0VZNKHTSJRZWTDZ5,01KJN788SPAKVVBHX9T9FDQWAF,B,B,1,0.3333333333333333,01KJN788SPAKVVBHX9T9FDQWAF_01KJN79Y7T0VZNKHTSJRZWTDZ5,phase1_final,7,7
01KJN6MMPQTMDYRN709968YFN1,page9-46,01KJN79Y7T0VZNKHTSJRZWTDZ5,01KJN791EPN054R2NTQQ1BFXJ5,B,A,0,0.08333333333333333,01KJN791EPN054R2NTQQ1BFXJ5_01KJN79Y7T0VZNKHTSJRZWTDZ5,phase1_final,7,10
01KJN6MMPQTMDYRN709968YFN1,page9-46,01KJN79Y7T0VZNKHTSJRZWTDZ5,01KJN796KT7FCNV2F9QNCQDSES,B,C,0,0.18181818181818182,01KJN796KT7FCNV2F9QNCQDSES_01KJN79Y7T0VZNKHTSJRZWTDZ5,phase1_final,7,8
01KJN6MMPQTMDYRN709968YFN1,page9-46,01KJN79Y7T0VZNKHTSJRZWTDZ5,01KJN78CQJ3KY7VMGAR6F3D4S0,B,B,1,0.1111111111111111,01KJN78CQJ3KY7VMGAR6F3D4S0_01KJN79Y7T0VZNKHTSJRZWTDZ5,phase1_final,7,4
01KJN6MMPQTMDYRN709968YFN1,page9-46,01KJN79Y7T0VZNKHTSJRZWTDZ5,01KJN78JVY5FN5QXW9XGGE72RG,B,A,0,0.2857142857142857,01KJN78JVY5FN5QXW9XGGE72RG_01KJN79Y7T0VZNKHTSJRZWTDZ5,phase1_final,7,4
01KJN6MMPQTMDYRN709968YFN1,page9-46,01KJN79Y7T0VZNKHTSJRZWTDZ5,01KJN79ZDP3YNFFHHQA302PJDP,B,C,0,0.0,01KJN79Y7T0VZNKHTSJRZWTDZ5_01KJN79ZDP3YNFFHHQA302PJDP,phase1_final,7,13
01KJN6MMPQTMDYRN709968YFN1,page9-46,01KJN788SPAKVVBHX9T9FDQWAF,01KJN791EPN054R2NTQQ1BFXJ5,B,A,0,0.08333333333333333,01KJN788SPAKVVBHX9T9FDQWAF_01KJN791EPN054R2NTQQ1BFXJ5,phase1_final,7,10
01KJN6MMPQTMDYRN709968YFN1,page9-46,01KJN788SPAKVVBHX9T9FDQWAF,01KJN796KT7FCNV2F9QNCQDSES,B,C,0,0.18181818181818182,01KJN788SPAKVVBHX9T9FDQWAF_01KJN796KT7FCNV2F9QNCQDSES,phase1_final,7,8
01KJN6MMPQTMDYRN709968YFN1,page9-46,01KJN788SPAKVVBHX9T9FDQWAF,01KJN78CQJ3KY7VMGAR6F3D4S0,B,B,1,0.42857142857142855,01KJN788SPAKVVBHX9T9FDQWAF_01KJN78CQJ3KY7VMGAR6F3D4S0,phase1_final,7,4
01KJN6MMPQTMDYRN709968YFN1,page9-46,01KJN788SPAKVVBHX9T9FDQWAF,01KJN78JVY5FN5QXW9XGGE72RG,B,A,0,0.2857142857142857,01KJN788SPAKVVBHX9T9FDQWAF_01KJN78JVY5FN5QXW9XGGE72RG,phase1_final,7,4
01KJN6MMPQTMDYRN709968YFN1,page9-46,01KJN788SPAKVVBHX9T9FDQWAF,01KJN79ZDP3YNFFHHQA302PJDP,B,C,0,0.07692307692307693,01KJN788SPAKVVBHX9T9FDQWAF_01KJN79ZDP3YNFFHHQA302PJDP,phase1_final,7,13
01KJN6MMPQTMDYRN709968YFN1,page9-46,01KJN791EPN054R2NTQQ1BFXJ5,01KJN796KT7FCNV2F9QNCQDSES,A,C,0,0.16666666666666666,01KJN791EPN054R2NTQQ1BFXJ5_01KJN796KT7FCNV2F9QNCQDSES,phase1_final,10,8
01KJN6MMPQTMDYRN709968YFN1,page9-46,01KJN791EPN054R2NTQQ1BFXJ5,01KJN78CQJ3KY7VMGAR6F3D4S0,A,B,0,0.0,01KJN78CQJ3KY7VMGAR6F3D4S0_01KJN791EPN054R2NTQQ1BFXJ5,phase1_final,10,4
01KJN6MMPQTMDYRN709968YFN1,page9-46,01KJN791EPN054R2NTQQ1BFXJ5,01KJN78JVY5FN5QXW9XGGE72RG,A,A,1,0.25,01KJN78JVY5FN5QXW9XGGE72RG_01KJN791EPN054R2NTQQ1BFXJ5,phase1_final,10,4
01KJN6MMPQTMDYRN709968YFN1,page9-46,01KJN791EPN054R2NTQQ1BFXJ5,01KJN79ZDP3YNFFHHQA302PJDP,A,C,0,0.15384615384615385,01KJN791EPN054R2NTQQ1BFXJ5_01KJN79ZDP3YNFFHHQA302PJDP,phase1_final,10,13
01KJN6MMPQTMDYRN709968YFN1,page9-46,01KJN796KT7FCNV2F9QNCQDSES,01KJN78CQJ3KY7VMGAR6F3D4S0,C,B,0,0.0,01KJN78CQJ3KY7VMGAR6F3D4S0_01KJN796KT7FCNV2F9QNCQDSES,phase1_final,8,4
01KJN6MMPQTMDYRN709968YFN1,page9-46,01KJN796KT7FCNV2F9QNCQDSES,01KJN78JVY5FN5QXW9XGGE72RG,C,A,0,0.25,01KJN78JVY5FN5QXW9XGGE72RG_01KJN796KT7FCNV2F9QNCQDSES,phase1_final,8,4
01KJN6MMPQTMDYRN709968YFN1,page9-46,01KJN796KT7FCNV2F9QNCQDSES,01KJN79ZDP3YNFFHHQA302PJDP,C,C,1,0.15384615384615385,01KJN796KT7FCNV2F9QNCQDSES_01KJN79ZDP3YNFFHHQA302PJDP,phase1_final,8,13
01KJN6MMPQTMDYRN709968YFN1,page9-46,01KJN78CQJ3KY7VMGAR6F3D4S0,01KJN78JVY5FN5QXW9XGGE72RG,B,A,0,0.16666666666666666,01KJN78CQJ3KY7VMGAR6F3D4S0_01KJN78JVY5FN5QXW9XGGE72RG,phase1_final,4,4
01KJN6MMPQTMDYRN709968YFN1,page9-46,01KJN78CQJ3KY7VMGAR6F3D4S0,01KJN79ZDP3YNFFHHQA302PJDP,B,C,0,0.0,01KJN78CQJ3KY7VMGAR6F3D4S0_01KJN79ZDP3YNFFHHQA302PJDP,phase1_final,4,13
01KJN6MMPQTMDYRN709968YFN1,page9-46,01KJN78JVY5FN5QXW9XGGE72RG,01KJN79ZDP3YNFFHHQA302PJDP,A,C,0,0.1,01KJN78JVY5FN5QXW9XGGE72RG_01KJN79ZDP3YNFFHHQA302PJDP,phase1_final,4,13
01KJN6MMPQTMDYRN709DP5DSDA,page-B,01KJN79PCAAMFX7P2QF70Y3HJM,01KJN79ZQD1E4YD03FE5CGJY8K,A,C,0,0.2222222222222222,01KJN79PCAAMFX7P2QF70Y3HJM_01KJN79ZQD1E4YD03FE5CGJY8K,phase1_final,7,6
01KJN6MMPQTMDYRN709DP5DSDA,page-B,01KJN79PCAAMFX7P2QF70Y3HJM,01KJN7B4V2673GK7HGVSG52R2P,A,B,0,0.42857142857142855,01KJN79PCAAMFX7P2QF70Y3HJM_01KJN7B4V2673GK7HGVSG52R2P,phase1_final,7,11
01KJN6MMPQTMDYRN709DP5DSDA,page-B,01KJN79PCAAMFX7P2QF70Y3HJM,01KJN77XQHYQ5TVVY4HZM02E7R,A,C,0,0.125,01KJN77XQHYQ5TVVY4HZM02E7R_01KJN79PCAAMFX7P2QF70Y3HJM,phase1_final,7,4
01KJN6MMPQTMDYRN709DP5DSDA,page-B,01KJN79PCAAMFX7P2QF70Y3HJM,01KJN79ZRTRDMY6RH8ZCYCM9NV,A,A,1,0.6666666666666666,01KJN79PCAAMFX7P2QF70Y3HJM_01KJN79ZRTRDMY6RH8ZCYCM9NV,phase1_final,7,7
01KJN6MMPQTMDYRN709DP5DSDA,page-B,01KJN79PCAAMFX7P2QF70Y3HJM,01KJN7AAWT4GWKRZ7B9775509P,A,B,0,0.125,01KJN79PCAAMFX7P2QF70Y3HJM_01KJN7AAWT4GWKRZ7B9775509P,phase1_final,7,9
01KJN6MMPQTMDYRN709DP5DSDA,page-B,01KJN79PCAAMFX7P2QF70Y3HJM,01KJN7931DXZ65NXTWK1GNEZMW,A,C,0,0.125,01KJN7931DXZ65NXTWK1GNEZMW_01KJN79PCAAMFX7P2QF70Y3HJM,phase1_final,7,4
01KJN6MMPQTMDYRN709DP5DSDA,page-B,01KJN79PCAAMFX7P2QF70Y3HJM,01KJN7B32C1C5254NSG6ZK1GRK,A,A,1,0.6666666666666666,01KJN79PCAAMFX7P2QF70Y3HJM_01KJN7B32C1C5254NSG6ZK1GRK,phase1_final,7,6
01KJN6MMPQTMDYRN709DP5DSDA,page-B,01KJN79PCAAMFX7P2QF70Y3HJM,01KJN7BYA5X3A2G30KZECRY2HY,A,B,0,0.1111111111111111,01KJN79PCAAMFX7P2QF70Y3HJM_01KJN7BYA5X3A2G30KZECRY2HY,phase1_final,7,9
01KJN6MMPQTMDYRN709DP5DSDA,page-B,01KJN79ZQD1E4YD03FE5CGJY8K,01KJN7B4V2673GK7HGVSG52R2P,C,B,0,0.2222222222222222,01KJN79ZQD1E4YD03FE5CGJY8K_01KJN7B4V2673GK7HGVSG52R2P,phase1_final,6,11
01KJN6MMPQTMDYRN709DP5DSDA,page-B,01KJN79ZQD1E4YD03FE5CGJY8K,01KJN77XQHYQ5TVVY4HZM02E7R,C,C,1,0.6666666666666666,01KJN77XQHYQ5TVVY4HZM02E7R_01KJN79ZQD1E4YD03FE5CGJY8K,phase1_final,6,4
01KJN6MMPQTMDYRN709DP5DSDA,page-B,01KJN79ZQD1E4YD03FE5CGJY8K,01KJN79ZRTRDMY6RH8ZCYCM9NV,C,A,0,0.375,01KJN79ZQD1E4YD03FE5CGJY8K_01KJN79ZRTRDMY6RH8ZCYCM9NV,phase1_final,6,7
01KJN6MMPQTMDYRN709DP5DSDA,page-B,01KJN79ZQD1E4YD03FE5CGJY8K,01KJN7AAWT4GWKRZ7B9775509P,C,B,0,0.1111111111111111,01KJN79ZQD1E4YD03FE5CGJY8K_01KJN7AAWT4GWKRZ7B9775509P,phase1_final,6,9
01KJN6MMPQTMDYRN709DP5DSDA,page-B,01KJN79ZQD1E4YD03FE5CGJY8K,01KJN7931DXZ65NXTWK1GNEZMW,C,C,1,0.6666666666666666,01KJN7931DXZ65NXTWK1GNEZMW_01KJN79ZQD1E4YD03FE5CGJY8K,phase1_final,6,4
01KJN6MMPQTMDYRN709DP5DSDA,page-B,01KJN79ZQD1E4YD03FE5CGJY8K,01KJN7B32C1C5254NSG6ZK1GRK,C,A,0,0.2222222222222222,01KJN79ZQD1E4YD03FE5CGJY8K_01KJN7B32C1C5254NSG6ZK1GRK,phase1_final,6,6
01KJN6MMPQTMDYRN709DP5DSDA,page-B,01KJN79ZQD1E4YD03FE5CGJY8K,01KJN7BYA5X3A2G30KZECRY2HY,C,B,0,0.1,01KJN79ZQD1E4YD03FE5CGJY8K_01KJN7BYA5X3A2G30KZECRY2HY,phase1_final,6,9
01KJN6MMPQTMDYRN709DP5DSDA,page-B,01KJN7B4V2673GK7HGVSG52R2P,01KJN77XQHYQ5TVVY4HZM02E7R,B,C,0,0.125,01KJN77XQHYQ5TVVY4HZM02E7R_01KJN7B4V2673GK7HGVSG52R2P,phase1_final,11,4
01KJN6MMPQTMDYRN709DP5DSDA,page-B,01KJN7B4V2673GK7HGVSG52R2P,01KJN79ZRTRDMY6RH8ZCYCM9NV,B,A,0,0.42857142857142855,01KJN79ZRTRDMY6RH8ZCYCM9NV_01KJN7B4V2673GK7HGVSG52R2P,phase1_final,11,7
01KJN6MMPQTMDYRN709DP5DSDA,page-B,01KJN7B4V2673GK7HGVSG52R2P,01KJN7AAWT4GWKRZ7B9775509P,B,B,1,0.2857142857142857,01KJN7AAWT4GWKRZ7B9775509P_01KJN7B4V2673GK7HGVSG52R2P,phase1_final,11,9
01KJN6MMPQTMDYRN709DP5DSDA,page-B,01KJN7B4V2673GK7HGVSG52R2P,01KJN7931DXZ65NXTWK1GNEZMW,B,C,0,0.125,01KJN7931DXZ65NXTWK1GNEZMW_01KJN7B4V2673GK7HGVSG52R2P,phase1_final,11,4
01KJN6MMPQTMDYRN709DP5DSDA,page-B,01KJN7B4V2673GK7HGVSG52R2P,01KJN7B32C1C5254NSG6ZK1GRK,B,A,0,0.42857142857142855,01KJN7B32C1C5254NSG6ZK1GRK_01KJN7B4V2673GK7HGVSG52R2P,phase1_final,11,6
01KJN6MMPQTMDYRN709DP5DSDA,page-B,01KJN7B4V2673GK7HGVSG52R2P,01KJN7BYA5X3A2G30KZECRY2HY,B,B,1,0.25,01KJN7B4V2673GK7HGVSG52R2P_01KJN7BYA5X3A2G30KZECRY2HY,phase1_final,11,9
01KJN6MMPQTMDYRN709DP5DSDA,page-B,01KJN77XQHYQ5TVVY4HZM02E7R,01KJN79ZRTRDMY6RH8ZCYCM9NV,C,A,0,0.2857142857142857,01KJN77XQHYQ5TVVY4HZM02E7R_01KJN79ZRTRDMY6RH8ZCYCM9NV,phase1_final,4,7
01KJN6MMPQTMDYRN709DP5DSDA,page-B,01KJN77XQHYQ5TVVY4HZM02E7R,01KJN7AAWT4GWKRZ7B9775509P,C,B,0,0.14285714285714285,01KJN77XQHYQ5TVVY4HZM02E7R_01KJN7AAWT4GWKRZ7B9775509P,phase1_final,4,9
01KJN6MMPQTMDYRN709DP5DSDA,page-B,01KJN77XQHYQ5TVVY4HZM02E7R,01KJN7931DXZ65NXTWK1GNEZMW,C,C,1,1.0,01KJN77XQHYQ5TVVY4HZM02E7R_01KJN7931DXZ65NXTWK1GNEZMW,phase1_final,4,4
01KJN6MMPQTMDYRN709DP5DSDA,page-B,01KJN77XQHYQ5TVVY4HZM02E7R,01KJN7B32C1C5254NSG6ZK1GRK,C,A,0,0.125,01KJN77XQHYQ5TVVY4HZM02E7R_01KJN7B32C1C5254NSG6ZK1GRK,phase1_final,4,6
01KJN6MMPQTMDYRN709DP5DSDA,page-B,01KJN77XQHYQ5TVVY4HZM02E7R,01KJN7BYA5X3A2G30KZECRY2HY,C,B,0,0.125,01KJN77XQHYQ5TVVY4HZM02E7R_01KJN7BYA5X3A2G30KZECRY2HY,phase1_final,4,9
01KJN6MMPQTMDYRN709DP5DSDA,page-B,01KJN79ZRTRDMY6RH8ZCYCM9NV,01KJN7AAWT4GWKRZ7B9775509P,A,B,0,0.125,01KJN79ZRTRDMY6RH8ZCYCM9NV_01KJN7AAWT4GWKRZ7B9775509P,phase1_final,7,9
01KJN6MMPQTMDYRN709DP5DSDA,page-B,01KJN79ZRTRDMY6RH8ZCYCM9NV,01KJN7931DXZ65NXTWK1GNEZMW,A,C,0,0.2857142857142857,01KJN7931DXZ65NXTWK1GNEZMW_01KJN79ZRTRDMY6RH8ZCYCM9NV,phase1_final,7,4
01KJN6MMPQTMDYRN709DP5DSDA,page-B,01KJN79ZRTRDMY6RH8ZCYCM9NV,01KJN7B32C1C5254NSG6ZK1GRK,A,A,1,0.6666666666666666,01KJN79ZRTRDMY6RH8ZCYCM9NV_01KJN7B32C1C5254NSG6ZK1GRK,phase1_final,7,6
01KJN6MMPQTMDYRN709DP5DSDA,page-B,01KJN79ZRTRDMY6RH8ZCYCM9NV,01KJN7BYA5X3A2G30KZECRY2HY,A,B,0,0.1111111111111111,01KJN79ZRTRDMY6RH8ZCYCM9NV_01KJN7BYA5X3A2G30KZECRY2HY,phase1_final,7,9
01KJN6MMPQTMDYRN709DP5DSDA,page-B,01KJN7AAWT4GWKRZ7B9775509P,01KJN7931DXZ65NXTWK1GNEZMW,B,C,0,0.14285714285714285,01KJN7931DXZ65NXTWK1GNEZMW_01KJN7AAWT4GWKRZ7B9775509P,phase1_final,9,4
01KJN6MMPQTMDYRN709DP5DSDA,page-B,01KJN7AAWT4GWKRZ7B9775509P,01KJN7B32C1C5254NSG6ZK1GRK,B,A,0,0.125,01KJN7AAWT4GWKRZ7B9775509P_01KJN7B32C1C5254NSG6ZK1GRK,phase1_final,9,6
01KJN6MMPQTMDYRN709DP5DSDA,page-B,01KJN7AAWT4GWKRZ7B9775509P,01KJN7BYA5X3A2G30KZECRY2HY,B,B,1,0.8,01KJN7AAWT4GWKRZ7B9775509P_01KJN7BYA5X3A2G30KZECRY2HY,phase1_final,9,9
01KJN6MMPQTMDYRN709DP5DSDA,page-B,01KJN7931DXZ65NXTWK1GNEZMW,01KJN7B32C1C5254NSG6ZK1GRK,C,A,0,0.125,01KJN7931DXZ65NXTWK1GNEZMW_01KJN7B32C1C5254NSG6ZK1GRK,phase1_final,4,6
01KJN6MMPQTMDYRN709DP5DSDA,page-B,01KJN7931DXZ65NXTWK1GNEZMW,01KJN7BYA5X3A2G30KZECRY2HY,C,B,0,0.125,01KJN7931DXZ65NXTWK1GNEZMW_01KJN7BYA5X3A2G30KZECRY2HY,phase1_final,4,9
01KJN6MMPQTMDYRN709DP5DSDA,page-B,01KJN7B32C1C5254NSG6ZK1GRK,01KJN7BYA5X3A2G30KZECRY2HY,A,B,0,0.1111111111111111,01KJN7B32C1C5254NSG6ZK1GRK_01KJN7BYA5X3A2G30KZECRY2HY,phase1_final,6,9
01KJN6MMPQTMDYRN709DP5DSDA,page3-35,01KJN79PCAAMFX7P2QF70Y3HJM,01KJN79ZQD1E4YD03FE5CGJY8K,A,C,0,0.0,01KJN79PCAAMFX7P2QF70Y3HJM_01KJN79ZQD1E4YD03FE5CGJY8K,phase1_final,1,4
01KJN6MMPQTMDYRN709DP5DSDA,page3-35,01KJN79PCAAMFX7P2QF70Y3HJM,01KJN7B4V2673GK7HGVSG52R2P,A,B,0,0.0,01KJN79PCAAMFX7P2QF70Y3HJM_01KJN7B4V2673GK7HGVSG52R2P,phase1_final,1,1
01KJN6MMPQTMDYRN709DP5DSDA,page3-35,01KJN79PCAAMFX7P2QF70Y3HJM,01KJN77XQHYQ5TVVY4HZM02E7R,A,C,0,0.0,01KJN77XQHYQ5TVVY4HZM02E7R_01KJN79PCAAMFX7P2QF70Y3HJM,phase1_final,1,1
01KJN6MMPQTMDYRN709DP5DSDA,page3-35,01KJN79PCAAMFX7P2QF70Y3HJM,01KJN79ZRTRDMY6RH8ZCYCM9NV,A,A,1,0.0,01KJN79PCAAMFX7P2QF70Y3HJM_01KJN79ZRTRDMY6RH8ZCYCM9NV,phase1_final,1,1
01KJN6MMPQTMDYRN709DP5DSDA,page3-35,01KJN79PCAAMFX7P2QF70Y3HJM,01KJN7AAWT4GWKRZ7B9775509P,A,B,0,0.0,01KJN79PCAAMFX7P2QF70Y3HJM_01KJN7AAWT4GWKRZ7B9775509P,phase1_final,1,1
01KJN6MMPQTMDYRN709DP5DSDA,page3-35,01KJN79PCAAMFX7P2QF70Y3HJM,01KJN7931DXZ65NXTWK1GNEZMW,A,C,0,0.0,01KJN7931DXZ65NXTWK1GNEZMW_01KJN79PCAAMFX7P2QF70Y3HJM,phase1_final,1,5
01KJN6MMPQTMDYRN709DP5DSDA,page3-35,01KJN79PCAAMFX7P2QF70Y3HJM,01KJN7B32C1C5254NSG6ZK1GRK,A,A,1,1.0,01KJN79PCAAMFX7P2QF70Y3HJM_01KJN7B32C1C5254NSG6ZK1GRK,phase1_final,1,1
01KJN6MMPQTMDYRN709DP5DSDA,page3-35,01KJN79PCAAMFX7P2QF70Y3HJM,01KJN7BYA5X3A2G30KZECRY2HY,A,B,0,0.0,01KJN79PCAAMFX7P2QF70Y3HJM_01KJN7BYA5X3A2G30KZECRY2HY,phase1_final,1,1
01KJN6MMPQTMDYRN709DP5DSDA,page3-35,01KJN79ZQD1E4YD03FE5CGJY8K,01KJN7B4V2673GK7HGVSG52R2P,C,B,0,0.0,01KJN79ZQD1E4YD03FE5CGJY8K_01KJN7B4V2673GK7HGVSG52R2P,phase1_final,4,1
01KJN6MMPQTMDYRN709DP5DSDA,page3-35,01KJN79ZQD1E4YD03FE5CGJY8K,01KJN77XQHYQ5TVVY4HZM02E7R,C,C,1,0.0,01KJN77XQHYQ5TVVY4HZM02E7R_01KJN79ZQD1E4YD03FE5CGJY8K,phase1_final,4,1
01KJN6MMPQTMDYRN709DP5DSDA,page3-35,01KJN79ZQD1E4YD03FE5CGJY8K,01KJN79ZRTRDMY6RH8ZCYCM9NV,C,A,0,0.0,01KJN79ZQD1E4YD03FE5CGJY8K_01KJN79ZRTRDMY6RH8ZCYCM9NV,phase1_final,4,1
01KJN6MMPQTMDYRN709DP5DSDA,page3-35,01KJN79ZQD1E4YD03FE5CGJY8K,01KJN7AAWT4GWKRZ7B9775509P,C,B,0,0.0,01KJN79ZQD1E4YD03FE5CGJY8K_01KJN7AAWT4GWKRZ7B9775509P,phase1_final,4,1
01KJN6MMPQTMDYRN709DP5DSDA,page3-35,01KJN79ZQD1E4YD03FE5CGJY8K,01KJN7931DXZ65NXTWK1GNEZMW,C,C,1,0.14285714285714285,01KJN7931DXZ65NXTWK1GNEZMW_01KJN79ZQD1E4YD03FE5CGJY8K,phase1_final,4,5
01KJN6MMPQTMDYRN709DP5DSDA,page3-35,01KJN79ZQD1E4YD03FE5CGJY8K,01KJN7B32C1C5254NSG6ZK1GRK,C,A,0,0.0,01KJN79ZQD1E4YD03FE5CGJY8K_01KJN7B32C1C5254NSG6ZK1GRK,phase1_final,4,1
01KJN6MMPQTMDYRN709DP5DSDA,page3-35,01KJN79ZQD1E4YD03FE5CGJY8K,01KJN7BYA5X3A2G30KZECRY2HY,C,B,0,0.0,01KJN79ZQD1E4YD03FE5CGJY8K_01KJN7BYA5X3A2G30KZECRY2HY,phase1_final,4,1
01KJN6MMPQTMDYRN709DP5DSDA,page3-35,01KJN7B4V2673GK7HGVSG52R2P,01KJN77XQHYQ5TVVY4HZM02E7R,B,C,0,0.0,01KJN77XQHYQ5TVVY4HZM02E7R_01KJN7B4V2673GK7HGVSG52R2P,phase1_final,1,1
01KJN6MMPQTMDYRN709DP5DSDA,page3-35,01KJN7B4V2673GK7HGVSG52R2P,01KJN79ZRTRDMY6RH8ZCYCM9NV,B,A,0,0.0,01KJN79ZRTRDMY6RH8ZCYCM9NV_01KJN7B4V2673GK7HGVSG52R2P,phase1_final,1,1
01KJN6MMPQTMDYRN709DP5DSDA,page3-35,01KJN7B4V2673GK7HGVSG52R2P,01KJN7AAWT4GWKRZ7B9775509P,B,B,1,1.0,01KJN7AAWT4GWKRZ7B9775509P_01KJN7B4V2673GK7HGVSG52R2P,phase1_final,1,1
01KJN6MMPQTMDYRN709DP5DSDA,page3-35,01KJN7B4V2673GK7HGVSG52R2P,01KJN7931DXZ65NXTWK1GNEZMW,B,C,0,0.0,01KJN7931DXZ65NXTWK1GNEZMW_01KJN7B4V2673GK7HGVSG52R2P,phase1_final,1,5
01KJN6MMPQTMDYRN709DP5DSDA,page3-35,01KJN7B4V2673GK7HGVSG52R2P,01KJN7B32C1C5254NSG6ZK1GRK,B,A,0,0.0,01KJN7B32C1C5254NSG6ZK1GRK_01KJN7B4V2673GK7HGVSG52R2P,phase1_final,1,1
01KJN6MMPQTMDYRN709DP5DSDA,page3-35,01KJN7B4V2673GK7HGVSG52R2P,01KJN7BYA5X3A2G30KZECRY2HY,B,B,1,1.0,01KJN7B4V2673GK7HGVSG52R2P_01KJN7BYA5X3A2G30KZECRY2HY,phase1_final,1,1
01KJN6MMPQTMDYRN709DP5DSDA,page3-35,01KJN77XQHYQ5TVVY4HZM02E7R,01KJN79ZRTRDMY6RH8ZCYCM9NV,C,A,0,0.0,01KJN77XQHYQ5TVVY4HZM02E7R_01KJN79ZRTRDMY6RH8ZCYCM9NV,phase1_final,1,1
01KJN6MMPQTMDYRN709DP5DSDA,page3-35,01KJN77XQHYQ5TVVY4HZM02E7R,01KJN7AAWT4GWKRZ7B9775509P,C,B,0,0.0,01KJN77XQHYQ5TVVY4HZM02E7R_01KJN7AAWT4GWKRZ7B9775509P,phase1_final,1,1
01KJN6MMPQTMDYRN709DP5DSDA,page3-35,01KJN77XQHYQ5TVVY4HZM02E7R,01KJN7931DXZ65NXTWK1GNEZMW,C,C,1,0.0,01KJN77XQHYQ5TVVY4HZM02E7R_01KJN7931DXZ65NXTWK1GNEZMW,phase1_final,1,5
01KJN6MMPQTMDYRN709DP5DSDA,page3-35,01KJN77XQHYQ5TVVY4HZM02E7R,01KJN7B32C1C5254NSG6ZK1GRK,C,A,0,0.0,01KJN77XQHYQ5TVVY4HZM02E7R_01KJN7B32C1C5254NSG6ZK1GRK,phase1_final,1,1
01KJN6MMPQTMDYRN709DP5DSDA,page3-35,01KJN77XQHYQ5TVVY4HZM02E7R,01KJN7BYA5X3A2G30KZECRY2HY,C,B,0,0.0,01KJN77XQHYQ5TVVY4HZM02E7R_01KJN7BYA5X3A2G30KZECRY2HY,phase1_final,1,1
01KJN6MMPQTMDYRN709DP5DSDA,page3-35,01KJN79ZRTRDMY6RH8ZCYCM9NV,01KJN7AAWT4GWKRZ7B9775509P,A,B,0,0.0,01KJN79ZRTRDMY6RH8ZCYCM9NV_01KJN7AAWT4GWKRZ7B9775509P,phase1_final,1,1
01KJN6MMPQTMDYRN709DP5DSDA,page3-35,01KJN79ZRTRDMY6RH8ZCYCM9NV,01KJN7931DXZ65NXTWK1GNEZMW,A,C,0,0.0,01KJN7931DXZ65NXTWK1GNEZMW_01KJN79ZRTRDMY6RH8ZCYCM9NV,phase1_final,1,5
01KJN6MMPQTMDYRN709DP5DSDA,page3-35,01KJN79ZRTRDMY6RH8ZCYCM9NV,01KJN7B32C1C5254NSG6ZK1GRK,A,A,1,0.0,01KJN79ZRTRDMY6RH8ZCYCM9NV_01KJN7B32C1C5254NSG6ZK1GRK,phase1_final,1,1
01KJN6MMPQTMDYRN709DP5DSDA,page3-35,01KJN79ZRTRDMY6RH8ZCYCM9NV,01KJN7BYA5X3A2G30KZECRY2HY,A,B,0,0.0,01KJN79ZRTRDMY6RH8ZCYCM9NV_01KJN7BYA5X3A2G30KZECRY2HY,phase1_final,1,1
01KJN6MMPQTMDYRN709DP5DSDA,page3-35,01KJN7AAWT4GWKRZ7B9775509P,01KJN7931DXZ65NXTWK1GNEZMW,B,C,0,0.0,01KJN7931DXZ65NXTWK1GNEZMW_01KJN7AAWT4GWKRZ7B9775509P,phase1_final,1,5
01KJN6MMPQTMDYRN709DP5DSDA,page3-35,01KJN7AAWT4GWKRZ7B9775509P,01KJN7B32C1C5254NSG6ZK1GRK,B,A,0,0.0,01KJN7AAWT4GWKRZ7B9775509P_01KJN7B32C1C5254NSG6ZK1GRK,phase1_final,1,1
01KJN6MMPQTMDYRN709DP5DSDA,page3-35,01KJN7AAWT4GWKRZ7B9775509P,01KJN7BYA5X3A2G30KZECRY2HY,B,B,1,1.0,01KJN7AAWT4GWKRZ7B9775509P_01KJN7BYA5X3A2G30KZECRY2HY,phase1_final,1,1
01KJN6MMPQTMDYRN709DP5DSDA,page3-35,01KJN7931DXZ65NXTWK1GNEZMW,01KJN7B32C1C5254NSG6ZK1GRK,C,A,0,0.0,01KJN7931DXZ65NXTWK1GNEZMW_01KJN7B32C1C5254NSG6ZK1GRK,phase1_final,5,1
01KJN6MMPQTMDYRN709DP5DSDA,page3-35,01KJN7931DXZ65NXTWK1GNEZMW,01KJN7BYA5X3A2G30KZECRY2HY,C,B,0,0.0,01KJN7931DXZ65NXTWK1GNEZMW_01KJN7BYA5X3A2G30KZECRY2HY,phase1_final,5,1
01KJN6MMPQTMDYRN709DP5DSDA,page3-35,01KJN7B32C1C5254NSG6ZK1GRK,01KJN7BYA5X3A2G30KZECRY2HY,A,B,0,0.0,01KJN7B32C1C5254NSG6ZK1GRK_01KJN7BYA5X3A2G30KZECRY2HY,phase1_final,1,1
01KJN6MMPQTMDYRN709DP5DSDA,page5-28,01KJN79PCAAMFX7P2QF70Y3HJM,01KJN79ZQD1E4YD03FE5CGJY8K,A,C,0,0.0,01KJN79PCAAMFX7P2QF70Y3HJM_01KJN79ZQD1E4YD03FE5CGJY8K,phase1_final,1,3
01KJN6MMPQTMDYRN709DP5DSDA,page5-28,01KJN79PCAAMFX7P2QF70Y3HJM,01KJN7B4V2673GK7HGVSG52R2P,A,B,0,0.0,01KJN79PCAAMFX7P2QF70Y3HJM_01KJN7B4V2673GK7HGVSG52R2P,phase1_final,1,10
01KJN6MMPQTMDYRN709DP5DSDA,page5-28,01KJN79PCAAMFX7P2QF70Y3HJM,01KJN77XQHYQ5TVVY4HZM02E7R,A,C,0,0.0,01KJN77XQHYQ5TVVY4HZM02E7R_01KJN79PCAAMFX7P2QF70Y3HJM,phase1_final,1,2
01KJN6MMPQTMDYRN709DP5DSDA,page5-28,01KJN79PCAAMFX7P2QF70Y3HJM,01KJN79ZRTRDMY6RH8ZCYCM9NV,A,A,1,1.0,01KJN79PCAAMFX7P2QF70Y3HJM_01KJN79ZRTRDMY6RH8ZCYCM9NV,phase1_final,1,1
01KJN6MMPQTMDYRN709DP5DSDA,page5-28,01KJN79PCAAMFX7P2QF70Y3HJM,01KJN7AAWT4GWKRZ7B9775509P,A,B,0,0.0,01KJN79PCAAMFX7P2QF70Y3HJM_01KJN7AAWT4GWKRZ7B9775509P,phase1_final,1,8
01KJN6MMPQTMDYRN709DP5DSDA,page5-28,01KJN79PCAAMFX7P2QF70Y3HJM,01KJN7931DXZ65NXTWK1GNEZMW,A,C,0,0.0,01KJN7931DXZ65NXTWK1GNEZMW_01KJN79PCAAMFX7P2QF70Y3HJM,phase1_final,1,3
01KJN6MMPQTMDYRN709DP5DSDA,page5-28,01KJN79PCAAMFX7P2QF70Y3HJM,01KJN7B32C1C5254NSG6ZK1GRK,A,A,1,1.0,01KJN79PCAAMFX7P2QF70Y3HJM_01KJN7B32C1C5254NSG6ZK1GRK,phase1_final,1,1
01KJN6MMPQTMDYRN709DP5DSDA,page5-28,01KJN79PCAAMFX7P2QF70Y3HJM,01KJN7BYA5X3A2G30KZECRY2HY,A,B,0,0.0,01KJN79PCAAMFX7P2QF70Y3HJM_01KJN7BYA5X3A2G30KZECRY2HY,phase1_final,1,7
01KJN6MMPQTMDYRN709DP5DSDA,page5-28,01KJN79ZQD1E4YD03FE5CGJY8K,01KJN7B4V2673GK7HGVSG52R2P,C,B,0,0.0,01KJN79ZQD1E4YD03FE5CGJY8K_01KJN7B4V2673GK7HGVSG52R2P,phase1_final,3,10
01KJN6MMPQTMDYRN709DP5DSDA,page5-28,01KJN79ZQD1E4YD03FE5CGJY8K,01KJN77XQHYQ5TVVY4HZM02E7R,C,C,1,0.25,01KJN77XQHYQ5TVVY4HZM02E7R_01KJN79ZQD1E4YD03FE5CGJY8K,phase1_final,3,2
01KJN6MMPQTMDYRN709DP5DSDA,page5-28,01KJN79ZQD1E4YD03FE5CGJY8K,01KJN79ZRTRDMY6RH8ZCYCM9NV,C,A,0,0.0,01KJN79ZQD1E4YD03FE5CGJY8K_01KJN79ZRTRDMY6RH8ZCYCM9NV,phase1_final,3,1
01KJN6MMPQTMDYRN709DP5DSDA,page5-28,01KJN79ZQD1E4YD03FE5CGJY8K,01KJN7AAWT4GWKRZ7B9775509P,C,B,0,0.0,01KJN79ZQD1E4YD03FE5CGJY8K_01KJN7AAWT4GWKRZ7B9775509P,phase1_final,3,8
01KJN6MMPQTMDYRN709DP5DSDA,page5-28,01KJN79ZQD1E4YD03FE5CGJY8K,01KJN7931DXZ65NXTWK1GNEZMW,C,C,1,1.0,01KJN7931DXZ65NXTWK1GNEZMW_01KJN79ZQD1E4YD03FE5CGJY8K,phase1_final,3,3
01KJN6MMPQTMDYRN709DP5DSDA,page5-28,01KJN79ZQD1E4YD03FE5CGJY8K,01KJN7B32C1C5254NSG6ZK1GRK,C,A,0,0.0,01KJN79ZQD1E4YD03FE5CGJY8K_01KJN7B32C1C5254NSG6ZK1GRK,phase1_final,3,1
01KJN6MMPQTMDYRN709DP5DSDA,page5-28,01KJN79ZQD1E4YD03FE5CGJY8K,01KJN7BYA5X3A2G30KZECRY2HY,C,B,0,0.0,01KJN79ZQD1E4YD03FE5CGJY8K_01KJN7BYA5X3A2G30KZECRY2HY,phase1_final,3,7
01KJN6MMPQTMDYRN709DP5DSDA,page5-28,01KJN7B4V2673GK7HGVSG52R2P,01KJN77XQHYQ5TVVY4HZM02E7R,B,C,0,0.0,01KJN77XQHYQ5TVVY4HZM02E7R_01KJN7B4V2673GK7HGVSG52R2P,phase1_final,10,2
01KJN6MMPQTMDYRN709DP5DSDA,page5-28,01KJN7B4V2673GK7HGVSG52R2P,01KJN79ZRTRDMY6RH8ZCYCM9NV,B,A,0,0.0,01KJN79ZRTRDMY6RH8ZCYCM9NV_01KJN7B4V2673GK7HGVSG52R2P,phase1_final,10,1
01KJN6MMPQTMDYRN709DP5DSDA,page5-28,01KJN7B4V2673GK7HGVSG52R2P,01KJN7AAWT4GWKRZ7B9775509P,B,B,1,0.5,01KJN7AAWT4GWKRZ7B9775509P_01KJN7B4V2673GK7HGVSG52R2P,phase1_final,10,8
01KJN6MMPQTMDYRN709DP5DSDA,page5-28,01KJN7B4V2673GK7HGVSG52R2P,01KJN7931DXZ65NXTWK1GNEZMW,B,C,0,0.0,01KJN7931DXZ65NXTWK1GNEZMW_01KJN7B4V2673GK7HGVSG52R2P,phase1_final,10,3
01KJN6MMPQTMDYRN709DP5DSDA,page5-28,01KJN7B4V2673GK7HGVSG52R2P,01KJN7B32C1C5254NSG6ZK1GRK,B,A,0,0.0,01KJN7B32C1C5254NSG6ZK1GRK_01KJN7B4V2673GK7HGVSG52R2P,phase1_final,10,1
01KJN6MMPQTMDYRN709DP5DSDA,page5-28,01KJN7B4V2673GK7HGVSG52R2P,01KJN7BYA5X3A2G30KZECRY2HY,B,B,1,0.3333333333333333,01KJN7B4V2673GK7HGVSG52R2P_01KJN7BYA5X3A2G30KZECRY2HY,phase1_final,10,7
01KJN6MMPQTMDYRN709DP5DSDA,page5-28,01KJN77XQHYQ5TVVY4HZM02E7R,01KJN79ZRTRDMY6RH8ZCYCM9NV,C,A,0,0.0,01KJN77XQHYQ5TVVY4HZM02E7R_01KJN79ZRTRDMY6RH8ZCYCM9NV,phase1_final,2,1
01KJN6MMPQTMDYRN709DP5DSDA,page5-28,01KJN77XQHYQ5TVVY4HZM02E7R,01KJN7AAWT4GWKRZ7B9775509P,C,B,0,0.0,01KJN77XQHYQ5TVVY4HZM02E7R_01KJN7AAWT4GWKRZ7B9775509P,phase1_final,2,8
01KJN6MMPQTMDYRN709DP5DSDA,page5-28,01KJN77XQHYQ5TVVY4HZM02E7R,01KJN7931DXZ65NXTWK1GNEZMW,C,C,1,0.25,01KJN77XQHYQ5TVVY4HZM02E7R_01KJN7931DXZ65NXTWK1GNEZMW,phase1_final,2,3
01KJN6MMPQTMDYRN709DP5DSDA,page5-28,01KJN77XQHYQ5TVVY4HZM02E7R,01KJN7B32C1C5254NSG6ZK1GRK,C,A,0,0.0,01KJN77XQHYQ5TVVY4HZM02E7R_01KJN7B32C1C5254NSG6ZK1GRK,phase1_final,2,1
01KJN6MMPQTMDYRN709DP5DSDA,page5-28,01KJN77XQHYQ5TVVY4HZM02E7R,01KJN7BYA5X3A2G30KZECRY2HY,C,B,0,0.0,01KJN77XQHYQ5TVVY4HZM02E7R_01KJN7BYA5X3A2G30KZECRY2HY,phase1_final,2,7
01KJN6MMPQTMDYRN709DP5DSDA,page5-28,01KJN79ZRTRDMY6RH8ZCYCM9NV,01KJN7AAWT4GWKRZ7B9775509P,A,B,0,0.0,01KJN79ZRTRDMY6RH8ZCYCM9NV_01KJN7AAWT4GWKRZ7B9775509P,phase1_final,1,8
01KJN6MMPQTMDYRN709DP5DSDA,page5-28,01KJN79ZRTRDMY6RH8ZCYCM9NV,01KJN7931DXZ65NXTWK1GNEZMW,A,C,0,0.0,01KJN7931DXZ65NXTWK1GNEZMW_01KJN79ZRTRDMY6RH8ZCYCM9NV,phase1_final,1,3
01KJN6MMPQTMDYRN709DP5DSDA,page5-28,01KJN79ZRTRDMY6RH8ZCYCM9NV,01KJN7B32C1C5254NSG6ZK1GRK,A,A,1,1.0,01KJN79ZRTRDMY6RH8ZCYCM9NV_01KJN7B32C1C5254NSG6ZK1GRK,phase1_final,1,1
01KJN6MMPQTMDYRN709DP5DSDA,page5-28,01KJN79ZRTRDMY6RH8ZCYCM9NV,01KJN7BYA5X3A2G30KZECRY2HY,A,B,0,0.0,01KJN79ZRTRDMY6RH8ZCYCM9NV_01KJN7BYA5X3A2G30KZECRY2HY,phase1_final,1,7
01KJN6MMPQTMDYRN709DP5DSDA,page5-28,01KJN7AAWT4GWKRZ7B9775509P,01KJN7931DXZ65NXTWK1GNEZMW,B,C,0,0.0,01KJN7931DXZ65NXTWK1GNEZMW_01KJN7AAWT4GWKRZ7B9775509P,phase1_final,8,3
01KJN6MMPQTMDYRN709DP5DSDA,page5-28,01KJN7AAWT4GWKRZ7B9775509P,01KJN7B32C1C5254NSG6ZK1GRK,B,A,0,0.0,01KJN7AAWT4GWKRZ7B9775509P_01KJN7B32C1C5254NSG6ZK1GRK,phase1_final,8,1
01KJN6MMPQTMDYRN709DP5DSDA,page5-28,01KJN7AAWT4GWKRZ7B9775509P,01KJN7BYA5X3A2G30KZECRY2HY,B,B,1,0.5,01KJN7AAWT4GWKRZ7B9775509P_01KJN7BYA5X3A2G30KZECRY2HY,phase1_final,8,7
01KJN6MMPQTMDYRN709DP5DSDA,page5-28,01KJN7931DXZ65NXTWK1GNEZMW,01KJN7B32C1C5254NSG6ZK1GRK,C,A,0,0.0,01KJN7931DXZ65NXTWK1GNEZMW_01KJN7B32C1C5254NSG6ZK1GRK,phase1_final,3,1
01KJN6MMPQTMDYRN709DP5DSDA,page5-28,01KJN7931DXZ65NXTWK1GNEZMW,01KJN7BYA5X3A2G30KZECRY2HY,C,B,0,0.0,01KJN7931DXZ65NXTWK1GNEZMW_01KJN7BYA5X3A2G30KZECRY2HY,phase1_final,3,7
01KJN6MMPQTMDYRN709DP5DSDA,page5-28,01KJN7B32C1C5254NSG6ZK1GRK,01KJN7BYA5X3A2G30KZECRY2HY,A,B,0,0.0,01KJN7B32C1C5254NSG6ZK1GRK_01KJN7BYA5X3A2G30KZECRY2HY,phase1_final,1,7
01KJN6MMPQTMDYRN709DP5DSDA,page7-107,01KJN79PCAAMFX7P2QF70Y3HJM,01KJN79ZQD1E4YD03FE5CGJY8K,A,C,0,0.2,01KJN79PCAAMFX7P2QF70Y3HJM_01KJN79ZQD1E4YD03FE5CGJY8K,phase1_final,2,6
01KJN6MMPQTMDYRN709DP5DSDA,page7-107,01KJN79PCAAMFX7P2QF70Y3HJM,01KJN7B4V2673GK7HGVSG52R2P,A,B,0,0.3333333333333333,01KJN79PCAAMFX7P2QF70Y3HJM_01KJN7B4V2673GK7HGVSG52R2P,phase1_final,2,3
01KJN6MMPQTMDYRN709DP5DSDA,page7-107,01KJN79PCAAMFX7P2QF70Y3HJM,01KJN77XQHYQ5TVVY4HZM02E7R,A,C,0,0.2,01KJN77XQHYQ5TVVY4HZM02E7R_01KJN79PCAAMFX7P2QF70Y3HJM,phase1_final,2,4
01KJN6MMPQTMDYRN709DP5DSDA,page7-107,01KJN79PCAAMFX7P2QF70Y3HJM,01KJN79ZRTRDMY6RH8ZCYCM9NV,A,A,1,1.0,01KJN79PCAAMFX7P2QF70Y3HJM_01KJN79ZRTRDMY6RH8ZCYCM9NV,phase1_final,2,2
01KJN6MMPQTMDYRN709DP5DSDA,page7-107,01KJN79PCAAMFX7P2QF70Y3HJM,01KJN7AAWT4GWKRZ7B9775509P,A,B,0,0.3333333333333333,01KJN79PCAAMFX7P2QF70Y3HJM_01KJN7AAWT4GWKRZ7B9775509P,phase1_final,2,3
01KJN6MMPQTMDYRN709DP5DSDA,page7-107,01KJN79PCAAMFX7P2QF70Y3HJM,01KJN7931DXZ65NXTWK1GNEZMW,A,C,0,0.14285714285714285,01KJN7931DXZ65NXTWK1GNEZMW_01KJN79PCAAMFX7P2QF70Y3HJM,phase1_final,2,7
01KJN6MMPQTMDYRN709DP5DSDA,page7-107,01KJN79PCAAMFX7P2QF70Y3HJM,01KJN7B32C1C5254NSG6ZK1GRK,A,A,1,0.3333333333333333,01KJN79PCAAMFX7P2QF70Y3HJM_01KJN7B32C1C5254NSG6ZK1GRK,phase1_final,2,2
01KJN6MMPQTMDYRN709DP5DSDA,page7-107,01KJN79PCAAMFX7P2QF70Y3HJM,01KJN7BYA5X3A2G30KZECRY2HY,A,B,0,0.3333333333333333,01KJN79PCAAMFX7P2QF70Y3HJM_01KJN7BYA5X3A2G30KZECRY2HY,phase1_final,2,4
01KJN6MMPQTMDYRN709DP5DSDA,page7-107,01KJN79ZQD1E4YD03FE5CGJY8K,01KJN7B4V2673GK7HGVSG52R2P,C,B,0,0.2,01KJN79ZQD1E4YD03FE5CGJY8K_01KJN7B4V2673GK7HGVSG52R2P,phase1_final,6,3
01KJN6MMPQTMDYRN709DP5DSDA,page7-107,01KJN79ZQD1E4YD03FE5CGJY8K,01KJN77XQHYQ5TVVY4HZM02E7R,C,C,1,0.3333333333333333,01KJN77XQHYQ5TVVY4HZM02E7R_01KJN79ZQD1E4YD03FE5CGJY8K,phase1_final,6,4
01KJN6MMPQTMDYRN709DP5DSDA,page7-107,01KJN79ZQD1E4YD03FE5CGJY8K,01KJN79ZRTRDMY6RH8ZCYCM9NV,C,A,0,0.2,01KJN79ZQD1E4YD03FE5CGJY8K_01KJN79ZRTRDMY6RH8ZCYCM9NV,phase1_final,6,2
01KJN6MMPQTMDYRN709DP5DSDA,page7-107,01KJN79ZQD1E4YD03FE5CGJY8K,01KJN7AAWT4GWKRZ7B9775509P,C,B,0,0.2,01KJN79ZQD1E4YD03FE5CGJY8K_01KJN7AAWT4GWKRZ7B9775509P,phase1_final,6,3
01KJN6MMPQTMDYRN709DP5DSDA,page7-107,01KJN79ZQD1E4YD03FE5CGJY8K,01KJN7931DXZ65NXTWK1GNEZMW,C,C,1,0.42857142857142855,01KJN7931DXZ65NXTWK1GNEZMW_01KJN79ZQD1E4YD03FE5CGJY8K,phase1_final,6,7
01KJN6MMPQTMDYRN709DP5DSDA,page7-107,01KJN79ZQD1E4YD03FE5CGJY8K,01KJN7B32C1C5254NSG6ZK1GRK,C,A,0,0.2,01KJN79ZQD1E4YD03FE5CGJY8K_01KJN7B32C1C5254NSG6ZK1GRK,phase1_final,6,2
01KJN6MMPQTMDYRN709DP5DSDA,page7-107,01KJN79ZQD1E4YD03FE5CGJY8K,01KJN7BYA5X3A2G30KZECRY2HY,C,B,0,0.2,01KJN79ZQD1E4YD03FE5CGJY8K_01KJN7BYA5X3A2G30KZECRY2HY,phase1_final,6,4
01KJN6MMPQTMDYRN709DP5DSDA,page7-107,01KJN7B4V2673GK7HGVSG52R2P,01KJN77XQHYQ5TVVY4HZM02E7R,B,C,0,0.2,01KJN77XQHYQ5TVVY4HZM02E7R_01KJN7B4V2673GK7HGVSG52R2P,phase1_final,3,4
01KJN6MMPQTMDYRN709DP5DSDA,page7-107,01KJN7B4V2673GK7HGVSG52R2P,01KJN79ZRTRDMY6RH8ZCYCM9NV,B,A,0,0.3333333333333333,01KJN79ZRTRDMY6RH8ZCYCM9NV_01KJN7B4V2673GK7HGVSG52R2P,phase1_final,3,2
01KJN6MMPQTMDYRN709DP5DSDA,page7-107,01KJN7B4V2673GK7HGVSG52R2P,01KJN7AAWT4GWKRZ7B9775509P,B,B,1,1.0,01KJN7AAWT4GWKRZ7B9775509P_01KJN7B4V2673GK7HGVSG52R2P,phase1_final,3,3
01KJN6MMPQTMDYRN709DP5DSDA,page7-107,01KJN7B4V2673GK7HGVSG52R2P,01KJN7931DXZ65NXTWK1GNEZMW,B,C,0,0.14285714285714285,01KJN7931DXZ65NXTWK1GNEZMW_01KJN7B4V2673GK7HGVSG52R2P,phase1_final,3,7
01KJN6MMPQTMDYRN709DP5DSDA,page7-107,01KJN7B4V2673GK7HGVSG52R2P,01KJN7B32C1C5254NSG6ZK1GRK,B,A,0,0.3333333333333333,01KJN7B32C1C5254NSG6ZK1GRK_01KJN7B4V2673GK7HGVSG52R2P,phase1_final,3,2
01KJN6MMPQTMDYRN709DP5DSDA,page7-107,01KJN7B4V2673GK7HGVSG52R2P,01KJN7BYA5X3A2G30KZECRY2HY,B,B,1,1.0,01KJN7B4V2673GK7HGVSG52R2P_01KJN7BYA5X3A2G30KZECRY2HY,phase1_final,3,4
01KJN6MMPQTMDYRN709DP5DSDA,page7-107,01KJN77XQHYQ5TVVY4HZM02E7R,01KJN79ZRTRDMY6RH8ZCYCM9NV,C,A,0,0.2,01KJN77XQHYQ5TVVY4HZM02E7R_01KJN79ZRTRDMY6RH8ZCYCM9NV,phase1_final,4,2
01KJN6MMPQTMDYRN709DP5DSDA,page7-107,01KJN77XQHYQ5TVVY4HZM02E7R,01KJN7AAWT4GWKRZ7B9775509P,C,B,0,0.2,01KJN77XQHYQ5TVVY4HZM02E7R_01KJN7AAWT4GWKRZ7B9775509P,phase1_final,4,3
01KJN6MMPQTMDYRN709DP5DSDA,page7-107,01KJN77XQHYQ5TVVY4HZM02E7R,01KJN7931DXZ65NXTWK1GNEZMW,C,C,1,0.42857142857142855,01KJN77XQHYQ5TVVY4HZM02E7R_01KJN7931DXZ65NXTWK1GNEZMW,phase1_final,4,7
01KJN6MMPQTMDYRN709DP5DSDA,page7-107,01KJN77XQHYQ5TVVY4HZM02E7R,01KJN7B32C1C5254NSG6ZK1GRK,C,A,0,0.5,01KJN77XQHYQ5TVVY4HZM02E7R_01KJN7B32C1C5254NSG6ZK1GRK,phase1_final,4,2
01KJN6MMPQTMDYRN709DP5DSDA,page7-107,01KJN77XQHYQ5TVVY4HZM02E7R,01KJN7BYA5X3A2G30KZECRY2HY,C,B,0,0.2,01KJN77XQHYQ5TVVY4HZM02E7R_01KJN7BYA5X3A2G30KZECRY2HY,phase1_final,4,4
01KJN6MMPQTMDYRN709DP5DSDA,page7-107,01KJN79ZRTRDMY6RH8ZCYCM9NV,01KJN7AAWT4GWKRZ7B9775509P,A,B,0,0.3333333333333333,01KJN79ZRTRDMY6RH8ZCYCM9NV_01KJN7AAWT4GWKRZ7B9775509P,phase1_final,2,3
01KJN6MMPQTMDYRN709DP5DSDA,page7-107,01KJN79ZRTRDMY6RH8ZCYCM9NV,01KJN7931DXZ65NXTWK1GNEZMW,A,C,0,0.14285714285714285,01KJN7931DXZ65NXTWK1GNEZMW_01KJN79ZRTRDMY6RH8ZCYCM9NV,phase1_final,2,7
01KJN6MMPQTMDYRN709DP5DSDA,page7-107,01KJN79ZRTRDMY6RH8ZCYCM9NV,01KJN7B32C1C5254NSG6ZK1GRK,A,A,1,0.3333333333333333,01KJN79ZRTRDMY6RH8ZCYCM9NV_01KJN7B32C1C5254NSG6ZK1GRK,phase1_final,2,2
01KJN6MMPQTMDYRN709DP5DSDA,page7-107,01KJN79ZRTRDMY6RH8ZCYCM9NV,01KJN7BYA5X3A2G30KZECRY2HY,A,B,0,0.3333333333333333,01KJN79ZRTRDMY6RH8ZCYCM9NV_01KJN7BYA5X3A2G30KZECRY2HY,phase1_final,2,4
01KJN6MMPQTMDYRN709DP5DSDA,page7-107,01KJN7AAWT4GWKRZ7B9775509P,01KJN7931DXZ65NXTWK1GNEZMW,B,C,0,0.14285714285714285,01KJN7931DXZ65NXTWK1GNEZMW_01KJN7AAWT4GWKRZ7B9775509P,phase1_final,3,7
01KJN6MMPQTMDYRN709DP5DSDA,page7-107,01KJN7AAWT4GWKRZ7B9775509P,01KJN7B32C1C5254NSG6ZK1GRK,B,A,0,0.3333333333333333,01KJN7AAWT4GWKRZ7B9775509P_01KJN7B32C1C5254NSG6ZK1GRK,phase1_final,3,2
01KJN6MMPQTMDYRN709DP5DSDA,page7-107,01KJN7AAWT4GWKRZ7B9775509P,01KJN7BYA5X3A2G30KZECRY2HY,B,B,1,1.0,01KJN7AAWT4GWKRZ7B9775509P_01KJN7BYA5X3A2G30KZECRY2HY,phase1_final,3,4
01KJN6MMPQTMDYRN709DP5DSDA,page7-107,01KJN7931DXZ65NXTWK1GNEZMW,01KJN7B32C1C5254NSG6ZK1GRK,C,A,0,0.3333333333333333,01KJN7931DXZ65NXTWK1GNEZMW_01KJN7B32C1C5254NSG6ZK1GRK,phase1_final,7,2
01KJN6MMPQTMDYRN709DP5DSDA,page7-107,01KJN7931DXZ65NXTWK1GNEZMW,01KJN7BYA5X3A2G30KZECRY2HY,C,B,0,0.14285714285714285,01KJN7931DXZ65NXTWK1GNEZMW_01KJN7BYA5X3A2G30KZECRY2HY,phase1_final,7,4
01KJN6MMPQTMDYRN709DP5DSDA,page7-107,01KJN7B32C1C5254NSG6ZK1GRK,01KJN7BYA5X3A2G30KZECRY2HY,A,B,0,0.3333333333333333,01KJN7B32C1C5254NSG6ZK1GRK_01KJN7BYA5X3A2G30KZECRY2HY,phase1_final,2,4
01KJN6MMPQTMDYRN709DP5DSDA,page7-255,01KJN79PCAAMFX7P2QF70Y3HJM,01KJN79ZQD1E4YD03FE5CGJY8K,A,C,0,0.16666666666666666,01KJN79PCAAMFX7P2QF70Y3HJM_01KJN79ZQD1E4YD03FE5CGJY8K,phase1_final,13,10
01KJN6MMPQTMDYRN709DP5DSDA,page7-255,01KJN79PCAAMFX7P2QF70Y3HJM,01KJN7B4V2673GK7HGVSG52R2P,A,B,0,0.0,01KJN79PCAAMFX7P2QF70Y3HJM_01KJN7B4V2673GK7HGVSG52R2P,phase1_final,13,13
01KJN6MMPQTMDYRN709DP5DSDA,page7-255,01KJN79PCAAMFX7P2QF70Y3HJM,01KJN77XQHYQ5TVVY4HZM02E7R,A,C,0,0.1111111111111111,01KJN77XQHYQ5TVVY4HZM02E7R_01KJN79PCAAMFX7P2QF70Y3HJM,phase1_final,13,2
01KJN6MMPQTMDYRN709DP5DSDA,page7-255,01KJN79PCAAMFX7P2QF70Y3HJM,01KJN79ZRTRDMY6RH8ZCYCM9NV,A,A,1,0.18181818181818182,01KJN79PCAAMFX7P2QF70Y3HJM_01KJN79ZRTRDMY6RH8ZCYCM9NV,phase1_final,13,8
01KJN6MMPQTMDYRN709DP5DSDA,page7-255,01KJN79PCAAMFX7P2QF70Y3HJM,01KJN7AAWT4GWKRZ7B9775509P,A,B,0,0.0,01KJN79PCAAMFX7P2QF70Y3HJM_01KJN7AAWT4GWKRZ7B9775509P,phase1_final,13,2
01KJN6MMPQTMDYRN709DP5DSDA,page7-255,01KJN79PCAAMFX7P2QF70Y3HJM,01KJN7931DXZ65NXTWK1GNEZMW,A,C,0,0.1111111111111111,01KJN7931DXZ65NXTWK1GNEZMW_01KJN79PCAAMFX7P2QF70Y3HJM,phase1_final,13,4
01KJN6MMPQTMDYRN709DP5DSDA,page7-255,01KJN79PCAAMFX7P2QF70Y3HJM,01KJN7B32C1C5254NSG6ZK1GRK,A,A,1,0.3,01KJN79PCAAMFX7P2QF70Y3HJM_01KJN7B32C1C5254NSG6ZK1GRK,phase1_final,13,10
01KJN6MMPQTMDYRN709DP5DSDA,page7-255,01KJN79PCAAMFX7P2QF70Y3HJM,01KJN7BYA5X3A2G30KZECRY2HY,A,B,0,0.0,01KJN79PCAAMFX7P2QF70Y3HJM_01KJN7BYA5X3A2G30KZECRY2HY,phase1_final,13,2
01KJN6MMPQTMDYRN709DP5DSDA,page7-255,01KJN79ZQD1E4YD03FE5CGJY8K,01KJN7B4V2673GK7HGVSG52R2P,C,B,0,0.0,01KJN79ZQD1E4YD03FE5CGJY8K_01KJN7B4V2673GK7HGVSG52R2P,phase1_final,10,13
01KJN6MMPQTMDYRN709DP5DSDA,page7-255,01KJN79ZQD1E4YD03FE5CGJY8K,01KJN77XQHYQ5TVVY4HZM02E7R,C,C,1,0.42857142857142855,01KJN77XQHYQ5TVVY4HZM02E7R_01KJN79ZQD1E4YD03FE5CGJY8K,phase1_final,10,2
01KJN6MMPQTMDYRN709DP5DSDA,page7-255,01KJN79ZQD1E4YD03FE5CGJY8K,01KJN79ZRTRDMY6RH8ZCYCM9NV,C,A,0,0.18181818181818182,01KJN79ZQD1E4YD03FE5CGJY8K_01KJN79ZRTRDMY6RH8ZCYCM9NV,phase1_final,10,8
01KJN6MMPQTMDYRN709DP5DSDA,page7-255,01KJN79ZQD1E4YD03FE5CGJY8K,01KJN7AAWT4GWKRZ7B9775509P,C,B,0,0.0,01KJN79ZQD1E4YD03FE5CGJY8K_01KJN7AAWT4GWKRZ7B9775509P,phase1_final,10,2
01KJN6MMPQTMDYRN709DP5DSDA,page7-255,01KJN79ZQD1E4YD03FE5CGJY8K,01KJN7931DXZ65NXTWK1GNEZMW,C,C,1,0.42857142857142855,01KJN7931DXZ65NXTWK1GNEZMW_01KJN79ZQD1E4YD03FE5CGJY8K,phase1_final,10,4
01KJN6MMPQTMDYRN709DP5DSDA,page7-255,01KJN79ZQD1E4YD03FE5CGJY8K,01KJN7B32C1C5254NSG6ZK1GRK,C,A,0,0.08333333333333333,01KJN79ZQD1E4YD03FE5CGJY8K_01KJN7B32C1C5254NSG6ZK1GRK,phase1_final,10,10
01KJN6MMPQTMDYRN709DP5DSDA,page7-255,01KJN79ZQD1E4YD03FE5CGJY8K,01KJN7BYA5X3A2G30KZECRY2HY,C,B,0,0.0,01KJN79ZQD1E4YD03FE5CGJY8K_01KJN7BYA5X3A2G30KZECRY2HY,phase1_final,10,2
01KJN6MMPQTMDYRN709DP5DSDA,page7-255,01KJN7B4V2673GK7HGVSG52R2P,01KJN77XQHYQ5TVVY4HZM02E7R,B,C,0,0.0,01KJN77XQHYQ5TVVY4HZM02E7R_01KJN7B4V2673GK7HGVSG52R2P,phase1_final,13,2
01KJN6MMPQTMDYRN709DP5DSDA,page7-255,01KJN7B4V2673GK7HGVSG52R2P,01KJN79ZRTRDMY6RH8ZCYCM9NV,B,A,0,0.0,01KJN79ZRTRDMY6RH8ZCYCM9NV_01KJN7B4V2673GK7HGVSG52R2P,phase1_final,13,8
01KJN6MMPQTMDYRN709DP5DSDA,page7-255,01KJN7B4V2673GK7HGVSG52R2P,01KJN7AAWT4GWKRZ7B9775509P,B,B,1,0.25,01KJN7AAWT4GWKRZ7B9775509P_01KJN7B4V2673GK7HGVSG52R2P,phase1_final,13,2
01KJN6MMPQTMDYRN709DP5DSDA,page7-255,01KJN7B4V2673GK7HGVSG52R2P,01KJN7931DXZ65NXTWK1GNEZMW,B,C,0,0.0,01KJN7931DXZ65NXTWK1GNEZMW_01KJN7B4V2673GK7HGVSG52R2P,phase1_final,13,4
01KJN6MMPQTMDYRN709DP5DSDA,page7-255,01KJN7B4V2673GK7HGVSG52R2P,01KJN7B32C1C5254NSG6ZK1GRK,B,A,0,0.0,01KJN7B32C1C5254NSG6ZK1GRK_01KJN7B4V2673GK7HGVSG52R2P,phase1_final,13,10
01KJN6MMPQTMDYRN709DP5DSDA,page7-255,01KJN7B4V2673GK7HGVSG52R2P,01KJN7BYA5X3A2G30KZECRY2HY,B,B,1,0.25,01KJN7B4V2673GK7HGVSG52R2P_01KJN7BYA5X3A2G30KZECRY2HY,phase1_final,13,2
01KJN6MMPQTMDYRN709DP5DSDA,page7-255,01KJN77XQHYQ5TVVY4HZM02E7R,01KJN79ZRTRDMY6RH8ZCYCM9NV,C,A,0,0.125,01KJN77XQHYQ5TVVY4HZM02E7R_01KJN79ZRTRDMY6RH8ZCYCM9NV,phase1_final,2,8
01KJN6MMPQTMDYRN709DP5DSDA,page7-255,01KJN77XQHYQ5TVVY4HZM02E7R,01KJN7AAWT4GWKRZ7B9775509P,C,B,0,0.0,01KJN77XQHYQ5TVVY4HZM02E7R_01KJN7AAWT4GWKRZ7B9775509P,phase1_final,2,2
01KJN6MMPQTMDYRN709DP5DSDA,page7-255,01KJN77XQHYQ5TVVY4HZM02E7R,01KJN7931DXZ65NXTWK1GNEZMW,C,C,1,1.0,01KJN77XQHYQ5TVVY4HZM02E7R_01KJN7931DXZ65NXTWK1GNEZMW,phase1_final,2,4
01KJN6MMPQTMDYRN709DP5DSDA,page7-255,01KJN77XQHYQ5TVVY4HZM02E7R,01KJN7B32C1C5254NSG6ZK1GRK,C,A,0,0.125,01KJN77XQHYQ5TVVY4HZM02E7R_01KJN7B32C1C5254NSG6ZK1GRK,phase1_final,2,10
01KJN6MMPQTMDYRN709DP5DSDA,page7-255,01KJN77XQHYQ5TVVY4HZM02E7R,01KJN7BYA5X3A2G30KZECRY2HY,C,B,0,0.0,01KJN77XQHYQ5TVVY4HZM02E7R_01KJN7BYA5X3A2G30KZECRY2HY,phase1_final,2,2
01KJN6MMPQTMDYRN709DP5DSDA,page7-255,01KJN79ZRTRDMY6RH8ZCYCM9NV,01KJN7AAWT4GWKRZ7B9775509P,A,B,0,0.0,01KJN79ZRTRDMY6RH8ZCYCM9NV_01KJN7AAWT4GWKRZ7B9775509P,phase1_final,8,2
01KJN6MMPQTMDYRN709DP5DSDA,page7-255,01KJN79ZRTRDMY6RH8ZCYCM9NV,01KJN7931DXZ65NXTWK1GNEZMW,A,C,0,0.125,01KJN7931DXZ65NXTWK1GNEZMW_01KJN79ZRTRDMY6RH8ZCYCM9NV,phase1_final,8,4
01KJN6MMPQTMDYRN709DP5DSDA,page7-255,01KJN79ZRTRDMY6RH8ZCYCM9NV,01KJN7B32C1C5254NSG6ZK1GRK,A,A,1,0.2,01KJN79ZRTRDMY6RH8ZCYCM9NV_01KJN7B32C1C5254NSG6ZK1GRK,phase1_final,8,10
01KJN6MMPQTMDYRN709DP5DSDA,page7-255,01KJN79ZRTRDMY6RH8ZCYCM9NV,01KJN7BYA5X3A2G30KZECRY2HY,A,B,0,0.0,01KJN79ZRTRDMY6RH8ZCYCM9NV_01KJN7BYA5X3A2G30KZECRY2HY,phase1_final,8,2
01KJN6MMPQTMDYRN709DP5DSDA,page7-255,01KJN7AAWT4GWKRZ7B9775509P,01KJN7931DXZ65NXTWK1GNEZMW,B,C,0,0.0,01KJN7931DXZ65NXTWK1GNEZMW_01KJN7AAWT4GWKRZ7B9775509P,phase1_final,2,4
01KJN6MMPQTMDYRN709DP5DSDA,page7-255,01KJN7AAWT4GWKRZ7B9775509P,01KJN7B32C1C5254NSG6ZK1GRK,B,A,0,0.0,01KJN7AAWT4GWKRZ7B9775509P_01KJN7B32C1C5254NSG6ZK1GRK,phase1_final,2,10
01KJN6MMPQTMDYRN709DP5DSDA,page7-255,01KJN7AAWT4GWKRZ7B9775509P,01KJN7BYA5X3A2G30KZECRY2HY,B,B,1,1.0,01KJN7AAWT4GWKRZ7B9775509P_01KJN7BYA5X3A2G30KZECRY2HY,phase1_final,2,2
01KJN6MMPQTMDYRN709DP5DSDA,page7-255,01KJN7931DXZ65NXTWK1GNEZMW,01KJN7B32C1C5254NSG6ZK1GRK,C,A,0,0.125,01KJN7931DXZ65NXTWK1GNEZMW_01KJN7B32C1C5254NSG6ZK1GRK,phase1_final,4,10
01KJN6MMPQTMDYRN709DP5DSDA,page7-255,01KJN7931DXZ65NXTWK1GNEZMW,01KJN7BYA5X3A2G30KZECRY2HY,C,B,0,0.0,01KJN7931DXZ65NXTWK1GNEZMW_01KJN7BYA5X3A2G30KZECRY2HY,phase1_final,4,2
01KJN6MMPQTMDYRN709DP5DSDA,page7-255,01KJN7B32C1C5254NSG6ZK1GRK,01KJN7BYA5X3A2G30KZECRY2HY,A,B,0,0.0,01KJN7B32C1C5254NSG6ZK1GRK_01KJN7BYA5X3A2G30KZECRY2HY,phase1_final,10,2
01KJN6MMPQTMDYRN709DP5DSDA,page9-46,01KJN79PCAAMFX7P2QF70Y3HJM,01KJN79ZQD1E4YD03FE5CGJY8K,A,C,0,0.16666666666666666,01KJN79PCAAMFX7P2QF70Y3HJM_01KJN79ZQD1E4YD03FE5CGJY8K,phase1_final,5,5
01KJN6MMPQTMDYRN709DP5DSDA,page9-46,01KJN79PCAAMFX7P2QF70Y3HJM,01KJN7B4V2673GK7HGVSG52R2P,A,B,0,0.16666666666666666,01KJN79PCAAMFX7P2QF70Y3HJM_01KJN7B4V2673GK7HGVSG52R2P,phase1_final,5,8
01KJN6MMPQTMDYRN709DP5DSDA,page9-46,01KJN79PCAAMFX7P2QF70Y3HJM,01KJN77XQHYQ5TVVY4HZM02E7R,A,C,0,0.0,01KJN77XQHYQ5TVVY4HZM02E7R_01KJN79PCAAMFX7P2QF70Y3HJM,phase1_final,5,1
01KJN6MMPQTMDYRN709DP5DSDA,page9-46,01KJN79PCAAMFX7P2QF70Y3HJM,01KJN79ZRTRDMY6RH8ZCYCM9NV,A,A,1,1.0,01KJN79PCAAMFX7P2QF70Y3HJM_01KJN79ZRTRDMY6RH8ZCYCM9NV,phase1_final,5,5
01KJN6MMPQTMDYRN709DP5DSDA,page9-46,01KJN79PCAAMFX7P2QF70Y3HJM,01KJN7AAWT4GWKRZ7B9775509P,A,B,0,0.25,01KJN79PCAAMFX7P2QF70Y3HJM_01KJN7AAWT4GWKRZ7B9775509P,phase1_final,5,4
01KJN6MMPQTMDYRN709DP5DSDA,page9-46,01KJN79PCAAMFX7P2QF70Y3HJM,01KJN7931DXZ65NXTWK1GNEZMW,A,C,0,0.0,01KJN7931DXZ65NXTWK1GNEZMW_01KJN79PCAAMFX7P2QF70Y3HJM,phase1_final,5,2
01KJN6MMPQTMDYRN709DP5DSDA,page9-46,01KJN79PCAAMFX7P2QF70Y3HJM,01KJN7B32C1C5254NSG6ZK1GRK,A,A,1,0.3333333333333333,01KJN79PCAAMFX7P2QF70Y3HJM_01KJN7B32C1C5254NSG6ZK1GRK,phase1_final,5,1
01KJN6MMPQTMDYRN709DP5DSDA,page9-46,01KJN79PCAAMFX7P2QF70Y3HJM,01KJN7BYA5X3A2G30KZECRY2HY,A,B,0,0.25,01KJN79PCAAMFX7P2QF70Y3HJM_01KJN7BYA5X3A2G30KZECRY2HY,phase1_final,5,3
01KJN6MMPQTMDYRN709DP5DSDA,page9-46,01KJN79ZQD1E4YD03FE5CGJY8K,01KJN7B4V2673GK7HGVSG52R2P,C,B,0,0.0,01KJN79ZQD1E4YD03FE5CGJY8K_01KJN7B4V2673GK7HGVSG52R2P,phase1_final,5,8
01KJN6MMPQTMDYRN709DP5DSDA,page9-46,01KJN79ZQD1E4YD03FE5CGJY8K,01KJN77XQHYQ5TVVY4HZM02E7R,C,C,1,0.0,01KJN77XQHYQ5TVVY4HZM02E7R_01KJN79ZQD1E4YD03FE5CGJY8K,phase1_final,5,1
01KJN6MMPQTMDYRN709DP5DSDA,page9-46,01KJN79ZQD1E4YD03FE5CGJY8K,01KJN79ZRTRDMY6RH8ZCYCM9NV,C,A,0,0.16666666666666666,01KJN79ZQD1E4YD03FE5CGJY8K_01KJN79ZRTRDMY6RH8ZCYCM9NV,phase1_final,5,5
01KJN6MMPQTMDYRN709DP5DSDA,page9-46,01KJN79ZQD1E4YD03FE5CGJY8K,01KJN7AAWT4GWKRZ7B9775509P,C,B,0,0.0,01KJN79ZQD1E4YD03FE5CGJY8K_01KJN7AAWT4GWKRZ7B9775509P,phase1_final,5,4
01KJN6MMPQTMDYRN709DP5DSDA,page9-46,01KJN79ZQD1E4YD03FE5CGJY8K,01KJN7931DXZ65NXTWK1GNEZMW,C,C,1,0.0,01KJN7931DXZ65NXTWK1GNEZMW_01KJN79ZQD1E4YD03FE5CGJY8K,phase1_final,5,2
01KJN6MMPQTMDYRN709DP5DSDA,page9-46,01KJN79ZQD1E4YD03FE5CGJY8K,01KJN7B32C1C5254NSG6ZK1GRK,C,A,0,0.0,01KJN79ZQD1E4YD03FE5CGJY8K_01KJN7B32C1C5254NSG6ZK1GRK,phase1_final,5,1
01KJN6MMPQTMDYRN709DP5DSDA,page9-46,01KJN79ZQD1E4YD03FE5CGJY8K,01KJN7BYA5X3A2G30KZECRY2HY,C,B,0,0.0,01KJN79ZQD1E4YD03FE5CGJY8K_01KJN7BYA5X3A2G30KZECRY2HY,phase1_final,5,3
01KJN6MMPQTMDYRN709DP5DSDA,page9-46,01KJN7B4V2673GK7HGVSG52R2P,01KJN77XQHYQ5TVVY4HZM02E7R,B,C,0,0.0,01KJN77XQHYQ5TVVY4HZM02E7R_01KJN7B4V2673GK7HGVSG52R2P,phase1_final,8,1
01KJN6MMPQTMDYRN709DP5DSDA,page9-46,01KJN7B4V2673GK7HGVSG52R2P,01KJN79ZRTRDMY6RH8ZCYCM9NV,B,A,0,0.16666666666666666,01KJN79ZRTRDMY6RH8ZCYCM9NV_01KJN7B4V2673GK7HGVSG52R2P,phase1_final,8,5
01KJN6MMPQTMDYRN709DP5DSDA,page9-46,01KJN7B4V2673GK7HGVSG52R2P,01KJN7AAWT4GWKRZ7B9775509P,B,B,1,0.5,01KJN7AAWT4GWKRZ7B9775509P_01KJN7B4V2673GK7HGVSG52R2P,phase1_final,8,4
01KJN6MMPQTMDYRN709DP5DSDA,page9-46,01KJN7B4V2673GK7HGVSG52R2P,01KJN7931DXZ65NXTWK1GNEZMW,B,C,0,0.0,01KJN7931DXZ65NXTWK1GNEZMW_01KJN7B4V2673GK7HGVSG52R2P,phase1_final,8,2
01KJN6MMPQTMDYRN709DP5DSDA,page9-46,01KJN7B4V2673GK7HGVSG52R2P,01KJN7B32C1C5254NSG6ZK1GRK,B,A,0,0.25,01KJN7B32C1C5254NSG6ZK1GRK_01KJN7B4V2673GK7HGVSG52R2P,phase1_final,8,1
01KJN6MMPQTMDYRN709DP5DSDA,page9-46,01KJN7B4V2673GK7HGVSG52R2P,01KJN7BYA5X3A2G30KZECRY2HY,B,B,1,0.5,01KJN7B4V2673GK7HGVSG52R2P_01KJN7BYA5X3A2G30KZECRY2HY,phase1_final,8,3
01KJN6MMPQTMDYRN709DP5DSDA,page9-46,01KJN77XQHYQ5TVVY4HZM02E7R,01KJN79ZRTRDMY6RH8ZCYCM9NV,C,A,0,0.0,01KJN77XQHYQ5TVVY4HZM02E7R_01KJN79ZRTRDMY6RH8ZCYCM9NV,phase1_final,1,5
01KJN6MMPQTMDYRN709DP5DSDA,page9-46,01KJN77XQHYQ5TVVY4HZM02E7R,01KJN7AAWT4GWKRZ7B9775509P,C,B,0,0.0,01KJN77XQHYQ5TVVY4HZM02E7R_01KJN7AAWT4GWKRZ7B9775509P,phase1_final,1,4
01KJN6MMPQTMDYRN709DP5DSDA,page9-46,01KJN77XQHYQ5TVVY4HZM02E7R,01KJN7931DXZ65NXTWK1GNEZMW,C,C,1,0.3333333333333333,01KJN77XQHYQ5TVVY4HZM02E7R_01KJN7931DXZ65NXTWK1GNEZMW,phase1_final,1,2
01KJN6MMPQTMDYRN709DP5DSDA,page9-46,01KJN77XQHYQ5TVVY4HZM02E7R,01KJN7B32C1C5254NSG6ZK1GRK,C,A,0,0.0,01KJN77XQHYQ5TVVY4HZM02E7R_01KJN7B32C1C5254NSG6ZK1GRK,phase1_final,1,1
01KJN6MMPQTMDYRN709DP5DSDA,page9-46,01KJN77XQHYQ5TVVY4HZM02E7R,01KJN7BYA5X3A2G30KZECRY2HY,C,B,0,0.0,01KJN77XQHYQ5TVVY4HZM02E7R_01KJN7BYA5X3A2G30KZECRY2HY,phase1_final,1,3
01KJN6MMPQTMDYRN709DP5DSDA,page9-46,01KJN79ZRTRDMY6RH8ZCYCM9NV,01KJN7AAWT4GWKRZ7B9775509P,A,B,0,0.25,01KJN79ZRTRDMY6RH8ZCYCM9NV_01KJN7AAWT4GWKRZ7B9775509P,phase1_final,5,4
01KJN6MMPQTMDYRN709DP5DSDA,page9-46,01KJN79ZRTRDMY6RH8ZCYCM9NV,01KJN7931DXZ65NXTWK1GNEZMW,A,C,0,0.0,01KJN7931DXZ65NXTWK1GNEZMW_01KJN79ZRTRDMY6RH8ZCYCM9NV,phase1_final,5,2
01KJN6MMPQTMDYRN709DP5DSDA,page9-46,01KJN79ZRTRDMY6RH8ZCYCM9NV,01KJN7B32C1C5254NSG6ZK1GRK,A,A,1,0.3333333333333333,01KJN79ZRTRDMY6RH8ZCYCM9NV_01KJN7B32C1C5254NSG6ZK1GRK,phase1_final,5,1
01KJN6MMPQTMDYRN709DP5DSDA,page9-46,01KJN79ZRTRDMY6RH8ZCYCM9NV,01KJN7BYA5X3A2G30KZECRY2HY,A,B,0,0.25,01KJN79ZRTRDMY6RH8ZCYCM9NV_01KJN7BYA5X3A2G30KZECRY2HY,phase1_final,5,3
01KJN6MMPQTMDYRN709DP5DSDA,page9-46,01KJN7AAWT4GWKRZ7B9775509P,01KJN7931DXZ65NXTWK1GNEZMW,B,C,0,0.0,01KJN7931DXZ65NXTWK1GNEZMW_01KJN7AAWT4GWKRZ7B9775509P,phase1_final,4,2
01KJN6MMPQTMDYRN709DP5DSDA,page9-46,01KJN7AAWT4GWKRZ7B9775509P,01KJN7B32C1C5254NSG6ZK1GRK,B,A,0,0.5,01KJN7AAWT4GWKRZ7B9775509P_01KJN7B32C1C5254NSG6ZK1GRK,phase1_final,4,1
01KJN6MMPQTMDYRN709DP5DSDA,page9-46,01KJN7AAWT4GWKRZ7B9775509P,01KJN7BYA5X3A2G30KZECRY2HY,B,B,1,1.0,01KJN7AAWT4GWKRZ7B9775509P_01KJN7BYA5X3A2G30KZECRY2HY,phase1_final,4,3
01KJN6MMPQTMDYRN709DP5DSDA,page9-46,01KJN7931DXZ65NXTWK1GNEZMW,01KJN7B32C1C5254NSG6ZK1GRK,C,A,0,0.0,01KJN7931DXZ65NXTWK1GNEZMW_01KJN7B32C1C5254NSG6ZK1GRK,phase1_final,2,1
01KJN6MMPQTMDYRN709DP5DSDA,page9-46,01KJN7931DXZ65NXTWK1GNEZMW,01KJN7BYA5X3A2G30KZECRY2HY,C,B,0,0.0,01KJN7931DXZ65NXTWK1GNEZMW_01KJN7BYA5X3A2G30KZECRY2HY,phase1_final,2,3
01KJN6MMPQTMDYRN709DP5DSDA,page9-46,01KJN7B32C1C5254NSG6ZK1GRK,01KJN7BYA5X3A2G30KZECRY2HY,A,B,0,0.5,01KJN7B32C1C5254NSG6ZK1GRK_01KJN7BYA5X3A2G30KZECRY2HY,phase1_final,1,3
01KJN6MMQ03KZPZN0275VZXK6R,page-B,01KJN79B14FBSYSKKCG2BYVBB6,01KJN79J529BWBWTESKB6D9MB7,A,C,0,0.0,01KJN79B14FBSYSKKCG2BYVBB6_01KJN79J529BWBWTESKB6D9MB7,phase1_final,3,2
01KJN6MMQ03KZPZN0275VZXK6R,page-B,01KJN79B14FBSYSKKCG2BYVBB6,01KJN7C40WEQBDF48ACG18M0EV,A,B,0,0.0,01KJN79B14FBSYSKKCG2BYVBB6_01KJN7C40WEQBDF48ACG18M0EV,phase1_final,3,5
01KJN6MMQ03KZPZN0275VZXK6R,page-B,01KJN79B14FBSYSKKCG2BYVBB6,01KJN7863BFF3ZYZGVVSATZTH7,A,C,0,0.0,01KJN7863BFF3ZYZGVVSATZTH7_01KJN79B14FBSYSKKCG2BYVBB6,phase1_final,3,3
01KJN6MMQ03KZPZN0275VZXK6R,page-B,01KJN79B14FBSYSKKCG2BYVBB6,01KJN792W85XPK9QGH8A6HSYSJ,A,B,0,0.0,01KJN792W85XPK9QGH8A6HSYSJ_01KJN79B14FBSYSKKCG2BYVBB6,phase1_final,3,4
01KJN6MMQ03KZPZN0275VZXK6R,page-B,01KJN79B14FBSYSKKCG2BYVBB6,01KJN7AAX1VHZ1A7ZB35BNRH8N,A,A,1,0.5,01KJN79B14FBSYSKKCG2BYVBB6_01KJN7AAX1VHZ1A7ZB35BNRH8N,phase1_final,3,1
01KJN6MMQ03KZPZN0275VZXK6R,page-B,01KJN79B14FBSYSKKCG2BYVBB6,01KJN78DQ6KC0F9N1HA0BPB44R,A,C,0,0.0,01KJN78DQ6KC0F9N1HA0BPB44R_01KJN79B14FBSYSKKCG2BYVBB6,phase1_final,3,4
01KJN6MMQ03KZPZN0275VZXK6R,page-B,01KJN79B14FBSYSKKCG2BYVBB6,01KJN7A44GGBE9XR412KV5BFSC,A,B,0,0.0,01KJN79B14FBSYSKKCG2BYVBB6_01KJN7A44GGBE9XR412KV5BFSC,phase1_final,3,6
01KJN6MMQ03KZPZN0275VZXK6R,page-B,01KJN79B14FBSYSKKCG2BYVBB6,01KJN7AZC7FAG17CY924MRTCF7,A,A,1,0.5,01KJN79B14FBSYSKKCG2BYVBB6_01KJN7AZC7FAG17CY924MRTCF7,phase1_final,3,1
01KJN6MMQ03KZPZN0275VZXK6R,page-B,01KJN79J529BWBWTESKB6D9MB7,01KJN7C40WEQBDF48ACG18M0EV,C,B,0,0.0,01KJN79J529BWBWTESKB6D9MB7_01KJN7C40WEQBDF48ACG18M0EV,phase1_final,2,5
01KJN6MMQ03KZPZN0275VZXK6R,page-B,01KJN79J529BWBWTESKB6D9MB7,01KJN7863BFF3ZYZGVVSATZTH7,C,C,1,1.0,01KJN7863BFF3ZYZGVVSATZTH7_01KJN79J529BWBWTESKB6D9MB7,phase1_final,2,3
01KJN6MMQ03KZPZN0275VZXK6R,page-B,01KJN79J529BWBWTESKB6D9MB7,01KJN792W85XPK9QGH8A6HSYSJ,C,B,0,0.0,01KJN792W85XPK9QGH8A6HSYSJ_01KJN79J529BWBWTESKB6D9MB7,phase1_final,2,4
01KJN6MMQ03KZPZN0275VZXK6R,page-B,01KJN79J529BWBWTESKB6D9MB7,01KJN7AAX1VHZ1A7ZB35BNRH8N,C,A,0,0.0,01KJN79J529BWBWTESKB6D9MB7_01KJN7AAX1VHZ1A7ZB35BNRH8N,phase1_final,2,1
01KJN6MMQ03KZPZN0275VZXK6R,page-B,01KJN79J529BWBWTESKB6D9MB7,01KJN78DQ6KC0F9N1HA0BPB44R,C,C,1,0.25,01KJN78DQ6KC0F9N1HA0BPB44R_01KJN79J529BWBWTESKB6D9MB7,phase1_final,2,4
01KJN6MMQ03KZPZN0275VZXK6R,page-B,01KJN79J529BWBWTESKB6D9MB7,01KJN7A44GGBE9XR412KV5BFSC,C,B,0,0.0,01KJN79J529BWBWTESKB6D9MB7_01KJN7A44GGBE9XR412KV5BFSC,phase1_final,2,6
01KJN6MMQ03KZPZN0275VZXK6R,page-B,01KJN79J529BWBWTESKB6D9MB7,01KJN7AZC7FAG17CY924MRTCF7,C,A,0,0.0,01KJN79J529BWBWTESKB6D9MB7_01KJN7AZC7FAG17CY924MRTCF7,phase1_final,2,1
01KJN6MMQ03KZPZN0275VZXK6R,page-B,01KJN7C40WEQBDF48ACG18M0EV,01KJN7863BFF3ZYZGVVSATZTH7,B,C,0,0.0,01KJN7863BFF3ZYZGVVSATZTH7_01KJN7C40WEQBDF48ACG18M0EV,phase1_final,5,3
01KJN6MMQ03KZPZN0275VZXK6R,page-B,01KJN7C40WEQBDF48ACG18M0EV,01KJN792W85XPK9QGH8A6HSYSJ,B,B,1,0.75,01KJN792W85XPK9QGH8A6HSYSJ_01KJN7C40WEQBDF48ACG18M0EV,phase1_final,5,4
01KJN6MMQ03KZPZN0275VZXK6R,page-B,01KJN7C40WEQBDF48ACG18M0EV,01KJN7AAX1VHZ1A7ZB35BNRH8N,B,A,0,0.0,01KJN7AAX1VHZ1A7ZB35BNRH8N_01KJN7C40WEQBDF48ACG18M0EV,phase1_final,5,1
01KJN6MMQ03KZPZN0275VZXK6R,page-B,01KJN7C40WEQBDF48ACG18M0EV,01KJN78DQ6KC0F9N1HA0BPB44R,B,C,0,0.16666666666666666,01KJN78DQ6KC0F9N1HA0BPB44R_01KJN7C40WEQBDF48ACG18M0EV,phase1_final,5,4
01KJN6MMQ03KZPZN0275VZXK6R,page-B,01KJN7C40WEQBDF48ACG18M0EV,01KJN7A44GGBE9XR412KV5BFSC,B,B,1,0.5,01KJN7A44GGBE9XR412KV5BFSC_01KJN7C40WEQBDF48ACG18M0EV,phase1_final,5,6
01KJN6MMQ03KZPZN0275VZXK6R,page-B,01KJN7C40WEQBDF48ACG18M0EV,01KJN7AZC7FAG17CY924MRTCF7,B,A,0,0.0,01KJN7AZC7FAG17CY924MRTCF7_01KJN7C40WEQBDF48ACG18M0EV,phase1_final,5,1
01KJN6MMQ03KZPZN0275VZXK6R,page-B,01KJN7863BFF3ZYZGVVSATZTH7,01KJN792W85XPK9QGH8A6HSYSJ,C,B,0,0.0,01KJN7863BFF3ZYZGVVSATZTH7_01KJN792W85XPK9QGH8A6HSYSJ,phase1_final,3,4
01KJN6MMQ03KZPZN0275VZXK6R,page-B,01KJN7863BFF3ZYZGVVSATZTH7,01KJN7AAX1VHZ1A7ZB35BNRH8N,C,A,0,0.0,01KJN7863BFF3ZYZGVVSATZTH7_01KJN7AAX1VHZ1A7ZB35BNRH8N,phase1_final,3,1
01KJN6MMQ03KZPZN0275VZXK6R,page-B,01KJN7863BFF3ZYZGVVSATZTH7,01KJN78DQ6KC0F9N1HA0BPB44R,C,C,1,0.25,01KJN7863BFF3ZYZGVVSATZTH7_01KJN78DQ6KC0F9N1HA0BPB44R,phase1_final,3,4
01KJN6MMQ03KZPZN0275VZXK6R,page-B,01KJN7863BFF3ZYZGVVSATZTH7,01KJN7A44GGBE9XR412KV5BFSC,C,B,0,0.0,01KJN7863BFF3ZYZGVVSATZTH7_01KJN7A44GGBE9XR412KV5BFSC,phase1_final,3,6
01KJN6MMQ03KZPZN0275VZXK6R,page-B,01KJN7863BFF3ZYZGVVSATZTH7,01KJN7AZC7FAG17CY924MRTCF7,C,A,0,0.0,01KJN7863BFF3ZYZGVVSATZTH7_01KJN7AZC7FAG17CY924MRTCF7,phase1_final,3,1
01KJN6MMQ03KZPZN0275VZXK6R,page-B,01KJN792W85XPK9QGH8A6HSYSJ,01KJN7AAX1VHZ1A7ZB35BNRH8N,B,A,0,0.0,01KJN792W85XPK9QGH8A6HSYSJ_01KJN7AAX1VHZ1A7ZB35BNRH8N,phase1_final,4,1
01KJN6MMQ03KZPZN0275VZXK6R,page-B,01KJN792W85XPK9QGH8A6HSYSJ,01KJN78DQ6KC0F9N1HA0BPB44R,B,C,0,0.2,01KJN78DQ6KC0F9N1HA0BPB44R_01KJN792W85XPK9QGH8A6HSYSJ,phase1_final,4,4
01KJN6MMQ03KZPZN0275VZXK6R,page-B,01KJN792W85XPK9QGH8A6HSYSJ,01KJN7A44GGBE9XR412KV5BFSC,B,B,1,0.6,01KJN792W85XPK9QGH8A6HSYSJ_01KJN7A44GGBE9XR412KV5BFSC,phase1_final,4,6
01KJN6MMQ03KZPZN0275VZXK6R,page-B,01KJN792W85XPK9QGH8A6HSYSJ,01KJN7AZC7FAG17CY924MRTCF7,B,A,0,0.0,01KJN792W85XPK9QGH8A6HSYSJ_01KJN7AZC7FAG17CY924MRTCF7,phase1_final,4,1
01KJN6MMQ03KZPZN0275VZXK6R,page-B,01KJN7AAX1VHZ1A7ZB35BNRH8N,01KJN78DQ6KC0F9N1HA0BPB44R,A,C,0,0.0,01KJN78DQ6KC0F9N1HA0BPB44R_01KJN7AAX1VHZ1A7ZB35BNRH8N,phase1_final,1,4
01KJN6MMQ03KZPZN0275VZXK6R,page-B,01KJN7AAX1VHZ1A7ZB35BNRH8N,01KJN7A44GGBE9XR412KV5BFSC,A,B,0,0.0,01KJN7A44GGBE9XR412KV5BFSC_01KJN7AAX1VHZ1A7ZB35BNRH8N,phase1_final,1,6
01KJN6MMQ03KZPZN0275VZXK6R,page-B,01KJN7AAX1VHZ1A7ZB35BNRH8N,01KJN7AZC7FAG17CY924MRTCF7,A,A,1,1.0,01KJN7AAX1VHZ1A7ZB35BNRH8N_01KJN7AZC7FAG17CY924MRTCF7,phase1_final,1,1
01KJN6MMQ03KZPZN0275VZXK6R,page-B,01KJN78DQ6KC0F9N1HA0BPB44R,01KJN7A44GGBE9XR412KV5BFSC,C,B,0,0.14285714285714285,01KJN78DQ6KC0F9N1HA0BPB44R_01KJN7A44GGBE9XR412KV5BFSC,phase1_final,4,6
01KJN6MMQ03KZPZN0275VZXK6R,page-B,01KJN78DQ6KC0F9N1HA0BPB44R,01KJN7AZC7FAG17CY924MRTCF7,C,A,0,0.0,01KJN78DQ6KC0F9N1HA0BPB44R_01KJN7AZC7FAG17CY924MRTCF7,phase1_final,4,1
01KJN6MMQ03KZPZN0275VZXK6R,page-B,01KJN7A44GGBE9XR412KV5BFSC,01KJN7AZC7FAG17CY924MRTCF7,B,A,0,0.0,01KJN7A44GGBE9XR412KV5BFSC_01KJN7AZC7FAG17CY924MRTCF7,phase1_final,6,1
01KJN6MMQ03KZPZN0275VZXK6R,page3-35,01KJN79B14FBSYSKKCG2BYVBB6,01KJN79J529BWBWTESKB6D9MB7,A,C,0,0.16666666666666666,01KJN79B14FBSYSKKCG2BYVBB6_01KJN79J529BWBWTESKB6D9MB7,phase1_final,19,6
01KJN6MMQ03KZPZN0275VZXK6R,page3-35,01KJN79B14FBSYSKKCG2BYVBB6,01KJN7C40WEQBDF48ACG18M0EV,A,B,0,0.2222222222222222,01KJN79B14FBSYSKKCG2BYVBB6_01KJN7C40WEQBDF48ACG18M0EV,phase1_final,19,16
01KJN6MMQ03KZPZN0275VZXK6R,page3-35,01KJN79B14FBSYSKKCG2BYVBB6,01KJN7863BFF3ZYZGVVSATZTH7,A,C,0,0.0,01KJN7863BFF3ZYZGVVSATZTH7_01KJN79B14FBSYSKKCG2BYVBB6,phase1_final,19,5
01KJN6MMQ03KZPZN0275VZXK6R,page3-35,01KJN79B14FBSYSKKCG2BYVBB6,01KJN792W85XPK9QGH8A6HSYSJ,A,B,0,0.15384615384615385,01KJN792W85XPK9QGH8A6HSYSJ_01KJN79B14FBSYSKKCG2BYVBB6,phase1_final,19,7
01KJN6MMQ03KZPZN0275VZXK6R,page3-35,01KJN79B14FBSYSKKCG2BYVBB6,01KJN7AAX1VHZ1A7ZB35BNRH8N,A,A,1,0.1,01KJN79B14FBSYSKKCG2BYVBB6_01KJN7AAX1VHZ1A7ZB35BNRH8N,phase1_final,19,1
01KJN6MMQ03KZPZN0275VZXK6R,page3-35,01KJN79B14FBSYSKKCG2BYVBB6,01KJN78DQ6KC0F9N1HA0BPB44R,A,C,0,0.09090909090909091,01KJN78DQ6KC0F9N1HA0BPB44R_01KJN79B14FBSYSKKCG2BYVBB6,phase1_final,19,4
01KJN6MMQ03KZPZN0275VZXK6R,page3-35,01KJN79B14FBSYSKKCG2BYVBB6,01KJN7A44GGBE9XR412KV5BFSC,A,B,0,0.0,01KJN79B14FBSYSKKCG2BYVBB6_01KJN7A44GGBE9XR412KV5BFSC,phase1_final,19,4
01KJN6MMQ03KZPZN0275VZXK6R,page3-35,01KJN79B14FBSYSKKCG2BYVBB6,01KJN7AZC7FAG17CY924MRTCF7,A,A,1,0.1,01KJN79B14FBSYSKKCG2BYVBB6_01KJN7AZC7FAG17CY924MRTCF7,phase1_final,19,1
01KJN6MMQ03KZPZN0275VZXK6R,page3-35,01KJN79J529BWBWTESKB6D9MB7,01KJN7C40WEQBDF48ACG18M0EV,C,B,0,0.14285714285714285,01KJN79J529BWBWTESKB6D9MB7_01KJN7C40WEQBDF48ACG18M0EV,phase1_final,6,16
01KJN6MMQ03KZPZN0275VZXK6R,page3-35,01KJN79J529BWBWTESKB6D9MB7,01KJN7863BFF3ZYZGVVSATZTH7,C,C,1,0.4,01KJN7863BFF3ZYZGVVSATZTH7_01KJN79J529BWBWTESKB6D9MB7,phase1_final,6,5
01KJN6MMQ03KZPZN0275VZXK6R,page3-35,01KJN79J529BWBWTESKB6D9MB7,01KJN792W85XPK9QGH8A6HSYSJ,C,B,0,0.0,01KJN792W85XPK9QGH8A6HSYSJ_01KJN79J529BWBWTESKB6D9MB7,phase1_final,6,7
01KJN6MMQ03KZPZN0275VZXK6R,page3-35,01KJN79J529BWBWTESKB6D9MB7,01KJN7AAX1VHZ1A7ZB35BNRH8N,C,A,0,0.0,01KJN79J529BWBWTESKB6D9MB7_01KJN7AAX1VHZ1A7ZB35BNRH8N,phase1_final,6,1
01KJN6MMQ03KZPZN0275VZXK6R,page3-35,01KJN79J529BWBWTESKB6D9MB7,01KJN78DQ6KC0F9N1HA0BPB44R,C,C,1,0.2,01KJN78DQ6KC0F9N1HA0BPB44R_01KJN79J529BWBWTESKB6D9MB7,phase1_final,6,4
01KJN6MMQ03KZPZN0275VZXK6R,page3-35,01KJN79J529BWBWTESKB6D9MB7,01KJN7A44GGBE9XR412KV5BFSC,C,B,0,0.0,01KJN79J529BWBWTESKB6D9MB7_01KJN7A44GGBE9XR412KV5BFSC,phase1_final,6,4
01KJN6MMQ03KZPZN0275VZXK6R,page3-35,01KJN79J529BWBWTESKB6D9MB7,01KJN7AZC7FAG17CY924MRTCF7,C,A,0,0.0,01KJN79J529BWBWTESKB6D9MB7_01KJN7AZC7FAG17CY924MRTCF7,phase1_final,6,1
01KJN6MMQ03KZPZN0275VZXK6R,page3-35,01KJN7C40WEQBDF48ACG18M0EV,01KJN7863BFF3ZYZGVVSATZTH7,B,C,0,0.0,01KJN7863BFF3ZYZGVVSATZTH7_01KJN7C40WEQBDF48ACG18M0EV,phase1_final,16,5
01KJN6MMQ03KZPZN0275VZXK6R,page3-35,01KJN7C40WEQBDF48ACG18M0EV,01KJN792W85XPK9QGH8A6HSYSJ,B,B,1,0.0625,01KJN792W85XPK9QGH8A6HSYSJ_01KJN7C40WEQBDF48ACG18M0EV,phase1_final,16,7
01KJN6MMQ03KZPZN0275VZXK6R,page3-35,01KJN7C40WEQBDF48ACG18M0EV,01KJN7AAX1VHZ1A7ZB35BNRH8N,B,A,0,0.0,01KJN7AAX1VHZ1A7ZB35BNRH8N_01KJN7C40WEQBDF48ACG18M0EV,phase1_final,16,1
01KJN6MMQ03KZPZN0275VZXK6R,page3-35,01KJN7C40WEQBDF48ACG18M0EV,01KJN78DQ6KC0F9N1HA0BPB44R,B,C,0,0.07692307692307693,01KJN78DQ6KC0F9N1HA0BPB44R_01KJN7C40WEQBDF48ACG18M0EV,phase1_final,16,4
01KJN6MMQ03KZPZN0275VZXK6R,page3-35,01KJN7C40WEQBDF48ACG18M0EV,01KJN7A44GGBE9XR412KV5BFSC,B,B,1,0.0,01KJN7A44GGBE9XR412KV5BFSC_01KJN7C40WEQBDF48ACG18M0EV,phase1_final,16,4
01KJN6MMQ03KZPZN0275VZXK6R,page3-35,01KJN7C40WEQBDF48ACG18M0EV,01KJN7AZC7FAG17CY924MRTCF7,B,A,0,0.0,01KJN7AZC7FAG17CY924MRTCF7_01KJN7C40WEQBDF48ACG18M0EV,phase1_final,16,1
01KJN6MMQ03KZPZN0275VZXK6R,page3-35,01KJN7863BFF3ZYZGVVSATZTH7,01KJN792W85XPK9QGH8A6HSYSJ,C,B,0,0.0,01KJN7863BFF3ZYZGVVSATZTH7_01KJN792W85XPK9QGH8A6HSYSJ,phase1_final,5,7
01KJN6MMQ03KZPZN0275VZXK6R,page3-35,01KJN7863BFF3ZYZGVVSATZTH7,01KJN7AAX1VHZ1A7ZB35BNRH8N,C,A,0,0.0,01KJN7863BFF3ZYZGVVSATZTH7_01KJN7AAX1VHZ1A7ZB35BNRH8N,phase1_final,5,1
01KJN6MMQ03KZPZN0275VZXK6R,page3-35,01KJN7863BFF3ZYZGVVSATZTH7,01KJN78DQ6KC0F9N1HA0BPB44R,C,C,1,0.0,01KJN7863BFF3ZYZGVVSATZTH7_01KJN78DQ6KC0F9N1HA0BPB44R,phase1_final,5,4
01KJN6MMQ03KZPZN0275VZXK6R,page3-35,01KJN7863BFF3ZYZGVVSATZTH7,01KJN7A44GGBE9XR412KV5BFSC,C,B,0,0.0,01KJN7863BFF3ZYZGVVSATZTH7_01KJN7A44GGBE9XR412KV5BFSC,phase1_final,5,4
01KJN6MMQ03KZPZN0275VZXK6R,page3-35,01KJN7863BFF3ZYZGVVSATZTH7,01KJN7AZC7FAG17CY924MRTCF7,C,A,0,0.0,01KJN7863BFF3ZYZGVVSATZTH7_01KJN7AZC7FAG17CY924MRTCF7,phase1_final,5,1
01KJN6MMQ03KZPZN0275VZXK6R,page3-35,01KJN792W85XPK9QGH8A6HSYSJ,01KJN7AAX1VHZ1A7ZB35BNRH8N,B,A,0,0.0,01KJN792W85XPK9QGH8A6HSYSJ_01KJN7AAX1VHZ1A7ZB35BNRH8N,phase1_final,7,1
01KJN6MMQ03KZPZN0275VZXK6R,page3-35,01KJN792W85XPK9QGH8A6HSYSJ,01KJN78DQ6KC0F9N1HA0BPB44R,B,C,0,0.0,01KJN78DQ6KC0F9N1HA0BPB44R_01KJN792W85XPK9QGH8A6HSYSJ,phase1_final,7,4
01KJN6MMQ03KZPZN0275VZXK6R,page3-35,01KJN792W85XPK9QGH8A6HSYSJ,01KJN7A44GGBE9XR412KV5BFSC,B,B,1,0.0,01KJN792W85XPK9QGH8A6HSYSJ_01KJN7A44GGBE9XR412KV5BFSC,phase1_final,7,4
01KJN6MMQ03KZPZN0275VZXK6R,page3-35,01KJN792W85XPK9QGH8A6HSYSJ,01KJN7AZC7FAG17CY924MRTCF7,B,A,0,0.0,01KJN792W85XPK9QGH8A6HSYSJ_01KJN7AZC7FAG17CY924MRTCF7,phase1_final,7,1
01KJN6MMQ03KZPZN0275VZXK6R,page3-35,01KJN7AAX1VHZ1A7ZB35BNRH8N,01KJN78DQ6KC0F9N1HA0BPB44R,A,C,0,0.0,01KJN78DQ6KC0F9N1HA0BPB44R_01KJN7AAX1VHZ1A7ZB35BNRH8N,phase1_final,1,4
01KJN6MMQ03KZPZN0275VZXK6R,page3-35,01KJN7AAX1VHZ1A7ZB35BNRH8N,01KJN7A44GGBE9XR412KV5BFSC,A,B,0,0.0,01KJN7A44GGBE9XR412KV5BFSC_01KJN7AAX1VHZ1A7ZB35BNRH8N,phase1_final,1,4
01KJN6MMQ03KZPZN0275VZXK6R,page3-35,01KJN7AAX1VHZ1A7ZB35BNRH8N,01KJN7AZC7FAG17CY924MRTCF7,A,A,1,1.0,01KJN7AAX1VHZ1A7ZB35BNRH8N_01KJN7AZC7FAG17CY924MRTCF7,phase1_final,1,1
01KJN6MMQ03KZPZN0275VZXK6R,page3-35,01KJN78DQ6KC0F9N1HA0BPB44R,01KJN7A44GGBE9XR412KV5BFSC,C,B,0,0.0,01KJN78DQ6KC0F9N1HA0BPB44R_01KJN7A44GGBE9XR412KV5BFSC,phase1_final,4,4
01KJN6MMQ03KZPZN0275VZXK6R,page3-35,01KJN78DQ6KC0F9N1HA0BPB44R,01KJN7AZC7FAG17CY924MRTCF7,C,A,0,0.0,01KJN78DQ6KC0F9N1HA0BPB44R_01KJN7AZC7FAG17CY924MRTCF7,phase1_final,4,1
01KJN6MMQ03KZPZN0275VZXK6R,page3-35,01KJN7A44GGBE9XR412KV5BFSC,01KJN7AZC7FAG17CY924MRTCF7,B,A,0,0.0,01KJN7A44GGBE9XR412KV5BFSC_01KJN7AZC7FAG17CY924MRTCF7,phase1_final,4,1
01KJN6MMQ03KZPZN0275VZXK6R,page5-28,01KJN79B14FBSYSKKCG2BYVBB6,01KJN79J529BWBWTESKB6D9MB7,A,C,0,0.2727272727272727,01KJN79B14FBSYSKKCG2BYVBB6_01KJN79J529BWBWTESKB6D9MB7,phase1_final,14,9
01KJN6MMQ03KZPZN0275VZXK6R,page5-28,01KJN79B14FBSYSKKCG2BYVBB6,01KJN7C40WEQBDF48ACG18M0EV,A,B,0,0.2727272727272727,01KJN79B14FBSYSKKCG2BYVBB6_01KJN7C40WEQBDF48ACG18M0EV,phase1_final,14,12
01KJN6MMQ03KZPZN0275VZXK6R,page5-28,01KJN79B14FBSYSKKCG2BYVBB6,01KJN7863BFF3ZYZGVVSATZTH7,A,C,0,0.09090909090909091,01KJN7863BFF3ZYZGVVSATZTH7_01KJN79B14FBSYSKKCG2BYVBB6,phase1_final,14,5
01KJN6MMQ03KZPZN0275VZXK6R,page5-28,01KJN79B14FBSYSKKCG2BYVBB6,01KJN792W85XPK9QGH8A6HSYSJ,A,B,0,0.0,01KJN792W85XPK9QGH8A6HSYSJ_01KJN79B14FBSYSKKCG2BYVBB6,phase1_final,14,6
01KJN6MMQ03KZPZN0275VZXK6R,page5-28,01KJN79B14FBSYSKKCG2BYVBB6,01KJN7AAX1VHZ1A7ZB35BNRH8N,A,A,1,0.125,01KJN79B14FBSYSKKCG2BYVBB6_01KJN7AAX1VHZ1A7ZB35BNRH8N,phase1_final,14,3
01KJN6MMQ03KZPZN0275VZXK6R,page5-28,01KJN79B14FBSYSKKCG2BYVBB6,01KJN78DQ6KC0F9N1HA0BPB44R,A,C,0,0.5,01KJN78DQ6KC0F9N1HA0BPB44R_01KJN79B14FBSYSKKCG2BYVBB6,phase1_final,14,5
01KJN6MMQ03KZPZN0275VZXK6R,page5-28,01KJN79B14FBSYSKKCG2BYVBB6,01KJN7A44GGBE9XR412KV5BFSC,A,B,0,0.1,01KJN79B14FBSYSKKCG2BYVBB6_01KJN7A44GGBE9XR412KV5BFSC,phase1_final,14,7
01KJN6MMQ03KZPZN0275VZXK6R,page5-28,01KJN79B14FBSYSKKCG2BYVBB6,01KJN7AZC7FAG17CY924MRTCF7,A,A,1,0.2857142857142857,01KJN79B14FBSYSKKCG2BYVBB6_01KJN7AZC7FAG17CY924MRTCF7,phase1_final,14,4
01KJN6MMQ03KZPZN0275VZXK6R,page5-28,01KJN79J529BWBWTESKB6D9MB7,01KJN7C40WEQBDF48ACG18M0EV,C,B,0,0.4,01KJN79J529BWBWTESKB6D9MB7_01KJN7C40WEQBDF48ACG18M0EV,phase1_final,9,12
01KJN6MMQ03KZPZN0275VZXK6R,page5-28,01KJN79J529BWBWTESKB6D9MB7,01KJN7863BFF3ZYZGVVSATZTH7,C,C,1,0.3333333333333333,01KJN7863BFF3ZYZGVVSATZTH7_01KJN79J529BWBWTESKB6D9MB7,phase1_final,9,5
01KJN6MMQ03KZPZN0275VZXK6R,page5-28,01KJN79J529BWBWTESKB6D9MB7,01KJN792W85XPK9QGH8A6HSYSJ,C,B,0,0.0,01KJN792W85XPK9QGH8A6HSYSJ_01KJN79J529BWBWTESKB6D9MB7,phase1_final,9,6
01KJN6MMQ03KZPZN0275VZXK6R,page5-28,01KJN79J529BWBWTESKB6D9MB7,01KJN7AAX1VHZ1A7ZB35BNRH8N,C,A,0,0.125,01KJN79J529BWBWTESKB6D9MB7_01KJN7AAX1VHZ1A7ZB35BNRH8N,phase1_final,9,3
01KJN6MMQ03KZPZN0275VZXK6R,page5-28,01KJN79J529BWBWTESKB6D9MB7,01KJN78DQ6KC0F9N1HA0BPB44R,C,C,1,0.5,01KJN78DQ6KC0F9N1HA0BPB44R_01KJN79J529BWBWTESKB6D9MB7,phase1_final,9,5
01KJN6MMQ03KZPZN0275VZXK6R,page5-28,01KJN79J529BWBWTESKB6D9MB7,01KJN7A44GGBE9XR412KV5BFSC,C,B,0,0.2222222222222222,01KJN79J529BWBWTESKB6D9MB7_01KJN7A44GGBE9XR412KV5BFSC,phase1_final,9,7
01KJN6MMQ03KZPZN0275VZXK6R,page5-28,01KJN79J529BWBWTESKB6D9MB7,01KJN7AZC7FAG17CY924MRTCF7,C,A,0,0.2857142857142857,01KJN79J529BWBWTESKB6D9MB7_01KJN7AZC7FAG17CY924MRTCF7,phase1_final,9,4
01KJN6MMQ03KZPZN0275VZXK6R,page5-28,01KJN7C40WEQBDF48ACG18M0EV,01KJN7863BFF3ZYZGVVSATZTH7,B,C,0,0.09090909090909091,01KJN7863BFF3ZYZGVVSATZTH7_01KJN7C40WEQBDF48ACG18M0EV,phase1_final,12,5
01KJN6MMQ03KZPZN0275VZXK6R,page5-28,01KJN7C40WEQBDF48ACG18M0EV,01KJN792W85XPK9QGH8A6HSYSJ,B,B,1,0.0,01KJN792W85XPK9QGH8A6HSYSJ_01KJN7C40WEQBDF48ACG18M0EV,phase1_final,12,6
01KJN6MMQ03KZPZN0275VZXK6R,page5-28,01KJN7C40WEQBDF48ACG18M0EV,01KJN7AAX1VHZ1A7ZB35BNRH8N,B,A,0,0.125,01KJN7AAX1VHZ1A7ZB35BNRH8N_01KJN7C40WEQBDF48ACG18M0EV,phase1_final,12,3
01KJN6MMQ03KZPZN0275VZXK6R,page5-28,01KJN7C40WEQBDF48ACG18M0EV,01KJN78DQ6KC0F9N1HA0BPB44R,B,C,0,0.5,01KJN78DQ6KC0F9N1HA0BPB44R_01KJN7C40WEQBDF48ACG18M0EV,phase1_final,12,5
01KJN6MMQ03KZPZN0275VZXK6R,page5-28,01KJN7C40WEQBDF48ACG18M0EV,01KJN7A44GGBE9XR412KV5BFSC,B,B,1,0.2222222222222222,01KJN7A44GGBE9XR412KV5BFSC_01KJN7C40WEQBDF48ACG18M0EV,phase1_final,12,7
01KJN6MMQ03KZPZN0275VZXK6R,page5-28,01KJN7C40WEQBDF48ACG18M0EV,01KJN7AZC7FAG17CY924MRTCF7,B,A,0,0.2857142857142857,01KJN7AZC7FAG17CY924MRTCF7_01KJN7C40WEQBDF48ACG18M0EV,phase1_final,12,4
01KJN6MMQ03KZPZN0275VZXK6R,page5-28,01KJN7863BFF3ZYZGVVSATZTH7,01KJN792W85XPK9QGH8A6HSYSJ,C,B,0,0.0,01KJN7863BFF3ZYZGVVSATZTH7_01KJN792W85XPK9QGH8A6HSYSJ,phase1_final,5,6
01KJN6MMQ03KZPZN0275VZXK6R,page5-28,01KJN7863BFF3ZYZGVVSATZTH7,01KJN7AAX1VHZ1A7ZB35BNRH8N,C,A,0,0.0,01KJN7863BFF3ZYZGVVSATZTH7_01KJN7AAX1VHZ1A7ZB35BNRH8N,phase1_final,5,3
01KJN6MMQ03KZPZN0275VZXK6R,page5-28,01KJN7863BFF3ZYZGVVSATZTH7,01KJN78DQ6KC0F9N1HA0BPB44R,C,C,1,0.1111111111111111,01KJN7863BFF3ZYZGVVSATZTH7_01KJN78DQ6KC0F9N1HA0BPB44R,phase1_final,5,5
01KJN6MMQ03KZPZN0275VZXK6R,page5-28,01KJN7863BFF3ZYZGVVSATZTH7,01KJN7A44GGBE9XR412KV5BFSC,C,B,0,0.125,01KJN7863BFF3ZYZGVVSATZTH7_01KJN7A44GGBE9XR412KV5BFSC,phase1_final,5,7
01KJN6MMQ03KZPZN0275VZXK6R,page5-28,01KJN7863BFF3ZYZGVVSATZTH7,01KJN7AZC7FAG17CY924MRTCF7,C,A,0,0.16666666666666666,01KJN7863BFF3ZYZGVVSATZTH7_01KJN7AZC7FAG17CY924MRTCF7,phase1_final,5,4
01KJN6MMQ03KZPZN0275VZXK6R,page5-28,01KJN792W85XPK9QGH8A6HSYSJ,01KJN7AAX1VHZ1A7ZB35BNRH8N,B,A,0,0.0,01KJN792W85XPK9QGH8A6HSYSJ_01KJN7AAX1VHZ1A7ZB35BNRH8N,phase1_final,6,3
01KJN6MMQ03KZPZN0275VZXK6R,page5-28,01KJN792W85XPK9QGH8A6HSYSJ,01KJN78DQ6KC0F9N1HA0BPB44R,B,C,0,0.0,01KJN78DQ6KC0F9N1HA0BPB44R_01KJN792W85XPK9QGH8A6HSYSJ,phase1_final,6,5
01KJN6MMQ03KZPZN0275VZXK6R,page5-28,01KJN792W85XPK9QGH8A6HSYSJ,01KJN7A44GGBE9XR412KV5BFSC,B,B,1,0.0,01KJN792W85XPK9QGH8A6HSYSJ_01KJN7A44GGBE9XR412KV5BFSC,phase1_final,6,7
01KJN6MMQ03KZPZN0275VZXK6R,page5-28,01KJN792W85XPK9QGH8A6HSYSJ,01KJN7AZC7FAG17CY924MRTCF7,B,A,0,0.0,01KJN792W85XPK9QGH8A6HSYSJ_01KJN7AZC7FAG17CY924MRTCF7,phase1_final,6,4
01KJN6MMQ03KZPZN0275VZXK6R,page5-28,01KJN7AAX1VHZ1A7ZB35BNRH8N,01KJN78DQ6KC0F9N1HA0BPB44R,A,C,0,0.16666666666666666,01KJN78DQ6KC0F9N1HA0BPB44R_01KJN7AAX1VHZ1A7ZB35BNRH8N,phase1_final,3,5
01KJN6MMQ03KZPZN0275VZXK6R,page5-28,01KJN7AAX1VHZ1A7ZB35BNRH8N,01KJN7A44GGBE9XR412KV5BFSC,A,B,0,0.0,01KJN7A44GGBE9XR412KV5BFSC_01KJN7AAX1VHZ1A7ZB35BNRH8N,phase1_final,3,7
01KJN6MMQ03KZPZN0275VZXK6R,page5-28,01KJN7AAX1VHZ1A7ZB35BNRH8N,01KJN7AZC7FAG17CY924MRTCF7,A,A,1,0.3333333333333333,01KJN7AAX1VHZ1A7ZB35BNRH8N_01KJN7AZC7FAG17CY924MRTCF7,phase1_final,3,4
01KJN6MMQ03KZPZN0275VZXK6R,page5-28,01KJN78DQ6KC0F9N1HA0BPB44R,01KJN7A44GGBE9XR412KV5BFSC,C,B,0,0.2857142857142857,01KJN78DQ6KC0F9N1HA0BPB44R_01KJN7A44GGBE9XR412KV5BFSC,phase1_final,5,7
01KJN6MMQ03KZPZN0275VZXK6R,page5-28,01KJN78DQ6KC0F9N1HA0BPB44R,01KJN7AZC7FAG17CY924MRTCF7,C,A,0,0.4,01KJN78DQ6KC0F9N1HA0BPB44R_01KJN7AZC7FAG17CY924MRTCF7,phase1_final,5,4
01KJN6MMQ03KZPZN0275VZXK6R,page5-28,01KJN7A44GGBE9XR412KV5BFSC,01KJN7AZC7FAG17CY924MRTCF7,B,A,0,0.2,01KJN7A44GGBE9XR412KV5BFSC_01KJN7AZC7FAG17CY924MRTCF7,phase1_final,7,4
01KJN6MMQ03KZPZN0275VZXK6R,page7-107,01KJN79B14FBSYSKKCG2BYVBB6,01KJN79J529BWBWTESKB6D9MB7,A,C,0,0.42857142857142855,01KJN79B14FBSYSKKCG2BYVBB6_01KJN79J529BWBWTESKB6D9MB7,phase1_final,5,9
01KJN6MMQ03KZPZN0275VZXK6R,page7-107,01KJN79B14FBSYSKKCG2BYVBB6,01KJN7C40WEQBDF48ACG18M0EV,A,B,0,0.14285714285714285,01KJN79B14FBSYSKKCG2BYVBB6_01KJN7C40WEQBDF48ACG18M0EV,phase1_final,5,6
01KJN6MMQ03KZPZN0275VZXK6R,page7-107,01KJN79B14FBSYSKKCG2BYVBB6,01KJN7863BFF3ZYZGVVSATZTH7,A,C,0,0.0,01KJN7863BFF3ZYZGVVSATZTH7_01KJN79B14FBSYSKKCG2BYVBB6,phase1_final,5,7
01KJN6MMQ03KZPZN0275VZXK6R,page7-107,01KJN79B14FBSYSKKCG2BYVBB6,01KJN792W85XPK9QGH8A6HSYSJ,A,B,0,0.16666666666666666,01KJN792W85XPK9QGH8A6HSYSJ_01KJN79B14FBSYSKKCG2BYVBB6,phase1_final,5,4
01KJN6MMQ03KZPZN0275VZXK6R,page7-107,01KJN79B14FBSYSKKCG2BYVBB6,01KJN7AAX1VHZ1A7ZB35BNRH8N,A,A,1,0.2,01KJN79B14FBSYSKKCG2BYVBB6_01KJN7AAX1VHZ1A7ZB35BNRH8N,phase1_final,5,2
01KJN6MMQ03KZPZN0275VZXK6R,page7-107,01KJN79B14FBSYSKKCG2BYVBB6,01KJN78DQ6KC0F9N1HA0BPB44R,A,C,0,0.2857142857142857,01KJN78DQ6KC0F9N1HA0BPB44R_01KJN79B14FBSYSKKCG2BYVBB6,phase1_final,5,5
01KJN6MMQ03KZPZN0275VZXK6R,page7-107,01KJN79B14FBSYSKKCG2BYVBB6,01KJN7A44GGBE9XR412KV5BFSC,A,B,0,0.16666666666666666,01KJN79B14FBSYSKKCG2BYVBB6_01KJN7A44GGBE9XR412KV5BFSC,phase1_final,5,4
01KJN6MMQ03KZPZN0275VZXK6R,page7-107,01KJN79B14FBSYSKKCG2BYVBB6,01KJN7AZC7FAG17CY924MRTCF7,A,A,1,0.2,01KJN79B14FBSYSKKCG2BYVBB6_01KJN7AZC7FAG17CY924MRTCF7,phase1_final,5,2
01KJN6MMQ03KZPZN0275VZXK6R,page7-107,01KJN79J529BWBWTESKB6D9MB7,01KJN7C40WEQBDF48ACG18M0EV,C,B,0,0.0,01KJN79J529BWBWTESKB6D9MB7_01KJN7C40WEQBDF48ACG18M0EV,phase1_final,9,6
01KJN6MMQ03KZPZN0275VZXK6R,page7-107,01KJN79J529BWBWTESKB6D9MB7,01KJN7863BFF3ZYZGVVSATZTH7,C,C,1,0.2857142857142857,01KJN7863BFF3ZYZGVVSATZTH7_01KJN79J529BWBWTESKB6D9MB7,phase1_final,9,7
01KJN6MMQ03KZPZN0275VZXK6R,page7-107,01KJN79J529BWBWTESKB6D9MB7,01KJN792W85XPK9QGH8A6HSYSJ,C,B,0,0.0,01KJN792W85XPK9QGH8A6HSYSJ_01KJN79J529BWBWTESKB6D9MB7,phase1_final,9,4
01KJN6MMQ03KZPZN0275VZXK6R,page7-107,01KJN79J529BWBWTESKB6D9MB7,01KJN7AAX1VHZ1A7ZB35BNRH8N,C,A,0,0.0,01KJN79J529BWBWTESKB6D9MB7_01KJN7AAX1VHZ1A7ZB35BNRH8N,phase1_final,9,2
01KJN6MMQ03KZPZN0275VZXK6R,page7-107,01KJN79J529BWBWTESKB6D9MB7,01KJN78DQ6KC0F9N1HA0BPB44R,C,C,1,0.5714285714285714,01KJN78DQ6KC0F9N1HA0BPB44R_01KJN79J529BWBWTESKB6D9MB7,phase1_final,9,5
01KJN6MMQ03KZPZN0275VZXK6R,page7-107,01KJN79J529BWBWTESKB6D9MB7,01KJN7A44GGBE9XR412KV5BFSC,C,B,0,0.0,01KJN79J529BWBWTESKB6D9MB7_01KJN7A44GGBE9XR412KV5BFSC,phase1_final,9,4
01KJN6MMQ03KZPZN0275VZXK6R,page7-107,01KJN79J529BWBWTESKB6D9MB7,01KJN7AZC7FAG17CY924MRTCF7,C,A,0,0.0,01KJN79J529BWBWTESKB6D9MB7_01KJN7AZC7FAG17CY924MRTCF7,phase1_final,9,2
01KJN6MMQ03KZPZN0275VZXK6R,page7-107,01KJN7C40WEQBDF48ACG18M0EV,01KJN7863BFF3ZYZGVVSATZTH7,B,C,0,0.0,01KJN7863BFF3ZYZGVVSATZTH7_01KJN7C40WEQBDF48ACG18M0EV,phase1_final,6,7
01KJN6MMQ03KZPZN0275VZXK6R,page7-107,01KJN7C40WEQBDF48ACG18M0EV,01KJN792W85XPK9QGH8A6HSYSJ,B,B,1,0.75,01KJN792W85XPK9QGH8A6HSYSJ_01KJN7C40WEQBDF48ACG18M0EV,phase1_final,6,4
01KJN6MMQ03KZPZN0275VZXK6R,page7-107,01KJN7C40WEQBDF48ACG18M0EV,01KJN7AAX1VHZ1A7ZB35BNRH8N,B,A,0,0.2,01KJN7AAX1VHZ1A7ZB35BNRH8N_01KJN7C40WEQBDF48ACG18M0EV,phase1_final,6,2
01KJN6MMQ03KZPZN0275VZXK6R,page7-107,01KJN7C40WEQBDF48ACG18M0EV,01KJN78DQ6KC0F9N1HA0BPB44R,B,C,0,0.125,01KJN78DQ6KC0F9N1HA0BPB44R_01KJN7C40WEQBDF48ACG18M0EV,phase1_final,6,5
01KJN6MMQ03KZPZN0275VZXK6R,page7-107,01KJN7C40WEQBDF48ACG18M0EV,01KJN7A44GGBE9XR412KV5BFSC,B,B,1,0.75,01KJN7A44GGBE9XR412KV5BFSC_01KJN7C40WEQBDF48ACG18M0EV,phase1_final,6,4
01KJN6MMQ03KZPZN0275VZXK6R,page7-107,01KJN7C40WEQBDF48ACG18M0EV,01KJN7AZC7FAG17CY924MRTCF7,B,A,0,0.2,01KJN7AZC7FAG17CY924MRTCF7_01KJN7C40WEQBDF48ACG18M0EV,phase1_final,6,2
01KJN6MMQ03KZPZN0275VZXK6R,page7-107,01KJN7863BFF3ZYZGVVSATZTH7,01KJN792W85XPK9QGH8A6HSYSJ,C,B,0,0.0,01KJN7863BFF3ZYZGVVSATZTH7_01KJN792W85XPK9QGH8A6HSYSJ,phase1_final,7,4
01KJN6MMQ03KZPZN0275VZXK6R,page7-107,01KJN7863BFF3ZYZGVVSATZTH7,01KJN7AAX1VHZ1A7ZB35BNRH8N,C,A,0,0.0,01KJN7863BFF3ZYZGVVSATZTH7_01KJN7AAX1VHZ1A7ZB35BNRH8N,phase1_final,7,2
01KJN6MMQ03KZPZN0275VZXK6R,page7-107,01KJN7863BFF3ZYZGVVSATZTH7,01KJN78DQ6KC0F9N1HA0BPB44R,C,C,1,0.3333333333333333,01KJN7863BFF3ZYZGVVSATZTH7_01KJN78DQ6KC0F9N1HA0BPB44R,phase1_final,7,5
01KJN6MMQ03KZPZN0275VZXK6R,page7-107,01KJN7863BFF3ZYZGVVSATZTH7,01KJN7A44GGBE9XR412KV5BFSC,C,B,0,0.0,01KJN7863BFF3ZYZGVVSATZTH7_01KJN7A44GGBE9XR412KV5BFSC,phase1_final,7,4
01KJN6MMQ03KZPZN0275VZXK6R,page7-107,01KJN7863BFF3ZYZGVVSATZTH7,01KJN7AZC7FAG17CY924MRTCF7,C,A,0,0.0,01KJN7863BFF3ZYZGVVSATZTH7_01KJN7AZC7FAG17CY924MRTCF7,phase1_final,7,2
01KJN6MMQ03KZPZN0275VZXK6R,page7-107,01KJN792W85XPK9QGH8A6HSYSJ,01KJN7AAX1VHZ1A7ZB35BNRH8N,B,A,0,0.25,01KJN792W85XPK9QGH8A6HSYSJ_01KJN7AAX1VHZ1A7ZB35BNRH8N,phase1_final,4,2
01KJN6MMQ03KZPZN0275VZXK6R,page7-107,01KJN792W85XPK9QGH8A6HSYSJ,01KJN78DQ6KC0F9N1HA0BPB44R,B,C,0,0.14285714285714285,01KJN78DQ6KC0F9N1HA0BPB44R_01KJN792W85XPK9QGH8A6HSYSJ,phase1_final,4,5
01KJN6MMQ03KZPZN0275VZXK6R,page7-107,01KJN792W85XPK9QGH8A6HSYSJ,01KJN7A44GGBE9XR412KV5BFSC,B,B,1,1.0,01KJN792W85XPK9QGH8A6HSYSJ_01KJN7A44GGBE9XR412KV5BFSC,phase1_final,4,4
01KJN6MMQ03KZPZN0275VZXK6R,page7-107,01KJN792W85XPK9QGH8A6HSYSJ,01KJN7AZC7FAG17CY924MRTCF7,B,A,0,0.25,01KJN792W85XPK9QGH8A6HSYSJ_01KJN7AZC7FAG17CY924MRTCF7,phase1_final,4,2
01KJN6MMQ03KZPZN0275VZXK6R,page7-107,01KJN7AAX1VHZ1A7ZB35BNRH8N,01KJN78DQ6KC0F9N1HA0BPB44R,A,C,0,0.0,01KJN78DQ6KC0F9N1HA0BPB44R_01KJN7AAX1VHZ1A7ZB35BNRH8N,phase1_final,2,5
01KJN6MMQ03KZPZN0275VZXK6R,page7-107,01KJN7AAX1VHZ1A7ZB35BNRH8N,01KJN7A44GGBE9XR412KV5BFSC,A,B,0,0.25,01KJN7A44GGBE9XR412KV5BFSC_01KJN7AAX1VHZ1A7ZB35BNRH8N,phase1_final,2,4
01KJN6MMQ03KZPZN0275VZXK6R,page7-107,01KJN7AAX1VHZ1A7ZB35BNRH8N,01KJN7AZC7FAG17CY924MRTCF7,A,A,1,1.0,01KJN7AAX1VHZ1A7ZB35BNRH8N_01KJN7AZC7FAG17CY924MRTCF7,phase1_final,2,2
01KJN6MMQ03KZPZN0275VZXK6R,page7-107,01KJN78DQ6KC0F9N1HA0BPB44R,01KJN7A44GGBE9XR412KV5BFSC,C,B,0,0.14285714285714285,01KJN78DQ6KC0F9N1HA0BPB44R_01KJN7A44GGBE9XR412KV5BFSC,phase1_final,5,4
01KJN6MMQ03KZPZN0275VZXK6R,page7-107,01KJN78DQ6KC0F9N1HA0BPB44R,01KJN7AZC7FAG17CY924MRTCF7,C,A,0,0.0,01KJN78DQ6KC0F9N1HA0BPB44R_01KJN7AZC7FAG17CY924MRTCF7,phase1_final,5,2
01KJN6MMQ03KZPZN0275VZXK6R,page7-107,01KJN7A44GGBE9XR412KV5BFSC,01KJN7AZC7FAG17CY924MRTCF7,B,A,0,0.25,01KJN7A44GGBE9XR412KV5BFSC_01KJN7AZC7FAG17CY924MRTCF7,phase1_final,4,2
01KJN6MMQ03KZPZN0275VZXK6R,page7-255,01KJN79B14FBSYSKKCG2BYVBB6,01KJN79J529BWBWTESKB6D9MB7,A,C,0,0.0,01KJN79B14FBSYSKKCG2BYVBB6_01KJN79J529BWBWTESKB6D9MB7,phase1_final,3,2
01KJN6MMQ03KZPZN0275VZXK6R,page7-255,01KJN79B14FBSYSKKCG2BYVBB6,01KJN7C40WEQBDF48ACG18M0EV,A,B,0,0.0,01KJN79B14FBSYSKKCG2BYVBB6_01KJN7C40WEQBDF48ACG18M0EV,phase1_final,3,16
01KJN6MMQ03KZPZN0275VZXK6R,page7-255,01KJN79B14FBSYSKKCG2BYVBB6,01KJN7863BFF3ZYZGVVSATZTH7,A,C,0,0.0,01KJN7863BFF3ZYZGVVSATZTH7_01KJN79B14FBSYSKKCG2BYVBB6,phase1_final,3,4
01KJN6MMQ03KZPZN0275VZXK6R,page7-255,01KJN79B14FBSYSKKCG2BYVBB6,01KJN792W85XPK9QGH8A6HSYSJ,A,B,0,0.0,01KJN792W85XPK9QGH8A6HSYSJ_01KJN79B14FBSYSKKCG2BYVBB6,phase1_final,3,8
01KJN6MMQ03KZPZN0275VZXK6R,page7-255,01KJN79B14FBSYSKKCG2BYVBB6,01KJN7AAX1VHZ1A7ZB35BNRH8N,A,A,1,0.6666666666666666,01KJN79B14FBSYSKKCG2BYVBB6_01KJN7AAX1VHZ1A7ZB35BNRH8N,phase1_final,3,5
01KJN6MMQ03KZPZN0275VZXK6R,page7-255,01KJN79B14FBSYSKKCG2BYVBB6,01KJN78DQ6KC0F9N1HA0BPB44R,A,C,0,0.0,01KJN78DQ6KC0F9N1HA0BPB44R_01KJN79B14FBSYSKKCG2BYVBB6,phase1_final,3,2
01KJN6MMQ03KZPZN0275VZXK6R,page7-255,01KJN79B14FBSYSKKCG2BYVBB6,01KJN7A44GGBE9XR412KV5BFSC,A,B,0,0.0,01KJN79B14FBSYSKKCG2BYVBB6_01KJN7A44GGBE9XR412KV5BFSC,phase1_final,3,4
01KJN6MMQ03KZPZN0275VZXK6R,page7-255,01KJN79B14FBSYSKKCG2BYVBB6,01KJN7AZC7FAG17CY924MRTCF7,A,A,1,0.5,01KJN79B14FBSYSKKCG2BYVBB6_01KJN7AZC7FAG17CY924MRTCF7,phase1_final,3,1
01KJN6MMQ03KZPZN0275VZXK6R,page7-255,01KJN79J529BWBWTESKB6D9MB7,01KJN7C40WEQBDF48ACG18M0EV,C,B,0,0.0,01KJN79J529BWBWTESKB6D9MB7_01KJN7C40WEQBDF48ACG18M0EV,phase1_final,2,16
01KJN6MMQ03KZPZN0275VZXK6R,page7-255,01KJN79J529BWBWTESKB6D9MB7,01KJN7863BFF3ZYZGVVSATZTH7,C,C,1,0.6666666666666666,01KJN7863BFF3ZYZGVVSATZTH7_01KJN79J529BWBWTESKB6D9MB7,phase1_final,2,4
01KJN6MMQ03KZPZN0275VZXK6R,page7-255,01KJN79J529BWBWTESKB6D9MB7,01KJN792W85XPK9QGH8A6HSYSJ,C,B,0,0.0,01KJN792W85XPK9QGH8A6HSYSJ_01KJN79J529BWBWTESKB6D9MB7,phase1_final,2,8
01KJN6MMQ03KZPZN0275VZXK6R,page7-255,01KJN79J529BWBWTESKB6D9MB7,01KJN7AAX1VHZ1A7ZB35BNRH8N,C,A,0,0.0,01KJN79J529BWBWTESKB6D9MB7_01KJN7AAX1VHZ1A7ZB35BNRH8N,phase1_final,2,5
01KJN6MMQ03KZPZN0275VZXK6R,page7-255,01KJN79J529BWBWTESKB6D9MB7,01KJN78DQ6KC0F9N1HA0BPB44R,C,C,1,0.3333333333333333,01KJN78DQ6KC0F9N1HA0BPB44R_01KJN79J529BWBWTESKB6D9MB7,phase1_final,2,2
01KJN6MMQ03KZPZN0275VZXK6R,page7-255,01KJN79J529BWBWTESKB6D9MB7,01KJN7A44GGBE9XR412KV5BFSC,C,B,0,0.0,01KJN79J529BWBWTESKB6D9MB7_01KJN7A44GGBE9XR412KV5BFSC,phase1_final,2,4
01KJN6MMQ03KZPZN0275VZXK6R,page7-255,01KJN79J529BWBWTESKB6D9MB7,01KJN7AZC7FAG17CY924MRTCF7,C,A,0,0.0,01KJN79J529BWBWTESKB6D9MB7_01KJN7AZC7FAG17CY924MRTCF7,phase1_final,2,1
01KJN6MMQ03KZPZN0275VZXK6R,page7-255,01KJN7C40WEQBDF48ACG18M0EV,01KJN7863BFF3ZYZGVVSATZTH7,B,C,0,0.0,01KJN7863BFF3ZYZGVVSATZTH7_01KJN7C40WEQBDF48ACG18M0EV,phase1_final,16,4
01KJN6MMQ03KZPZN0275VZXK6R,page7-255,01KJN7C40WEQBDF48ACG18M0EV,01KJN792W85XPK9QGH8A6HSYSJ,B,B,1,0.3333333333333333,01KJN792W85XPK9QGH8A6HSYSJ_01KJN7C40WEQBDF48ACG18M0EV,phase1_final,16,8
01KJN6MMQ03KZPZN0275VZXK6R,page7-255,01KJN7C40WEQBDF48ACG18M0EV,01KJN7AAX1VHZ1A7ZB35BNRH8N,B,A,0,0.0,01KJN7AAX1VHZ1A7ZB35BNRH8N_01KJN7C40WEQBDF48ACG18M0EV,phase1_final,16,5
01KJN6MMQ03KZPZN0275VZXK6R,page7-255,01KJN7C40WEQBDF48ACG18M0EV,01KJN78DQ6KC0F9N1HA0BPB44R,B,C,0,0.0,01KJN78DQ6KC0F9N1HA0BPB44R_01KJN7C40WEQBDF48ACG18M0EV,phase1_final,16,2
01KJN6MMQ03KZPZN0275VZXK6R,page7-255,01KJN7C40WEQBDF48ACG18M0EV,01KJN7A44GGBE9XR412KV5BFSC,B,B,1,0.08333333333333333,01KJN7A44GGBE9XR412KV5BFSC_01KJN7C40WEQBDF48ACG18M0EV,phase1_final,16,4
01KJN6MMQ03KZPZN0275VZXK6R,page7-255,01KJN7C40WEQBDF48ACG18M0EV,01KJN7AZC7FAG17CY924MRTCF7,B,A,0,0.0,01KJN7AZC7FAG17CY924MRTCF7_01KJN7C40WEQBDF48ACG18M0EV,phase1_final,16,1
01KJN6MMQ03KZPZN0275VZXK6R,page7-255,01KJN7863BFF3ZYZGVVSATZTH7,01KJN792W85XPK9QGH8A6HSYSJ,C,B,0,0.0,01KJN7863BFF3ZYZGVVSATZTH7_01KJN792W85XPK9QGH8A6HSYSJ,phase1_final,4,8
01KJN6MMQ03KZPZN0275VZXK6R,page7-255,01KJN7863BFF3ZYZGVVSATZTH7,01KJN7AAX1VHZ1A7ZB35BNRH8N,C,A,0,0.0,01KJN7863BFF3ZYZGVVSATZTH7_01KJN7AAX1VHZ1A7ZB35BNRH8N,phase1_final,4,5
01KJN6MMQ03KZPZN0275VZXK6R,page7-255,01KJN7863BFF3ZYZGVVSATZTH7,01KJN78DQ6KC0F9N1HA0BPB44R,C,C,1,0.6666666666666666,01KJN7863BFF3ZYZGVVSATZTH7_01KJN78DQ6KC0F9N1HA0BPB44R,phase1_final,4,2
01KJN6MMQ03KZPZN0275VZXK6R,page7-255,01KJN7863BFF3ZYZGVVSATZTH7,01KJN7A44GGBE9XR412KV5BFSC,C,B,0,0.0,01KJN7863BFF3ZYZGVVSATZTH7_01KJN7A44GGBE9XR412KV5BFSC,phase1_final,4,4
01KJN6MMQ03KZPZN0275VZXK6R,page7-255,01KJN7863BFF3ZYZGVVSATZTH7,01KJN7AZC7FAG17CY924MRTCF7,C,A,0,0.0,01KJN7863BFF3ZYZGVVSATZTH7_01KJN7AZC7FAG17CY924MRTCF7,phase1_final,4,1
01KJN6MMQ03KZPZN0275VZXK6R,page7-255,01KJN792W85XPK9QGH8A6HSYSJ,01KJN7AAX1VHZ1A7ZB35BNRH8N,B,A,0,0.0,01KJN792W85XPK9QGH8A6HSYSJ_01KJN7AAX1VHZ1A7ZB35BNRH8N,phase1_final,8,5
01KJN6MMQ03KZPZN0275VZXK6R,page7-255,01KJN792W85XPK9QGH8A6HSYSJ,01KJN78DQ6KC0F9N1HA0BPB44R,B,C,0,0.0,01KJN78DQ6KC0F9N1HA0BPB44R_01KJN792W85XPK9QGH8A6HSYSJ,phase1_final,8,2
01KJN6MMQ03KZPZN0275VZXK6R,page7-255,01KJN792W85XPK9QGH8A6HSYSJ,01KJN7A44GGBE9XR412KV5BFSC,B,B,1,0.0,01KJN792W85XPK9QGH8A6HSYSJ_01KJN7A44GGBE9XR412KV5BFSC,phase1_final,8,4
01KJN6MMQ03KZPZN0275VZXK6R,page7-255,01KJN792W85XPK9QGH8A6HSYSJ,01KJN7AZC7FAG17CY924MRTCF7,B,A,0,0.0,01KJN792W85XPK9QGH8A6HSYSJ_01KJN7AZC7FAG17CY924MRTCF7,phase1_final,8,1
01KJN6MMQ03KZPZN0275VZXK6R,page7-255,01KJN7AAX1VHZ1A7ZB35BNRH8N,01KJN78DQ6KC0F9N1HA0BPB44R,A,C,0,0.0,01KJN78DQ6KC0F9N1HA0BPB44R_01KJN7AAX1VHZ1A7ZB35BNRH8N,phase1_final,5,2
01KJN6MMQ03KZPZN0275VZXK6R,page7-255,01KJN7AAX1VHZ1A7ZB35BNRH8N,01KJN7A44GGBE9XR412KV5BFSC,A,B,0,0.0,01KJN7A44GGBE9XR412KV5BFSC_01KJN7AAX1VHZ1A7ZB35BNRH8N,phase1_final,5,4
01KJN6MMQ03KZPZN0275VZXK6R,page7-255,01KJN7AAX1VHZ1A7ZB35BNRH8N,01KJN7AZC7FAG17CY924MRTCF7,A,A,1,0.3333333333333333,01KJN7AAX1VHZ1A7ZB35BNRH8N_01KJN7AZC7FAG17CY924MRTCF7,phase1_final,5,1
01KJN6MMQ03KZPZN0275VZXK6R,page7-255,01KJN78DQ6KC0F9N1HA0BPB44R,01KJN7A44GGBE9XR412KV5BFSC,C,B,0,0.0,01KJN78DQ6KC0F9N1HA0BPB44R_01KJN7A44GGBE9XR412KV5BFSC,phase1_final,2,4
01KJN6MMQ03KZPZN0275VZXK6R,page7-255,01KJN78DQ6KC0F9N1HA0BPB44R,01KJN7AZC7FAG17CY924MRTCF7,C,A,0,0.0,01KJN78DQ6KC0F9N1HA0BPB44R_01KJN7AZC7FAG17CY924MRTCF7,phase1_final,2,1
01KJN6MMQ03KZPZN0275VZXK6R,page7-255,01KJN7A44GGBE9XR412KV5BFSC,01KJN7AZC7FAG17CY924MRTCF7,B,A,0,0.0,01KJN7A44GGBE9XR412KV5BFSC_01KJN7AZC7FAG17CY924MRTCF7,phase1_final,4,1
01KJN6MMQ03KZPZN0275VZXK6R,page9-46,01KJN79B14FBSYSKKCG2BYVBB6,01KJN79J529BWBWTESKB6D9MB7,A,C,0,0.0,01KJN79B14FBSYSKKCG2BYVBB6_01KJN79J529BWBWTESKB6D9MB7,phase1_final,12,2
01KJN6MMQ03KZPZN0275VZXK6R,page9-46,01KJN79B14FBSYSKKCG2BYVBB6,01KJN7C40WEQBDF48ACG18M0EV,A,B,0,0.2,01KJN79B14FBSYSKKCG2BYVBB6_01KJN7C40WEQBDF48ACG18M0EV,phase1_final,12,6
01KJN6MMQ03KZPZN0275VZXK6R,page9-46,01KJN79B14FBSYSKKCG2BYVBB6,01KJN7863BFF3ZYZGVVSATZTH7,A,C,0,0.0,01KJN7863BFF3ZYZGVVSATZTH7_01KJN79B14FBSYSKKCG2BYVBB6,phase1_final,12,3
01KJN6MMQ03KZPZN0275VZXK6R,page9-46,01KJN79B14FBSYSKKCG2BYVBB6,01KJN792W85XPK9QGH8A6HSYSJ,A,B,0,0.1,01KJN792W85XPK9QGH8A6HSYSJ_01KJN79B14FBSYSKKCG2BYVBB6,phase1_final,12,4
01KJN6MMQ03KZPZN0275VZXK6R,page9-46,01KJN79B14FBSYSKKCG2BYVBB6,01KJN7AAX1VHZ1A7ZB35BNRH8N,A,A,1,0.0,01KJN79B14FBSYSKKCG2BYVBB6_01KJN7AAX1VHZ1A7ZB35BNRH8N,phase1_final,12,1
01KJN6MMQ03KZPZN0275VZXK6R,page9-46,01KJN79B14FBSYSKKCG2BYVBB6,01KJN78DQ6KC0F9N1HA0BPB44R,A,C,0,0.0,01KJN78DQ6KC0F9N1HA0BPB44R_01KJN79B14FBSYSKKCG2BYVBB6,phase1_final,12,2
01KJN6MMQ03KZPZN0275VZXK6R,page9-46,01KJN79B14FBSYSKKCG2BYVBB6,01KJN7A44GGBE9XR412KV5BFSC,A,B,0,0.0,01KJN79B14FBSYSKKCG2BYVBB6_01KJN7A44GGBE9XR412KV5BFSC,phase1_final,12,4
01KJN6MMQ03KZPZN0275VZXK6R,page9-46,01KJN79B14FBSYSKKCG2BYVBB6,01KJN7AZC7FAG17CY924MRTCF7,A,A,1,0.0,01KJN79B14FBSYSKKCG2BYVBB6_01KJN7AZC7FAG17CY924MRTCF7,phase1_final,12,1
01KJN6MMQ03KZPZN0275VZXK6R,page9-46,01KJN79J529BWBWTESKB6D9MB7,01KJN7C40WEQBDF48ACG18M0EV,C,B,0,0.0,01KJN79J529BWBWTESKB6D9MB7_01KJN7C40WEQBDF48ACG18M0EV,phase1_final,2,6
01KJN6MMQ03KZPZN0275VZXK6R,page9-46,01KJN79J529BWBWTESKB6D9MB7,01KJN7863BFF3ZYZGVVSATZTH7,C,C,1,1.0,01KJN7863BFF3ZYZGVVSATZTH7_01KJN79J529BWBWTESKB6D9MB7,phase1_final,2,3
01KJN6MMQ03KZPZN0275VZXK6R,page9-46,01KJN79J529BWBWTESKB6D9MB7,01KJN792W85XPK9QGH8A6HSYSJ,C,B,0,0.0,01KJN792W85XPK9QGH8A6HSYSJ_01KJN79J529BWBWTESKB6D9MB7,phase1_final,2,4
01KJN6MMQ03KZPZN0275VZXK6R,page9-46,01KJN79J529BWBWTESKB6D9MB7,01KJN7AAX1VHZ1A7ZB35BNRH8N,C,A,0,0.0,01KJN79J529BWBWTESKB6D9MB7_01KJN7AAX1VHZ1A7ZB35BNRH8N,phase1_final,2,1
01KJN6MMQ03KZPZN0275VZXK6R,page9-46,01KJN79J529BWBWTESKB6D9MB7,01KJN78DQ6KC0F9N1HA0BPB44R,C,C,1,1.0,01KJN78DQ6KC0F9N1HA0BPB44R_01KJN79J529BWBWTESKB6D9MB7,phase1_final,2,2
01KJN6MMQ03KZPZN0275VZXK6R,page9-46,01KJN79J529BWBWTESKB6D9MB7,01KJN7A44GGBE9XR412KV5BFSC,C,B,0,0.0,01KJN79J529BWBWTESKB6D9MB7_01KJN7A44GGBE9XR412KV5BFSC,phase1_final,2,4
01KJN6MMQ03KZPZN0275VZXK6R,page9-46,01KJN79J529BWBWTESKB6D9MB7,01KJN7AZC7FAG17CY924MRTCF7,C,A,0,0.0,01KJN79J529BWBWTESKB6D9MB7_01KJN7AZC7FAG17CY924MRTCF7,phase1_final,2,1
01KJN6MMQ03KZPZN0275VZXK6R,page9-46,01KJN7C40WEQBDF48ACG18M0EV,01KJN7863BFF3ZYZGVVSATZTH7,B,C,0,0.0,01KJN7863BFF3ZYZGVVSATZTH7_01KJN7C40WEQBDF48ACG18M0EV,phase1_final,6,3
01KJN6MMQ03KZPZN0275VZXK6R,page9-46,01KJN7C40WEQBDF48ACG18M0EV,01KJN792W85XPK9QGH8A6HSYSJ,B,B,1,0.75,01KJN792W85XPK9QGH8A6HSYSJ_01KJN7C40WEQBDF48ACG18M0EV,phase1_final,6,4
01KJN6MMQ03KZPZN0275VZXK6R,page9-46,01KJN7C40WEQBDF48ACG18M0EV,01KJN7AAX1VHZ1A7ZB35BNRH8N,B,A,0,0.0,01KJN7AAX1VHZ1A7ZB35BNRH8N_01KJN7C40WEQBDF48ACG18M0EV,phase1_final,6,1
01KJN6MMQ03KZPZN0275VZXK6R,page9-46,01KJN7C40WEQBDF48ACG18M0EV,01KJN78DQ6KC0F9N1HA0BPB44R,B,C,0,0.0,01KJN78DQ6KC0F9N1HA0BPB44R_01KJN7C40WEQBDF48ACG18M0EV,phase1_final,6,2
01KJN6MMQ03KZPZN0275VZXK6R,page9-46,01KJN7C40WEQBDF48ACG18M0EV,01KJN7A44GGBE9XR412KV5BFSC,B,B,1,0.16666666666666666,01KJN7A44GGBE9XR412KV5BFSC_01KJN7C40WEQBDF48ACG18M0EV,phase1_final,6,4
01KJN6MMQ03KZPZN0275VZXK6R,page9-46,01KJN7C40WEQBDF48ACG18M0EV,01KJN7AZC7FAG17CY924MRTCF7,B,A,0,0.0,01KJN7AZC7FAG17CY924MRTCF7_01KJN7C40WEQBDF48ACG18M0EV,phase1_final,6,1
01KJN6MMQ03KZPZN0275VZXK6R,page9-46,01KJN7863BFF3ZYZGVVSATZTH7,01KJN792W85XPK9QGH8A6HSYSJ,C,B,0,0.0,01KJN7863BFF3ZYZGVVSATZTH7_01KJN792W85XPK9QGH8A6HSYSJ,phase1_final,3,4
01KJN6MMQ03KZPZN0275VZXK6R,page9-46,01KJN7863BFF3ZYZGVVSATZTH7,01KJN7AAX1VHZ1A7ZB35BNRH8N,C,A,0,0.0,01KJN7863BFF3ZYZGVVSATZTH7_01KJN7AAX1VHZ1A7ZB35BNRH8N,phase1_final,3,1
01KJN6MMQ03KZPZN0275VZXK6R,page9-46,01KJN7863BFF3ZYZGVVSATZTH7,01KJN78DQ6KC0F9N1HA0BPB44R,C,C,1,1.0,01KJN7863BFF3ZYZGVVSATZTH7_01KJN78DQ6KC0F9N1HA0BPB44R,phase1_final,3,2
01KJN6MMQ03KZPZN0275VZXK6R,page9-46,01KJN7863BFF3ZYZGVVSATZTH7,01KJN7A44GGBE9XR412KV5BFSC,C,B,0,0.0,01KJN7863BFF3ZYZGVVSATZTH7_01KJN7A44GGBE9XR412KV5BFSC,phase1_final,3,4
01KJN6MMQ03KZPZN0275VZXK6R,page9-46,01KJN7863BFF3ZYZGVVSATZTH7,01KJN7AZC7FAG17CY924MRTCF7,C,A,0,0.0,01KJN7863BFF3ZYZGVVSATZTH7_01KJN7AZC7FAG17CY924MRTCF7,phase1_final,3,1
01KJN6MMQ03KZPZN0275VZXK6R,page9-46,01KJN792W85XPK9QGH8A6HSYSJ,01KJN7AAX1VHZ1A7ZB35BNRH8N,B,A,0,0.0,01KJN792W85XPK9QGH8A6HSYSJ_01KJN7AAX1VHZ1A7ZB35BNRH8N,phase1_final,4,1
01KJN6MMQ03KZPZN0275VZXK6R,page9-46,01KJN792W85XPK9QGH8A6HSYSJ,01KJN78DQ6KC0F9N1HA0BPB44R,B,C,0,0.0,01KJN78DQ6KC0F9N1HA0BPB44R_01KJN792W85XPK9QGH8A6HSYSJ,phase1_final,4,2
01KJN6MMQ03KZPZN0275VZXK6R,page9-46,01KJN792W85XPK9QGH8A6HSYSJ,01KJN7A44GGBE9XR412KV5BFSC,B,B,1,0.2,01KJN792W85XPK9QGH8A6HSYSJ_01KJN7A44GGBE9XR412KV5BFSC,phase1_final,4,4
01KJN6MMQ03KZPZN0275VZXK6R,page9-46,01KJN792W85XPK9QGH8A6HSYSJ,01KJN7AZC7FAG17CY924MRTCF7,B,A,0,0.0,01KJN792W85XPK9QGH8A6HSYSJ_01KJN7AZC7FAG17CY924MRTCF7,phase1_final,4,1
01KJN6MMQ03KZPZN0275VZXK6R,page9-46,01KJN7AAX1VHZ1A7ZB35BNRH8N,01KJN78DQ6KC0F9N1HA0BPB44R,A,C,0,0.0,01KJN78DQ6KC0F9N1HA0BPB44R_01KJN7AAX1VHZ1A7ZB35BNRH8N,phase1_final,1,2
01KJN6MMQ03KZPZN0275VZXK6R,page9-46,01KJN7AAX1VHZ1A7ZB35BNRH8N,01KJN7A44GGBE9XR412KV5BFSC,A,B,0,0.0,01KJN7A44GGBE9XR412KV5BFSC_01KJN7AAX1VHZ1A7ZB35BNRH8N,phase1_final,1,4
01KJN6MMQ03KZPZN0275VZXK6R,page9-46,01KJN7AAX1VHZ1A7ZB35BNRH8N,01KJN7AZC7FAG17CY924MRTCF7,A,A,1,1.0,01KJN7AAX1VHZ1A7ZB35BNRH8N_01KJN7AZC7FAG17CY924MRTCF7,phase1_final,1,1
01KJN6MMQ03KZPZN0275VZXK6R,page9-46,01KJN78DQ6KC0F9N1HA0BPB44R,01KJN7A44GGBE9XR412KV5BFSC,C,B,0,0.0,01KJN78DQ6KC0F9N1HA0BPB44R_01KJN7A44GGBE9XR412KV5BFSC,phase1_final,2,4
01KJN6MMQ03KZPZN0275VZXK6R,page9-46,01KJN78DQ6KC0F9N1HA0BPB44R,01KJN7AZC7FAG17CY924MRTCF7,C,A,0,0.0,01KJN78DQ6KC0F9N1HA0BPB44R_01KJN7AZC7FAG17CY924MRTCF7,phase1_final,2,1
01KJN6MMQ03KZPZN0275VZXK6R,page9-46,01KJN7A44GGBE9XR412KV5BFSC,01KJN7AZC7FAG17CY924MRTCF7,B,A,0,0.0,01KJN7A44GGBE9XR412KV5BFSC_01KJN7AZC7FAG17CY924MRTCF7,phase1_final,4,1
01KJP22PXRH9VYFY7Z1HZVNSMN,page-B,01KJP2Q4FMMNPG4DTS771Y4V70,01KJP2RH1QNE571FNJRJ0ZHM7W,A,B,0,0.6666666666666666,01KJP2Q4FMMNPG4DTS771Y4V70_01KJP2RH1QNE571FNJRJ0ZHM7W,phase1_final,2,5
01KJP22PXRH9VYFY7Z1HZVNSMN,page-B,01KJP2Q4FMMNPG4DTS771Y4V70,01KJP2SNNP4ZB6K1QMGZX5CC0T,A,C,0,0.0,01KJP2Q4FMMNPG4DTS771Y4V70_01KJP2SNNP4ZB6K1QMGZX5CC0T,phase1_final,2,14
01KJP22PXRH9VYFY7Z1HZVNSMN,page-B,01KJP2Q4FMMNPG4DTS771Y4V70,01KJP2RVD8SK7AN1X5EMGRM458,A,B,0,0.3333333333333333,01KJP2Q4FMMNPG4DTS771Y4V70_01KJP2RVD8SK7AN1X5EMGRM458,phase1_final,2,2
01KJP22PXRH9VYFY7Z1HZVNSMN,page-B,01KJP2Q4FMMNPG4DTS771Y4V70,01KJP2SDQCR0935BS4E06A6D2G,A,C,0,0.0,01KJP2Q4FMMNPG4DTS771Y4V70_01KJP2SDQCR0935BS4E06A6D2G,phase1_final,2,9
01KJP22PXRH9VYFY7Z1HZVNSMN,page-B,01KJP2Q4FMMNPG4DTS771Y4V70,01KJP2SGRYQPGESDGRKTMMAJX4,A,A,1,0.0,01KJP2Q4FMMNPG4DTS771Y4V70_01KJP2SGRYQPGESDGRKTMMAJX4,phase1_final,2,1
01KJP22PXRH9VYFY7Z1HZVNSMN,page-B,01KJP2Q4FMMNPG4DTS771Y4V70,01KJP2Q9Z7MR3VPYE4MH3SC9C8,A,C,0,0.0,01KJP2Q4FMMNPG4DTS771Y4V70_01KJP2Q9Z7MR3VPYE4MH3SC9C8,phase1_final,2,7
01KJP22PXRH9VYFY7Z1HZVNSMN,page-B,01KJP2Q4FMMNPG4DTS771Y4V70,01KJP2RBVR6E36EKC8HYRAV5GF,A,A,1,0.0,01KJP2Q4FMMNPG4DTS771Y4V70_01KJP2RBVR6E36EKC8HYRAV5GF,phase1_final,2,1
01KJP22PXRH9VYFY7Z1HZVNSMN,page-B,01KJP2RH1QNE571FNJRJ0ZHM7W,01KJP2SNNP4ZB6K1QMGZX5CC0T,B,C,0,0.0,01KJP2RH1QNE571FNJRJ0ZHM7W_01KJP2SNNP4ZB6K1QMGZX5CC0T,phase1_final,5,14
01KJP22PXRH9VYFY7Z1HZVNSMN,page-B,01KJP2RH1QNE571FNJRJ0ZHM7W,01KJP2RVD8SK7AN1X5EMGRM458,B,B,1,0.25,01KJP2RH1QNE571FNJRJ0ZHM7W_01KJP2RVD8SK7AN1X5EMGRM458,phase1_final,5,2
01KJP22PXRH9VYFY7Z1HZVNSMN,page-B,01KJP2RH1QNE571FNJRJ0ZHM7W,01KJP2SDQCR0935BS4E06A6D2G,B,C,0,0.0,01KJP2RH1QNE571FNJRJ0ZHM7W_01KJP2SDQCR0935BS4E06A6D2G,phase1_final,5,9
01KJP22PXRH9VYFY7Z1HZVNSMN,page-B,01KJP2RH1QNE571FNJRJ0ZHM7W,01KJP2SGRYQPGESDGRKTMMAJX4,B,A,0,0.0,01KJP2RH1QNE571FNJRJ0ZHM7W_01KJP2SGRYQPGESDGRKTMMAJX4,phase1_final,5,1
01KJP22PXRH9VYFY7Z1HZVNSMN,page-B,01KJP2RH1QNE571FNJRJ0ZHM7W,01KJP2Q9Z7MR3VPYE4MH3SC9C8,B,C,0,0.0,01KJP2Q9Z7MR3VPYE4MH3SC9C8_01KJP2RH1QNE571FNJRJ0ZHM7W,phase1_final,5,7
01KJP22PXRH9VYFY7Z1HZVNSMN,page-B,01KJP2RH1QNE571FNJRJ0ZHM7W,01KJP2RBVR6E36EKC8HYRAV5GF,B,A,0,0.0,01KJP2RBVR6E36EKC8HYRAV5GF_01KJP2RH1QNE571FNJRJ0ZHM7W,phase1_final,5,1
01KJP22PXRH9VYFY7Z1HZVNSMN,page-B,01KJP2SNNP4ZB6K1QMGZX5CC0T,01KJP2RVD8SK7AN1X5EMGRM458,C,B,0,0.0,01KJP2RVD8SK7AN1X5EMGRM458_01KJP2SNNP4ZB6K1QMGZX5CC0T,phase1_final,14,2
01KJP22PXRH9VYFY7Z1HZVNSMN,page-B,01KJP2SNNP4ZB6K1QMGZX5CC0T,01KJP2SDQCR0935BS4E06A6D2G,C,C,1,0.5,01KJP2SDQCR0935BS4E06A6D2G_01KJP2SNNP4ZB6K1QMGZX5CC0T,phase1_final,14,9
01KJP22PXRH9VYFY7Z1HZVNSMN,page-B,01KJP2SNNP4ZB6K1QMGZX5CC0T,01KJP2SGRYQPGESDGRKTMMAJX4,C,A,0,0.0,01KJP2SGRYQPGESDGRKTMMAJX4_01KJP2SNNP4ZB6K1QMGZX5CC0T,phase1_final,14,1
01KJP22PXRH9VYFY7Z1HZVNSMN,page-B,01KJP2SNNP4ZB6K1QMGZX5CC0T,01KJP2Q9Z7MR3VPYE4MH3SC9C8,C,C,1,0.4444444444444444,01KJP2Q9Z7MR3VPYE4MH3SC9C8_01KJP2SNNP4ZB6K1QMGZX5CC0T,phase1_final,14,7
01KJP22PXRH9VYFY7Z1HZVNSMN,page-B,01KJP2SNNP4ZB6K1QMGZX5CC0T,01KJP2RBVR6E36EKC8HYRAV5GF,C,A,0,0.0,01KJP2RBVR6E36EKC8HYRAV5GF_01KJP2SNNP4ZB6K1QMGZX5CC0T,phase1_final,14,1
01KJP22PXRH9VYFY7Z1HZVNSMN,page-B,01KJP2RVD8SK7AN1X5EMGRM458,01KJP2SDQCR0935BS4E06A6D2G,B,C,0,0.0,01KJP2RVD8SK7AN1X5EMGRM458_01KJP2SDQCR0935BS4E06A6D2G,phase1_final,2,9
01KJP22PXRH9VYFY7Z1HZVNSMN,page-B,01KJP2RVD8SK7AN1X5EMGRM458,01KJP2SGRYQPGESDGRKTMMAJX4,B,A,0,0.0,01KJP2RVD8SK7AN1X5EMGRM458_01KJP2SGRYQPGESDGRKTMMAJX4,phase1_final,2,1
01KJP22PXRH9VYFY7Z1HZVNSMN,page-B,01KJP2RVD8SK7AN1X5EMGRM458,01KJP2Q9Z7MR3VPYE4MH3SC9C8,B,C,0,0.0,01KJP2Q9Z7MR3VPYE4MH3SC9C8_01KJP2RVD8SK7AN1X5EMGRM458,phase1_final,2,7
01KJP22PXRH9VYFY7Z1HZVNSMN,page-B,01KJP2RVD8SK7AN1X5EMGRM458,01KJP2RBVR6E36EKC8HYRAV5GF,B,A,0,0.0,01KJP2RBVR6E36EKC8HYRAV5GF_01KJP2RVD8SK7AN1X5EMGRM458,phase1_final,2,1
01KJP22PXRH9VYFY7Z1HZVNSMN,page-B,01KJP2SDQCR0935BS4E06A6D2G,01KJP2SGRYQPGESDGRKTMMAJX4,C,A,0,0.0,01KJP2SDQCR0935BS4E06A6D2G_01KJP2SGRYQPGESDGRKTMMAJX4,phase1_final,9,1
01KJP22PXRH9VYFY7Z1HZVNSMN,page-B,01KJP2SDQCR0935BS4E06A6D2G,01KJP2Q9Z7MR3VPYE4MH3SC9C8,C,C,1,0.5,01KJP2Q9Z7MR3VPYE4MH3SC9C8_01KJP2SDQCR0935BS4E06A6D2G,phase1_final,9,7
01KJP22PXRH9VYFY7Z1HZVNSMN,page-B,01KJP2SDQCR0935BS4E06A6D2G,01KJP2RBVR6E36EKC8HYRAV5GF,C,A,0,0.0,01KJP2RBVR6E36EKC8HYRAV5GF_01KJP2SDQCR0935BS4E06A6D2G,phase1_final,9,1
01KJP22PXRH9VYFY7Z1HZVNSMN,page-B,01KJP2SGRYQPGESDGRKTMMAJX4,01KJP2Q9Z7MR3VPYE4MH3SC9C8,A,C,0,0.0,01KJP2Q9Z7MR3VPYE4MH3SC9C8_01KJP2SGRYQPGESDGRKTMMAJX4,phase1_final,1,7
01KJP22PXRH9VYFY7Z1HZVNSMN,page-B,01KJP2SGRYQPGESDGRKTMMAJX4,01KJP2RBVR6E36EKC8HYRAV5GF,A,A,1,1.0,01KJP2RBVR6E36EKC8HYRAV5GF_01KJP2SGRYQPGESDGRKTMMAJX4,phase1_final,1,1
01KJP22PXRH9VYFY7Z1HZVNSMN,page-B,01KJP2Q9Z7MR3VPYE4MH3SC9C8,01KJP2RBVR6E36EKC8HYRAV5GF,C,A,0,0.0,01KJP2Q9Z7MR3VPYE4MH3SC9C8_01KJP2RBVR6E36EKC8HYRAV5GF,phase1_final,7,1
01KJP22PXRH9VYFY7Z1HZVNSMN,page3-35,01KJP2Q4FMMNPG4DTS771Y4V70,01KJP2RH1QNE571FNJRJ0ZHM7W,A,B,0,0.0,01KJP2Q4FMMNPG4DTS771Y4V70_01KJP2RH1QNE571FNJRJ0ZHM7W,phase1_final,13,6
01KJP22PXRH9VYFY7Z1HZVNSMN,page3-35,01KJP2Q4FMMNPG4DTS771Y4V70,01KJP2SNNP4ZB6K1QMGZX5CC0T,A,C,0,0.0,01KJP2Q4FMMNPG4DTS771Y4V70_01KJP2SNNP4ZB6K1QMGZX5CC0T,phase1_final,13,5
01KJP22PXRH9VYFY7Z1HZVNSMN,page3-35,01KJP2Q4FMMNPG4DTS771Y4V70,01KJP2RVD8SK7AN1X5EMGRM458,A,B,0,0.0,01KJP2Q4FMMNPG4DTS771Y4V70_01KJP2RVD8SK7AN1X5EMGRM458,phase1_final,13,2
01KJP22PXRH9VYFY7Z1HZVNSMN,page3-35,01KJP2Q4FMMNPG4DTS771Y4V70,01KJP2SDQCR0935BS4E06A6D2G,A,C,0,0.0,01KJP2Q4FMMNPG4DTS771Y4V70_01KJP2SDQCR0935BS4E06A6D2G,phase1_final,13,2
01KJP22PXRH9VYFY7Z1HZVNSMN,page3-35,01KJP2Q4FMMNPG4DTS771Y4V70,01KJP2SGRYQPGESDGRKTMMAJX4,A,A,1,0.0,01KJP2Q4FMMNPG4DTS771Y4V70_01KJP2SGRYQPGESDGRKTMMAJX4,phase1_final,13,5
01KJP22PXRH9VYFY7Z1HZVNSMN,page3-35,01KJP2Q4FMMNPG4DTS771Y4V70,01KJP2Q9Z7MR3VPYE4MH3SC9C8,A,C,0,0.0,01KJP2Q4FMMNPG4DTS771Y4V70_01KJP2Q9Z7MR3VPYE4MH3SC9C8,phase1_final,13,1
01KJP22PXRH9VYFY7Z1HZVNSMN,page3-35,01KJP2Q4FMMNPG4DTS771Y4V70,01KJP2RBVR6E36EKC8HYRAV5GF,A,A,1,0.25,01KJP2Q4FMMNPG4DTS771Y4V70_01KJP2RBVR6E36EKC8HYRAV5GF,phase1_final,13,6
01KJP22PXRH9VYFY7Z1HZVNSMN,page3-35,01KJP2RH1QNE571FNJRJ0ZHM7W,01KJP2SNNP4ZB6K1QMGZX5CC0T,B,C,0,0.0,01KJP2RH1QNE571FNJRJ0ZHM7W_01KJP2SNNP4ZB6K1QMGZX5CC0T,phase1_final,6,5
01KJP22PXRH9VYFY7Z1HZVNSMN,page3-35,01KJP2RH1QNE571FNJRJ0ZHM7W,01KJP2RVD8SK7AN1X5EMGRM458,B,B,1,0.4,01KJP2RH1QNE571FNJRJ0ZHM7W_01KJP2RVD8SK7AN1X5EMGRM458,phase1_final,6,2
01KJP22PXRH9VYFY7Z1HZVNSMN,page3-35,01KJP2RH1QNE571FNJRJ0ZHM7W,01KJP2SDQCR0935BS4E06A6D2G,B,C,0,0.0,01KJP2RH1QNE571FNJRJ0ZHM7W_01KJP2SDQCR0935BS4E06A6D2G,phase1_final,6,2
01KJP22PXRH9VYFY7Z1HZVNSMN,page3-35,01KJP2RH1QNE571FNJRJ0ZHM7W,01KJP2SGRYQPGESDGRKTMMAJX4,B,A,0,0.0,01KJP2RH1QNE571FNJRJ0ZHM7W_01KJP2SGRYQPGESDGRKTMMAJX4,phase1_final,6,5
01KJP22PXRH9VYFY7Z1HZVNSMN,page3-35,01KJP2RH1QNE571FNJRJ0ZHM7W,01KJP2Q9Z7MR3VPYE4MH3SC9C8,B,C,0,0.0,01KJP2Q9Z7MR3VPYE4MH3SC9C8_01KJP2RH1QNE571FNJRJ0ZHM7W,phase1_final,6,1
01KJP22PXRH9VYFY7Z1HZVNSMN,page3-35,01KJP2RH1QNE571FNJRJ0ZHM7W,01KJP2RBVR6E36EKC8HYRAV5GF,B,A,0,0.0,01KJP2RBVR6E36EKC8HYRAV5GF_01KJP2RH1QNE571FNJRJ0ZHM7W,phase1_final,6,6
01KJP22PXRH9VYFY7Z1HZVNSMN,page3-35,01KJP2SNNP4ZB6K1QMGZX5CC0T,01KJP2RVD8SK7AN1X5EMGRM458,C,B,0,0.0,01KJP2RVD8SK7AN1X5EMGRM458_01KJP2SNNP4ZB6K1QMGZX5CC0T,phase1_final,5,2
01KJP22PXRH9VYFY7Z1HZVNSMN,page3-35,01KJP2SNNP4ZB6K1QMGZX5CC0T,01KJP2SDQCR0935BS4E06A6D2G,C,C,1,0.5,01KJP2SDQCR0935BS4E06A6D2G_01KJP2SNNP4ZB6K1QMGZX5CC0T,phase1_final,5,2
01KJP22PXRH9VYFY7Z1HZVNSMN,page3-35,01KJP2SNNP4ZB6K1QMGZX5CC0T,01KJP2SGRYQPGESDGRKTMMAJX4,C,A,0,0.0,01KJP2SGRYQPGESDGRKTMMAJX4_01KJP2SNNP4ZB6K1QMGZX5CC0T,phase1_final,5,5
01KJP22PXRH9VYFY7Z1HZVNSMN,page3-35,01KJP2SNNP4ZB6K1QMGZX5CC0T,01KJP2Q9Z7MR3VPYE4MH3SC9C8,C,C,1,0.25,01KJP2Q9Z7MR3VPYE4MH3SC9C8_01KJP2SNNP4ZB6K1QMGZX5CC0T,phase1_final,5,1
01KJP22PXRH9VYFY7Z1HZVNSMN,page3-35,01KJP2SNNP4ZB6K1QMGZX5CC0T,01KJP2RBVR6E36EKC8HYRAV5GF,C,A,0,0.0,01KJP2RBVR6E36EKC8HYRAV5GF_01KJP2SNNP4ZB6K1QMGZX5CC0T,phase1_final,5,6
01KJP22PXRH9VYFY7Z1HZVNSMN,page3-35,01KJP2RVD8SK7AN1X5EMGRM458,01KJP2SDQCR0935BS4E06A6D2G,B,C,0,0.0,01KJP2RVD8SK7AN1X5EMGRM458_01KJP2SDQCR0935BS4E06A6D2G,phase1_final,2,2
01KJP22PXRH9VYFY7Z1HZVNSMN,page3-35,01KJP2RVD8SK7AN1X5EMGRM458,01KJP2SGRYQPGESDGRKTMMAJX4,B,A,0,0.0,01KJP2RVD8SK7AN1X5EMGRM458_01KJP2SGRYQPGESDGRKTMMAJX4,phase1_final,2,5
01KJP22PXRH9VYFY7Z1HZVNSMN,page3-35,01KJP2RVD8SK7AN1X5EMGRM458,01KJP2Q9Z7MR3VPYE4MH3SC9C8,B,C,0,0.0,01KJP2Q9Z7MR3VPYE4MH3SC9C8_01KJP2RVD8SK7AN1X5EMGRM458,phase1_final,2,1
01KJP22PXRH9VYFY7Z1HZVNSMN,page3-35,01KJP2RVD8SK7AN1X5EMGRM458,01KJP2RBVR6E36EKC8HYRAV5GF,B,A,0,0.0,01KJP2RBVR6E36EKC8HYRAV5GF_01KJP2RVD8SK7AN1X5EMGRM458,phase1_final,2,6
01KJP22PXRH9VYFY7Z1HZVNSMN,page3-35,01KJP2SDQCR0935BS4E06A6D2G,01KJP2SGRYQPGESDGRKTMMAJX4,C,A,0,0.0,01KJP2SDQCR0935BS4E06A6D2G_01KJP2SGRYQPGESDGRKTMMAJX4,phase1_final,2,5
01KJP22PXRH9VYFY7Z1HZVNSMN,page3-35,01KJP2SDQCR0935BS4E06A6D2G,01KJP2Q9Z7MR3VPYE4MH3SC9C8,C,C,1,0.5,01KJP2Q9Z7MR3VPYE4MH3SC9C8_01KJP2SDQCR0935BS4E06A6D2G,phase1_final,2,1
01KJP22PXRH9VYFY7Z1HZVNSMN,page3-35,01KJP2SDQCR0935BS4E06A6D2G,01KJP2RBVR6E36EKC8HYRAV5GF,C,A,0,0.0,01KJP2RBVR6E36EKC8HYRAV5GF_01KJP2SDQCR0935BS4E06A6D2G,phase1_final,2,6
01KJP22PXRH9VYFY7Z1HZVNSMN,page3-35,01KJP2SGRYQPGESDGRKTMMAJX4,01KJP2Q9Z7MR3VPYE4MH3SC9C8,A,C,0,0.0,01KJP2Q9Z7MR3VPYE4MH3SC9C8_01KJP2SGRYQPGESDGRKTMMAJX4,phase1_final,5,1
01KJP22PXRH9VYFY7Z1HZVNSMN,page3-35,01KJP2SGRYQPGESDGRKTMMAJX4,01KJP2RBVR6E36EKC8HYRAV5GF,A,A,1,0.0,01KJP2RBVR6E36EKC8HYRAV5GF_01KJP2SGRYQPGESDGRKTMMAJX4,phase1_final,5,6
01KJP22PXRH9VYFY7Z1HZVNSMN,page3-35,01KJP2Q9Z7MR3VPYE4MH3SC9C8,01KJP2RBVR6E36EKC8HYRAV5GF,C,A,0,0.0,01KJP2Q9Z7MR3VPYE4MH3SC9C8_01KJP2RBVR6E36EKC8HYRAV5GF,phase1_final,1,6
01KJP22PXRH9VYFY7Z1HZVNSMN,page5-28,01KJP2Q4FMMNPG4DTS771Y4V70,01KJP2RH1QNE571FNJRJ0ZHM7W,A,B,0,0.0,01KJP2Q4FMMNPG4DTS771Y4V70_01KJP2RH1QNE571FNJRJ0ZHM7W,phase1_final,14,1
01KJP22PXRH9VYFY7Z1HZVNSMN,page5-28,01KJP2Q4FMMNPG4DTS771Y4V70,01KJP2SNNP4ZB6K1QMGZX5CC0T,A,C,0,0.08333333333333333,01KJP2Q4FMMNPG4DTS771Y4V70_01KJP2SNNP4ZB6K1QMGZX5CC0T,phase1_final,14,6
01KJP22PXRH9VYFY7Z1HZVNSMN,page5-28,01KJP2Q4FMMNPG4DTS771Y4V70,01KJP2RVD8SK7AN1X5EMGRM458,A,B,0,0.0,01KJP2Q4FMMNPG4DTS771Y4V70_01KJP2RVD8SK7AN1X5EMGRM458,phase1_final,14,1
01KJP22PXRH9VYFY7Z1HZVNSMN,page5-28,01KJP2Q4FMMNPG4DTS771Y4V70,01KJP2SDQCR0935BS4E06A6D2G,A,C,0,0.0,01KJP2Q4FMMNPG4DTS771Y4V70_01KJP2SDQCR0935BS4E06A6D2G,phase1_final,14,1
01KJP22PXRH9VYFY7Z1HZVNSMN,page5-28,01KJP2Q4FMMNPG4DTS771Y4V70,01KJP2SGRYQPGESDGRKTMMAJX4,A,A,1,0.0,01KJP2Q4FMMNPG4DTS771Y4V70_01KJP2SGRYQPGESDGRKTMMAJX4,phase1_final,14,11
01KJP22PXRH9VYFY7Z1HZVNSMN,page5-28,01KJP2Q4FMMNPG4DTS771Y4V70,01KJP2Q9Z7MR3VPYE4MH3SC9C8,A,C,0,0.0,01KJP2Q4FMMNPG4DTS771Y4V70_01KJP2Q9Z7MR3VPYE4MH3SC9C8,phase1_final,14,1
01KJP22PXRH9VYFY7Z1HZVNSMN,page5-28,01KJP2Q4FMMNPG4DTS771Y4V70,01KJP2RBVR6E36EKC8HYRAV5GF,A,A,1,0.125,01KJP2Q4FMMNPG4DTS771Y4V70_01KJP2RBVR6E36EKC8HYRAV5GF,phase1_final,14,1
01KJP22PXRH9VYFY7Z1HZVNSMN,page5-28,01KJP2RH1QNE571FNJRJ0ZHM7W,01KJP2SNNP4ZB6K1QMGZX5CC0T,B,C,0,0.0,01KJP2RH1QNE571FNJRJ0ZHM7W_01KJP2SNNP4ZB6K1QMGZX5CC0T,phase1_final,1,6
01KJP22PXRH9VYFY7Z1HZVNSMN,page5-28,01KJP2RH1QNE571FNJRJ0ZHM7W,01KJP2RVD8SK7AN1X5EMGRM458,B,B,1,1.0,01KJP2RH1QNE571FNJRJ0ZHM7W_01KJP2RVD8SK7AN1X5EMGRM458,phase1_final,1,1
01KJP22PXRH9VYFY7Z1HZVNSMN,page5-28,01KJP2RH1QNE571FNJRJ0ZHM7W,01KJP2SDQCR0935BS4E06A6D2G,B,C,0,0.0,01KJP2RH1QNE571FNJRJ0ZHM7W_01KJP2SDQCR0935BS4E06A6D2G,phase1_final,1,1
01KJP22PXRH9VYFY7Z1HZVNSMN,page5-28,01KJP2RH1QNE571FNJRJ0ZHM7W,01KJP2SGRYQPGESDGRKTMMAJX4,B,A,0,0.0,01KJP2RH1QNE571FNJRJ0ZHM7W_01KJP2SGRYQPGESDGRKTMMAJX4,phase1_final,1,11
01KJP22PXRH9VYFY7Z1HZVNSMN,page5-28,01KJP2RH1QNE571FNJRJ0ZHM7W,01KJP2Q9Z7MR3VPYE4MH3SC9C8,B,C,0,0.0,01KJP2Q9Z7MR3VPYE4MH3SC9C8_01KJP2RH1QNE571FNJRJ0ZHM7W,phase1_final,1,1
01KJP22PXRH9VYFY7Z1HZVNSMN,page5-28,01KJP2RH1QNE571FNJRJ0ZHM7W,01KJP2RBVR6E36EKC8HYRAV5GF,B,A,0,0.0,01KJP2RBVR6E36EKC8HYRAV5GF_01KJP2RH1QNE571FNJRJ0ZHM7W,phase1_final,1,1
01KJP22PXRH9VYFY7Z1HZVNSMN,page5-28,01KJP2SNNP4ZB6K1QMGZX5CC0T,01KJP2RVD8SK7AN1X5EMGRM458,C,B,0,0.0,01KJP2RVD8SK7AN1X5EMGRM458_01KJP2SNNP4ZB6K1QMGZX5CC0T,phase1_final,6,1
01KJP22PXRH9VYFY7Z1HZVNSMN,page5-28,01KJP2SNNP4ZB6K1QMGZX5CC0T,01KJP2SDQCR0935BS4E06A6D2G,C,C,1,0.2,01KJP2SDQCR0935BS4E06A6D2G_01KJP2SNNP4ZB6K1QMGZX5CC0T,phase1_final,6,1
01KJP22PXRH9VYFY7Z1HZVNSMN,page5-28,01KJP2SNNP4ZB6K1QMGZX5CC0T,01KJP2SGRYQPGESDGRKTMMAJX4,C,A,0,0.0,01KJP2SGRYQPGESDGRKTMMAJX4_01KJP2SNNP4ZB6K1QMGZX5CC0T,phase1_final,6,11
01KJP22PXRH9VYFY7Z1HZVNSMN,page5-28,01KJP2SNNP4ZB6K1QMGZX5CC0T,01KJP2Q9Z7MR3VPYE4MH3SC9C8,C,C,1,0.2,01KJP2Q9Z7MR3VPYE4MH3SC9C8_01KJP2SNNP4ZB6K1QMGZX5CC0T,phase1_final,6,1
01KJP22PXRH9VYFY7Z1HZVNSMN,page5-28,01KJP2SNNP4ZB6K1QMGZX5CC0T,01KJP2RBVR6E36EKC8HYRAV5GF,C,A,0,0.0,01KJP2RBVR6E36EKC8HYRAV5GF_01KJP2SNNP4ZB6K1QMGZX5CC0T,phase1_final,6,1
01KJP22PXRH9VYFY7Z1HZVNSMN,page5-28,01KJP2RVD8SK7AN1X5EMGRM458,01KJP2SDQCR0935BS4E06A6D2G,B,C,0,0.0,01KJP2RVD8SK7AN1X5EMGRM458_01KJP2SDQCR0935BS4E06A6D2G,phase1_final,1,1
01KJP22PXRH9VYFY7Z1HZVNSMN,page5-28,01KJP2RVD8SK7AN1X5EMGRM458,01KJP2SGRYQPGESDGRKTMMAJX4,B,A,0,0.0,01KJP2RVD8SK7AN1X5EMGRM458_01KJP2SGRYQPGESDGRKTMMAJX4,phase1_final,1,11
01KJP22PXRH9VYFY7Z1HZVNSMN,page5-28,01KJP2RVD8SK7AN1X5EMGRM458,01KJP2Q9Z7MR3VPYE4MH3SC9C8,B,C,0,0.0,01KJP2Q9Z7MR3VPYE4MH3SC9C8_01KJP2RVD8SK7AN1X5EMGRM458,phase1_final,1,1
01KJP22PXRH9VYFY7Z1HZVNSMN,page5-28,01KJP2RVD8SK7AN1X5EMGRM458,01KJP2RBVR6E36EKC8HYRAV5GF,B,A,0,0.0,01KJP2RBVR6E36EKC8HYRAV5GF_01KJP2RVD8SK7AN1X5EMGRM458,phase1_final,1,1
01KJP22PXRH9VYFY7Z1HZVNSMN,page5-28,01KJP2SDQCR0935BS4E06A6D2G,01KJP2SGRYQPGESDGRKTMMAJX4,C,A,0,0.0,01KJP2SDQCR0935BS4E06A6D2G_01KJP2SGRYQPGESDGRKTMMAJX4,phase1_final,1,11
01KJP22PXRH9VYFY7Z1HZVNSMN,page5-28,01KJP2SDQCR0935BS4E06A6D2G,01KJP2Q9Z7MR3VPYE4MH3SC9C8,C,C,1,1.0,01KJP2Q9Z7MR3VPYE4MH3SC9C8_01KJP2SDQCR0935BS4E06A6D2G,phase1_final,1,1
01KJP22PXRH9VYFY7Z1HZVNSMN,page5-28,01KJP2SDQCR0935BS4E06A6D2G,01KJP2RBVR6E36EKC8HYRAV5GF,C,A,0,0.0,01KJP2RBVR6E36EKC8HYRAV5GF_01KJP2SDQCR0935BS4E06A6D2G,phase1_final,1,1
01KJP22PXRH9VYFY7Z1HZVNSMN,page5-28,01KJP2SGRYQPGESDGRKTMMAJX4,01KJP2Q9Z7MR3VPYE4MH3SC9C8,A,C,0,0.0,01KJP2Q9Z7MR3VPYE4MH3SC9C8_01KJP2SGRYQPGESDGRKTMMAJX4,phase1_final,11,1
01KJP22PXRH9VYFY7Z1HZVNSMN,page5-28,01KJP2SGRYQPGESDGRKTMMAJX4,01KJP2RBVR6E36EKC8HYRAV5GF,A,A,1,0.0,01KJP2RBVR6E36EKC8HYRAV5GF_01KJP2SGRYQPGESDGRKTMMAJX4,phase1_final,11,1
01KJP22PXRH9VYFY7Z1HZVNSMN,page5-28,01KJP2Q9Z7MR3VPYE4MH3SC9C8,01KJP2RBVR6E36EKC8HYRAV5GF,C,A,0,0.0,01KJP2Q9Z7MR3VPYE4MH3SC9C8_01KJP2RBVR6E36EKC8HYRAV5GF,phase1_final,1,1
01KJP22PXRH9VYFY7Z1HZVNSMN,page7-107,01KJP2Q4FMMNPG4DTS771Y4V70,01KJP2RH1QNE571FNJRJ0ZHM7W,A,B,0,0.0,01KJP2Q4FMMNPG4DTS771Y4V70_01KJP2RH1QNE571FNJRJ0ZHM7W,phase1_final,3,3
01KJP22PXRH9VYFY7Z1HZVNSMN,page7-107,01KJP2Q4FMMNPG4DTS771Y4V70,01KJP2SNNP4ZB6K1QMGZX5CC0T,A,C,0,0.125,01KJP2Q4FMMNPG4DTS771Y4V70_01KJP2SNNP4ZB6K1QMGZX5CC0T,phase1_final,3,10
01KJP22PXRH9VYFY7Z1HZVNSMN,page7-107,01KJP2Q4FMMNPG4DTS771Y4V70,01KJP2RVD8SK7AN1X5EMGRM458,A,B,0,0.0,01KJP2Q4FMMNPG4DTS771Y4V70_01KJP2RVD8SK7AN1X5EMGRM458,phase1_final,3,1
01KJP22PXRH9VYFY7Z1HZVNSMN,page7-107,01KJP2Q4FMMNPG4DTS771Y4V70,01KJP2SDQCR0935BS4E06A6D2G,A,C,0,0.25,01KJP2Q4FMMNPG4DTS771Y4V70_01KJP2SDQCR0935BS4E06A6D2G,phase1_final,3,4
01KJP22PXRH9VYFY7Z1HZVNSMN,page7-107,01KJP2Q4FMMNPG4DTS771Y4V70,01KJP2SGRYQPGESDGRKTMMAJX4,A,A,1,0.1111111111111111,01KJP2Q4FMMNPG4DTS771Y4V70_01KJP2SGRYQPGESDGRKTMMAJX4,phase1_final,3,10
01KJP22PXRH9VYFY7Z1HZVNSMN,page7-107,01KJP2Q4FMMNPG4DTS771Y4V70,01KJP2Q9Z7MR3VPYE4MH3SC9C8,A,C,0,0.5,01KJP2Q4FMMNPG4DTS771Y4V70_01KJP2Q9Z7MR3VPYE4MH3SC9C8,phase1_final,3,7
01KJP22PXRH9VYFY7Z1HZVNSMN,page7-107,01KJP2Q4FMMNPG4DTS771Y4V70,01KJP2RBVR6E36EKC8HYRAV5GF,A,A,1,0.5,01KJP2Q4FMMNPG4DTS771Y4V70_01KJP2RBVR6E36EKC8HYRAV5GF,phase1_final,3,1
01KJP22PXRH9VYFY7Z1HZVNSMN,page7-107,01KJP2RH1QNE571FNJRJ0ZHM7W,01KJP2SNNP4ZB6K1QMGZX5CC0T,B,C,0,0.0,01KJP2RH1QNE571FNJRJ0ZHM7W_01KJP2SNNP4ZB6K1QMGZX5CC0T,phase1_final,3,10
01KJP22PXRH9VYFY7Z1HZVNSMN,page7-107,01KJP2RH1QNE571FNJRJ0ZHM7W,01KJP2RVD8SK7AN1X5EMGRM458,B,B,1,0.5,01KJP2RH1QNE571FNJRJ0ZHM7W_01KJP2RVD8SK7AN1X5EMGRM458,phase1_final,3,1
01KJP22PXRH9VYFY7Z1HZVNSMN,page7-107,01KJP2RH1QNE571FNJRJ0ZHM7W,01KJP2SDQCR0935BS4E06A6D2G,B,C,0,0.0,01KJP2RH1QNE571FNJRJ0ZHM7W_01KJP2SDQCR0935BS4E06A6D2G,phase1_final,3,4
01KJP22PXRH9VYFY7Z1HZVNSMN,page7-107,01KJP2RH1QNE571FNJRJ0ZHM7W,01KJP2SGRYQPGESDGRKTMMAJX4,B,A,0,0.0,01KJP2RH1QNE571FNJRJ0ZHM7W_01KJP2SGRYQPGESDGRKTMMAJX4,phase1_final,3,10
01KJP22PXRH9VYFY7Z1HZVNSMN,page7-107,01KJP2RH1QNE571FNJRJ0ZHM7W,01KJP2Q9Z7MR3VPYE4MH3SC9C8,B,C,0,0.0,01KJP2Q9Z7MR3VPYE4MH3SC9C8_01KJP2RH1QNE571FNJRJ0ZHM7W,phase1_final,3,7
01KJP22PXRH9VYFY7Z1HZVNSMN,page7-107,01KJP2RH1QNE571FNJRJ0ZHM7W,01KJP2RBVR6E36EKC8HYRAV5GF,B,A,0,0.0,01KJP2RBVR6E36EKC8HYRAV5GF_01KJP2RH1QNE571FNJRJ0ZHM7W,phase1_final,3,1
01KJP22PXRH9VYFY7Z1HZVNSMN,page7-107,01KJP2SNNP4ZB6K1QMGZX5CC0T,01KJP2RVD8SK7AN1X5EMGRM458,C,B,0,0.0,01KJP2RVD8SK7AN1X5EMGRM458_01KJP2SNNP4ZB6K1QMGZX5CC0T,phase1_final,10,1
01KJP22PXRH9VYFY7Z1HZVNSMN,page7-107,01KJP2SNNP4ZB6K1QMGZX5CC0T,01KJP2SDQCR0935BS4E06A6D2G,C,C,1,0.1111111111111111,01KJP2SDQCR0935BS4E06A6D2G_01KJP2SNNP4ZB6K1QMGZX5CC0T,phase1_final,10,4
01KJP22PXRH9VYFY7Z1HZVNSMN,page7-107,01KJP2SNNP4ZB6K1QMGZX5CC0T,01KJP2SGRYQPGESDGRKTMMAJX4,C,A,0,0.15384615384615385,01KJP2SGRYQPGESDGRKTMMAJX4_01KJP2SNNP4ZB6K1QMGZX5CC0T,phase1_final,10,10
01KJP22PXRH9VYFY7Z1HZVNSMN,page7-107,01KJP2SNNP4ZB6K1QMGZX5CC0T,01KJP2Q9Z7MR3VPYE4MH3SC9C8,C,C,1,0.2222222222222222,01KJP2Q9Z7MR3VPYE4MH3SC9C8_01KJP2SNNP4ZB6K1QMGZX5CC0T,phase1_final,10,7
01KJP22PXRH9VYFY7Z1HZVNSMN,page7-107,01KJP2SNNP4ZB6K1QMGZX5CC0T,01KJP2RBVR6E36EKC8HYRAV5GF,C,A,0,0.0,01KJP2RBVR6E36EKC8HYRAV5GF_01KJP2SNNP4ZB6K1QMGZX5CC0T,phase1_final,10,1
01KJP22PXRH9VYFY7Z1HZVNSMN,page7-107,01KJP2RVD8SK7AN1X5EMGRM458,01KJP2SDQCR0935BS4E06A6D2G,B,C,0,0.0,01KJP2RVD8SK7AN1X5EMGRM458_01KJP2SDQCR0935BS4E06A6D2G,phase1_final,1,4
01KJP22PXRH9VYFY7Z1HZVNSMN,page7-107,01KJP2RVD8SK7AN1X5EMGRM458,01KJP2SGRYQPGESDGRKTMMAJX4,B,A,0,0.0,01KJP2RVD8SK7AN1X5EMGRM458_01KJP2SGRYQPGESDGRKTMMAJX4,phase1_final,1,10
01KJP22PXRH9VYFY7Z1HZVNSMN,page7-107,01KJP2RVD8SK7AN1X5EMGRM458,01KJP2Q9Z7MR3VPYE4MH3SC9C8,B,C,0,0.0,01KJP2Q9Z7MR3VPYE4MH3SC9C8_01KJP2RVD8SK7AN1X5EMGRM458,phase1_final,1,7
01KJP22PXRH9VYFY7Z1HZVNSMN,page7-107,01KJP2RVD8SK7AN1X5EMGRM458,01KJP2RBVR6E36EKC8HYRAV5GF,B,A,0,0.0,01KJP2RBVR6E36EKC8HYRAV5GF_01KJP2RVD8SK7AN1X5EMGRM458,phase1_final,1,1
01KJP22PXRH9VYFY7Z1HZVNSMN,page7-107,01KJP2SDQCR0935BS4E06A6D2G,01KJP2SGRYQPGESDGRKTMMAJX4,C,A,0,0.1,01KJP2SDQCR0935BS4E06A6D2G_01KJP2SGRYQPGESDGRKTMMAJX4,phase1_final,4,10
01KJP22PXRH9VYFY7Z1HZVNSMN,page7-107,01KJP2SDQCR0935BS4E06A6D2G,01KJP2Q9Z7MR3VPYE4MH3SC9C8,C,C,1,0.16666666666666666,01KJP2Q9Z7MR3VPYE4MH3SC9C8_01KJP2SDQCR0935BS4E06A6D2G,phase1_final,4,7
01KJP22PXRH9VYFY7Z1HZVNSMN,page7-107,01KJP2SDQCR0935BS4E06A6D2G,01KJP2RBVR6E36EKC8HYRAV5GF,C,A,0,0.0,01KJP2RBVR6E36EKC8HYRAV5GF_01KJP2SDQCR0935BS4E06A6D2G,phase1_final,4,1
01KJP22PXRH9VYFY7Z1HZVNSMN,page7-107,01KJP2SGRYQPGESDGRKTMMAJX4,01KJP2Q9Z7MR3VPYE4MH3SC9C8,A,C,0,0.09090909090909091,01KJP2Q9Z7MR3VPYE4MH3SC9C8_01KJP2SGRYQPGESDGRKTMMAJX4,phase1_final,10,7
01KJP22PXRH9VYFY7Z1HZVNSMN,page7-107,01KJP2SGRYQPGESDGRKTMMAJX4,01KJP2RBVR6E36EKC8HYRAV5GF,A,A,1,0.0,01KJP2RBVR6E36EKC8HYRAV5GF_01KJP2SGRYQPGESDGRKTMMAJX4,phase1_final,10,1
01KJP22PXRH9VYFY7Z1HZVNSMN,page7-107,01KJP2Q9Z7MR3VPYE4MH3SC9C8,01KJP2RBVR6E36EKC8HYRAV5GF,C,A,0,0.25,01KJP2Q9Z7MR3VPYE4MH3SC9C8_01KJP2RBVR6E36EKC8HYRAV5GF,phase1_final,7,1
01KJP22PXRH9VYFY7Z1HZVNSMN,page7-255,01KJP2Q4FMMNPG4DTS771Y4V70,01KJP2RH1QNE571FNJRJ0ZHM7W,A,B,0,0.0,01KJP2Q4FMMNPG4DTS771Y4V70_01KJP2RH1QNE571FNJRJ0ZHM7W,phase1_final,23,7
01KJP22PXRH9VYFY7Z1HZVNSMN,page7-255,01KJP2Q4FMMNPG4DTS771Y4V70,01KJP2SNNP4ZB6K1QMGZX5CC0T,A,C,0,0.0625,01KJP2Q4FMMNPG4DTS771Y4V70_01KJP2SNNP4ZB6K1QMGZX5CC0T,phase1_final,23,10
01KJP22PXRH9VYFY7Z1HZVNSMN,page7-255,01KJP2Q4FMMNPG4DTS771Y4V70,01KJP2RVD8SK7AN1X5EMGRM458,A,B,0,0.0,01KJP2Q4FMMNPG4DTS771Y4V70_01KJP2RVD8SK7AN1X5EMGRM458,phase1_final,23,2
01KJP22PXRH9VYFY7Z1HZVNSMN,page7-255,01KJP2Q4FMMNPG4DTS771Y4V70,01KJP2SDQCR0935BS4E06A6D2G,A,C,0,0.0,01KJP2Q4FMMNPG4DTS771Y4V70_01KJP2SDQCR0935BS4E06A6D2G,phase1_final,23,1
01KJP22PXRH9VYFY7Z1HZVNSMN,page7-255,01KJP2Q4FMMNPG4DTS771Y4V70,01KJP2SGRYQPGESDGRKTMMAJX4,A,A,1,0.2857142857142857,01KJP2Q4FMMNPG4DTS771Y4V70_01KJP2SGRYQPGESDGRKTMMAJX4,phase1_final,23,11
01KJP22PXRH9VYFY7Z1HZVNSMN,page7-255,01KJP2Q4FMMNPG4DTS771Y4V70,01KJP2Q9Z7MR3VPYE4MH3SC9C8,A,C,0,0.0,01KJP2Q4FMMNPG4DTS771Y4V70_01KJP2Q9Z7MR3VPYE4MH3SC9C8,phase1_final,23,3
01KJP22PXRH9VYFY7Z1HZVNSMN,page7-255,01KJP2Q4FMMNPG4DTS771Y4V70,01KJP2RBVR6E36EKC8HYRAV5GF,A,A,1,0.0,01KJP2Q4FMMNPG4DTS771Y4V70_01KJP2RBVR6E36EKC8HYRAV5GF,phase1_final,23,5
01KJP22PXRH9VYFY7Z1HZVNSMN,page7-255,01KJP2RH1QNE571FNJRJ0ZHM7W,01KJP2SNNP4ZB6K1QMGZX5CC0T,B,C,0,0.0,01KJP2RH1QNE571FNJRJ0ZHM7W_01KJP2SNNP4ZB6K1QMGZX5CC0T,phase1_final,7,10
01KJP22PXRH9VYFY7Z1HZVNSMN,page7-255,01KJP2RH1QNE571FNJRJ0ZHM7W,01KJP2RVD8SK7AN1X5EMGRM458,B,B,1,0.25,01KJP2RH1QNE571FNJRJ0ZHM7W_01KJP2RVD8SK7AN1X5EMGRM458,phase1_final,7,2
01KJP22PXRH9VYFY7Z1HZVNSMN,page7-255,01KJP2RH1QNE571FNJRJ0ZHM7W,01KJP2SDQCR0935BS4E06A6D2G,B,C,0,0.0,01KJP2RH1QNE571FNJRJ0ZHM7W_01KJP2SDQCR0935BS4E06A6D2G,phase1_final,7,1
01KJP22PXRH9VYFY7Z1HZVNSMN,page7-255,01KJP2RH1QNE571FNJRJ0ZHM7W,01KJP2SGRYQPGESDGRKTMMAJX4,B,A,0,0.0,01KJP2RH1QNE571FNJRJ0ZHM7W_01KJP2SGRYQPGESDGRKTMMAJX4,phase1_final,7,11
01KJP22PXRH9VYFY7Z1HZVNSMN,page7-255,01KJP2RH1QNE571FNJRJ0ZHM7W,01KJP2Q9Z7MR3VPYE4MH3SC9C8,B,C,0,0.0,01KJP2Q9Z7MR3VPYE4MH3SC9C8_01KJP2RH1QNE571FNJRJ0ZHM7W,phase1_final,7,3
01KJP22PXRH9VYFY7Z1HZVNSMN,page7-255,01KJP2RH1QNE571FNJRJ0ZHM7W,01KJP2RBVR6E36EKC8HYRAV5GF,B,A,0,0.0,01KJP2RBVR6E36EKC8HYRAV5GF_01KJP2RH1QNE571FNJRJ0ZHM7W,phase1_final,7,5
01KJP22PXRH9VYFY7Z1HZVNSMN,page7-255,01KJP2SNNP4ZB6K1QMGZX5CC0T,01KJP2RVD8SK7AN1X5EMGRM458,C,B,0,0.0,01KJP2RVD8SK7AN1X5EMGRM458_01KJP2SNNP4ZB6K1QMGZX5CC0T,phase1_final,10,2
01KJP22PXRH9VYFY7Z1HZVNSMN,page7-255,01KJP2SNNP4ZB6K1QMGZX5CC0T,01KJP2SDQCR0935BS4E06A6D2G,C,C,1,0.16666666666666666,01KJP2SDQCR0935BS4E06A6D2G_01KJP2SNNP4ZB6K1QMGZX5CC0T,phase1_final,10,1
01KJP22PXRH9VYFY7Z1HZVNSMN,page7-255,01KJP2SNNP4ZB6K1QMGZX5CC0T,01KJP2SGRYQPGESDGRKTMMAJX4,C,A,0,0.08333333333333333,01KJP2SGRYQPGESDGRKTMMAJX4_01KJP2SNNP4ZB6K1QMGZX5CC0T,phase1_final,10,11
01KJP22PXRH9VYFY7Z1HZVNSMN,page7-255,01KJP2SNNP4ZB6K1QMGZX5CC0T,01KJP2Q9Z7MR3VPYE4MH3SC9C8,C,C,1,0.14285714285714285,01KJP2Q9Z7MR3VPYE4MH3SC9C8_01KJP2SNNP4ZB6K1QMGZX5CC0T,phase1_final,10,3
01KJP22PXRH9VYFY7Z1HZVNSMN,page7-255,01KJP2SNNP4ZB6K1QMGZX5CC0T,01KJP2RBVR6E36EKC8HYRAV5GF,C,A,0,0.0,01KJP2RBVR6E36EKC8HYRAV5GF_01KJP2SNNP4ZB6K1QMGZX5CC0T,phase1_final,10,5
01KJP22PXRH9VYFY7Z1HZVNSMN,page7-255,01KJP2RVD8SK7AN1X5EMGRM458,01KJP2SDQCR0935BS4E06A6D2G,B,C,0,0.0,01KJP2RVD8SK7AN1X5EMGRM458_01KJP2SDQCR0935BS4E06A6D2G,phase1_final,2,1
01KJP22PXRH9VYFY7Z1HZVNSMN,page7-255,01KJP2RVD8SK7AN1X5EMGRM458,01KJP2SGRYQPGESDGRKTMMAJX4,B,A,0,0.0,01KJP2RVD8SK7AN1X5EMGRM458_01KJP2SGRYQPGESDGRKTMMAJX4,phase1_final,2,11
01KJP22PXRH9VYFY7Z1HZVNSMN,page7-255,01KJP2RVD8SK7AN1X5EMGRM458,01KJP2Q9Z7MR3VPYE4MH3SC9C8,B,C,0,0.0,01KJP2Q9Z7MR3VPYE4MH3SC9C8_01KJP2RVD8SK7AN1X5EMGRM458,phase1_final,2,3
01KJP22PXRH9VYFY7Z1HZVNSMN,page7-255,01KJP2RVD8SK7AN1X5EMGRM458,01KJP2RBVR6E36EKC8HYRAV5GF,B,A,0,0.0,01KJP2RBVR6E36EKC8HYRAV5GF_01KJP2RVD8SK7AN1X5EMGRM458,phase1_final,2,5
01KJP22PXRH9VYFY7Z1HZVNSMN,page7-255,01KJP2SDQCR0935BS4E06A6D2G,01KJP2SGRYQPGESDGRKTMMAJX4,C,A,0,0.0,01KJP2SDQCR0935BS4E06A6D2G_01KJP2SGRYQPGESDGRKTMMAJX4,phase1_final,1,11
01KJP22PXRH9VYFY7Z1HZVNSMN,page7-255,01KJP2SDQCR0935BS4E06A6D2G,01KJP2Q9Z7MR3VPYE4MH3SC9C8,C,C,1,0.5,01KJP2Q9Z7MR3VPYE4MH3SC9C8_01KJP2SDQCR0935BS4E06A6D2G,phase1_final,1,3
01KJP22PXRH9VYFY7Z1HZVNSMN,page7-255,01KJP2SDQCR0935BS4E06A6D2G,01KJP2RBVR6E36EKC8HYRAV5GF,C,A,0,0.0,01KJP2RBVR6E36EKC8HYRAV5GF_01KJP2SDQCR0935BS4E06A6D2G,phase1_final,1,5
01KJP22PXRH9VYFY7Z1HZVNSMN,page7-255,01KJP2SGRYQPGESDGRKTMMAJX4,01KJP2Q9Z7MR3VPYE4MH3SC9C8,A,C,0,0.0,01KJP2Q9Z7MR3VPYE4MH3SC9C8_01KJP2SGRYQPGESDGRKTMMAJX4,phase1_final,11,3
01KJP22PXRH9VYFY7Z1HZVNSMN,page7-255,01KJP2SGRYQPGESDGRKTMMAJX4,01KJP2RBVR6E36EKC8HYRAV5GF,A,A,1,0.125,01KJP2RBVR6E36EKC8HYRAV5GF_01KJP2SGRYQPGESDGRKTMMAJX4,phase1_final,11,5
01KJP22PXRH9VYFY7Z1HZVNSMN,page7-255,01KJP2Q9Z7MR3VPYE4MH3SC9C8,01KJP2RBVR6E36EKC8HYRAV5GF,C,A,0,0.0,01KJP2Q9Z7MR3VPYE4MH3SC9C8_01KJP2RBVR6E36EKC8HYRAV5GF,phase1_final,3,5
01KJP22PXRH9VYFY7Z1HZVNSMN,page9-46,01KJP2Q4FMMNPG4DTS771Y4V70,01KJP2RH1QNE571FNJRJ0ZHM7W,A,B,0,0.07142857142857142,01KJP2Q4FMMNPG4DTS771Y4V70_01KJP2RH1QNE571FNJRJ0ZHM7W,phase1_final,20,4
01KJP22PXRH9VYFY7Z1HZVNSMN,page9-46,01KJP2Q4FMMNPG4DTS771Y4V70,01KJP2SNNP4ZB6K1QMGZX5CC0T,A,C,0,0.13333333333333333,01KJP2Q4FMMNPG4DTS771Y4V70_01KJP2SNNP4ZB6K1QMGZX5CC0T,phase1_final,20,10
01KJP22PXRH9VYFY7Z1HZVNSMN,page9-46,01KJP2Q4FMMNPG4DTS771Y4V70,01KJP2RVD8SK7AN1X5EMGRM458,A,B,0,0.07692307692307693,01KJP2Q4FMMNPG4DTS771Y4V70_01KJP2RVD8SK7AN1X5EMGRM458,phase1_final,20,3
01KJP22PXRH9VYFY7Z1HZVNSMN,page9-46,01KJP2Q4FMMNPG4DTS771Y4V70,01KJP2SDQCR0935BS4E06A6D2G,A,C,0,0.15384615384615385,01KJP2Q4FMMNPG4DTS771Y4V70_01KJP2SDQCR0935BS4E06A6D2G,phase1_final,20,8
01KJP22PXRH9VYFY7Z1HZVNSMN,page9-46,01KJP2Q4FMMNPG4DTS771Y4V70,01KJP2SGRYQPGESDGRKTMMAJX4,A,A,1,0.0625,01KJP2Q4FMMNPG4DTS771Y4V70_01KJP2SGRYQPGESDGRKTMMAJX4,phase1_final,20,6
01KJP22PXRH9VYFY7Z1HZVNSMN,page9-46,01KJP2Q4FMMNPG4DTS771Y4V70,01KJP2Q9Z7MR3VPYE4MH3SC9C8,A,C,0,0.07692307692307693,01KJP2Q4FMMNPG4DTS771Y4V70_01KJP2Q9Z7MR3VPYE4MH3SC9C8,phase1_final,20,5
01KJP22PXRH9VYFY7Z1HZVNSMN,page9-46,01KJP2Q4FMMNPG4DTS771Y4V70,01KJP2RBVR6E36EKC8HYRAV5GF,A,A,1,0.2222222222222222,01KJP2Q4FMMNPG4DTS771Y4V70_01KJP2RBVR6E36EKC8HYRAV5GF,phase1_final,20,20
01KJP22PXRH9VYFY7Z1HZVNSMN,page9-46,01KJP2RH1QNE571FNJRJ0ZHM7W,01KJP2SNNP4ZB6K1QMGZX5CC0T,B,C,0,0.0,01KJP2RH1QNE571FNJRJ0ZHM7W_01KJP2SNNP4ZB6K1QMGZX5CC0T,phase1_final,4,10
01KJP22PXRH9VYFY7Z1HZVNSMN,page9-46,01KJP2RH1QNE571FNJRJ0ZHM7W,01KJP2RVD8SK7AN1X5EMGRM458,B,B,1,0.75,01KJP2RH1QNE571FNJRJ0ZHM7W_01KJP2RVD8SK7AN1X5EMGRM458,phase1_final,4,3
01KJP22PXRH9VYFY7Z1HZVNSMN,page9-46,01KJP2RH1QNE571FNJRJ0ZHM7W,01KJP2SDQCR0935BS4E06A6D2G,B,C,0,0.0,01KJP2RH1QNE571FNJRJ0ZHM7W_01KJP2SDQCR0935BS4E06A6D2G,phase1_final,4,8
01KJP22PXRH9VYFY7Z1HZVNSMN,page9-46,01KJP2RH1QNE571FNJRJ0ZHM7W,01KJP2SGRYQPGESDGRKTMMAJX4,B,A,0,0.0,01KJP2RH1QNE571FNJRJ0ZHM7W_01KJP2SGRYQPGESDGRKTMMAJX4,phase1_final,4,6
01KJP22PXRH9VYFY7Z1HZVNSMN,page9-46,01KJP2RH1QNE571FNJRJ0ZHM7W,01KJP2Q9Z7MR3VPYE4MH3SC9C8,B,C,0,0.0,01KJP2Q9Z7MR3VPYE4MH3SC9C8_01KJP2RH1QNE571FNJRJ0ZHM7W,phase1_final,4,5
01KJP22PXRH9VYFY7Z1HZVNSMN,page9-46,01KJP2RH1QNE571FNJRJ0ZHM7W,01KJP2RBVR6E36EKC8HYRAV5GF,B,A,0,0.07142857142857142,01KJP2RBVR6E36EKC8HYRAV5GF_01KJP2RH1QNE571FNJRJ0ZHM7W,phase1_final,4,20
01KJP22PXRH9VYFY7Z1HZVNSMN,page9-46,01KJP2SNNP4ZB6K1QMGZX5CC0T,01KJP2RVD8SK7AN1X5EMGRM458,C,B,0,0.0,01KJP2RVD8SK7AN1X5EMGRM458_01KJP2SNNP4ZB6K1QMGZX5CC0T,phase1_final,10,3
01KJP22PXRH9VYFY7Z1HZVNSMN,page9-46,01KJP2SNNP4ZB6K1QMGZX5CC0T,01KJP2SDQCR0935BS4E06A6D2G,C,C,1,0.42857142857142855,01KJP2SDQCR0935BS4E06A6D2G_01KJP2SNNP4ZB6K1QMGZX5CC0T,phase1_final,10,8
01KJP22PXRH9VYFY7Z1HZVNSMN,page9-46,01KJP2SNNP4ZB6K1QMGZX5CC0T,01KJP2SGRYQPGESDGRKTMMAJX4,C,A,0,0.09090909090909091,01KJP2SGRYQPGESDGRKTMMAJX4_01KJP2SNNP4ZB6K1QMGZX5CC0T,phase1_final,10,6
01KJP22PXRH9VYFY7Z1HZVNSMN,page9-46,01KJP2SNNP4ZB6K1QMGZX5CC0T,01KJP2Q9Z7MR3VPYE4MH3SC9C8,C,C,1,0.2857142857142857,01KJP2Q9Z7MR3VPYE4MH3SC9C8_01KJP2SNNP4ZB6K1QMGZX5CC0T,phase1_final,10,5
01KJP22PXRH9VYFY7Z1HZVNSMN,page9-46,01KJP2SNNP4ZB6K1QMGZX5CC0T,01KJP2RBVR6E36EKC8HYRAV5GF,C,A,0,0.13333333333333333,01KJP2RBVR6E36EKC8HYRAV5GF_01KJP2SNNP4ZB6K1QMGZX5CC0T,phase1_final,10,20
01KJP22PXRH9VYFY7Z1HZVNSMN,page9-46,01KJP2RVD8SK7AN1X5EMGRM458,01KJP2SDQCR0935BS4E06A6D2G,B,C,0,0.0,01KJP2RVD8SK7AN1X5EMGRM458_01KJP2SDQCR0935BS4E06A6D2G,phase1_final,3,8
01KJP22PXRH9VYFY7Z1HZVNSMN,page9-46,01KJP2RVD8SK7AN1X5EMGRM458,01KJP2SGRYQPGESDGRKTMMAJX4,B,A,0,0.0,01KJP2RVD8SK7AN1X5EMGRM458_01KJP2SGRYQPGESDGRKTMMAJX4,phase1_final,3,6
01KJP22PXRH9VYFY7Z1HZVNSMN,page9-46,01KJP2RVD8SK7AN1X5EMGRM458,01KJP2Q9Z7MR3VPYE4MH3SC9C8,B,C,0,0.0,01KJP2Q9Z7MR3VPYE4MH3SC9C8_01KJP2RVD8SK7AN1X5EMGRM458,phase1_final,3,5
01KJP22PXRH9VYFY7Z1HZVNSMN,page9-46,01KJP2RVD8SK7AN1X5EMGRM458,01KJP2RBVR6E36EKC8HYRAV5GF,B,A,0,0.07692307692307693,01KJP2RBVR6E36EKC8HYRAV5GF_01KJP2RVD8SK7AN1X5EMGRM458,phase1_final,3,20
01KJP22PXRH9VYFY7Z1HZVNSMN,page9-46,01KJP2SDQCR0935BS4E06A6D2G,01KJP2SGRYQPGESDGRKTMMAJX4,C,A,0,0.1111111111111111,01KJP2SDQCR0935BS4E06A6D2G_01KJP2SGRYQPGESDGRKTMMAJX4,phase1_final,8,6
01KJP22PXRH9VYFY7Z1HZVNSMN,page9-46,01KJP2SDQCR0935BS4E06A6D2G,01KJP2Q9Z7MR3VPYE4MH3SC9C8,C,C,1,0.4,01KJP2Q9Z7MR3VPYE4MH3SC9C8_01KJP2SDQCR0935BS4E06A6D2G,phase1_final,8,5
01KJP22PXRH9VYFY7Z1HZVNSMN,page9-46,01KJP2SDQCR0935BS4E06A6D2G,01KJP2RBVR6E36EKC8HYRAV5GF,C,A,0,0.15384615384615385,01KJP2RBVR6E36EKC8HYRAV5GF_01KJP2SDQCR0935BS4E06A6D2G,phase1_final,8,20
01KJP22PXRH9VYFY7Z1HZVNSMN,page9-46,01KJP2SGRYQPGESDGRKTMMAJX4,01KJP2Q9Z7MR3VPYE4MH3SC9C8,A,C,0,0.0,01KJP2Q9Z7MR3VPYE4MH3SC9C8_01KJP2SGRYQPGESDGRKTMMAJX4,phase1_final,6,5
01KJP22PXRH9VYFY7Z1HZVNSMN,page9-46,01KJP2SGRYQPGESDGRKTMMAJX4,01KJP2RBVR6E36EKC8HYRAV5GF,A,A,1,0.0625,01KJP2RBVR6E36EKC8HYRAV5GF_01KJP2SGRYQPGESDGRKTMMAJX4,phase1_final,6,20
01KJP22PXRH9VYFY7Z1HZVNSMN,page9-46,01KJP2Q9Z7MR3VPYE4MH3SC9C8,01KJP2RBVR6E36EKC8HYRAV5GF,C,A,0,0.07692307692307693,01KJP2Q9Z7MR3VPYE4MH3SC9C8_01KJP2RBVR6E36EKC8HYRAV5GF,phase1_final,5,20
01KJN6MMPQTMDYRN709968YFN1,page-B,01KJN78B0TFR8F59JDGD057XNS,01KJN79Y7T0VZNKHTSJRZWTDZ5,A,B,0,0.0,01KJN78B0TFR8F59JDGD057XNS_01KJN79Y7T0VZNKHTSJRZWTDZ5,phase2_early,4,1
01KJN6MMPQTMDYRN709968YFN1,page-B,01KJN78B0TFR8F59JDGD057XNS,01KJN788SPAKVVBHX9T9FDQWAF,A,B,0,0.16666666666666666,01KJN788SPAKVVBHX9T9FDQWAF_01KJN78B0TFR8F59JDGD057XNS,phase2_early,4,4
01KJN6MMPQTMDYRN709968YFN1,page-B,01KJN78B0TFR8F59JDGD057XNS,01KJN791EPN054R2NTQQ1BFXJ5,A,A,1,0.2,01KJN78B0TFR8F59JDGD057XNS_01KJN791EPN054R2NTQQ1BFXJ5,phase2_early,4,3
01KJN6MMPQTMDYRN709968YFN1,page-B,01KJN78B0TFR8F59JDGD057XNS,01KJN78JVY5FN5QXW9XGGE72RG,A,A,1,0.25,01KJN78B0TFR8F59JDGD057XNS_01KJN78JVY5FN5QXW9XGGE72RG,phase2_early,4,2
01KJN6MMPQTMDYRN709968YFN1,page-B,01KJN79Y7T0VZNKHTSJRZWTDZ5,01KJN788SPAKVVBHX9T9FDQWAF,B,B,1,0.0,01KJN788SPAKVVBHX9T9FDQWAF_01KJN79Y7T0VZNKHTSJRZWTDZ5,phase2_early,1,4
01KJN6MMPQTMDYRN709968YFN1,page-B,01KJN79Y7T0VZNKHTSJRZWTDZ5,01KJN791EPN054R2NTQQ1BFXJ5,B,A,0,0.3333333333333333,01KJN791EPN054R2NTQQ1BFXJ5_01KJN79Y7T0VZNKHTSJRZWTDZ5,phase2_early,1,3
01KJN6MMPQTMDYRN709968YFN1,page-B,01KJN79Y7T0VZNKHTSJRZWTDZ5,01KJN78JVY5FN5QXW9XGGE72RG,B,A,0,0.0,01KJN78JVY5FN5QXW9XGGE72RG_01KJN79Y7T0VZNKHTSJRZWTDZ5,phase2_early,1,2
01KJN6MMPQTMDYRN709968YFN1,page-B,01KJN788SPAKVVBHX9T9FDQWAF,01KJN791EPN054R2NTQQ1BFXJ5,B,A,0,0.4,01KJN788SPAKVVBHX9T9FDQWAF_01KJN791EPN054R2NTQQ1BFXJ5,phase2_early,4,3
01KJN6MMPQTMDYRN709968YFN1,page-B,01KJN788SPAKVVBHX9T9FDQWAF,01KJN78JVY5FN5QXW9XGGE72RG,B,A,0,0.5,01KJN788SPAKVVBHX9T9FDQWAF_01KJN78JVY5FN5QXW9XGGE72RG,phase2_early,4,2
01KJN6MMPQTMDYRN709968YFN1,page-B,01KJN791EPN054R2NTQQ1BFXJ5,01KJN78JVY5FN5QXW9XGGE72RG,A,A,1,0.6666666666666666,01KJN78JVY5FN5QXW9XGGE72RG_01KJN791EPN054R2NTQQ1BFXJ5,phase2_early,3,2
01KJN6MMPQTMDYRN709968YFN1,page3-35,01KJN78B0TFR8F59JDGD057XNS,01KJN79Y7T0VZNKHTSJRZWTDZ5,A,B,0,0.2,01KJN78B0TFR8F59JDGD057XNS_01KJN79Y7T0VZNKHTSJRZWTDZ5,phase2_early,7,1
01KJN6MMPQTMDYRN709968YFN1,page3-35,01KJN78B0TFR8F59JDGD057XNS,01KJN788SPAKVVBHX9T9FDQWAF,A,B,0,0.2,01KJN788SPAKVVBHX9T9FDQWAF_01KJN78B0TFR8F59JDGD057XNS,phase2_early,7,1
01KJN6MMPQTMDYRN709968YFN1,page3-35,01KJN78B0TFR8F59JDGD057XNS,01KJN791EPN054R2NTQQ1BFXJ5,A,A,1,0.4,01KJN78B0TFR8F59JDGD057XNS_01KJN791EPN054R2NTQQ1BFXJ5,phase2_early,7,2
01KJN6MMPQTMDYRN709968YFN1,page3-35,01KJN78B0TFR8F59JDGD057XNS,01KJN78CQJ3KY7VMGAR6F3D4S0,A,B,0,0.2,01KJN78B0TFR8F59JDGD057XNS_01KJN78CQJ3KY7VMGAR6F3D4S0,phase2_early,7,1
01KJN6MMPQTMDYRN709968YFN1,page3-35,01KJN78B0TFR8F59JDGD057XNS,01KJN78JVY5FN5QXW9XGGE72RG,A,A,1,0.2,01KJN78B0TFR8F59JDGD057XNS_01KJN78JVY5FN5QXW9XGGE72RG,phase2_early,7,1
01KJN6MMPQTMDYRN709968YFN1,page3-35,01KJN79Y7T0VZNKHTSJRZWTDZ5,01KJN788SPAKVVBHX9T9FDQWAF,B,B,1,1.0,01KJN788SPAKVVBHX9T9FDQWAF_01KJN79Y7T0VZNKHTSJRZWTDZ5,phase2_early,1,1
01KJN6MMPQTMDYRN709968YFN1,page3-35,01KJN79Y7T0VZNKHTSJRZWTDZ5,01KJN791EPN054R2NTQQ1BFXJ5,B,A,0,0.5,01KJN791EPN054R2NTQQ1BFXJ5_01KJN79Y7T0VZNKHTSJRZWTDZ5,phase2_early,1,2
01KJN6MMPQTMDYRN709968YFN1,page3-35,01KJN79Y7T0VZNKHTSJRZWTDZ5,01KJN78CQJ3KY7VMGAR6F3D4S0,B,B,1,1.0,01KJN78CQJ3KY7VMGAR6F3D4S0_01KJN79Y7T0VZNKHTSJRZWTDZ5,phase2_early,1,1
01KJN6MMPQTMDYRN709968YFN1,page3-35,01KJN79Y7T0VZNKHTSJRZWTDZ5,01KJN78JVY5FN5QXW9XGGE72RG,B,A,0,1.0,01KJN78JVY5FN5QXW9XGGE72RG_01KJN79Y7T0VZNKHTSJRZWTDZ5,phase2_early,1,1
01KJN6MMPQTMDYRN709968YFN1,page3-35,01KJN788SPAKVVBHX9T9FDQWAF,01KJN791EPN054R2NTQQ1BFXJ5,B,A,0,0.5,01KJN788SPAKVVBHX9T9FDQWAF_01KJN791EPN054R2NTQQ1BFXJ5,phase2_early,1,2
01KJN6MMPQTMDYRN709968YFN1,page3-35,01KJN788SPAKVVBHX9T9FDQWAF,01KJN78CQJ3KY7VMGAR6F3D4S0,B,B,1,1.0,01KJN788SPAKVVBHX9T9FDQWAF_01KJN78CQJ3KY7VMGAR6F3D4S0,phase2_early,1,1
01KJN6MMPQTMDYRN709968YFN1,page3-35,01KJN788SPAKVVBHX9T9FDQWAF,01KJN78JVY5FN5QXW9XGGE72RG,B,A,0,1.0,01KJN788SPAKVVBHX9T9FDQWAF_01KJN78JVY5FN5QXW9XGGE72RG,phase2_early,1,1
01KJN6MMPQTMDYRN709968YFN1,page3-35,01KJN791EPN054R2NTQQ1BFXJ5,01KJN78CQJ3KY7VMGAR6F3D4S0,A,B,0,0.5,01KJN78CQJ3KY7VMGAR6F3D4S0_01KJN791EPN054R2NTQQ1BFXJ5,phase2_early,2,1
01KJN6MMPQTMDYRN709968YFN1,page3-35,01KJN791EPN054R2NTQQ1BFXJ5,01KJN78JVY5FN5QXW9XGGE72RG,A,A,1,0.5,01KJN78JVY5FN5QXW9XGGE72RG_01KJN791EPN054R2NTQQ1BFXJ5,phase2_early,2,1
01KJN6MMPQTMDYRN709968YFN1,page3-35,01KJN78CQJ3KY7VMGAR6F3D4S0,01KJN78JVY5FN5QXW9XGGE72RG,B,A,0,1.0,01KJN78CQJ3KY7VMGAR6F3D4S0_01KJN78JVY5FN5QXW9XGGE72RG,phase2_early,1,1
01KJN6MMPQTMDYRN709968YFN1,page5-28,01KJN78B0TFR8F59JDGD057XNS,01KJN79Y7T0VZNKHTSJRZWTDZ5,A,B,0,0.0,01KJN78B0TFR8F59JDGD057XNS_01KJN79Y7T0VZNKHTSJRZWTDZ5,phase2_early,3,3
01KJN6MMPQTMDYRN709968YFN1,page5-28,01KJN78B0TFR8F59JDGD057XNS,01KJN788SPAKVVBHX9T9FDQWAF,A,B,0,1.0,01KJN788SPAKVVBHX9T9FDQWAF_01KJN78B0TFR8F59JDGD057XNS,phase2_early,3,3
01KJN6MMPQTMDYRN709968YFN1,page5-28,01KJN78B0TFR8F59JDGD057XNS,01KJN791EPN054R2NTQQ1BFXJ5,A,A,1,0.4,01KJN78B0TFR8F59JDGD057XNS_01KJN791EPN054R2NTQQ1BFXJ5,phase2_early,3,8
01KJN6MMPQTMDYRN709968YFN1,page5-28,01KJN78B0TFR8F59JDGD057XNS,01KJN78CQJ3KY7VMGAR6F3D4S0,A,B,0,0.0,01KJN78B0TFR8F59JDGD057XNS_01KJN78CQJ3KY7VMGAR6F3D4S0,phase2_early,3,4
01KJN6MMPQTMDYRN709968YFN1,page5-28,01KJN78B0TFR8F59JDGD057XNS,01KJN78JVY5FN5QXW9XGGE72RG,A,A,1,1.0,01KJN78B0TFR8F59JDGD057XNS_01KJN78JVY5FN5QXW9XGGE72RG,phase2_early,3,2
01KJN6MMPQTMDYRN709968YFN1,page5-28,01KJN79Y7T0VZNKHTSJRZWTDZ5,01KJN788SPAKVVBHX9T9FDQWAF,B,B,1,0.0,01KJN788SPAKVVBHX9T9FDQWAF_01KJN79Y7T0VZNKHTSJRZWTDZ5,phase2_early,3,3
01KJN6MMPQTMDYRN709968YFN1,page5-28,01KJN79Y7T0VZNKHTSJRZWTDZ5,01KJN791EPN054R2NTQQ1BFXJ5,B,A,0,0.14285714285714285,01KJN791EPN054R2NTQQ1BFXJ5_01KJN79Y7T0VZNKHTSJRZWTDZ5,phase2_early,3,8
01KJN6MMPQTMDYRN709968YFN1,page5-28,01KJN79Y7T0VZNKHTSJRZWTDZ5,01KJN78CQJ3KY7VMGAR6F3D4S0,B,B,1,0.5,01KJN78CQJ3KY7VMGAR6F3D4S0_01KJN79Y7T0VZNKHTSJRZWTDZ5,phase2_early,3,4
01KJN6MMPQTMDYRN709968YFN1,page5-28,01KJN79Y7T0VZNKHTSJRZWTDZ5,01KJN78JVY5FN5QXW9XGGE72RG,B,A,0,0.0,01KJN78JVY5FN5QXW9XGGE72RG_01KJN79Y7T0VZNKHTSJRZWTDZ5,phase2_early,3,2
01KJN6MMPQTMDYRN709968YFN1,page5-28,01KJN788SPAKVVBHX9T9FDQWAF,01KJN791EPN054R2NTQQ1BFXJ5,B,A,0,0.4,01KJN788SPAKVVBHX9T9FDQWAF_01KJN791EPN054R2NTQQ1BFXJ5,phase2_early,3,8
01KJN6MMPQTMDYRN709968YFN1,page5-28,01KJN788SPAKVVBHX9T9FDQWAF,01KJN78CQJ3KY7VMGAR6F3D4S0,B,B,1,0.0,01KJN788SPAKVVBHX9T9FDQWAF_01KJN78CQJ3KY7VMGAR6F3D4S0,phase2_early,3,4
01KJN6MMPQTMDYRN709968YFN1,page5-28,01KJN788SPAKVVBHX9T9FDQWAF,01KJN78JVY5FN5QXW9XGGE72RG,B,A,0,1.0,01KJN788SPAKVVBHX9T9FDQWAF_01KJN78JVY5FN5QXW9XGGE72RG,phase2_early,3,2
01KJN6MMPQTMDYRN709968YFN1,page5-28,01KJN791EPN054R2NTQQ1BFXJ5,01KJN78CQJ3KY7VMGAR6F3D4S0,A,B,0,0.14285714285714285,01KJN78CQJ3KY7VMGAR6F3D4S0_01KJN791EPN054R2NTQQ1BFXJ5,phase2_early,8,4
01KJN6MMPQTMDYRN709968YFN1,page5-28,01KJN791EPN054R2NTQQ1BFXJ5,01KJN78JVY5FN5QXW9XGGE72RG,A,A,1,0.4,01KJN78JVY5FN5QXW9XGGE72RG_01KJN791EPN054R2NTQQ1BFXJ5,phase2_early,8,2
01KJN6MMPQTMDYRN709968YFN1,page5-28,01KJN78CQJ3KY7VMGAR6F3D4S0,01KJN78JVY5FN5QXW9XGGE72RG,B,A,0,0.0,01KJN78CQJ3KY7VMGAR6F3D4S0_01KJN78JVY5FN5QXW9XGGE72RG,phase2_early,4,2
01KJN6MMPQTMDYRN709968YFN1,page7-107,01KJN78B0TFR8F59JDGD057XNS,01KJN79Y7T0VZNKHTSJRZWTDZ5,A,B,0,0.16666666666666666,01KJN78B0TFR8F59JDGD057XNS_01KJN79Y7T0VZNKHTSJRZWTDZ5,phase2_early,7,4
01KJN6MMPQTMDYRN709968YFN1,page7-107,01KJN78B0TFR8F59JDGD057XNS,01KJN788SPAKVVBHX9T9FDQWAF,A,B,0,0.6,01KJN788SPAKVVBHX9T9FDQWAF_01KJN78B0TFR8F59JDGD057XNS,phase2_early,7,6
01KJN6MMPQTMDYRN709968YFN1,page7-107,01KJN78B0TFR8F59JDGD057XNS,01KJN791EPN054R2NTQQ1BFXJ5,A,A,1,0.375,01KJN78B0TFR8F59JDGD057XNS_01KJN791EPN054R2NTQQ1BFXJ5,phase2_early,7,9
01KJN6MMPQTMDYRN709968YFN1,page7-107,01KJN78B0TFR8F59JDGD057XNS,01KJN78CQJ3KY7VMGAR6F3D4S0,A,B,0,0.4,01KJN78B0TFR8F59JDGD057XNS_01KJN78CQJ3KY7VMGAR6F3D4S0,phase2_early,7,4
01KJN6MMPQTMDYRN709968YFN1,page7-107,01KJN78B0TFR8F59JDGD057XNS,01KJN78JVY5FN5QXW9XGGE72RG,A,A,1,0.2,01KJN78B0TFR8F59JDGD057XNS_01KJN78JVY5FN5QXW9XGGE72RG,phase2_early,7,2
01KJN6MMPQTMDYRN709968YFN1,page7-107,01KJN79Y7T0VZNKHTSJRZWTDZ5,01KJN788SPAKVVBHX9T9FDQWAF,B,B,1,0.0,01KJN788SPAKVVBHX9T9FDQWAF_01KJN79Y7T0VZNKHTSJRZWTDZ5,phase2_early,4,6
01KJN6MMPQTMDYRN709968YFN1,page7-107,01KJN79Y7T0VZNKHTSJRZWTDZ5,01KJN791EPN054R2NTQQ1BFXJ5,B,A,0,0.1111111111111111,01KJN791EPN054R2NTQQ1BFXJ5_01KJN79Y7T0VZNKHTSJRZWTDZ5,phase2_early,4,9
01KJN6MMPQTMDYRN709968YFN1,page7-107,01KJN79Y7T0VZNKHTSJRZWTDZ5,01KJN78CQJ3KY7VMGAR6F3D4S0,B,B,1,0.0,01KJN78CQJ3KY7VMGAR6F3D4S0_01KJN79Y7T0VZNKHTSJRZWTDZ5,phase2_early,4,4
01KJN6MMPQTMDYRN709968YFN1,page7-107,01KJN79Y7T0VZNKHTSJRZWTDZ5,01KJN78JVY5FN5QXW9XGGE72RG,B,A,0,0.0,01KJN78JVY5FN5QXW9XGGE72RG_01KJN79Y7T0VZNKHTSJRZWTDZ5,phase2_early,4,2
01KJN6MMPQTMDYRN709968YFN1,page7-107,01KJN788SPAKVVBHX9T9FDQWAF,01KJN791EPN054R2NTQQ1BFXJ5,B,A,0,0.2222222222222222,01KJN788SPAKVVBHX9T9FDQWAF_01KJN791EPN054R2NTQQ1BFXJ5,phase2_early,6,9
01KJN6MMPQTMDYRN709968YFN1,page7-107,01KJN788SPAKVVBHX9T9FDQWAF,01KJN78CQJ3KY7VMGAR6F3D4S0,B,B,1,0.75,01KJN788SPAKVVBHX9T9FDQWAF_01KJN78CQJ3KY7VMGAR6F3D4S0,phase2_early,6,4
01KJN6MMPQTMDYRN709968YFN1,page7-107,01KJN788SPAKVVBHX9T9FDQWAF,01KJN78JVY5FN5QXW9XGGE72RG,B,A,0,0.5,01KJN788SPAKVVBHX9T9FDQWAF_01KJN78JVY5FN5QXW9XGGE72RG,phase2_early,6,2
01KJN6MMPQTMDYRN709968YFN1,page7-107,01KJN791EPN054R2NTQQ1BFXJ5,01KJN78CQJ3KY7VMGAR6F3D4S0,A,B,0,0.25,01KJN78CQJ3KY7VMGAR6F3D4S0_01KJN791EPN054R2NTQQ1BFXJ5,phase2_early,9,4
01KJN6MMPQTMDYRN709968YFN1,page7-107,01KJN791EPN054R2NTQQ1BFXJ5,01KJN78JVY5FN5QXW9XGGE72RG,A,A,1,0.125,01KJN78JVY5FN5QXW9XGGE72RG_01KJN791EPN054R2NTQQ1BFXJ5,phase2_early,9,2
01KJN6MMPQTMDYRN709968YFN1,page7-107,01KJN78CQJ3KY7VMGAR6F3D4S0,01KJN78JVY5FN5QXW9XGGE72RG,B,A,0,0.6666666666666666,01KJN78CQJ3KY7VMGAR6F3D4S0_01KJN78JVY5FN5QXW9XGGE72RG,phase2_early,4,2
01KJN6MMPQTMDYRN709968YFN1,page7-255,01KJN78B0TFR8F59JDGD057XNS,01KJN79Y7T0VZNKHTSJRZWTDZ5,A,B,0,0.0,01KJN78B0TFR8F59JDGD057XNS_01KJN79Y7T0VZNKHTSJRZWTDZ5,phase2_early,9,1
01KJN6MMPQTMDYRN709968YFN1,page7-255,01KJN78B0TFR8F59JDGD057XNS,01KJN788SPAKVVBHX9T9FDQWAF,A,B,0,0.0,01KJN788SPAKVVBHX9T9FDQWAF_01KJN78B0TFR8F59JDGD057XNS,phase2_early,9,1
01KJN6MMPQTMDYRN709968YFN1,page7-255,01KJN78B0TFR8F59JDGD057XNS,01KJN791EPN054R2NTQQ1BFXJ5,A,A,1,0.4166666666666667,01KJN78B0TFR8F59JDGD057XNS_01KJN791EPN054R2NTQQ1BFXJ5,phase2_early,9,15
01KJN6MMPQTMDYRN709968YFN1,page7-255,01KJN78B0TFR8F59JDGD057XNS,01KJN78CQJ3KY7VMGAR6F3D4S0,A,B,0,0.0,01KJN78B0TFR8F59JDGD057XNS_01KJN78CQJ3KY7VMGAR6F3D4S0,phase2_early,9,1
01KJN6MMPQTMDYRN709968YFN1,page7-255,01KJN78B0TFR8F59JDGD057XNS,01KJN78JVY5FN5QXW9XGGE72RG,A,A,1,0.09090909090909091,01KJN78B0TFR8F59JDGD057XNS_01KJN78JVY5FN5QXW9XGGE72RG,phase2_early,9,4
01KJN6MMPQTMDYRN709968YFN1,page7-255,01KJN79Y7T0VZNKHTSJRZWTDZ5,01KJN788SPAKVVBHX9T9FDQWAF,B,B,1,1.0,01KJN788SPAKVVBHX9T9FDQWAF_01KJN79Y7T0VZNKHTSJRZWTDZ5,phase2_early,1,1
01KJN6MMPQTMDYRN709968YFN1,page7-255,01KJN79Y7T0VZNKHTSJRZWTDZ5,01KJN791EPN054R2NTQQ1BFXJ5,B,A,0,0.0,01KJN791EPN054R2NTQQ1BFXJ5_01KJN79Y7T0VZNKHTSJRZWTDZ5,phase2_early,1,15
01KJN6MMPQTMDYRN709968YFN1,page7-255,01KJN79Y7T0VZNKHTSJRZWTDZ5,01KJN78CQJ3KY7VMGAR6F3D4S0,B,B,1,1.0,01KJN78CQJ3KY7VMGAR6F3D4S0_01KJN79Y7T0VZNKHTSJRZWTDZ5,phase2_early,1,1
01KJN6MMPQTMDYRN709968YFN1,page7-255,01KJN79Y7T0VZNKHTSJRZWTDZ5,01KJN78JVY5FN5QXW9XGGE72RG,B,A,0,0.0,01KJN78JVY5FN5QXW9XGGE72RG_01KJN79Y7T0VZNKHTSJRZWTDZ5,phase2_early,1,4
01KJN6MMPQTMDYRN709968YFN1,page7-255,01KJN788SPAKVVBHX9T9FDQWAF,01KJN791EPN054R2NTQQ1BFXJ5,B,A,0,0.0,01KJN788SPAKVVBHX9T9FDQWAF_01KJN791EPN054R2NTQQ1BFXJ5,phase2_early,1,15
01KJN6MMPQTMDYRN709968YFN1,page7-255,01KJN788SPAKVVBHX9T9FDQWAF,01KJN78CQJ3KY7VMGAR6F3D4S0,B,B,1,1.0,01KJN788SPAKVVBHX9T9FDQWAF_01KJN78CQJ3KY7VMGAR6F3D4S0,phase2_early,1,1
01KJN6MMPQTMDYRN709968YFN1,page7-255,01KJN788SPAKVVBHX9T9FDQWAF,01KJN78JVY5FN5QXW9XGGE72RG,B,A,0,0.0,01KJN788SPAKVVBHX9T9FDQWAF_01KJN78JVY5FN5QXW9XGGE72RG,phase2_early,1,4
01KJN6MMPQTMDYRN709968YFN1,page7-255,01KJN791EPN054R2NTQQ1BFXJ5,01KJN78CQJ3KY7VMGAR6F3D4S0,A,B,0,0.0,01KJN78CQJ3KY7VMGAR6F3D4S0_01KJN791EPN054R2NTQQ1BFXJ5,phase2_early,15,1
01KJN6MMPQTMDYRN709968YFN1,page7-255,01KJN791EPN054R2NTQQ1BFXJ5,01KJN78JVY5FN5QXW9XGGE72RG,A,A,1,0.08333333333333333,01KJN78JVY5FN5QXW9XGGE72RG_01KJN791EPN054R2NTQQ1BFXJ5,phase2_early,15,4
01KJN6MMPQTMDYRN709968YFN1,page7-255,01KJN78CQJ3KY7VMGAR6F3D4S0,01KJN78JVY5FN5QXW9XGGE72RG,B,A,0,0.0,01KJN78CQJ3KY7VMGAR6F3D4S0_01KJN78JVY5FN5QXW9XGGE72RG,phase2_early,1,4
01KJN6MMPQTMDYRN709968YFN1,page9-46,01KJN78B0TFR8F59JDGD057XNS,01KJN79Y7T0VZNKHTSJRZWTDZ5,A,B,0,0.4,01KJN78B0TFR8F59JDGD057XNS_01KJN79Y7T0VZNKHTSJRZWTDZ5,phase2_early,9,9
01KJN6MMPQTMDYRN709968YFN1,page9-46,01KJN78B0TFR8F59JDGD057XNS,01KJN788SPAKVVBHX9T9FDQWAF,A,B,0,0.1,01KJN788SPAKVVBHX9T9FDQWAF_01KJN78B0TFR8F59JDGD057XNS,phase2_early,9,4
01KJN6MMPQTMDYRN709968YFN1,page9-46,01KJN78B0TFR8F59JDGD057XNS,01KJN791EPN054R2NTQQ1BFXJ5,A,A,1,0.3333333333333333,01KJN78B0TFR8F59JDGD057XNS_01KJN791EPN054R2NTQQ1BFXJ5,phase2_early,9,14
01KJN6MMPQTMDYRN709968YFN1,page9-46,01KJN78B0TFR8F59JDGD057XNS,01KJN78CQJ3KY7VMGAR6F3D4S0,A,B,0,0.09090909090909091,01KJN78B0TFR8F59JDGD057XNS_01KJN78CQJ3KY7VMGAR6F3D4S0,phase2_early,9,5
01KJN6MMPQTMDYRN709968YFN1,page9-46,01KJN78B0TFR8F59JDGD057XNS,01KJN78JVY5FN5QXW9XGGE72RG,A,A,1,0.25,01KJN78B0TFR8F59JDGD057XNS_01KJN78JVY5FN5QXW9XGGE72RG,phase2_early,9,4
01KJN6MMPQTMDYRN709968YFN1,page9-46,01KJN79Y7T0VZNKHTSJRZWTDZ5,01KJN788SPAKVVBHX9T9FDQWAF,B,B,1,0.2222222222222222,01KJN788SPAKVVBHX9T9FDQWAF_01KJN79Y7T0VZNKHTSJRZWTDZ5,phase2_early,9,4
01KJN6MMPQTMDYRN709968YFN1,page9-46,01KJN79Y7T0VZNKHTSJRZWTDZ5,01KJN791EPN054R2NTQQ1BFXJ5,B,A,0,0.23076923076923078,01KJN791EPN054R2NTQQ1BFXJ5_01KJN79Y7T0VZNKHTSJRZWTDZ5,phase2_early,9,14
01KJN6MMPQTMDYRN709968YFN1,page9-46,01KJN79Y7T0VZNKHTSJRZWTDZ5,01KJN78CQJ3KY7VMGAR6F3D4S0,B,B,1,0.2,01KJN78CQJ3KY7VMGAR6F3D4S0_01KJN79Y7T0VZNKHTSJRZWTDZ5,phase2_early,9,5
01KJN6MMPQTMDYRN709968YFN1,page9-46,01KJN79Y7T0VZNKHTSJRZWTDZ5,01KJN78JVY5FN5QXW9XGGE72RG,B,A,0,0.1111111111111111,01KJN78JVY5FN5QXW9XGGE72RG_01KJN79Y7T0VZNKHTSJRZWTDZ5,phase2_early,9,4
01KJN6MMPQTMDYRN709968YFN1,page9-46,01KJN788SPAKVVBHX9T9FDQWAF,01KJN791EPN054R2NTQQ1BFXJ5,B,A,0,0.08333333333333333,01KJN788SPAKVVBHX9T9FDQWAF_01KJN791EPN054R2NTQQ1BFXJ5,phase2_early,4,14
01KJN6MMPQTMDYRN709968YFN1,page9-46,01KJN788SPAKVVBHX9T9FDQWAF,01KJN78CQJ3KY7VMGAR6F3D4S0,B,B,1,0.5,01KJN788SPAKVVBHX9T9FDQWAF_01KJN78CQJ3KY7VMGAR6F3D4S0,phase2_early,4,5
01KJN6MMPQTMDYRN709968YFN1,page9-46,01KJN788SPAKVVBHX9T9FDQWAF,01KJN78JVY5FN5QXW9XGGE72RG,B,A,0,0.4,01KJN788SPAKVVBHX9T9FDQWAF_01KJN78JVY5FN5QXW9XGGE72RG,phase2_early,4,4
01KJN6MMPQTMDYRN709968YFN1,page9-46,01KJN791EPN054R2NTQQ1BFXJ5,01KJN78CQJ3KY7VMGAR6F3D4S0,A,B,0,0.07692307692307693,01KJN78CQJ3KY7VMGAR6F3D4S0_01KJN791EPN054R2NTQQ1BFXJ5,phase2_early,14,5
01KJN6MMPQTMDYRN709968YFN1,page9-46,01KJN791EPN054R2NTQQ1BFXJ5,01KJN78JVY5FN5QXW9XGGE72RG,A,A,1,0.2,01KJN78JVY5FN5QXW9XGGE72RG_01KJN791EPN054R2NTQQ1BFXJ5,phase2_early,14,4
01KJN6MMPQTMDYRN709968YFN1,page9-46,01KJN78CQJ3KY7VMGAR6F3D4S0,01KJN78JVY5FN5QXW9XGGE72RG,B,A,0,0.14285714285714285,01KJN78CQJ3KY7VMGAR6F3D4S0_01KJN78JVY5FN5QXW9XGGE72RG,phase2_early,5,4
01KJN6MMPQTMDYRN709DP5DSDA,page-B,01KJN79PCAAMFX7P2QF70Y3HJM,01KJN79ZQD1E4YD03FE5CGJY8K,A,C,0,0.0,01KJN79PCAAMFX7P2QF70Y3HJM_01KJN79ZQD1E4YD03FE5CGJY8K,phase2_early,4,4
01KJN6MMPQTMDYRN709DP5DSDA,page-B,01KJN79PCAAMFX7P2QF70Y3HJM,01KJN7B4V2673GK7HGVSG52R2P,A,B,0,0.3333333333333333,01KJN79PCAAMFX7P2QF70Y3HJM_01KJN7B4V2673GK7HGVSG52R2P,phase2_early,4,6
01KJN6MMPQTMDYRN709DP5DSDA,page-B,01KJN79PCAAMFX7P2QF70Y3HJM,01KJN77XQHYQ5TVVY4HZM02E7R,A,C,0,0.2,01KJN77XQHYQ5TVVY4HZM02E7R_01KJN79PCAAMFX7P2QF70Y3HJM,phase2_early,4,2
01KJN6MMPQTMDYRN709DP5DSDA,page-B,01KJN79PCAAMFX7P2QF70Y3HJM,01KJN79ZRTRDMY6RH8ZCYCM9NV,A,A,1,0.2,01KJN79PCAAMFX7P2QF70Y3HJM_01KJN79ZRTRDMY6RH8ZCYCM9NV,phase2_early,4,2
01KJN6MMPQTMDYRN709DP5DSDA,page-B,01KJN79PCAAMFX7P2QF70Y3HJM,01KJN7AAWT4GWKRZ7B9775509P,A,B,0,0.16666666666666666,01KJN79PCAAMFX7P2QF70Y3HJM_01KJN7AAWT4GWKRZ7B9775509P,phase2_early,4,4
01KJN6MMPQTMDYRN709DP5DSDA,page-B,01KJN79PCAAMFX7P2QF70Y3HJM,01KJN7931DXZ65NXTWK1GNEZMW,A,C,0,0.16666666666666666,01KJN7931DXZ65NXTWK1GNEZMW_01KJN79PCAAMFX7P2QF70Y3HJM,phase2_early,4,3
01KJN6MMPQTMDYRN709DP5DSDA,page-B,01KJN79PCAAMFX7P2QF70Y3HJM,01KJN7B32C1C5254NSG6ZK1GRK,A,A,1,0.2,01KJN79PCAAMFX7P2QF70Y3HJM_01KJN7B32C1C5254NSG6ZK1GRK,phase2_early,4,2
01KJN6MMPQTMDYRN709DP5DSDA,page-B,01KJN79PCAAMFX7P2QF70Y3HJM,01KJN7BYA5X3A2G30KZECRY2HY,A,B,0,0.4,01KJN79PCAAMFX7P2QF70Y3HJM_01KJN7BYA5X3A2G30KZECRY2HY,phase2_early,4,4
01KJN6MMPQTMDYRN709DP5DSDA,page-B,01KJN79ZQD1E4YD03FE5CGJY8K,01KJN7B4V2673GK7HGVSG52R2P,C,B,0,0.0,01KJN79ZQD1E4YD03FE5CGJY8K_01KJN7B4V2673GK7HGVSG52R2P,phase2_early,4,6
01KJN6MMPQTMDYRN709DP5DSDA,page-B,01KJN79ZQD1E4YD03FE5CGJY8K,01KJN77XQHYQ5TVVY4HZM02E7R,C,C,1,0.0,01KJN77XQHYQ5TVVY4HZM02E7R_01KJN79ZQD1E4YD03FE5CGJY8K,phase2_early,4,2
01KJN6MMPQTMDYRN709DP5DSDA,page-B,01KJN79ZQD1E4YD03FE5CGJY8K,01KJN79ZRTRDMY6RH8ZCYCM9NV,C,A,0,0.0,01KJN79ZQD1E4YD03FE5CGJY8K_01KJN79ZRTRDMY6RH8ZCYCM9NV,phase2_early,4,2
01KJN6MMPQTMDYRN709DP5DSDA,page-B,01KJN79ZQD1E4YD03FE5CGJY8K,01KJN7AAWT4GWKRZ7B9775509P,C,B,0,0.0,01KJN79ZQD1E4YD03FE5CGJY8K_01KJN7AAWT4GWKRZ7B9775509P,phase2_early,4,4
01KJN6MMPQTMDYRN709DP5DSDA,page-B,01KJN79ZQD1E4YD03FE5CGJY8K,01KJN7931DXZ65NXTWK1GNEZMW,C,C,1,0.16666666666666666,01KJN7931DXZ65NXTWK1GNEZMW_01KJN79ZQD1E4YD03FE5CGJY8K,phase2_early,4,3
01KJN6MMPQTMDYRN709DP5DSDA,page-B,01KJN79ZQD1E4YD03FE5CGJY8K,01KJN7B32C1C5254NSG6ZK1GRK,C,A,0,0.0,01KJN79ZQD1E4YD03FE5CGJY8K_01KJN7B32C1C5254NSG6ZK1GRK,phase2_early,4,2
01KJN6MMPQTMDYRN709DP5DSDA,page-B,01KJN79ZQD1E4YD03FE5CGJY8K,01KJN7BYA5X3A2G30KZECRY2HY,C,B,0,0.0,01KJN79ZQD1E4YD03FE5CGJY8K_01KJN7BYA5X3A2G30KZECRY2HY,phase2_early,4,4
01KJN6MMPQTMDYRN709DP5DSDA,page-B,01KJN7B4V2673GK7HGVSG52R2P,01KJN77XQHYQ5TVVY4HZM02E7R,B,C,0,0.2,01KJN77XQHYQ5TVVY4HZM02E7R_01KJN7B4V2673GK7HGVSG52R2P,phase2_early,6,2
01KJN6MMPQTMDYRN709DP5DSDA,page-B,01KJN7B4V2673GK7HGVSG52R2P,01KJN79ZRTRDMY6RH8ZCYCM9NV,B,A,0,0.2,01KJN79ZRTRDMY6RH8ZCYCM9NV_01KJN7B4V2673GK7HGVSG52R2P,phase2_early,6,2
01KJN6MMPQTMDYRN709DP5DSDA,page-B,01KJN7B4V2673GK7HGVSG52R2P,01KJN7AAWT4GWKRZ7B9775509P,B,B,1,0.4,01KJN7AAWT4GWKRZ7B9775509P_01KJN7B4V2673GK7HGVSG52R2P,phase2_early,6,4
01KJN6MMPQTMDYRN709DP5DSDA,page-B,01KJN7B4V2673GK7HGVSG52R2P,01KJN7931DXZ65NXTWK1GNEZMW,B,C,0,0.16666666666666666,01KJN7931DXZ65NXTWK1GNEZMW_01KJN7B4V2673GK7HGVSG52R2P,phase2_early,6,3
01KJN6MMPQTMDYRN709DP5DSDA,page-B,01KJN7B4V2673GK7HGVSG52R2P,01KJN7B32C1C5254NSG6ZK1GRK,B,A,0,0.2,01KJN7B32C1C5254NSG6ZK1GRK_01KJN7B4V2673GK7HGVSG52R2P,phase2_early,6,2
01KJN6MMPQTMDYRN709DP5DSDA,page-B,01KJN7B4V2673GK7HGVSG52R2P,01KJN7BYA5X3A2G30KZECRY2HY,B,B,1,0.75,01KJN7B4V2673GK7HGVSG52R2P_01KJN7BYA5X3A2G30KZECRY2HY,phase2_early,6,4
01KJN6MMPQTMDYRN709DP5DSDA,page-B,01KJN77XQHYQ5TVVY4HZM02E7R,01KJN79ZRTRDMY6RH8ZCYCM9NV,C,A,0,1.0,01KJN77XQHYQ5TVVY4HZM02E7R_01KJN79ZRTRDMY6RH8ZCYCM9NV,phase2_early,2,2
01KJN6MMPQTMDYRN709DP5DSDA,page-B,01KJN77XQHYQ5TVVY4HZM02E7R,01KJN7AAWT4GWKRZ7B9775509P,C,B,0,0.25,01KJN77XQHYQ5TVVY4HZM02E7R_01KJN7AAWT4GWKRZ7B9775509P,phase2_early,2,4
01KJN6MMPQTMDYRN709DP5DSDA,page-B,01KJN77XQHYQ5TVVY4HZM02E7R,01KJN7931DXZ65NXTWK1GNEZMW,C,C,1,0.6666666666666666,01KJN77XQHYQ5TVVY4HZM02E7R_01KJN7931DXZ65NXTWK1GNEZMW,phase2_early,2,3
01KJN6MMPQTMDYRN709DP5DSDA,page-B,01KJN77XQHYQ5TVVY4HZM02E7R,01KJN7B32C1C5254NSG6ZK1GRK,C,A,0,1.0,01KJN77XQHYQ5TVVY4HZM02E7R_01KJN7B32C1C5254NSG6ZK1GRK,phase2_early,2,2
01KJN6MMPQTMDYRN709DP5DSDA,page-B,01KJN77XQHYQ5TVVY4HZM02E7R,01KJN7BYA5X3A2G30KZECRY2HY,C,B,0,0.25,01KJN77XQHYQ5TVVY4HZM02E7R_01KJN7BYA5X3A2G30KZECRY2HY,phase2_early,2,4
01KJN6MMPQTMDYRN709DP5DSDA,page-B,01KJN79ZRTRDMY6RH8ZCYCM9NV,01KJN7AAWT4GWKRZ7B9775509P,A,B,0,0.25,01KJN79ZRTRDMY6RH8ZCYCM9NV_01KJN7AAWT4GWKRZ7B9775509P,phase2_early,2,4
01KJN6MMPQTMDYRN709DP5DSDA,page-B,01KJN79ZRTRDMY6RH8ZCYCM9NV,01KJN7931DXZ65NXTWK1GNEZMW,A,C,0,0.6666666666666666,01KJN7931DXZ65NXTWK1GNEZMW_01KJN79ZRTRDMY6RH8ZCYCM9NV,phase2_early,2,3
01KJN6MMPQTMDYRN709DP5DSDA,page-B,01KJN79ZRTRDMY6RH8ZCYCM9NV,01KJN7B32C1C5254NSG6ZK1GRK,A,A,1,1.0,01KJN79ZRTRDMY6RH8ZCYCM9NV_01KJN7B32C1C5254NSG6ZK1GRK,phase2_early,2,2
01KJN6MMPQTMDYRN709DP5DSDA,page-B,01KJN79ZRTRDMY6RH8ZCYCM9NV,01KJN7BYA5X3A2G30KZECRY2HY,A,B,0,0.25,01KJN79ZRTRDMY6RH8ZCYCM9NV_01KJN7BYA5X3A2G30KZECRY2HY,phase2_early,2,4
01KJN6MMPQTMDYRN709DP5DSDA,page-B,01KJN7AAWT4GWKRZ7B9775509P,01KJN7931DXZ65NXTWK1GNEZMW,B,C,0,0.2,01KJN7931DXZ65NXTWK1GNEZMW_01KJN7AAWT4GWKRZ7B9775509P,phase2_early,4,3
01KJN6MMPQTMDYRN709DP5DSDA,page-B,01KJN7AAWT4GWKRZ7B9775509P,01KJN7B32C1C5254NSG6ZK1GRK,B,A,0,0.25,01KJN7AAWT4GWKRZ7B9775509P_01KJN7B32C1C5254NSG6ZK1GRK,phase2_early,4,2
01KJN6MMPQTMDYRN709DP5DSDA,page-B,01KJN7AAWT4GWKRZ7B9775509P,01KJN7BYA5X3A2G30KZECRY2HY,B,B,1,0.5,01KJN7AAWT4GWKRZ7B9775509P_01KJN7BYA5X3A2G30KZECRY2HY,phase2_early,4,4
01KJN6MMPQTMDYRN709DP5DSDA,page-B,01KJN7931DXZ65NXTWK1GNEZMW,01KJN7B32C1C5254NSG6ZK1GRK,C,A,0,0.6666666666666666,01KJN7931DXZ65NXTWK1GNEZMW_01KJN7B32C1C5254NSG6ZK1GRK,phase2_early,3,2
01KJN6MMPQTMDYRN709DP5DSDA,page-B,01KJN7931DXZ65NXTWK1GNEZMW,01KJN7BYA5X3A2G30KZECRY2HY,C,B,0,0.2,01KJN7931DXZ65NXTWK1GNEZMW_01KJN7BYA5X3A2G30KZECRY2HY,phase2_early,3,4
01KJN6MMPQTMDYRN709DP5DSDA,page-B,01KJN7B32C1C5254NSG6ZK1GRK,01KJN7BYA5X3A2G30KZECRY2HY,A,B,0,0.25,01KJN7B32C1C5254NSG6ZK1GRK_01KJN7BYA5X3A2G30KZECRY2HY,phase2_early,2,4
01KJN6MMPQTMDYRN709DP5DSDA,page3-35,01KJN79PCAAMFX7P2QF70Y3HJM,01KJN79ZQD1E4YD03FE5CGJY8K,A,C,0,0.0,01KJN79PCAAMFX7P2QF70Y3HJM_01KJN79ZQD1E4YD03FE5CGJY8K,phase2_early,1,1
01KJN6MMPQTMDYRN709DP5DSDA,page3-35,01KJN79PCAAMFX7P2QF70Y3HJM,01KJN7B4V2673GK7HGVSG52R2P,A,B,0,0.0,01KJN79PCAAMFX7P2QF70Y3HJM_01KJN7B4V2673GK7HGVSG52R2P,phase2_early,1,1
01KJN6MMPQTMDYRN709DP5DSDA,page3-35,01KJN79PCAAMFX7P2QF70Y3HJM,01KJN77XQHYQ5TVVY4HZM02E7R,A,C,0,0.0,01KJN77XQHYQ5TVVY4HZM02E7R_01KJN79PCAAMFX7P2QF70Y3HJM,phase2_early,1,1
01KJN6MMPQTMDYRN709DP5DSDA,page3-35,01KJN79PCAAMFX7P2QF70Y3HJM,01KJN79ZRTRDMY6RH8ZCYCM9NV,A,A,1,0.0,01KJN79PCAAMFX7P2QF70Y3HJM_01KJN79ZRTRDMY6RH8ZCYCM9NV,phase2_early,1,1
01KJN6MMPQTMDYRN709DP5DSDA,page3-35,01KJN79PCAAMFX7P2QF70Y3HJM,01KJN7AAWT4GWKRZ7B9775509P,A,B,0,0.0,01KJN79PCAAMFX7P2QF70Y3HJM_01KJN7AAWT4GWKRZ7B9775509P,phase2_early,1,1
01KJN6MMPQTMDYRN709DP5DSDA,page3-35,01KJN79PCAAMFX7P2QF70Y3HJM,01KJN7931DXZ65NXTWK1GNEZMW,A,C,0,0.5,01KJN7931DXZ65NXTWK1GNEZMW_01KJN79PCAAMFX7P2QF70Y3HJM,phase2_early,1,2
01KJN6MMPQTMDYRN709DP5DSDA,page3-35,01KJN79PCAAMFX7P2QF70Y3HJM,01KJN7B32C1C5254NSG6ZK1GRK,A,A,1,0.0,01KJN79PCAAMFX7P2QF70Y3HJM_01KJN7B32C1C5254NSG6ZK1GRK,phase2_early,1,1
01KJN6MMPQTMDYRN709DP5DSDA,page3-35,01KJN79PCAAMFX7P2QF70Y3HJM,01KJN7BYA5X3A2G30KZECRY2HY,A,B,0,0.0,01KJN79PCAAMFX7P2QF70Y3HJM_01KJN7BYA5X3A2G30KZECRY2HY,phase2_early,1,1
01KJN6MMPQTMDYRN709DP5DSDA,page3-35,01KJN79ZQD1E4YD03FE5CGJY8K,01KJN7B4V2673GK7HGVSG52R2P,C,B,0,0.0,01KJN79ZQD1E4YD03FE5CGJY8K_01KJN7B4V2673GK7HGVSG52R2P,phase2_early,1,1
01KJN6MMPQTMDYRN709DP5DSDA,page3-35,01KJN79ZQD1E4YD03FE5CGJY8K,01KJN77XQHYQ5TVVY4HZM02E7R,C,C,1,1.0,01KJN77XQHYQ5TVVY4HZM02E7R_01KJN79ZQD1E4YD03FE5CGJY8K,phase2_early,1,1
01KJN6MMPQTMDYRN709DP5DSDA,page3-35,01KJN79ZQD1E4YD03FE5CGJY8K,01KJN79ZRTRDMY6RH8ZCYCM9NV,C,A,0,1.0,01KJN79ZQD1E4YD03FE5CGJY8K_01KJN79ZRTRDMY6RH8ZCYCM9NV,phase2_early,1,1
01KJN6MMPQTMDYRN709DP5DSDA,page3-35,01KJN79ZQD1E4YD03FE5CGJY8K,01KJN7AAWT4GWKRZ7B9775509P,C,B,0,0.0,01KJN79ZQD1E4YD03FE5CGJY8K_01KJN7AAWT4GWKRZ7B9775509P,phase2_early,1,1
01KJN6MMPQTMDYRN709DP5DSDA,page3-35,01KJN79ZQD1E4YD03FE5CGJY8K,01KJN7931DXZ65NXTWK1GNEZMW,C,C,1,0.0,01KJN7931DXZ65NXTWK1GNEZMW_01KJN79ZQD1E4YD03FE5CGJY8K,phase2_early,1,2
01KJN6MMPQTMDYRN709DP5DSDA,page3-35,01KJN79ZQD1E4YD03FE5CGJY8K,01KJN7B32C1C5254NSG6ZK1GRK,C,A,0,1.0,01KJN79ZQD1E4YD03FE5CGJY8K_01KJN7B32C1C5254NSG6ZK1GRK,phase2_early,1,1
01KJN6MMPQTMDYRN709DP5DSDA,page3-35,01KJN79ZQD1E4YD03FE5CGJY8K,01KJN7BYA5X3A2G30KZECRY2HY,C,B,0,0.0,01KJN79ZQD1E4YD03FE5CGJY8K_01KJN7BYA5X3A2G30KZECRY2HY,phase2_early,1,1
01KJN6MMPQTMDYRN709DP5DSDA,page3-35,01KJN7B4V2673GK7HGVSG52R2P,01KJN77XQHYQ5TVVY4HZM02E7R,B,C,0,0.0,01KJN77XQHYQ5TVVY4HZM02E7R_01KJN7B4V2673GK7HGVSG52R2P,phase2_early,1,1
01KJN6MMPQTMDYRN709DP5DSDA,page3-35,01KJN7B4V2673GK7HGVSG52R2P,01KJN79ZRTRDMY6RH8ZCYCM9NV,B,A,0,0.0,01KJN79ZRTRDMY6RH8ZCYCM9NV_01KJN7B4V2673GK7HGVSG52R2P,phase2_early,1,1
01KJN6MMPQTMDYRN709DP5DSDA,page3-35,01KJN7B4V2673GK7HGVSG52R2P,01KJN7AAWT4GWKRZ7B9775509P,B,B,1,1.0,01KJN7AAWT4GWKRZ7B9775509P_01KJN7B4V2673GK7HGVSG52R2P,phase2_early,1,1
01KJN6MMPQTMDYRN709DP5DSDA,page3-35,01KJN7B4V2673GK7HGVSG52R2P,01KJN7931DXZ65NXTWK1GNEZMW,B,C,0,0.0,01KJN7931DXZ65NXTWK1GNEZMW_01KJN7B4V2673GK7HGVSG52R2P,phase2_early,1,2
01KJN6MMPQTMDYRN709DP5DSDA,page3-35,01KJN7B4V2673GK7HGVSG52R2P,01KJN7B32C1C5254NSG6ZK1GRK,B,A,0,0.0,01KJN7B32C1C5254NSG6ZK1GRK_01KJN7B4V2673GK7HGVSG52R2P,phase2_early,1,1
01KJN6MMPQTMDYRN709DP5DSDA,page3-35,01KJN7B4V2673GK7HGVSG52R2P,01KJN7BYA5X3A2G30KZECRY2HY,B,B,1,1.0,01KJN7B4V2673GK7HGVSG52R2P_01KJN7BYA5X3A2G30KZECRY2HY,phase2_early,1,1
01KJN6MMPQTMDYRN709DP5DSDA,page3-35,01KJN77XQHYQ5TVVY4HZM02E7R,01KJN79ZRTRDMY6RH8ZCYCM9NV,C,A,0,1.0,01KJN77XQHYQ5TVVY4HZM02E7R_01KJN79ZRTRDMY6RH8ZCYCM9NV,phase2_early,1,1
01KJN6MMPQTMDYRN709DP5DSDA,page3-35,01KJN77XQHYQ5TVVY4HZM02E7R,01KJN7AAWT4GWKRZ7B9775509P,C,B,0,0.0,01KJN77XQHYQ5TVVY4HZM02E7R_01KJN7AAWT4GWKRZ7B9775509P,phase2_early,1,1
01KJN6MMPQTMDYRN709DP5DSDA,page3-35,01KJN77XQHYQ5TVVY4HZM02E7R,01KJN7931DXZ65NXTWK1GNEZMW,C,C,1,0.0,01KJN77XQHYQ5TVVY4HZM02E7R_01KJN7931DXZ65NXTWK1GNEZMW,phase2_early,1,2
01KJN6MMPQTMDYRN709DP5DSDA,page3-35,01KJN77XQHYQ5TVVY4HZM02E7R,01KJN7B32C1C5254NSG6ZK1GRK,C,A,0,1.0,01KJN77XQHYQ5TVVY4HZM02E7R_01KJN7B32C1C5254NSG6ZK1GRK,phase2_early,1,1
01KJN6MMPQTMDYRN709DP5DSDA,page3-35,01KJN77XQHYQ5TVVY4HZM02E7R,01KJN7BYA5X3A2G30KZECRY2HY,C,B,0,0.0,01KJN77XQHYQ5TVVY4HZM02E7R_01KJN7BYA5X3A2G30KZECRY2HY,phase2_early,1,1
01KJN6MMPQTMDYRN709DP5DSDA,page3-35,01KJN79ZRTRDMY6RH8ZCYCM9NV,01KJN7AAWT4GWKRZ7B9775509P,A,B,0,0.0,01KJN79ZRTRDMY6RH8ZCYCM9NV_01KJN7AAWT4GWKRZ7B9775509P,phase2_early,1,1
01KJN6MMPQTMDYRN709DP5DSDA,page3-35,01KJN79ZRTRDMY6RH8ZCYCM9NV,01KJN7931DXZ65NXTWK1GNEZMW,A,C,0,0.0,01KJN7931DXZ65NXTWK1GNEZMW_01KJN79ZRTRDMY6RH8ZCYCM9NV,phase2_early,1,2
01KJN6MMPQTMDYRN709DP5DSDA,page3-35,01KJN79ZRTRDMY6RH8ZCYCM9NV,01KJN7B32C1C5254NSG6ZK1GRK,A,A,1,1.0,01KJN79ZRTRDMY6RH8ZCYCM9NV_01KJN7B32C1C5254NSG6ZK1GRK,phase2_early,1,1
01KJN6MMPQTMDYRN709DP5DSDA,page3-35,01KJN79ZRTRDMY6RH8ZCYCM9NV,01KJN7BYA5X3A2G30KZECRY2HY,A,B,0,0.0,01KJN79ZRTRDMY6RH8ZCYCM9NV_01KJN7BYA5X3A2G30KZECRY2HY,phase2_early,1,1
01KJN6MMPQTMDYRN709DP5DSDA,page3-35,01KJN7AAWT4GWKRZ7B9775509P,01KJN7931DXZ65NXTWK1GNEZMW,B,C,0,0.0,01KJN7931DXZ65NXTWK1GNEZMW_01KJN7AAWT4GWKRZ7B9775509P,phase2_early,1,2
01KJN6MMPQTMDYRN709DP5DSDA,page3-35,01KJN7AAWT4GWKRZ7B9775509P,01KJN7B32C1C5254NSG6ZK1GRK,B,A,0,0.0,01KJN7AAWT4GWKRZ7B9775509P_01KJN7B32C1C5254NSG6ZK1GRK,phase2_early,1,1
01KJN6MMPQTMDYRN709DP5DSDA,page3-35,01KJN7AAWT4GWKRZ7B9775509P,01KJN7BYA5X3A2G30KZECRY2HY,B,B,1,1.0,01KJN7AAWT4GWKRZ7B9775509P_01KJN7BYA5X3A2G30KZECRY2HY,phase2_early,1,1
01KJN6MMPQTMDYRN709DP5DSDA,page3-35,01KJN7931DXZ65NXTWK1GNEZMW,01KJN7B32C1C5254NSG6ZK1GRK,C,A,0,0.0,01KJN7931DXZ65NXTWK1GNEZMW_01KJN7B32C1C5254NSG6ZK1GRK,phase2_early,2,1
01KJN6MMPQTMDYRN709DP5DSDA,page3-35,01KJN7931DXZ65NXTWK1GNEZMW,01KJN7BYA5X3A2G30KZECRY2HY,C,B,0,0.0,01KJN7931DXZ65NXTWK1GNEZMW_01KJN7BYA5X3A2G30KZECRY2HY,phase2_early,2,1
01KJN6MMPQTMDYRN709DP5DSDA,page3-35,01KJN7B32C1C5254NSG6ZK1GRK,01KJN7BYA5X3A2G30KZECRY2HY,A,B,0,0.0,01KJN7B32C1C5254NSG6ZK1GRK_01KJN7BYA5X3A2G30KZECRY2HY,phase2_early,1,1
01KJN6MMPQTMDYRN709DP5DSDA,page5-28,01KJN79PCAAMFX7P2QF70Y3HJM,01KJN79ZQD1E4YD03FE5CGJY8K,A,C,0,0.0,01KJN79PCAAMFX7P2QF70Y3HJM_01KJN79ZQD1E4YD03FE5CGJY8K,phase2_early,1,2
01KJN6MMPQTMDYRN709DP5DSDA,page5-28,01KJN79PCAAMFX7P2QF70Y3HJM,01KJN7B4V2673GK7HGVSG52R2P,A,B,0,0.0,01KJN79PCAAMFX7P2QF70Y3HJM_01KJN7B4V2673GK7HGVSG52R2P,phase2_early,1,2
01KJN6MMPQTMDYRN709DP5DSDA,page5-28,01KJN79PCAAMFX7P2QF70Y3HJM,01KJN77XQHYQ5TVVY4HZM02E7R,A,C,0,0.0,01KJN77XQHYQ5TVVY4HZM02E7R_01KJN79PCAAMFX7P2QF70Y3HJM,phase2_early,1,2
01KJN6MMPQTMDYRN709DP5DSDA,page5-28,01KJN79PCAAMFX7P2QF70Y3HJM,01KJN79ZRTRDMY6RH8ZCYCM9NV,A,A,1,1.0,01KJN79PCAAMFX7P2QF70Y3HJM_01KJN79ZRTRDMY6RH8ZCYCM9NV,phase2_early,1,1
01KJN6MMPQTMDYRN709DP5DSDA,page5-28,01KJN79PCAAMFX7P2QF70Y3HJM,01KJN7AAWT4GWKRZ7B9775509P,A,B,0,0.0,01KJN79PCAAMFX7P2QF70Y3HJM_01KJN7AAWT4GWKRZ7B9775509P,phase2_early,1,4
01KJN6MMPQTMDYRN709DP5DSDA,page5-28,01KJN79PCAAMFX7P2QF70Y3HJM,01KJN7931DXZ65NXTWK1GNEZMW,A,C,0,0.0,01KJN7931DXZ65NXTWK1GNEZMW_01KJN79PCAAMFX7P2QF70Y3HJM,phase2_early,1,3
01KJN6MMPQTMDYRN709DP5DSDA,page5-28,01KJN79PCAAMFX7P2QF70Y3HJM,01KJN7B32C1C5254NSG6ZK1GRK,A,A,1,1.0,01KJN79PCAAMFX7P2QF70Y3HJM_01KJN7B32C1C5254NSG6ZK1GRK,phase2_early,1,1
01KJN6MMPQTMDYRN709DP5DSDA,page5-28,01KJN79PCAAMFX7P2QF70Y3HJM,01KJN7BYA5X3A2G30KZECRY2HY,A,B,0,0.0,01KJN79PCAAMFX7P2QF70Y3HJM_01KJN7BYA5X3A2G30KZECRY2HY,phase2_early,1,3
01KJN6MMPQTMDYRN709DP5DSDA,page5-28,01KJN79ZQD1E4YD03FE5CGJY8K,01KJN7B4V2673GK7HGVSG52R2P,C,B,0,0.0,01KJN79ZQD1E4YD03FE5CGJY8K_01KJN7B4V2673GK7HGVSG52R2P,phase2_early,2,2
01KJN6MMPQTMDYRN709DP5DSDA,page5-28,01KJN79ZQD1E4YD03FE5CGJY8K,01KJN77XQHYQ5TVVY4HZM02E7R,C,C,1,0.3333333333333333,01KJN77XQHYQ5TVVY4HZM02E7R_01KJN79ZQD1E4YD03FE5CGJY8K,phase2_early,2,2
01KJN6MMPQTMDYRN709DP5DSDA,page5-28,01KJN79ZQD1E4YD03FE5CGJY8K,01KJN79ZRTRDMY6RH8ZCYCM9NV,C,A,0,0.0,01KJN79ZQD1E4YD03FE5CGJY8K_01KJN79ZRTRDMY6RH8ZCYCM9NV,phase2_early,2,1
01KJN6MMPQTMDYRN709DP5DSDA,page5-28,01KJN79ZQD1E4YD03FE5CGJY8K,01KJN7AAWT4GWKRZ7B9775509P,C,B,0,0.0,01KJN79ZQD1E4YD03FE5CGJY8K_01KJN7AAWT4GWKRZ7B9775509P,phase2_early,2,4
01KJN6MMPQTMDYRN709DP5DSDA,page5-28,01KJN79ZQD1E4YD03FE5CGJY8K,01KJN7931DXZ65NXTWK1GNEZMW,C,C,1,0.25,01KJN7931DXZ65NXTWK1GNEZMW_01KJN79ZQD1E4YD03FE5CGJY8K,phase2_early,2,3
01KJN6MMPQTMDYRN709DP5DSDA,page5-28,01KJN79ZQD1E4YD03FE5CGJY8K,01KJN7B32C1C5254NSG6ZK1GRK,C,A,0,0.0,01KJN79ZQD1E4YD03FE5CGJY8K_01KJN7B32C1C5254NSG6ZK1GRK,phase2_early,2,1
01KJN6MMPQTMDYRN709DP5DSDA,page5-28,01KJN79ZQD1E4YD03FE5CGJY8K,01KJN7BYA5X3A2G30KZECRY2HY,C,B,0,0.0,01KJN79ZQD1E4YD03FE5CGJY8K_01KJN7BYA5X3A2G30KZECRY2HY,phase2_early,2,3
01KJN6MMPQTMDYRN709DP5DSDA,page5-28,01KJN7B4V2673GK7HGVSG52R2P,01KJN77XQHYQ5TVVY4HZM02E7R,B,C,0,0.0,01KJN77XQHYQ5TVVY4HZM02E7R_01KJN7B4V2673GK7HGVSG52R2P,phase2_early,2,2
01KJN6MMPQTMDYRN709DP5DSDA,page5-28,01KJN7B4V2673GK7HGVSG52R2P,01KJN79ZRTRDMY6RH8ZCYCM9NV,B,A,0,0.0,01KJN79ZRTRDMY6RH8ZCYCM9NV_01KJN7B4V2673GK7HGVSG52R2P,phase2_early,2,1
01KJN6MMPQTMDYRN709DP5DSDA,page5-28,01KJN7B4V2673GK7HGVSG52R2P,01KJN7AAWT4GWKRZ7B9775509P,B,B,1,0.25,01KJN7AAWT4GWKRZ7B9775509P_01KJN7B4V2673GK7HGVSG52R2P,phase2_early,2,4
01KJN6MMPQTMDYRN709DP5DSDA,page5-28,01KJN7B4V2673GK7HGVSG52R2P,01KJN7931DXZ65NXTWK1GNEZMW,B,C,0,0.0,01KJN7931DXZ65NXTWK1GNEZMW_01KJN7B4V2673GK7HGVSG52R2P,phase2_early,2,3
01KJN6MMPQTMDYRN709DP5DSDA,page5-28,01KJN7B4V2673GK7HGVSG52R2P,01KJN7B32C1C5254NSG6ZK1GRK,B,A,0,0.0,01KJN7B32C1C5254NSG6ZK1GRK_01KJN7B4V2673GK7HGVSG52R2P,phase2_early,2,1
01KJN6MMPQTMDYRN709DP5DSDA,page5-28,01KJN7B4V2673GK7HGVSG52R2P,01KJN7BYA5X3A2G30KZECRY2HY,B,B,1,0.25,01KJN7B4V2673GK7HGVSG52R2P_01KJN7BYA5X3A2G30KZECRY2HY,phase2_early,2,3
01KJN6MMPQTMDYRN709DP5DSDA,page5-28,01KJN77XQHYQ5TVVY4HZM02E7R,01KJN79ZRTRDMY6RH8ZCYCM9NV,C,A,0,0.0,01KJN77XQHYQ5TVVY4HZM02E7R_01KJN79ZRTRDMY6RH8ZCYCM9NV,phase2_early,2,1
01KJN6MMPQTMDYRN709DP5DSDA,page5-28,01KJN77XQHYQ5TVVY4HZM02E7R,01KJN7AAWT4GWKRZ7B9775509P,C,B,0,0.0,01KJN77XQHYQ5TVVY4HZM02E7R_01KJN7AAWT4GWKRZ7B9775509P,phase2_early,2,4
01KJN6MMPQTMDYRN709DP5DSDA,page5-28,01KJN77XQHYQ5TVVY4HZM02E7R,01KJN7931DXZ65NXTWK1GNEZMW,C,C,1,0.25,01KJN77XQHYQ5TVVY4HZM02E7R_01KJN7931DXZ65NXTWK1GNEZMW,phase2_early,2,3
01KJN6MMPQTMDYRN709DP5DSDA,page5-28,01KJN77XQHYQ5TVVY4HZM02E7R,01KJN7B32C1C5254NSG6ZK1GRK,C,A,0,0.0,01KJN77XQHYQ5TVVY4HZM02E7R_01KJN7B32C1C5254NSG6ZK1GRK,phase2_early,2,1
01KJN6MMPQTMDYRN709DP5DSDA,page5-28,01KJN77XQHYQ5TVVY4HZM02E7R,01KJN7BYA5X3A2G30KZECRY2HY,C,B,0,0.0,01KJN77XQHYQ5TVVY4HZM02E7R_01KJN7BYA5X3A2G30KZECRY2HY,phase2_early,2,3
01KJN6MMPQTMDYRN709DP5DSDA,page5-28,01KJN79ZRTRDMY6RH8ZCYCM9NV,01KJN7AAWT4GWKRZ7B9775509P,A,B,0,0.0,01KJN79ZRTRDMY6RH8ZCYCM9NV_01KJN7AAWT4GWKRZ7B9775509P,phase2_early,1,4
01KJN6MMPQTMDYRN709DP5DSDA,page5-28,01KJN79ZRTRDMY6RH8ZCYCM9NV,01KJN7931DXZ65NXTWK1GNEZMW,A,C,0,0.0,01KJN7931DXZ65NXTWK1GNEZMW_01KJN79ZRTRDMY6RH8ZCYCM9NV,phase2_early,1,3
01KJN6MMPQTMDYRN709DP5DSDA,page5-28,01KJN79ZRTRDMY6RH8ZCYCM9NV,01KJN7B32C1C5254NSG6ZK1GRK,A,A,1,1.0,01KJN79ZRTRDMY6RH8ZCYCM9NV_01KJN7B32C1C5254NSG6ZK1GRK,phase2_early,1,1
01KJN6MMPQTMDYRN709DP5DSDA,page5-28,01KJN79ZRTRDMY6RH8ZCYCM9NV,01KJN7BYA5X3A2G30KZECRY2HY,A,B,0,0.0,01KJN79ZRTRDMY6RH8ZCYCM9NV_01KJN7BYA5X3A2G30KZECRY2HY,phase2_early,1,3
01KJN6MMPQTMDYRN709DP5DSDA,page5-28,01KJN7AAWT4GWKRZ7B9775509P,01KJN7931DXZ65NXTWK1GNEZMW,B,C,0,0.0,01KJN7931DXZ65NXTWK1GNEZMW_01KJN7AAWT4GWKRZ7B9775509P,phase2_early,4,3
01KJN6MMPQTMDYRN709DP5DSDA,page5-28,01KJN7AAWT4GWKRZ7B9775509P,01KJN7B32C1C5254NSG6ZK1GRK,B,A,0,0.0,01KJN7AAWT4GWKRZ7B9775509P_01KJN7B32C1C5254NSG6ZK1GRK,phase2_early,4,1
01KJN6MMPQTMDYRN709DP5DSDA,page5-28,01KJN7AAWT4GWKRZ7B9775509P,01KJN7BYA5X3A2G30KZECRY2HY,B,B,1,0.5,01KJN7AAWT4GWKRZ7B9775509P_01KJN7BYA5X3A2G30KZECRY2HY,phase2_early,4,3
01KJN6MMPQTMDYRN709DP5DSDA,page5-28,01KJN7931DXZ65NXTWK1GNEZMW,01KJN7B32C1C5254NSG6ZK1GRK,C,A,0,0.0,01KJN7931DXZ65NXTWK1GNEZMW_01KJN7B32C1C5254NSG6ZK1GRK,phase2_early,3,1
01KJN6MMPQTMDYRN709DP5DSDA,page5-28,01KJN7931DXZ65NXTWK1GNEZMW,01KJN7BYA5X3A2G30KZECRY2HY,C,B,0,0.0,01KJN7931DXZ65NXTWK1GNEZMW_01KJN7BYA5X3A2G30KZECRY2HY,phase2_early,3,3
01KJN6MMPQTMDYRN709DP5DSDA,page5-28,01KJN7B32C1C5254NSG6ZK1GRK,01KJN7BYA5X3A2G30KZECRY2HY,A,B,0,0.0,01KJN7B32C1C5254NSG6ZK1GRK_01KJN7BYA5X3A2G30KZECRY2HY,phase2_early,1,3
01KJN6MMPQTMDYRN709DP5DSDA,page7-107,01KJN79PCAAMFX7P2QF70Y3HJM,01KJN79ZQD1E4YD03FE5CGJY8K,A,C,0,0.0,01KJN79PCAAMFX7P2QF70Y3HJM_01KJN79ZQD1E4YD03FE5CGJY8K,phase2_early,1,4
01KJN6MMPQTMDYRN709DP5DSDA,page7-107,01KJN79PCAAMFX7P2QF70Y3HJM,01KJN7B4V2673GK7HGVSG52R2P,A,B,0,0.5,01KJN79PCAAMFX7P2QF70Y3HJM_01KJN7B4V2673GK7HGVSG52R2P,phase2_early,1,3
01KJN6MMPQTMDYRN709DP5DSDA,page7-107,01KJN79PCAAMFX7P2QF70Y3HJM,01KJN77XQHYQ5TVVY4HZM02E7R,A,C,0,0.5,01KJN77XQHYQ5TVVY4HZM02E7R_01KJN79PCAAMFX7P2QF70Y3HJM,phase2_early,1,2
01KJN6MMPQTMDYRN709DP5DSDA,page7-107,01KJN79PCAAMFX7P2QF70Y3HJM,01KJN79ZRTRDMY6RH8ZCYCM9NV,A,A,1,0.0,01KJN79PCAAMFX7P2QF70Y3HJM_01KJN79ZRTRDMY6RH8ZCYCM9NV,phase2_early,1,2
01KJN6MMPQTMDYRN709DP5DSDA,page7-107,01KJN79PCAAMFX7P2QF70Y3HJM,01KJN7AAWT4GWKRZ7B9775509P,A,B,0,0.5,01KJN79PCAAMFX7P2QF70Y3HJM_01KJN7AAWT4GWKRZ7B9775509P,phase2_early,1,3
01KJN6MMPQTMDYRN709DP5DSDA,page7-107,01KJN79PCAAMFX7P2QF70Y3HJM,01KJN7931DXZ65NXTWK1GNEZMW,A,C,0,0.25,01KJN7931DXZ65NXTWK1GNEZMW_01KJN79PCAAMFX7P2QF70Y3HJM,phase2_early,1,4
01KJN6MMPQTMDYRN709DP5DSDA,page7-107,01KJN79PCAAMFX7P2QF70Y3HJM,01KJN7B32C1C5254NSG6ZK1GRK,A,A,1,1.0,01KJN79PCAAMFX7P2QF70Y3HJM_01KJN7B32C1C5254NSG6ZK1GRK,phase2_early,1,1
01KJN6MMPQTMDYRN709DP5DSDA,page7-107,01KJN79PCAAMFX7P2QF70Y3HJM,01KJN7BYA5X3A2G30KZECRY2HY,A,B,0,0.5,01KJN79PCAAMFX7P2QF70Y3HJM_01KJN7BYA5X3A2G30KZECRY2HY,phase2_early,1,4
01KJN6MMPQTMDYRN709DP5DSDA,page7-107,01KJN79ZQD1E4YD03FE5CGJY8K,01KJN7B4V2673GK7HGVSG52R2P,C,B,0,0.0,01KJN79ZQD1E4YD03FE5CGJY8K_01KJN7B4V2673GK7HGVSG52R2P,phase2_early,4,3
01KJN6MMPQTMDYRN709DP5DSDA,page7-107,01KJN79ZQD1E4YD03FE5CGJY8K,01KJN77XQHYQ5TVVY4HZM02E7R,C,C,1,0.0,01KJN77XQHYQ5TVVY4HZM02E7R_01KJN79ZQD1E4YD03FE5CGJY8K,phase2_early,4,2
01KJN6MMPQTMDYRN709DP5DSDA,page7-107,01KJN79ZQD1E4YD03FE5CGJY8K,01KJN79ZRTRDMY6RH8ZCYCM9NV,C,A,0,0.0,01KJN79ZQD1E4YD03FE5CGJY8K_01KJN79ZRTRDMY6RH8ZCYCM9NV,phase2_early,4,2
01KJN6MMPQTMDYRN709DP5DSDA,page7-107,01KJN79ZQD1E4YD03FE5CGJY8K,01KJN7AAWT4GWKRZ7B9775509P,C,B,0,0.0,01KJN79ZQD1E4YD03FE5CGJY8K_01KJN7AAWT4GWKRZ7B9775509P,phase2_early,4,3
01KJN6MMPQTMDYRN709DP5DSDA,page7-107,01KJN79ZQD1E4YD03FE5CGJY8K,01KJN7931DXZ65NXTWK1GNEZMW,C,C,1,0.2,01KJN7931DXZ65NXTWK1GNEZMW_01KJN79ZQD1E4YD03FE5CGJY8K,phase2_early,4,4
01KJN6MMPQTMDYRN709DP5DSDA,page7-107,01KJN79ZQD1E4YD03FE5CGJY8K,01KJN7B32C1C5254NSG6ZK1GRK,C,A,0,0.0,01KJN79ZQD1E4YD03FE5CGJY8K_01KJN7B32C1C5254NSG6ZK1GRK,phase2_early,4,1
01KJN6MMPQTMDYRN709DP5DSDA,page7-107,01KJN79ZQD1E4YD03FE5CGJY8K,01KJN7BYA5X3A2G30KZECRY2HY,C,B,0,0.0,01KJN79ZQD1E4YD03FE5CGJY8K_01KJN7BYA5X3A2G30KZECRY2HY,phase2_early,4,4
01KJN6MMPQTMDYRN709DP5DSDA,page7-107,01KJN7B4V2673GK7HGVSG52R2P,01KJN77XQHYQ5TVVY4HZM02E7R,B,C,0,0.3333333333333333,01KJN77XQHYQ5TVVY4HZM02E7R_01KJN7B4V2673GK7HGVSG52R2P,phase2_early,3,2
01KJN6MMPQTMDYRN709DP5DSDA,page7-107,01KJN7B4V2673GK7HGVSG52R2P,01KJN79ZRTRDMY6RH8ZCYCM9NV,B,A,0,0.0,01KJN79ZRTRDMY6RH8ZCYCM9NV_01KJN7B4V2673GK7HGVSG52R2P,phase2_early,3,2
01KJN6MMPQTMDYRN709DP5DSDA,page7-107,01KJN7B4V2673GK7HGVSG52R2P,01KJN7AAWT4GWKRZ7B9775509P,B,B,1,0.3333333333333333,01KJN7AAWT4GWKRZ7B9775509P_01KJN7B4V2673GK7HGVSG52R2P,phase2_early,3,3
01KJN6MMPQTMDYRN709DP5DSDA,page7-107,01KJN7B4V2673GK7HGVSG52R2P,01KJN7931DXZ65NXTWK1GNEZMW,B,C,0,0.2,01KJN7931DXZ65NXTWK1GNEZMW_01KJN7B4V2673GK7HGVSG52R2P,phase2_early,3,4
01KJN6MMPQTMDYRN709DP5DSDA,page7-107,01KJN7B4V2673GK7HGVSG52R2P,01KJN7B32C1C5254NSG6ZK1GRK,B,A,0,0.5,01KJN7B32C1C5254NSG6ZK1GRK_01KJN7B4V2673GK7HGVSG52R2P,phase2_early,3,1
01KJN6MMPQTMDYRN709DP5DSDA,page7-107,01KJN7B4V2673GK7HGVSG52R2P,01KJN7BYA5X3A2G30KZECRY2HY,B,B,1,1.0,01KJN7B4V2673GK7HGVSG52R2P_01KJN7BYA5X3A2G30KZECRY2HY,phase2_early,3,4
01KJN6MMPQTMDYRN709DP5DSDA,page7-107,01KJN77XQHYQ5TVVY4HZM02E7R,01KJN79ZRTRDMY6RH8ZCYCM9NV,C,A,0,0.0,01KJN77XQHYQ5TVVY4HZM02E7R_01KJN79ZRTRDMY6RH8ZCYCM9NV,phase2_early,2,2
01KJN6MMPQTMDYRN709DP5DSDA,page7-107,01KJN77XQHYQ5TVVY4HZM02E7R,01KJN7AAWT4GWKRZ7B9775509P,C,B,0,0.3333333333333333,01KJN77XQHYQ5TVVY4HZM02E7R_01KJN7AAWT4GWKRZ7B9775509P,phase2_early,2,3
01KJN6MMPQTMDYRN709DP5DSDA,page7-107,01KJN77XQHYQ5TVVY4HZM02E7R,01KJN7931DXZ65NXTWK1GNEZMW,C,C,1,0.5,01KJN77XQHYQ5TVVY4HZM02E7R_01KJN7931DXZ65NXTWK1GNEZMW,phase2_early,2,4
01KJN6MMPQTMDYRN709DP5DSDA,page7-107,01KJN77XQHYQ5TVVY4HZM02E7R,01KJN7B32C1C5254NSG6ZK1GRK,C,A,0,0.5,01KJN77XQHYQ5TVVY4HZM02E7R_01KJN7B32C1C5254NSG6ZK1GRK,phase2_early,2,1
01KJN6MMPQTMDYRN709DP5DSDA,page7-107,01KJN77XQHYQ5TVVY4HZM02E7R,01KJN7BYA5X3A2G30KZECRY2HY,C,B,0,0.3333333333333333,01KJN77XQHYQ5TVVY4HZM02E7R_01KJN7BYA5X3A2G30KZECRY2HY,phase2_early,2,4
01KJN6MMPQTMDYRN709DP5DSDA,page7-107,01KJN79ZRTRDMY6RH8ZCYCM9NV,01KJN7AAWT4GWKRZ7B9775509P,A,B,0,0.0,01KJN79ZRTRDMY6RH8ZCYCM9NV_01KJN7AAWT4GWKRZ7B9775509P,phase2_early,2,3
01KJN6MMPQTMDYRN709DP5DSDA,page7-107,01KJN79ZRTRDMY6RH8ZCYCM9NV,01KJN7931DXZ65NXTWK1GNEZMW,A,C,0,0.0,01KJN7931DXZ65NXTWK1GNEZMW_01KJN79ZRTRDMY6RH8ZCYCM9NV,phase2_early,2,4
01KJN6MMPQTMDYRN709DP5DSDA,page7-107,01KJN79ZRTRDMY6RH8ZCYCM9NV,01KJN7B32C1C5254NSG6ZK1GRK,A,A,1,0.0,01KJN79ZRTRDMY6RH8ZCYCM9NV_01KJN7B32C1C5254NSG6ZK1GRK,phase2_early,2,1
01KJN6MMPQTMDYRN709DP5DSDA,page7-107,01KJN79ZRTRDMY6RH8ZCYCM9NV,01KJN7BYA5X3A2G30KZECRY2HY,A,B,0,0.0,01KJN79ZRTRDMY6RH8ZCYCM9NV_01KJN7BYA5X3A2G30KZECRY2HY,phase2_early,2,4
01KJN6MMPQTMDYRN709DP5DSDA,page7-107,01KJN7AAWT4GWKRZ7B9775509P,01KJN7931DXZ65NXTWK1GNEZMW,B,C,0,0.2,01KJN7931DXZ65NXTWK1GNEZMW_01KJN7AAWT4GWKRZ7B9775509P,phase2_early,3,4
01KJN6MMPQTMDYRN709DP5DSDA,page7-107,01KJN7AAWT4GWKRZ7B9775509P,01KJN7B32C1C5254NSG6ZK1GRK,B,A,0,0.5,01KJN7AAWT4GWKRZ7B9775509P_01KJN7B32C1C5254NSG6ZK1GRK,phase2_early,3,1
01KJN6MMPQTMDYRN709DP5DSDA,page7-107,01KJN7AAWT4GWKRZ7B9775509P,01KJN7BYA5X3A2G30KZECRY2HY,B,B,1,0.3333333333333333,01KJN7AAWT4GWKRZ7B9775509P_01KJN7BYA5X3A2G30KZECRY2HY,phase2_early,3,4
01KJN6MMPQTMDYRN709DP5DSDA,page7-107,01KJN7931DXZ65NXTWK1GNEZMW,01KJN7B32C1C5254NSG6ZK1GRK,C,A,0,0.25,01KJN7931DXZ65NXTWK1GNEZMW_01KJN7B32C1C5254NSG6ZK1GRK,phase2_early,4,1
01KJN6MMPQTMDYRN709DP5DSDA,page7-107,01KJN7931DXZ65NXTWK1GNEZMW,01KJN7BYA5X3A2G30KZECRY2HY,C,B,0,0.2,01KJN7931DXZ65NXTWK1GNEZMW_01KJN7BYA5X3A2G30KZECRY2HY,phase2_early,4,4
01KJN6MMPQTMDYRN709DP5DSDA,page7-107,01KJN7B32C1C5254NSG6ZK1GRK,01KJN7BYA5X3A2G30KZECRY2HY,A,B,0,0.5,01KJN7B32C1C5254NSG6ZK1GRK_01KJN7BYA5X3A2G30KZECRY2HY,phase2_early,1,4
01KJN6MMPQTMDYRN709DP5DSDA,page7-255,01KJN79PCAAMFX7P2QF70Y3HJM,01KJN79ZQD1E4YD03FE5CGJY8K,A,C,0,0.0,01KJN79PCAAMFX7P2QF70Y3HJM_01KJN79ZQD1E4YD03FE5CGJY8K,phase2_early,2,1
01KJN6MMPQTMDYRN709DP5DSDA,page7-255,01KJN79PCAAMFX7P2QF70Y3HJM,01KJN7B4V2673GK7HGVSG52R2P,A,B,0,0.0,01KJN79PCAAMFX7P2QF70Y3HJM_01KJN7B4V2673GK7HGVSG52R2P,phase2_early,2,1
01KJN6MMPQTMDYRN709DP5DSDA,page7-255,01KJN79PCAAMFX7P2QF70Y3HJM,01KJN77XQHYQ5TVVY4HZM02E7R,A,C,0,0.0,01KJN77XQHYQ5TVVY4HZM02E7R_01KJN79PCAAMFX7P2QF70Y3HJM,phase2_early,2,1
01KJN6MMPQTMDYRN709DP5DSDA,page7-255,01KJN79PCAAMFX7P2QF70Y3HJM,01KJN79ZRTRDMY6RH8ZCYCM9NV,A,A,1,1.0,01KJN79PCAAMFX7P2QF70Y3HJM_01KJN79ZRTRDMY6RH8ZCYCM9NV,phase2_early,2,2
01KJN6MMPQTMDYRN709DP5DSDA,page7-255,01KJN79PCAAMFX7P2QF70Y3HJM,01KJN7AAWT4GWKRZ7B9775509P,A,B,0,0.0,01KJN79PCAAMFX7P2QF70Y3HJM_01KJN7AAWT4GWKRZ7B9775509P,phase2_early,2,2
01KJN6MMPQTMDYRN709DP5DSDA,page7-255,01KJN79PCAAMFX7P2QF70Y3HJM,01KJN7931DXZ65NXTWK1GNEZMW,A,C,0,0.0,01KJN7931DXZ65NXTWK1GNEZMW_01KJN79PCAAMFX7P2QF70Y3HJM,phase2_early,2,1
01KJN6MMPQTMDYRN709DP5DSDA,page7-255,01KJN79PCAAMFX7P2QF70Y3HJM,01KJN7B32C1C5254NSG6ZK1GRK,A,A,1,0.3333333333333333,01KJN79PCAAMFX7P2QF70Y3HJM_01KJN7B32C1C5254NSG6ZK1GRK,phase2_early,2,2
01KJN6MMPQTMDYRN709DP5DSDA,page7-255,01KJN79PCAAMFX7P2QF70Y3HJM,01KJN7BYA5X3A2G30KZECRY2HY,A,B,0,0.0,01KJN79PCAAMFX7P2QF70Y3HJM_01KJN7BYA5X3A2G30KZECRY2HY,phase2_early,2,1
01KJN6MMPQTMDYRN709DP5DSDA,page7-255,01KJN79ZQD1E4YD03FE5CGJY8K,01KJN7B4V2673GK7HGVSG52R2P,C,B,0,0.0,01KJN79ZQD1E4YD03FE5CGJY8K_01KJN7B4V2673GK7HGVSG52R2P,phase2_early,1,1
01KJN6MMPQTMDYRN709DP5DSDA,page7-255,01KJN79ZQD1E4YD03FE5CGJY8K,01KJN77XQHYQ5TVVY4HZM02E7R,C,C,1,1.0,01KJN77XQHYQ5TVVY4HZM02E7R_01KJN79ZQD1E4YD03FE5CGJY8K,phase2_early,1,1
01KJN6MMPQTMDYRN709DP5DSDA,page7-255,01KJN79ZQD1E4YD03FE5CGJY8K,01KJN79ZRTRDMY6RH8ZCYCM9NV,C,A,0,0.0,01KJN79ZQD1E4YD03FE5CGJY8K_01KJN79ZRTRDMY6RH8ZCYCM9NV,phase2_early,1,2
01KJN6MMPQTMDYRN709DP5DSDA,page7-255,01KJN79ZQD1E4YD03FE5CGJY8K,01KJN7AAWT4GWKRZ7B9775509P,C,B,0,0.0,01KJN79ZQD1E4YD03FE5CGJY8K_01KJN7AAWT4GWKRZ7B9775509P,phase2_early,1,2
01KJN6MMPQTMDYRN709DP5DSDA,page7-255,01KJN79ZQD1E4YD03FE5CGJY8K,01KJN7931DXZ65NXTWK1GNEZMW,C,C,1,1.0,01KJN7931DXZ65NXTWK1GNEZMW_01KJN79ZQD1E4YD03FE5CGJY8K,phase2_early,1,1
01KJN6MMPQTMDYRN709DP5DSDA,page7-255,01KJN79ZQD1E4YD03FE5CGJY8K,01KJN7B32C1C5254NSG6ZK1GRK,C,A,0,0.0,01KJN79ZQD1E4YD03FE5CGJY8K_01KJN7B32C1C5254NSG6ZK1GRK,phase2_early,1,2
01KJN6MMPQTMDYRN709DP5DSDA,page7-255,01KJN79ZQD1E4YD03FE5CGJY8K,01KJN7BYA5X3A2G30KZECRY2HY,C,B,0,0.0,01KJN79ZQD1E4YD03FE5CGJY8K_01KJN7BYA5X3A2G30KZECRY2HY,phase2_early,1,1
01KJN6MMPQTMDYRN709DP5DSDA,page7-255,01KJN7B4V2673GK7HGVSG52R2P,01KJN77XQHYQ5TVVY4HZM02E7R,B,C,0,0.0,01KJN77XQHYQ5TVVY4HZM02E7R_01KJN7B4V2673GK7HGVSG52R2P,phase2_early,1,1
01KJN6MMPQTMDYRN709DP5DSDA,page7-255,01KJN7B4V2673GK7HGVSG52R2P,01KJN79ZRTRDMY6RH8ZCYCM9NV,B,A,0,0.0,01KJN79ZRTRDMY6RH8ZCYCM9NV_01KJN7B4V2673GK7HGVSG52R2P,phase2_early,1,2
01KJN6MMPQTMDYRN709DP5DSDA,page7-255,01KJN7B4V2673GK7HGVSG52R2P,01KJN7AAWT4GWKRZ7B9775509P,B,B,1,0.0,01KJN7AAWT4GWKRZ7B9775509P_01KJN7B4V2673GK7HGVSG52R2P,phase2_early,1,2
01KJN6MMPQTMDYRN709DP5DSDA,page7-255,01KJN7B4V2673GK7HGVSG52R2P,01KJN7931DXZ65NXTWK1GNEZMW,B,C,0,0.0,01KJN7931DXZ65NXTWK1GNEZMW_01KJN7B4V2673GK7HGVSG52R2P,phase2_early,1,1
01KJN6MMPQTMDYRN709DP5DSDA,page7-255,01KJN7B4V2673GK7HGVSG52R2P,01KJN7B32C1C5254NSG6ZK1GRK,B,A,0,0.0,01KJN7B32C1C5254NSG6ZK1GRK_01KJN7B4V2673GK7HGVSG52R2P,phase2_early,1,2
01KJN6MMPQTMDYRN709DP5DSDA,page7-255,01KJN7B4V2673GK7HGVSG52R2P,01KJN7BYA5X3A2G30KZECRY2HY,B,B,1,1.0,01KJN7B4V2673GK7HGVSG52R2P_01KJN7BYA5X3A2G30KZECRY2HY,phase2_early,1,1
01KJN6MMPQTMDYRN709DP5DSDA,page7-255,01KJN77XQHYQ5TVVY4HZM02E7R,01KJN79ZRTRDMY6RH8ZCYCM9NV,C,A,0,0.0,01KJN77XQHYQ5TVVY4HZM02E7R_01KJN79ZRTRDMY6RH8ZCYCM9NV,phase2_early,1,2
01KJN6MMPQTMDYRN709DP5DSDA,page7-255,01KJN77XQHYQ5TVVY4HZM02E7R,01KJN7AAWT4GWKRZ7B9775509P,C,B,0,0.0,01KJN77XQHYQ5TVVY4HZM02E7R_01KJN7AAWT4GWKRZ7B9775509P,phase2_early,1,2
01KJN6MMPQTMDYRN709DP5DSDA,page7-255,01KJN77XQHYQ5TVVY4HZM02E7R,01KJN7931DXZ65NXTWK1GNEZMW,C,C,1,1.0,01KJN77XQHYQ5TVVY4HZM02E7R_01KJN7931DXZ65NXTWK1GNEZMW,phase2_early,1,1
01KJN6MMPQTMDYRN709DP5DSDA,page7-255,01KJN77XQHYQ5TVVY4HZM02E7R,01KJN7B32C1C5254NSG6ZK1GRK,C,A,0,0.0,01KJN77XQHYQ5TVVY4HZM02E7R_01KJN7B32C1C5254NSG6ZK1GRK,phase2_early,1,2
01KJN6MMPQTMDYRN709DP5DSDA,page7-255,01KJN77XQHYQ5TVVY4HZM02E7R,01KJN7BYA5X3A2G30KZECRY2HY,C,B,0,0.0,01KJN77XQHYQ5TVVY4HZM02E7R_01KJN7BYA5X3A2G30KZECRY2HY,phase2_early,1,1
01KJN6MMPQTMDYRN709DP5DSDA,page7-255,01KJN79ZRTRDMY6RH8ZCYCM9NV,01KJN7AAWT4GWKRZ7B9775509P,A,B,0,0.0,01KJN79ZRTRDMY6RH8ZCYCM9NV_01KJN7AAWT4GWKRZ7B9775509P,phase2_early,2,2
01KJN6MMPQTMDYRN709DP5DSDA,page7-255,01KJN79ZRTRDMY6RH8ZCYCM9NV,01KJN7931DXZ65NXTWK1GNEZMW,A,C,0,0.0,01KJN7931DXZ65NXTWK1GNEZMW_01KJN79ZRTRDMY6RH8ZCYCM9NV,phase2_early,2,1
01KJN6MMPQTMDYRN709DP5DSDA,page7-255,01KJN79ZRTRDMY6RH8ZCYCM9NV,01KJN7B32C1C5254NSG6ZK1GRK,A,A,1,0.3333333333333333,01KJN79ZRTRDMY6RH8ZCYCM9NV_01KJN7B32C1C5254NSG6ZK1GRK,phase2_early,2,2
01KJN6MMPQTMDYRN709DP5DSDA,page7-255,01KJN79ZRTRDMY6RH8ZCYCM9NV,01KJN7BYA5X3A2G30KZECRY2HY,A,B,0,0.0,01KJN79ZRTRDMY6RH8ZCYCM9NV_01KJN7BYA5X3A2G30KZECRY2HY,phase2_early,2,1
01KJN6MMPQTMDYRN709DP5DSDA,page7-255,01KJN7AAWT4GWKRZ7B9775509P,01KJN7931DXZ65NXTWK1GNEZMW,B,C,0,0.0,01KJN7931DXZ65NXTWK1GNEZMW_01KJN7AAWT4GWKRZ7B9775509P,phase2_early,2,1
01KJN6MMPQTMDYRN709DP5DSDA,page7-255,01KJN7AAWT4GWKRZ7B9775509P,01KJN7B32C1C5254NSG6ZK1GRK,B,A,0,0.0,01KJN7AAWT4GWKRZ7B9775509P_01KJN7B32C1C5254NSG6ZK1GRK,phase2_early,2,2
01KJN6MMPQTMDYRN709DP5DSDA,page7-255,01KJN7AAWT4GWKRZ7B9775509P,01KJN7BYA5X3A2G30KZECRY2HY,B,B,1,0.0,01KJN7AAWT4GWKRZ7B9775509P_01KJN7BYA5X3A2G30KZECRY2HY,phase2_early,2,1
01KJN6MMPQTMDYRN709DP5DSDA,page7-255,01KJN7931DXZ65NXTWK1GNEZMW,01KJN7B32C1C5254NSG6ZK1GRK,C,A,0,0.0,01KJN7931DXZ65NXTWK1GNEZMW_01KJN7B32C1C5254NSG6ZK1GRK,phase2_early,1,2
01KJN6MMPQTMDYRN709DP5DSDA,page7-255,01KJN7931DXZ65NXTWK1GNEZMW,01KJN7BYA5X3A2G30KZECRY2HY,C,B,0,0.0,01KJN7931DXZ65NXTWK1GNEZMW_01KJN7BYA5X3A2G30KZECRY2HY,phase2_early,1,1
01KJN6MMPQTMDYRN709DP5DSDA,page7-255,01KJN7B32C1C5254NSG6ZK1GRK,01KJN7BYA5X3A2G30KZECRY2HY,A,B,0,0.0,01KJN7B32C1C5254NSG6ZK1GRK_01KJN7BYA5X3A2G30KZECRY2HY,phase2_early,2,1
01KJN6MMPQTMDYRN709DP5DSDA,page9-46,01KJN79PCAAMFX7P2QF70Y3HJM,01KJN79ZQD1E4YD03FE5CGJY8K,A,C,0,0.0,01KJN79PCAAMFX7P2QF70Y3HJM_01KJN79ZQD1E4YD03FE5CGJY8K,phase2_early,1,4
01KJN6MMPQTMDYRN709DP5DSDA,page9-46,01KJN79PCAAMFX7P2QF70Y3HJM,01KJN7B4V2673GK7HGVSG52R2P,A,B,0,0.5,01KJN79PCAAMFX7P2QF70Y3HJM_01KJN7B4V2673GK7HGVSG52R2P,phase2_early,1,3
01KJN6MMPQTMDYRN709DP5DSDA,page9-46,01KJN79PCAAMFX7P2QF70Y3HJM,01KJN77XQHYQ5TVVY4HZM02E7R,A,C,0,0.0,01KJN77XQHYQ5TVVY4HZM02E7R_01KJN79PCAAMFX7P2QF70Y3HJM,phase2_early,1,1
01KJN6MMPQTMDYRN709DP5DSDA,page9-46,01KJN79PCAAMFX7P2QF70Y3HJM,01KJN79ZRTRDMY6RH8ZCYCM9NV,A,A,1,1.0,01KJN79PCAAMFX7P2QF70Y3HJM_01KJN79ZRTRDMY6RH8ZCYCM9NV,phase2_early,1,1
01KJN6MMPQTMDYRN709DP5DSDA,page9-46,01KJN79PCAAMFX7P2QF70Y3HJM,01KJN7AAWT4GWKRZ7B9775509P,A,B,0,0.5,01KJN79PCAAMFX7P2QF70Y3HJM_01KJN7AAWT4GWKRZ7B9775509P,phase2_early,1,3
01KJN6MMPQTMDYRN709DP5DSDA,page9-46,01KJN79PCAAMFX7P2QF70Y3HJM,01KJN7931DXZ65NXTWK1GNEZMW,A,C,0,0.0,01KJN7931DXZ65NXTWK1GNEZMW_01KJN79PCAAMFX7P2QF70Y3HJM,phase2_early,1,2
01KJN6MMPQTMDYRN709DP5DSDA,page9-46,01KJN79PCAAMFX7P2QF70Y3HJM,01KJN7B32C1C5254NSG6ZK1GRK,A,A,1,1.0,01KJN79PCAAMFX7P2QF70Y3HJM_01KJN7B32C1C5254NSG6ZK1GRK,phase2_early,1,1
01KJN6MMPQTMDYRN709DP5DSDA,page9-46,01KJN79PCAAMFX7P2QF70Y3HJM,01KJN7BYA5X3A2G30KZECRY2HY,A,B,0,0.5,01KJN79PCAAMFX7P2QF70Y3HJM_01KJN7BYA5X3A2G30KZECRY2HY,phase2_early,1,3
01KJN6MMPQTMDYRN709DP5DSDA,page9-46,01KJN79ZQD1E4YD03FE5CGJY8K,01KJN7B4V2673GK7HGVSG52R2P,C,B,0,0.0,01KJN79ZQD1E4YD03FE5CGJY8K_01KJN7B4V2673GK7HGVSG52R2P,phase2_early,4,3
01KJN6MMPQTMDYRN709DP5DSDA,page9-46,01KJN79ZQD1E4YD03FE5CGJY8K,01KJN77XQHYQ5TVVY4HZM02E7R,C,C,1,0.25,01KJN77XQHYQ5TVVY4HZM02E7R_01KJN79ZQD1E4YD03FE5CGJY8K,phase2_early,4,1
01KJN6MMPQTMDYRN709DP5DSDA,page9-46,01KJN79ZQD1E4YD03FE5CGJY8K,01KJN79ZRTRDMY6RH8ZCYCM9NV,C,A,0,0.0,01KJN79ZQD1E4YD03FE5CGJY8K_01KJN79ZRTRDMY6RH8ZCYCM9NV,phase2_early,4,1
01KJN6MMPQTMDYRN709DP5DSDA,page9-46,01KJN79ZQD1E4YD03FE5CGJY8K,01KJN7AAWT4GWKRZ7B9775509P,C,B,0,0.0,01KJN79ZQD1E4YD03FE5CGJY8K_01KJN7AAWT4GWKRZ7B9775509P,phase2_early,4,3
01KJN6MMPQTMDYRN709DP5DSDA,page9-46,01KJN79ZQD1E4YD03FE5CGJY8K,01KJN7931DXZ65NXTWK1GNEZMW,C,C,1,0.0,01KJN7931DXZ65NXTWK1GNEZMW_01KJN79ZQD1E4YD03FE5CGJY8K,phase2_early,4,2
01KJN6MMPQTMDYRN709DP5DSDA,page9-46,01KJN79ZQD1E4YD03FE5CGJY8K,01KJN7B32C1C5254NSG6ZK1GRK,C,A,0,0.0,01KJN79ZQD1E4YD03FE5CGJY8K_01KJN7B32C1C5254NSG6ZK1GRK,phase2_early,4,1
01KJN6MMPQTMDYRN709DP5DSDA,page9-46,01KJN79ZQD1E4YD03FE5CGJY8K,01KJN7BYA5X3A2G30KZECRY2HY,C,B,0,0.0,01KJN79ZQD1E4YD03FE5CGJY8K_01KJN7BYA5X3A2G30KZECRY2HY,phase2_early,4,3
01KJN6MMPQTMDYRN709DP5DSDA,page9-46,01KJN7B4V2673GK7HGVSG52R2P,01KJN77XQHYQ5TVVY4HZM02E7R,B,C,0,0.0,01KJN77XQHYQ5TVVY4HZM02E7R_01KJN7B4V2673GK7HGVSG52R2P,phase2_early,3,1
01KJN6MMPQTMDYRN709DP5DSDA,page9-46,01KJN7B4V2673GK7HGVSG52R2P,01KJN79ZRTRDMY6RH8ZCYCM9NV,B,A,0,0.5,01KJN79ZRTRDMY6RH8ZCYCM9NV_01KJN7B4V2673GK7HGVSG52R2P,phase2_early,3,1
01KJN6MMPQTMDYRN709DP5DSDA,page9-46,01KJN7B4V2673GK7HGVSG52R2P,01KJN7AAWT4GWKRZ7B9775509P,B,B,1,1.0,01KJN7AAWT4GWKRZ7B9775509P_01KJN7B4V2673GK7HGVSG52R2P,phase2_early,3,3
01KJN6MMPQTMDYRN709DP5DSDA,page9-46,01KJN7B4V2673GK7HGVSG52R2P,01KJN7931DXZ65NXTWK1GNEZMW,B,C,0,0.0,01KJN7931DXZ65NXTWK1GNEZMW_01KJN7B4V2673GK7HGVSG52R2P,phase2_early,3,2
01KJN6MMPQTMDYRN709DP5DSDA,page9-46,01KJN7B4V2673GK7HGVSG52R2P,01KJN7B32C1C5254NSG6ZK1GRK,B,A,0,0.5,01KJN7B32C1C5254NSG6ZK1GRK_01KJN7B4V2673GK7HGVSG52R2P,phase2_early,3,1
01KJN6MMPQTMDYRN709DP5DSDA,page9-46,01KJN7B4V2673GK7HGVSG52R2P,01KJN7BYA5X3A2G30KZECRY2HY,B,B,1,1.0,01KJN7B4V2673GK7HGVSG52R2P_01KJN7BYA5X3A2G30KZECRY2HY,phase2_early,3,3
01KJN6MMPQTMDYRN709DP5DSDA,page9-46,01KJN77XQHYQ5TVVY4HZM02E7R,01KJN79ZRTRDMY6RH8ZCYCM9NV,C,A,0,0.0,01KJN77XQHYQ5TVVY4HZM02E7R_01KJN79ZRTRDMY6RH8ZCYCM9NV,phase2_early,1,1
01KJN6MMPQTMDYRN709DP5DSDA,page9-46,01KJN77XQHYQ5TVVY4HZM02E7R,01KJN7AAWT4GWKRZ7B9775509P,C,B,0,0.0,01KJN77XQHYQ5TVVY4HZM02E7R_01KJN7AAWT4GWKRZ7B9775509P,phase2_early,1,3
01KJN6MMPQTMDYRN709DP5DSDA,page9-46,01KJN77XQHYQ5TVVY4HZM02E7R,01KJN7931DXZ65NXTWK1GNEZMW,C,C,1,0.0,01KJN77XQHYQ5TVVY4HZM02E7R_01KJN7931DXZ65NXTWK1GNEZMW,phase2_early,1,2
01KJN6MMPQTMDYRN709DP5DSDA,page9-46,01KJN77XQHYQ5TVVY4HZM02E7R,01KJN7B32C1C5254NSG6ZK1GRK,C,A,0,0.0,01KJN77XQHYQ5TVVY4HZM02E7R_01KJN7B32C1C5254NSG6ZK1GRK,phase2_early,1,1
01KJN6MMPQTMDYRN709DP5DSDA,page9-46,01KJN77XQHYQ5TVVY4HZM02E7R,01KJN7BYA5X3A2G30KZECRY2HY,C,B,0,0.0,01KJN77XQHYQ5TVVY4HZM02E7R_01KJN7BYA5X3A2G30KZECRY2HY,phase2_early,1,3
01KJN6MMPQTMDYRN709DP5DSDA,page9-46,01KJN79ZRTRDMY6RH8ZCYCM9NV,01KJN7AAWT4GWKRZ7B9775509P,A,B,0,0.5,01KJN79ZRTRDMY6RH8ZCYCM9NV_01KJN7AAWT4GWKRZ7B9775509P,phase2_early,1,3
01KJN6MMPQTMDYRN709DP5DSDA,page9-46,01KJN79ZRTRDMY6RH8ZCYCM9NV,01KJN7931DXZ65NXTWK1GNEZMW,A,C,0,0.0,01KJN7931DXZ65NXTWK1GNEZMW_01KJN79ZRTRDMY6RH8ZCYCM9NV,phase2_early,1,2
01KJN6MMPQTMDYRN709DP5DSDA,page9-46,01KJN79ZRTRDMY6RH8ZCYCM9NV,01KJN7B32C1C5254NSG6ZK1GRK,A,A,1,1.0,01KJN79ZRTRDMY6RH8ZCYCM9NV_01KJN7B32C1C5254NSG6ZK1GRK,phase2_early,1,1
01KJN6MMPQTMDYRN709DP5DSDA,page9-46,01KJN79ZRTRDMY6RH8ZCYCM9NV,01KJN7BYA5X3A2G30KZECRY2HY,A,B,0,0.5,01KJN79ZRTRDMY6RH8ZCYCM9NV_01KJN7BYA5X3A2G30KZECRY2HY,phase2_early,1,3
01KJN6MMPQTMDYRN709DP5DSDA,page9-46,01KJN7AAWT4GWKRZ7B9775509P,01KJN7931DXZ65NXTWK1GNEZMW,B,C,0,0.0,01KJN7931DXZ65NXTWK1GNEZMW_01KJN7AAWT4GWKRZ7B9775509P,phase2_early,3,2
01KJN6MMPQTMDYRN709DP5DSDA,page9-46,01KJN7AAWT4GWKRZ7B9775509P,01KJN7B32C1C5254NSG6ZK1GRK,B,A,0,0.5,01KJN7AAWT4GWKRZ7B9775509P_01KJN7B32C1C5254NSG6ZK1GRK,phase2_early,3,1
01KJN6MMPQTMDYRN709DP5DSDA,page9-46,01KJN7AAWT4GWKRZ7B9775509P,01KJN7BYA5X3A2G30KZECRY2HY,B,B,1,1.0,01KJN7AAWT4GWKRZ7B9775509P_01KJN7BYA5X3A2G30KZECRY2HY,phase2_early,3,3
01KJN6MMPQTMDYRN709DP5DSDA,page9-46,01KJN7931DXZ65NXTWK1GNEZMW,01KJN7B32C1C5254NSG6ZK1GRK,C,A,0,0.0,01KJN7931DXZ65NXTWK1GNEZMW_01KJN7B32C1C5254NSG6ZK1GRK,phase2_early,2,1
01KJN6MMPQTMDYRN709DP5DSDA,page9-46,01KJN7931DXZ65NXTWK1GNEZMW,01KJN7BYA5X3A2G30KZECRY2HY,C,B,0,0.0,01KJN7931DXZ65NXTWK1GNEZMW_01KJN7BYA5X3A2G30KZECRY2HY,phase2_early,2,3
01KJN6MMPQTMDYRN709DP5DSDA,page9-46,01KJN7B32C1C5254NSG6ZK1GRK,01KJN7BYA5X3A2G30KZECRY2HY,A,B,0,0.5,01KJN7B32C1C5254NSG6ZK1GRK_01KJN7BYA5X3A2G30KZECRY2HY,phase2_early,1,3
01KJN6MMQ03KZPZN0275VZXK6R,page-B,01KJN79B14FBSYSKKCG2BYVBB6,01KJN79J529BWBWTESKB6D9MB7,A,C,0,0.0,01KJN79B14FBSYSKKCG2BYVBB6_01KJN79J529BWBWTESKB6D9MB7,phase2_early,14,6
01KJN6MMQ03KZPZN0275VZXK6R,page-B,01KJN79B14FBSYSKKCG2BYVBB6,01KJN7C40WEQBDF48ACG18M0EV,A,B,0,0.1,01KJN79B14FBSYSKKCG2BYVBB6_01KJN7C40WEQBDF48ACG18M0EV,phase2_early,14,8
01KJN6MMQ03KZPZN0275VZXK6R,page-B,01KJN79B14FBSYSKKCG2BYVBB6,01KJN7863BFF3ZYZGVVSATZTH7,A,C,0,0.0,01KJN7863BFF3ZYZGVVSATZTH7_01KJN79B14FBSYSKKCG2BYVBB6,phase2_early,14,6
01KJN6MMQ03KZPZN0275VZXK6R,page-B,01KJN79B14FBSYSKKCG2BYVBB6,01KJN792W85XPK9QGH8A6HSYSJ,A,B,0,0.0,01KJN792W85XPK9QGH8A6HSYSJ_01KJN79B14FBSYSKKCG2BYVBB6,phase2_early,14,3
01KJN6MMQ03KZPZN0275VZXK6R,page-B,01KJN79B14FBSYSKKCG2BYVBB6,01KJN7AAX1VHZ1A7ZB35BNRH8N,A,A,1,0.25,01KJN79B14FBSYSKKCG2BYVBB6_01KJN7AAX1VHZ1A7ZB35BNRH8N,phase2_early,14,7
01KJN6MMQ03KZPZN0275VZXK6R,page-B,01KJN79B14FBSYSKKCG2BYVBB6,01KJN78DQ6KC0F9N1HA0BPB44R,A,C,0,0.0,01KJN78DQ6KC0F9N1HA0BPB44R_01KJN79B14FBSYSKKCG2BYVBB6,phase2_early,14,5
01KJN6MMQ03KZPZN0275VZXK6R,page-B,01KJN79B14FBSYSKKCG2BYVBB6,01KJN7A44GGBE9XR412KV5BFSC,A,B,0,0.1111111111111111,01KJN79B14FBSYSKKCG2BYVBB6_01KJN7A44GGBE9XR412KV5BFSC,phase2_early,14,6
01KJN6MMQ03KZPZN0275VZXK6R,page-B,01KJN79B14FBSYSKKCG2BYVBB6,01KJN7AZC7FAG17CY924MRTCF7,A,A,1,0.25,01KJN79B14FBSYSKKCG2BYVBB6_01KJN7AZC7FAG17CY924MRTCF7,phase2_early,14,8
01KJN6MMQ03KZPZN0275VZXK6R,page-B,01KJN79J529BWBWTESKB6D9MB7,01KJN7C40WEQBDF48ACG18M0EV,C,B,0,0.1111111111111111,01KJN79J529BWBWTESKB6D9MB7_01KJN7C40WEQBDF48ACG18M0EV,phase2_early,6,8
01KJN6MMQ03KZPZN0275VZXK6R,page-B,01KJN79J529BWBWTESKB6D9MB7,01KJN7863BFF3ZYZGVVSATZTH7,C,C,1,0.6,01KJN7863BFF3ZYZGVVSATZTH7_01KJN79J529BWBWTESKB6D9MB7,phase2_early,6,6
01KJN6MMQ03KZPZN0275VZXK6R,page-B,01KJN79J529BWBWTESKB6D9MB7,01KJN792W85XPK9QGH8A6HSYSJ,C,B,0,0.0,01KJN792W85XPK9QGH8A6HSYSJ_01KJN79J529BWBWTESKB6D9MB7,phase2_early,6,3
01KJN6MMQ03KZPZN0275VZXK6R,page-B,01KJN79J529BWBWTESKB6D9MB7,01KJN7AAX1VHZ1A7ZB35BNRH8N,C,A,0,0.125,01KJN79J529BWBWTESKB6D9MB7_01KJN7AAX1VHZ1A7ZB35BNRH8N,phase2_early,6,7
01KJN6MMQ03KZPZN0275VZXK6R,page-B,01KJN79J529BWBWTESKB6D9MB7,01KJN78DQ6KC0F9N1HA0BPB44R,C,C,1,0.6,01KJN78DQ6KC0F9N1HA0BPB44R_01KJN79J529BWBWTESKB6D9MB7,phase2_early,6,5
01KJN6MMQ03KZPZN0275VZXK6R,page-B,01KJN79J529BWBWTESKB6D9MB7,01KJN7A44GGBE9XR412KV5BFSC,C,B,0,0.125,01KJN79J529BWBWTESKB6D9MB7_01KJN7A44GGBE9XR412KV5BFSC,phase2_early,6,6
01KJN6MMQ03KZPZN0275VZXK6R,page-B,01KJN79J529BWBWTESKB6D9MB7,01KJN7AZC7FAG17CY924MRTCF7,C,A,0,0.2857142857142857,01KJN79J529BWBWTESKB6D9MB7_01KJN7AZC7FAG17CY924MRTCF7,phase2_early,6,8
01KJN6MMQ03KZPZN0275VZXK6R,page-B,01KJN7C40WEQBDF48ACG18M0EV,01KJN7863BFF3ZYZGVVSATZTH7,B,C,0,0.1111111111111111,01KJN7863BFF3ZYZGVVSATZTH7_01KJN7C40WEQBDF48ACG18M0EV,phase2_early,8,6
01KJN6MMQ03KZPZN0275VZXK6R,page-B,01KJN7C40WEQBDF48ACG18M0EV,01KJN792W85XPK9QGH8A6HSYSJ,B,B,1,0.125,01KJN792W85XPK9QGH8A6HSYSJ_01KJN7C40WEQBDF48ACG18M0EV,phase2_early,8,3
01KJN6MMQ03KZPZN0275VZXK6R,page-B,01KJN7C40WEQBDF48ACG18M0EV,01KJN7AAX1VHZ1A7ZB35BNRH8N,B,A,0,0.0,01KJN7AAX1VHZ1A7ZB35BNRH8N_01KJN7C40WEQBDF48ACG18M0EV,phase2_early,8,7
01KJN6MMQ03KZPZN0275VZXK6R,page-B,01KJN7C40WEQBDF48ACG18M0EV,01KJN78DQ6KC0F9N1HA0BPB44R,B,C,0,0.1111111111111111,01KJN78DQ6KC0F9N1HA0BPB44R_01KJN7C40WEQBDF48ACG18M0EV,phase2_early,8,5
01KJN6MMQ03KZPZN0275VZXK6R,page-B,01KJN7C40WEQBDF48ACG18M0EV,01KJN7A44GGBE9XR412KV5BFSC,B,B,1,0.5714285714285714,01KJN7A44GGBE9XR412KV5BFSC_01KJN7C40WEQBDF48ACG18M0EV,phase2_early,8,6
01KJN6MMQ03KZPZN0275VZXK6R,page-B,01KJN7C40WEQBDF48ACG18M0EV,01KJN7AZC7FAG17CY924MRTCF7,B,A,0,0.0,01KJN7AZC7FAG17CY924MRTCF7_01KJN7C40WEQBDF48ACG18M0EV,phase2_early,8,8
01KJN6MMQ03KZPZN0275VZXK6R,page-B,01KJN7863BFF3ZYZGVVSATZTH7,01KJN792W85XPK9QGH8A6HSYSJ,C,B,0,0.0,01KJN7863BFF3ZYZGVVSATZTH7_01KJN792W85XPK9QGH8A6HSYSJ,phase2_early,6,3
01KJN6MMQ03KZPZN0275VZXK6R,page-B,01KJN7863BFF3ZYZGVVSATZTH7,01KJN7AAX1VHZ1A7ZB35BNRH8N,C,A,0,0.0,01KJN7863BFF3ZYZGVVSATZTH7_01KJN7AAX1VHZ1A7ZB35BNRH8N,phase2_early,6,7
01KJN6MMQ03KZPZN0275VZXK6R,page-B,01KJN7863BFF3ZYZGVVSATZTH7,01KJN78DQ6KC0F9N1HA0BPB44R,C,C,1,0.6,01KJN7863BFF3ZYZGVVSATZTH7_01KJN78DQ6KC0F9N1HA0BPB44R,phase2_early,6,5
01KJN6MMQ03KZPZN0275VZXK6R,page-B,01KJN7863BFF3ZYZGVVSATZTH7,01KJN7A44GGBE9XR412KV5BFSC,C,B,0,0.125,01KJN7863BFF3ZYZGVVSATZTH7_01KJN7A44GGBE9XR412KV5BFSC,phase2_early,6,6
01KJN6MMQ03KZPZN0275VZXK6R,page-B,01KJN7863BFF3ZYZGVVSATZTH7,01KJN7AZC7FAG17CY924MRTCF7,C,A,0,0.125,01KJN7863BFF3ZYZGVVSATZTH7_01KJN7AZC7FAG17CY924MRTCF7,phase2_early,6,8
01KJN6MMQ03KZPZN0275VZXK6R,page-B,01KJN792W85XPK9QGH8A6HSYSJ,01KJN7AAX1VHZ1A7ZB35BNRH8N,B,A,0,0.0,01KJN792W85XPK9QGH8A6HSYSJ_01KJN7AAX1VHZ1A7ZB35BNRH8N,phase2_early,3,7
01KJN6MMQ03KZPZN0275VZXK6R,page-B,01KJN792W85XPK9QGH8A6HSYSJ,01KJN78DQ6KC0F9N1HA0BPB44R,B,C,0,0.0,01KJN78DQ6KC0F9N1HA0BPB44R_01KJN792W85XPK9QGH8A6HSYSJ,phase2_early,3,5
01KJN6MMQ03KZPZN0275VZXK6R,page-B,01KJN792W85XPK9QGH8A6HSYSJ,01KJN7A44GGBE9XR412KV5BFSC,B,B,1,0.0,01KJN792W85XPK9QGH8A6HSYSJ_01KJN7A44GGBE9XR412KV5BFSC,phase2_early,3,6
01KJN6MMQ03KZPZN0275VZXK6R,page-B,01KJN792W85XPK9QGH8A6HSYSJ,01KJN7AZC7FAG17CY924MRTCF7,B,A,0,0.0,01KJN792W85XPK9QGH8A6HSYSJ_01KJN7AZC7FAG17CY924MRTCF7,phase2_early,3,8
01KJN6MMQ03KZPZN0275VZXK6R,page-B,01KJN7AAX1VHZ1A7ZB35BNRH8N,01KJN78DQ6KC0F9N1HA0BPB44R,A,C,0,0.0,01KJN78DQ6KC0F9N1HA0BPB44R_01KJN7AAX1VHZ1A7ZB35BNRH8N,phase2_early,7,5
01KJN6MMQ03KZPZN0275VZXK6R,page-B,01KJN7AAX1VHZ1A7ZB35BNRH8N,01KJN7A44GGBE9XR412KV5BFSC,A,B,0,0.0,01KJN7A44GGBE9XR412KV5BFSC_01KJN7AAX1VHZ1A7ZB35BNRH8N,phase2_early,7,6
01KJN6MMQ03KZPZN0275VZXK6R,page-B,01KJN7AAX1VHZ1A7ZB35BNRH8N,01KJN7AZC7FAG17CY924MRTCF7,A,A,1,0.6666666666666666,01KJN7AAX1VHZ1A7ZB35BNRH8N_01KJN7AZC7FAG17CY924MRTCF7,phase2_early,7,8
01KJN6MMQ03KZPZN0275VZXK6R,page-B,01KJN78DQ6KC0F9N1HA0BPB44R,01KJN7A44GGBE9XR412KV5BFSC,C,B,0,0.125,01KJN78DQ6KC0F9N1HA0BPB44R_01KJN7A44GGBE9XR412KV5BFSC,phase2_early,5,6
01KJN6MMQ03KZPZN0275VZXK6R,page-B,01KJN78DQ6KC0F9N1HA0BPB44R,01KJN7AZC7FAG17CY924MRTCF7,C,A,0,0.125,01KJN78DQ6KC0F9N1HA0BPB44R_01KJN7AZC7FAG17CY924MRTCF7,phase2_early,5,8
01KJN6MMQ03KZPZN0275VZXK6R,page-B,01KJN7A44GGBE9XR412KV5BFSC,01KJN7AZC7FAG17CY924MRTCF7,B,A,0,0.0,01KJN7A44GGBE9XR412KV5BFSC_01KJN7AZC7FAG17CY924MRTCF7,phase2_early,6,8
01KJN6MMQ03KZPZN0275VZXK6R,page3-35,01KJN79B14FBSYSKKCG2BYVBB6,01KJN79J529BWBWTESKB6D9MB7,A,C,0,0.2222222222222222,01KJN79B14FBSYSKKCG2BYVBB6_01KJN79J529BWBWTESKB6D9MB7,phase2_early,12,6
01KJN6MMQ03KZPZN0275VZXK6R,page3-35,01KJN79B14FBSYSKKCG2BYVBB6,01KJN7C40WEQBDF48ACG18M0EV,A,B,0,0.0,01KJN79B14FBSYSKKCG2BYVBB6_01KJN7C40WEQBDF48ACG18M0EV,phase2_early,12,4
01KJN6MMQ03KZPZN0275VZXK6R,page3-35,01KJN79B14FBSYSKKCG2BYVBB6,01KJN7863BFF3ZYZGVVSATZTH7,A,C,0,0.0,01KJN7863BFF3ZYZGVVSATZTH7_01KJN79B14FBSYSKKCG2BYVBB6,phase2_early,12,6
01KJN6MMQ03KZPZN0275VZXK6R,page3-35,01KJN79B14FBSYSKKCG2BYVBB6,01KJN792W85XPK9QGH8A6HSYSJ,A,B,0,0.0,01KJN792W85XPK9QGH8A6HSYSJ_01KJN79B14FBSYSKKCG2BYVBB6,phase2_early,12,2
01KJN6MMQ03KZPZN0275VZXK6R,page3-35,01KJN79B14FBSYSKKCG2BYVBB6,01KJN7AAX1VHZ1A7ZB35BNRH8N,A,A,1,0.5555555555555556,01KJN79B14FBSYSKKCG2BYVBB6_01KJN7AAX1VHZ1A7ZB35BNRH8N,phase2_early,12,11
01KJN6MMQ03KZPZN0275VZXK6R,page3-35,01KJN79B14FBSYSKKCG2BYVBB6,01KJN78DQ6KC0F9N1HA0BPB44R,A,C,0,0.0,01KJN78DQ6KC0F9N1HA0BPB44R_01KJN79B14FBSYSKKCG2BYVBB6,phase2_early,12,4
01KJN6MMQ03KZPZN0275VZXK6R,page3-35,01KJN79B14FBSYSKKCG2BYVBB6,01KJN7A44GGBE9XR412KV5BFSC,A,B,0,0.0,01KJN79B14FBSYSKKCG2BYVBB6_01KJN7A44GGBE9XR412KV5BFSC,phase2_early,12,4
01KJN6MMQ03KZPZN0275VZXK6R,page3-35,01KJN79B14FBSYSKKCG2BYVBB6,01KJN7AZC7FAG17CY924MRTCF7,A,A,1,0.3333333333333333,01KJN79B14FBSYSKKCG2BYVBB6_01KJN7AZC7FAG17CY924MRTCF7,phase2_early,12,7
01KJN6MMQ03KZPZN0275VZXK6R,page3-35,01KJN79J529BWBWTESKB6D9MB7,01KJN7C40WEQBDF48ACG18M0EV,C,B,0,0.0,01KJN79J529BWBWTESKB6D9MB7_01KJN7C40WEQBDF48ACG18M0EV,phase2_early,6,4
01KJN6MMQ03KZPZN0275VZXK6R,page3-35,01KJN79J529BWBWTESKB6D9MB7,01KJN7863BFF3ZYZGVVSATZTH7,C,C,1,0.4,01KJN7863BFF3ZYZGVVSATZTH7_01KJN79J529BWBWTESKB6D9MB7,phase2_early,6,6
01KJN6MMQ03KZPZN0275VZXK6R,page3-35,01KJN79J529BWBWTESKB6D9MB7,01KJN792W85XPK9QGH8A6HSYSJ,C,B,0,0.0,01KJN792W85XPK9QGH8A6HSYSJ_01KJN79J529BWBWTESKB6D9MB7,phase2_early,6,2
01KJN6MMQ03KZPZN0275VZXK6R,page3-35,01KJN79J529BWBWTESKB6D9MB7,01KJN7AAX1VHZ1A7ZB35BNRH8N,C,A,0,0.2222222222222222,01KJN79J529BWBWTESKB6D9MB7_01KJN7AAX1VHZ1A7ZB35BNRH8N,phase2_early,6,11
01KJN6MMQ03KZPZN0275VZXK6R,page3-35,01KJN79J529BWBWTESKB6D9MB7,01KJN78DQ6KC0F9N1HA0BPB44R,C,C,1,0.0,01KJN78DQ6KC0F9N1HA0BPB44R_01KJN79J529BWBWTESKB6D9MB7,phase2_early,6,4
01KJN6MMQ03KZPZN0275VZXK6R,page3-35,01KJN79J529BWBWTESKB6D9MB7,01KJN7A44GGBE9XR412KV5BFSC,C,B,0,0.0,01KJN79J529BWBWTESKB6D9MB7_01KJN7A44GGBE9XR412KV5BFSC,phase2_early,6,4
01KJN6MMQ03KZPZN0275VZXK6R,page3-35,01KJN79J529BWBWTESKB6D9MB7,01KJN7AZC7FAG17CY924MRTCF7,C,A,0,0.125,01KJN79J529BWBWTESKB6D9MB7_01KJN7AZC7FAG17CY924MRTCF7,phase2_early,6,7
01KJN6MMQ03KZPZN0275VZXK6R,page3-35,01KJN7C40WEQBDF48ACG18M0EV,01KJN7863BFF3ZYZGVVSATZTH7,B,C,0,0.0,01KJN7863BFF3ZYZGVVSATZTH7_01KJN7C40WEQBDF48ACG18M0EV,phase2_early,4,6
01KJN6MMQ03KZPZN0275VZXK6R,page3-35,01KJN7C40WEQBDF48ACG18M0EV,01KJN792W85XPK9QGH8A6HSYSJ,B,B,1,0.6666666666666666,01KJN792W85XPK9QGH8A6HSYSJ_01KJN7C40WEQBDF48ACG18M0EV,phase2_early,4,2
01KJN6MMQ03KZPZN0275VZXK6R,page3-35,01KJN7C40WEQBDF48ACG18M0EV,01KJN7AAX1VHZ1A7ZB35BNRH8N,B,A,0,0.0,01KJN7AAX1VHZ1A7ZB35BNRH8N_01KJN7C40WEQBDF48ACG18M0EV,phase2_early,4,11
01KJN6MMQ03KZPZN0275VZXK6R,page3-35,01KJN7C40WEQBDF48ACG18M0EV,01KJN78DQ6KC0F9N1HA0BPB44R,B,C,0,0.0,01KJN78DQ6KC0F9N1HA0BPB44R_01KJN7C40WEQBDF48ACG18M0EV,phase2_early,4,4
01KJN6MMQ03KZPZN0275VZXK6R,page3-35,01KJN7C40WEQBDF48ACG18M0EV,01KJN7A44GGBE9XR412KV5BFSC,B,B,1,0.0,01KJN7A44GGBE9XR412KV5BFSC_01KJN7C40WEQBDF48ACG18M0EV,phase2_early,4,4
01KJN6MMQ03KZPZN0275VZXK6R,page3-35,01KJN7C40WEQBDF48ACG18M0EV,01KJN7AZC7FAG17CY924MRTCF7,B,A,0,0.0,01KJN7AZC7FAG17CY924MRTCF7_01KJN7C40WEQBDF48ACG18M0EV,phase2_early,4,7
01KJN6MMQ03KZPZN0275VZXK6R,page3-35,01KJN7863BFF3ZYZGVVSATZTH7,01KJN792W85XPK9QGH8A6HSYSJ,C,B,0,0.0,01KJN7863BFF3ZYZGVVSATZTH7_01KJN792W85XPK9QGH8A6HSYSJ,phase2_early,6,2
01KJN6MMQ03KZPZN0275VZXK6R,page3-35,01KJN7863BFF3ZYZGVVSATZTH7,01KJN7AAX1VHZ1A7ZB35BNRH8N,C,A,0,0.0,01KJN7863BFF3ZYZGVVSATZTH7_01KJN7AAX1VHZ1A7ZB35BNRH8N,phase2_early,6,11
01KJN6MMQ03KZPZN0275VZXK6R,page3-35,01KJN7863BFF3ZYZGVVSATZTH7,01KJN78DQ6KC0F9N1HA0BPB44R,C,C,1,0.0,01KJN7863BFF3ZYZGVVSATZTH7_01KJN78DQ6KC0F9N1HA0BPB44R,phase2_early,6,4
01KJN6MMQ03KZPZN0275VZXK6R,page3-35,01KJN7863BFF3ZYZGVVSATZTH7,01KJN7A44GGBE9XR412KV5BFSC,C,B,0,0.0,01KJN7863BFF3ZYZGVVSATZTH7_01KJN7A44GGBE9XR412KV5BFSC,phase2_early,6,4
01KJN6MMQ03KZPZN0275VZXK6R,page3-35,01KJN7863BFF3ZYZGVVSATZTH7,01KJN7AZC7FAG17CY924MRTCF7,C,A,0,0.0,01KJN7863BFF3ZYZGVVSATZTH7_01KJN7AZC7FAG17CY924MRTCF7,phase2_early,6,7
01KJN6MMQ03KZPZN0275VZXK6R,page3-35,01KJN792W85XPK9QGH8A6HSYSJ,01KJN7AAX1VHZ1A7ZB35BNRH8N,B,A,0,0.0,01KJN792W85XPK9QGH8A6HSYSJ_01KJN7AAX1VHZ1A7ZB35BNRH8N,phase2_early,2,11
01KJN6MMQ03KZPZN0275VZXK6R,page3-35,01KJN792W85XPK9QGH8A6HSYSJ,01KJN78DQ6KC0F9N1HA0BPB44R,B,C,0,0.0,01KJN78DQ6KC0F9N1HA0BPB44R_01KJN792W85XPK9QGH8A6HSYSJ,phase2_early,2,4
01KJN6MMQ03KZPZN0275VZXK6R,page3-35,01KJN792W85XPK9QGH8A6HSYSJ,01KJN7A44GGBE9XR412KV5BFSC,B,B,1,0.0,01KJN792W85XPK9QGH8A6HSYSJ_01KJN7A44GGBE9XR412KV5BFSC,phase2_early,2,4
01KJN6MMQ03KZPZN0275VZXK6R,page3-35,01KJN792W85XPK9QGH8A6HSYSJ,01KJN7AZC7FAG17CY924MRTCF7,B,A,0,0.0,01KJN792W85XPK9QGH8A6HSYSJ_01KJN7AZC7FAG17CY924MRTCF7,phase2_early,2,7
01KJN6MMQ03KZPZN0275VZXK6R,page3-35,01KJN7AAX1VHZ1A7ZB35BNRH8N,01KJN78DQ6KC0F9N1HA0BPB44R,A,C,0,0.0,01KJN78DQ6KC0F9N1HA0BPB44R_01KJN7AAX1VHZ1A7ZB35BNRH8N,phase2_early,11,4
01KJN6MMQ03KZPZN0275VZXK6R,page3-35,01KJN7AAX1VHZ1A7ZB35BNRH8N,01KJN7A44GGBE9XR412KV5BFSC,A,B,0,0.0,01KJN7A44GGBE9XR412KV5BFSC_01KJN7AAX1VHZ1A7ZB35BNRH8N,phase2_early,11,4
01KJN6MMQ03KZPZN0275VZXK6R,page3-35,01KJN7AAX1VHZ1A7ZB35BNRH8N,01KJN7AZC7FAG17CY924MRTCF7,A,A,1,0.2,01KJN7AAX1VHZ1A7ZB35BNRH8N_01KJN7AZC7FAG17CY924MRTCF7,phase2_early,11,7
01KJN6MMQ03KZPZN0275VZXK6R,page3-35,01KJN78DQ6KC0F9N1HA0BPB44R,01KJN7A44GGBE9XR412KV5BFSC,C,B,0,0.0,01KJN78DQ6KC0F9N1HA0BPB44R_01KJN7A44GGBE9XR412KV5BFSC,phase2_early,4,4
01KJN6MMQ03KZPZN0275VZXK6R,page3-35,01KJN78DQ6KC0F9N1HA0BPB44R,01KJN7AZC7FAG17CY924MRTCF7,C,A,0,0.16666666666666666,01KJN78DQ6KC0F9N1HA0BPB44R_01KJN7AZC7FAG17CY924MRTCF7,phase2_early,4,7
01KJN6MMQ03KZPZN0275VZXK6R,page3-35,01KJN7A44GGBE9XR412KV5BFSC,01KJN7AZC7FAG17CY924MRTCF7,B,A,0,0.0,01KJN7A44GGBE9XR412KV5BFSC_01KJN7AZC7FAG17CY924MRTCF7,phase2_early,4,7
01KJN6MMQ03KZPZN0275VZXK6R,page5-28,01KJN79B14FBSYSKKCG2BYVBB6,01KJN79J529BWBWTESKB6D9MB7,A,C,0,0.25,01KJN79B14FBSYSKKCG2BYVBB6_01KJN79J529BWBWTESKB6D9MB7,phase2_early,5,9
01KJN6MMQ03KZPZN0275VZXK6R,page5-28,01KJN79B14FBSYSKKCG2BYVBB6,01KJN7C40WEQBDF48ACG18M0EV,A,B,0,0.4,01KJN79B14FBSYSKKCG2BYVBB6_01KJN7C40WEQBDF48ACG18M0EV,phase2_early,5,7
01KJN6MMQ03KZPZN0275VZXK6R,page5-28,01KJN79B14FBSYSKKCG2BYVBB6,01KJN7863BFF3ZYZGVVSATZTH7,A,C,0,0.16666666666666666,01KJN7863BFF3ZYZGVVSATZTH7_01KJN79B14FBSYSKKCG2BYVBB6,phase2_early,5,6
01KJN6MMQ03KZPZN0275VZXK6R,page5-28,01KJN79B14FBSYSKKCG2BYVBB6,01KJN792W85XPK9QGH8A6HSYSJ,A,B,0,0.0,01KJN792W85XPK9QGH8A6HSYSJ_01KJN79B14FBSYSKKCG2BYVBB6,phase2_early,5,3
01KJN6MMQ03KZPZN0275VZXK6R,page5-28,01KJN79B14FBSYSKKCG2BYVBB6,01KJN7AAX1VHZ1A7ZB35BNRH8N,A,A,1,0.5,01KJN79B14FBSYSKKCG2BYVBB6_01KJN7AAX1VHZ1A7ZB35BNRH8N,phase2_early,5,6
01KJN6MMQ03KZPZN0275VZXK6R,page5-28,01KJN79B14FBSYSKKCG2BYVBB6,01KJN78DQ6KC0F9N1HA0BPB44R,A,C,0,0.3333333333333333,01KJN78DQ6KC0F9N1HA0BPB44R_01KJN79B14FBSYSKKCG2BYVBB6,phase2_early,5,5
01KJN6MMQ03KZPZN0275VZXK6R,page5-28,01KJN79B14FBSYSKKCG2BYVBB6,01KJN7A44GGBE9XR412KV5BFSC,A,B,0,0.14285714285714285,01KJN79B14FBSYSKKCG2BYVBB6_01KJN7A44GGBE9XR412KV5BFSC,phase2_early,5,6
01KJN6MMQ03KZPZN0275VZXK6R,page5-28,01KJN79B14FBSYSKKCG2BYVBB6,01KJN7AZC7FAG17CY924MRTCF7,A,A,1,0.6666666666666666,01KJN79B14FBSYSKKCG2BYVBB6_01KJN7AZC7FAG17CY924MRTCF7,phase2_early,5,3
01KJN6MMQ03KZPZN0275VZXK6R,page5-28,01KJN79J529BWBWTESKB6D9MB7,01KJN7C40WEQBDF48ACG18M0EV,C,B,0,0.375,01KJN79J529BWBWTESKB6D9MB7_01KJN7C40WEQBDF48ACG18M0EV,phase2_early,9,7
01KJN6MMQ03KZPZN0275VZXK6R,page5-28,01KJN79J529BWBWTESKB6D9MB7,01KJN7863BFF3ZYZGVVSATZTH7,C,C,1,0.2222222222222222,01KJN7863BFF3ZYZGVVSATZTH7_01KJN79J529BWBWTESKB6D9MB7,phase2_early,9,6
01KJN6MMQ03KZPZN0275VZXK6R,page5-28,01KJN79J529BWBWTESKB6D9MB7,01KJN792W85XPK9QGH8A6HSYSJ,C,B,0,0.1111111111111111,01KJN792W85XPK9QGH8A6HSYSJ_01KJN79J529BWBWTESKB6D9MB7,phase2_early,9,3
01KJN6MMQ03KZPZN0275VZXK6R,page5-28,01KJN79J529BWBWTESKB6D9MB7,01KJN7AAX1VHZ1A7ZB35BNRH8N,C,A,0,0.25,01KJN79J529BWBWTESKB6D9MB7_01KJN7AAX1VHZ1A7ZB35BNRH8N,phase2_early,9,6
01KJN6MMQ03KZPZN0275VZXK6R,page5-28,01KJN79J529BWBWTESKB6D9MB7,01KJN78DQ6KC0F9N1HA0BPB44R,C,C,1,0.5,01KJN78DQ6KC0F9N1HA0BPB44R_01KJN79J529BWBWTESKB6D9MB7,phase2_early,9,5
01KJN6MMQ03KZPZN0275VZXK6R,page5-28,01KJN79J529BWBWTESKB6D9MB7,01KJN7A44GGBE9XR412KV5BFSC,C,B,0,0.2,01KJN79J529BWBWTESKB6D9MB7_01KJN7A44GGBE9XR412KV5BFSC,phase2_early,9,6
01KJN6MMQ03KZPZN0275VZXK6R,page5-28,01KJN79J529BWBWTESKB6D9MB7,01KJN7AZC7FAG17CY924MRTCF7,C,A,0,0.2857142857142857,01KJN79J529BWBWTESKB6D9MB7_01KJN7AZC7FAG17CY924MRTCF7,phase2_early,9,3
01KJN6MMQ03KZPZN0275VZXK6R,page5-28,01KJN7C40WEQBDF48ACG18M0EV,01KJN7863BFF3ZYZGVVSATZTH7,B,C,0,0.3333333333333333,01KJN7863BFF3ZYZGVVSATZTH7_01KJN7C40WEQBDF48ACG18M0EV,phase2_early,7,6
01KJN6MMQ03KZPZN0275VZXK6R,page5-28,01KJN7C40WEQBDF48ACG18M0EV,01KJN792W85XPK9QGH8A6HSYSJ,B,B,1,0.0,01KJN792W85XPK9QGH8A6HSYSJ_01KJN7C40WEQBDF48ACG18M0EV,phase2_early,7,3
01KJN6MMQ03KZPZN0275VZXK6R,page5-28,01KJN7C40WEQBDF48ACG18M0EV,01KJN7AAX1VHZ1A7ZB35BNRH8N,B,A,0,0.4,01KJN7AAX1VHZ1A7ZB35BNRH8N_01KJN7C40WEQBDF48ACG18M0EV,phase2_early,7,6
01KJN6MMQ03KZPZN0275VZXK6R,page5-28,01KJN7C40WEQBDF48ACG18M0EV,01KJN78DQ6KC0F9N1HA0BPB44R,B,C,0,0.5,01KJN78DQ6KC0F9N1HA0BPB44R_01KJN7C40WEQBDF48ACG18M0EV,phase2_early,7,5
01KJN6MMQ03KZPZN0275VZXK6R,page5-28,01KJN7C40WEQBDF48ACG18M0EV,01KJN7A44GGBE9XR412KV5BFSC,B,B,1,0.125,01KJN7A44GGBE9XR412KV5BFSC_01KJN7C40WEQBDF48ACG18M0EV,phase2_early,7,6
01KJN6MMQ03KZPZN0275VZXK6R,page5-28,01KJN7C40WEQBDF48ACG18M0EV,01KJN7AZC7FAG17CY924MRTCF7,B,A,0,0.5,01KJN7AZC7FAG17CY924MRTCF7_01KJN7C40WEQBDF48ACG18M0EV,phase2_early,7,3
01KJN6MMQ03KZPZN0275VZXK6R,page5-28,01KJN7863BFF3ZYZGVVSATZTH7,01KJN792W85XPK9QGH8A6HSYSJ,C,B,0,0.0,01KJN7863BFF3ZYZGVVSATZTH7_01KJN792W85XPK9QGH8A6HSYSJ,phase2_early,6,3
01KJN6MMQ03KZPZN0275VZXK6R,page5-28,01KJN7863BFF3ZYZGVVSATZTH7,01KJN7AAX1VHZ1A7ZB35BNRH8N,C,A,0,0.16666666666666666,01KJN7863BFF3ZYZGVVSATZTH7_01KJN7AAX1VHZ1A7ZB35BNRH8N,phase2_early,6,6
01KJN6MMQ03KZPZN0275VZXK6R,page5-28,01KJN7863BFF3ZYZGVVSATZTH7,01KJN78DQ6KC0F9N1HA0BPB44R,C,C,1,0.5,01KJN7863BFF3ZYZGVVSATZTH7_01KJN78DQ6KC0F9N1HA0BPB44R,phase2_early,6,5
01KJN6MMQ03KZPZN0275VZXK6R,page5-28,01KJN7863BFF3ZYZGVVSATZTH7,01KJN7A44GGBE9XR412KV5BFSC,C,B,0,0.125,01KJN7863BFF3ZYZGVVSATZTH7_01KJN7A44GGBE9XR412KV5BFSC,phase2_early,6,6
01KJN6MMQ03KZPZN0275VZXK6R,page5-28,01KJN7863BFF3ZYZGVVSATZTH7,01KJN7AZC7FAG17CY924MRTCF7,C,A,0,0.2,01KJN7863BFF3ZYZGVVSATZTH7_01KJN7AZC7FAG17CY924MRTCF7,phase2_early,6,3
01KJN6MMQ03KZPZN0275VZXK6R,page5-28,01KJN792W85XPK9QGH8A6HSYSJ,01KJN7AAX1VHZ1A7ZB35BNRH8N,B,A,0,0.0,01KJN792W85XPK9QGH8A6HSYSJ_01KJN7AAX1VHZ1A7ZB35BNRH8N,phase2_early,3,6
01KJN6MMQ03KZPZN0275VZXK6R,page5-28,01KJN792W85XPK9QGH8A6HSYSJ,01KJN78DQ6KC0F9N1HA0BPB44R,B,C,0,0.14285714285714285,01KJN78DQ6KC0F9N1HA0BPB44R_01KJN792W85XPK9QGH8A6HSYSJ,phase2_early,3,5
01KJN6MMQ03KZPZN0275VZXK6R,page5-28,01KJN792W85XPK9QGH8A6HSYSJ,01KJN7A44GGBE9XR412KV5BFSC,B,B,1,0.14285714285714285,01KJN792W85XPK9QGH8A6HSYSJ_01KJN7A44GGBE9XR412KV5BFSC,phase2_early,3,6
01KJN6MMQ03KZPZN0275VZXK6R,page5-28,01KJN792W85XPK9QGH8A6HSYSJ,01KJN7AZC7FAG17CY924MRTCF7,B,A,0,0.0,01KJN792W85XPK9QGH8A6HSYSJ_01KJN7AZC7FAG17CY924MRTCF7,phase2_early,3,3
01KJN6MMQ03KZPZN0275VZXK6R,page5-28,01KJN7AAX1VHZ1A7ZB35BNRH8N,01KJN78DQ6KC0F9N1HA0BPB44R,A,C,0,0.3333333333333333,01KJN78DQ6KC0F9N1HA0BPB44R_01KJN7AAX1VHZ1A7ZB35BNRH8N,phase2_early,6,5
01KJN6MMQ03KZPZN0275VZXK6R,page5-28,01KJN7AAX1VHZ1A7ZB35BNRH8N,01KJN7A44GGBE9XR412KV5BFSC,A,B,0,0.14285714285714285,01KJN7A44GGBE9XR412KV5BFSC_01KJN7AAX1VHZ1A7ZB35BNRH8N,phase2_early,6,6
01KJN6MMQ03KZPZN0275VZXK6R,page5-28,01KJN7AAX1VHZ1A7ZB35BNRH8N,01KJN7AZC7FAG17CY924MRTCF7,A,A,1,0.6666666666666666,01KJN7AAX1VHZ1A7ZB35BNRH8N_01KJN7AZC7FAG17CY924MRTCF7,phase2_early,6,3
01KJN6MMQ03KZPZN0275VZXK6R,page5-28,01KJN78DQ6KC0F9N1HA0BPB44R,01KJN7A44GGBE9XR412KV5BFSC,C,B,0,0.25,01KJN78DQ6KC0F9N1HA0BPB44R_01KJN7A44GGBE9XR412KV5BFSC,phase2_early,5,6
01KJN6MMQ03KZPZN0275VZXK6R,page5-28,01KJN78DQ6KC0F9N1HA0BPB44R,01KJN7AZC7FAG17CY924MRTCF7,C,A,0,0.4,01KJN78DQ6KC0F9N1HA0BPB44R_01KJN7AZC7FAG17CY924MRTCF7,phase2_early,5,3
01KJN6MMQ03KZPZN0275VZXK6R,page5-28,01KJN7A44GGBE9XR412KV5BFSC,01KJN7AZC7FAG17CY924MRTCF7,B,A,0,0.16666666666666666,01KJN7A44GGBE9XR412KV5BFSC_01KJN7AZC7FAG17CY924MRTCF7,phase2_early,6,3
01KJN6MMQ03KZPZN0275VZXK6R,page7-107,01KJN79B14FBSYSKKCG2BYVBB6,01KJN79J529BWBWTESKB6D9MB7,A,C,0,0.2857142857142857,01KJN79B14FBSYSKKCG2BYVBB6_01KJN79J529BWBWTESKB6D9MB7,phase2_early,9,9
01KJN6MMQ03KZPZN0275VZXK6R,page7-107,01KJN79B14FBSYSKKCG2BYVBB6,01KJN7C40WEQBDF48ACG18M0EV,A,B,0,0.4,01KJN79B14FBSYSKKCG2BYVBB6_01KJN7C40WEQBDF48ACG18M0EV,phase2_early,9,4
01KJN6MMQ03KZPZN0275VZXK6R,page7-107,01KJN79B14FBSYSKKCG2BYVBB6,01KJN7863BFF3ZYZGVVSATZTH7,A,C,0,0.0,01KJN7863BFF3ZYZGVVSATZTH7_01KJN79B14FBSYSKKCG2BYVBB6,phase2_early,9,7
01KJN6MMQ03KZPZN0275VZXK6R,page7-107,01KJN79B14FBSYSKKCG2BYVBB6,01KJN7AAX1VHZ1A7ZB35BNRH8N,A,A,1,0.14285714285714285,01KJN79B14FBSYSKKCG2BYVBB6_01KJN7AAX1VHZ1A7ZB35BNRH8N,phase2_early,9,4
01KJN6MMQ03KZPZN0275VZXK6R,page7-107,01KJN79B14FBSYSKKCG2BYVBB6,01KJN78DQ6KC0F9N1HA0BPB44R,A,C,0,0.125,01KJN78DQ6KC0F9N1HA0BPB44R_01KJN79B14FBSYSKKCG2BYVBB6,phase2_early,9,7
01KJN6MMQ03KZPZN0275VZXK6R,page7-107,01KJN79B14FBSYSKKCG2BYVBB6,01KJN7A44GGBE9XR412KV5BFSC,A,B,0,0.2,01KJN79B14FBSYSKKCG2BYVBB6_01KJN7A44GGBE9XR412KV5BFSC,phase2_early,9,2
01KJN6MMQ03KZPZN0275VZXK6R,page7-107,01KJN79B14FBSYSKKCG2BYVBB6,01KJN7AZC7FAG17CY924MRTCF7,A,A,1,0.75,01KJN79B14FBSYSKKCG2BYVBB6_01KJN7AZC7FAG17CY924MRTCF7,phase2_early,9,4
01KJN6MMQ03KZPZN0275VZXK6R,page7-107,01KJN79J529BWBWTESKB6D9MB7,01KJN7C40WEQBDF48ACG18M0EV,C,B,0,0.14285714285714285,01KJN79J529BWBWTESKB6D9MB7_01KJN7C40WEQBDF48ACG18M0EV,phase2_early,9,4
01KJN6MMQ03KZPZN0275VZXK6R,page7-107,01KJN79J529BWBWTESKB6D9MB7,01KJN7863BFF3ZYZGVVSATZTH7,C,C,1,0.3333333333333333,01KJN7863BFF3ZYZGVVSATZTH7_01KJN79J529BWBWTESKB6D9MB7,phase2_early,9,7
01KJN6MMQ03KZPZN0275VZXK6R,page7-107,01KJN79J529BWBWTESKB6D9MB7,01KJN7AAX1VHZ1A7ZB35BNRH8N,C,A,0,0.0,01KJN79J529BWBWTESKB6D9MB7_01KJN7AAX1VHZ1A7ZB35BNRH8N,phase2_early,9,4
01KJN6MMQ03KZPZN0275VZXK6R,page7-107,01KJN79J529BWBWTESKB6D9MB7,01KJN78DQ6KC0F9N1HA0BPB44R,C,C,1,0.42857142857142855,01KJN78DQ6KC0F9N1HA0BPB44R_01KJN79J529BWBWTESKB6D9MB7,phase2_early,9,7
01KJN6MMQ03KZPZN0275VZXK6R,page7-107,01KJN79J529BWBWTESKB6D9MB7,01KJN7A44GGBE9XR412KV5BFSC,C,B,0,0.0,01KJN79J529BWBWTESKB6D9MB7_01KJN7A44GGBE9XR412KV5BFSC,phase2_early,9,2
01KJN6MMQ03KZPZN0275VZXK6R,page7-107,01KJN79J529BWBWTESKB6D9MB7,01KJN7AZC7FAG17CY924MRTCF7,C,A,0,0.14285714285714285,01KJN79J529BWBWTESKB6D9MB7_01KJN7AZC7FAG17CY924MRTCF7,phase2_early,9,4
01KJN6MMQ03KZPZN0275VZXK6R,page7-107,01KJN7C40WEQBDF48ACG18M0EV,01KJN7863BFF3ZYZGVVSATZTH7,B,C,0,0.0,01KJN7863BFF3ZYZGVVSATZTH7_01KJN7C40WEQBDF48ACG18M0EV,phase2_early,4,7
01KJN6MMQ03KZPZN0275VZXK6R,page7-107,01KJN7C40WEQBDF48ACG18M0EV,01KJN7AAX1VHZ1A7ZB35BNRH8N,B,A,0,0.0,01KJN7AAX1VHZ1A7ZB35BNRH8N_01KJN7C40WEQBDF48ACG18M0EV,phase2_early,4,4
01KJN6MMQ03KZPZN0275VZXK6R,page7-107,01KJN7C40WEQBDF48ACG18M0EV,01KJN78DQ6KC0F9N1HA0BPB44R,B,C,0,0.0,01KJN78DQ6KC0F9N1HA0BPB44R_01KJN7C40WEQBDF48ACG18M0EV,phase2_early,4,7
01KJN6MMQ03KZPZN0275VZXK6R,page7-107,01KJN7C40WEQBDF48ACG18M0EV,01KJN7A44GGBE9XR412KV5BFSC,B,B,1,0.6666666666666666,01KJN7A44GGBE9XR412KV5BFSC_01KJN7C40WEQBDF48ACG18M0EV,phase2_early,4,2
01KJN6MMQ03KZPZN0275VZXK6R,page7-107,01KJN7C40WEQBDF48ACG18M0EV,01KJN7AZC7FAG17CY924MRTCF7,B,A,0,0.5,01KJN7AZC7FAG17CY924MRTCF7_01KJN7C40WEQBDF48ACG18M0EV,phase2_early,4,4
01KJN6MMQ03KZPZN0275VZXK6R,page7-107,01KJN7863BFF3ZYZGVVSATZTH7,01KJN7AAX1VHZ1A7ZB35BNRH8N,C,A,0,0.0,01KJN7863BFF3ZYZGVVSATZTH7_01KJN7AAX1VHZ1A7ZB35BNRH8N,phase2_early,7,4
01KJN6MMQ03KZPZN0275VZXK6R,page7-107,01KJN7863BFF3ZYZGVVSATZTH7,01KJN78DQ6KC0F9N1HA0BPB44R,C,C,1,0.3333333333333333,01KJN7863BFF3ZYZGVVSATZTH7_01KJN78DQ6KC0F9N1HA0BPB44R,phase2_early,7,7
01KJN6MMQ03KZPZN0275VZXK6R,page7-107,01KJN7863BFF3ZYZGVVSATZTH7,01KJN7A44GGBE9XR412KV5BFSC,C,B,0,0.0,01KJN7863BFF3ZYZGVVSATZTH7_01KJN7A44GGBE9XR412KV5BFSC,phase2_early,7,2
01KJN6MMQ03KZPZN0275VZXK6R,page7-107,01KJN7863BFF3ZYZGVVSATZTH7,01KJN7AZC7FAG17CY924MRTCF7,C,A,0,0.0,01KJN7863BFF3ZYZGVVSATZTH7_01KJN7AZC7FAG17CY924MRTCF7,phase2_early,7,4
01KJN6MMQ03KZPZN0275VZXK6R,page7-107,01KJN7AAX1VHZ1A7ZB35BNRH8N,01KJN78DQ6KC0F9N1HA0BPB44R,A,C,0,0.0,01KJN78DQ6KC0F9N1HA0BPB44R_01KJN7AAX1VHZ1A7ZB35BNRH8N,phase2_early,4,7
01KJN6MMQ03KZPZN0275VZXK6R,page7-107,01KJN7AAX1VHZ1A7ZB35BNRH8N,01KJN7A44GGBE9XR412KV5BFSC,A,B,0,0.0,01KJN7A44GGBE9XR412KV5BFSC_01KJN7AAX1VHZ1A7ZB35BNRH8N,phase2_early,4,2
01KJN6MMQ03KZPZN0275VZXK6R,page7-107,01KJN7AAX1VHZ1A7ZB35BNRH8N,01KJN7AZC7FAG17CY924MRTCF7,A,A,1,0.16666666666666666,01KJN7AAX1VHZ1A7ZB35BNRH8N_01KJN7AZC7FAG17CY924MRTCF7,phase2_early,4,4
01KJN6MMQ03KZPZN0275VZXK6R,page7-107,01KJN78DQ6KC0F9N1HA0BPB44R,01KJN7A44GGBE9XR412KV5BFSC,C,B,0,0.0,01KJN78DQ6KC0F9N1HA0BPB44R_01KJN7A44GGBE9XR412KV5BFSC,phase2_early,7,2
01KJN6MMQ03KZPZN0275VZXK6R,page7-107,01KJN78DQ6KC0F9N1HA0BPB44R,01KJN7AZC7FAG17CY924MRTCF7,C,A,0,0.0,01KJN78DQ6KC0F9N1HA0BPB44R_01KJN7AZC7FAG17CY924MRTCF7,phase2_early,7,4
01KJN6MMQ03KZPZN0275VZXK6R,page7-107,01KJN7A44GGBE9XR412KV5BFSC,01KJN7AZC7FAG17CY924MRTCF7,B,A,0,0.25,01KJN7A44GGBE9XR412KV5BFSC_01KJN7AZC7FAG17CY924MRTCF7,phase2_early,2,4
01KJN6MMQ03KZPZN0275VZXK6R,page7-255,01KJN79B14FBSYSKKCG2BYVBB6,01KJN79J529BWBWTESKB6D9MB7,A,C,0,0.0,01KJN79B14FBSYSKKCG2BYVBB6_01KJN79J529BWBWTESKB6D9MB7,phase2_early,5,5
01KJN6MMQ03KZPZN0275VZXK6R,page7-255,01KJN79B14FBSYSKKCG2BYVBB6,01KJN7C40WEQBDF48ACG18M0EV,A,B,0,0.0,01KJN79B14FBSYSKKCG2BYVBB6_01KJN7C40WEQBDF48ACG18M0EV,phase2_early,5,5
01KJN6MMQ03KZPZN0275VZXK6R,page7-255,01KJN79B14FBSYSKKCG2BYVBB6,01KJN7863BFF3ZYZGVVSATZTH7,A,C,0,0.0,01KJN7863BFF3ZYZGVVSATZTH7_01KJN79B14FBSYSKKCG2BYVBB6,phase2_early,5,3
01KJN6MMQ03KZPZN0275VZXK6R,page7-255,01KJN79B14FBSYSKKCG2BYVBB6,01KJN792W85XPK9QGH8A6HSYSJ,A,B,0,0.0,01KJN792W85XPK9QGH8A6HSYSJ_01KJN79B14FBSYSKKCG2BYVBB6,phase2_early,5,2
01KJN6MMQ03KZPZN0275VZXK6R,page7-255,01KJN79B14FBSYSKKCG2BYVBB6,01KJN7AAX1VHZ1A7ZB35BNRH8N,A,A,1,0.14285714285714285,01KJN79B14FBSYSKKCG2BYVBB6_01KJN7AAX1VHZ1A7ZB35BNRH8N,phase2_early,5,8
01KJN6MMQ03KZPZN0275VZXK6R,page7-255,01KJN79B14FBSYSKKCG2BYVBB6,01KJN78DQ6KC0F9N1HA0BPB44R,A,C,0,0.0,01KJN78DQ6KC0F9N1HA0BPB44R_01KJN79B14FBSYSKKCG2BYVBB6,phase2_early,5,4
01KJN6MMQ03KZPZN0275VZXK6R,page7-255,01KJN79B14FBSYSKKCG2BYVBB6,01KJN7A44GGBE9XR412KV5BFSC,A,B,0,0.0,01KJN79B14FBSYSKKCG2BYVBB6_01KJN7A44GGBE9XR412KV5BFSC,phase2_early,5,4
01KJN6MMQ03KZPZN0275VZXK6R,page7-255,01KJN79B14FBSYSKKCG2BYVBB6,01KJN7AZC7FAG17CY924MRTCF7,A,A,1,0.3333333333333333,01KJN79B14FBSYSKKCG2BYVBB6_01KJN7AZC7FAG17CY924MRTCF7,phase2_early,5,1
01KJN6MMQ03KZPZN0275VZXK6R,page7-255,01KJN79J529BWBWTESKB6D9MB7,01KJN7C40WEQBDF48ACG18M0EV,C,B,0,0.0,01KJN79J529BWBWTESKB6D9MB7_01KJN7C40WEQBDF48ACG18M0EV,phase2_early,5,5
01KJN6MMQ03KZPZN0275VZXK6R,page7-255,01KJN79J529BWBWTESKB6D9MB7,01KJN7863BFF3ZYZGVVSATZTH7,C,C,1,0.5,01KJN7863BFF3ZYZGVVSATZTH7_01KJN79J529BWBWTESKB6D9MB7,phase2_early,5,3
01KJN6MMQ03KZPZN0275VZXK6R,page7-255,01KJN79J529BWBWTESKB6D9MB7,01KJN792W85XPK9QGH8A6HSYSJ,C,B,0,0.0,01KJN792W85XPK9QGH8A6HSYSJ_01KJN79J529BWBWTESKB6D9MB7,phase2_early,5,2
01KJN6MMQ03KZPZN0275VZXK6R,page7-255,01KJN79J529BWBWTESKB6D9MB7,01KJN7AAX1VHZ1A7ZB35BNRH8N,C,A,0,0.2857142857142857,01KJN79J529BWBWTESKB6D9MB7_01KJN7AAX1VHZ1A7ZB35BNRH8N,phase2_early,5,8
01KJN6MMQ03KZPZN0275VZXK6R,page7-255,01KJN79J529BWBWTESKB6D9MB7,01KJN78DQ6KC0F9N1HA0BPB44R,C,C,1,1.0,01KJN78DQ6KC0F9N1HA0BPB44R_01KJN79J529BWBWTESKB6D9MB7,phase2_early,5,4
01KJN6MMQ03KZPZN0275VZXK6R,page7-255,01KJN79J529BWBWTESKB6D9MB7,01KJN7A44GGBE9XR412KV5BFSC,C,B,0,0.0,01KJN79J529BWBWTESKB6D9MB7_01KJN7A44GGBE9XR412KV5BFSC,phase2_early,5,4
01KJN6MMQ03KZPZN0275VZXK6R,page7-255,01KJN79J529BWBWTESKB6D9MB7,01KJN7AZC7FAG17CY924MRTCF7,C,A,0,0.0,01KJN79J529BWBWTESKB6D9MB7_01KJN7AZC7FAG17CY924MRTCF7,phase2_early,5,1
01KJN6MMQ03KZPZN0275VZXK6R,page7-255,01KJN7C40WEQBDF48ACG18M0EV,01KJN7863BFF3ZYZGVVSATZTH7,B,C,0,0.0,01KJN7863BFF3ZYZGVVSATZTH7_01KJN7C40WEQBDF48ACG18M0EV,phase2_early,5,3
01KJN6MMQ03KZPZN0275VZXK6R,page7-255,01KJN7C40WEQBDF48ACG18M0EV,01KJN792W85XPK9QGH8A6HSYSJ,B,B,1,0.0,01KJN792W85XPK9QGH8A6HSYSJ_01KJN7C40WEQBDF48ACG18M0EV,phase2_early,5,2
01KJN6MMQ03KZPZN0275VZXK6R,page7-255,01KJN7C40WEQBDF48ACG18M0EV,01KJN7AAX1VHZ1A7ZB35BNRH8N,B,A,0,0.0,01KJN7AAX1VHZ1A7ZB35BNRH8N_01KJN7C40WEQBDF48ACG18M0EV,phase2_early,5,8
01KJN6MMQ03KZPZN0275VZXK6R,page7-255,01KJN7C40WEQBDF48ACG18M0EV,01KJN78DQ6KC0F9N1HA0BPB44R,B,C,0,0.0,01KJN78DQ6KC0F9N1HA0BPB44R_01KJN7C40WEQBDF48ACG18M0EV,phase2_early,5,4
01KJN6MMQ03KZPZN0275VZXK6R,page7-255,01KJN7C40WEQBDF48ACG18M0EV,01KJN7A44GGBE9XR412KV5BFSC,B,B,1,1.0,01KJN7A44GGBE9XR412KV5BFSC_01KJN7C40WEQBDF48ACG18M0EV,phase2_early,5,4
01KJN6MMQ03KZPZN0275VZXK6R,page7-255,01KJN7C40WEQBDF48ACG18M0EV,01KJN7AZC7FAG17CY924MRTCF7,B,A,0,0.0,01KJN7AZC7FAG17CY924MRTCF7_01KJN7C40WEQBDF48ACG18M0EV,phase2_early,5,1
01KJN6MMQ03KZPZN0275VZXK6R,page7-255,01KJN7863BFF3ZYZGVVSATZTH7,01KJN792W85XPK9QGH8A6HSYSJ,C,B,0,0.0,01KJN7863BFF3ZYZGVVSATZTH7_01KJN792W85XPK9QGH8A6HSYSJ,phase2_early,3,2
01KJN6MMQ03KZPZN0275VZXK6R,page7-255,01KJN7863BFF3ZYZGVVSATZTH7,01KJN7AAX1VHZ1A7ZB35BNRH8N,C,A,0,0.4,01KJN7863BFF3ZYZGVVSATZTH7_01KJN7AAX1VHZ1A7ZB35BNRH8N,phase2_early,3,8
01KJN6MMQ03KZPZN0275VZXK6R,page7-255,01KJN7863BFF3ZYZGVVSATZTH7,01KJN78DQ6KC0F9N1HA0BPB44R,C,C,1,0.5,01KJN7863BFF3ZYZGVVSATZTH7_01KJN78DQ6KC0F9N1HA0BPB44R,phase2_early,3,4
01KJN6MMQ03KZPZN0275VZXK6R,page7-255,01KJN7863BFF3ZYZGVVSATZTH7,01KJN7A44GGBE9XR412KV5BFSC,C,B,0,0.0,01KJN7863BFF3ZYZGVVSATZTH7_01KJN7A44GGBE9XR412KV5BFSC,phase2_early,3,4
01KJN6MMQ03KZPZN0275VZXK6R,page7-255,01KJN7863BFF3ZYZGVVSATZTH7,01KJN7AZC7FAG17CY924MRTCF7,C,A,0,0.0,01KJN7863BFF3ZYZGVVSATZTH7_01KJN7AZC7FAG17CY924MRTCF7,phase2_early,3,1
01KJN6MMQ03KZPZN0275VZXK6R,page7-255,01KJN792W85XPK9QGH8A6HSYSJ,01KJN7AAX1VHZ1A7ZB35BNRH8N,B,A,0,0.0,01KJN792W85XPK9QGH8A6HSYSJ_01KJN7AAX1VHZ1A7ZB35BNRH8N,phase2_early,2,8
01KJN6MMQ03KZPZN0275VZXK6R,page7-255,01KJN792W85XPK9QGH8A6HSYSJ,01KJN78DQ6KC0F9N1HA0BPB44R,B,C,0,0.0,01KJN78DQ6KC0F9N1HA0BPB44R_01KJN792W85XPK9QGH8A6HSYSJ,phase2_early,2,4
01KJN6MMQ03KZPZN0275VZXK6R,page7-255,01KJN792W85XPK9QGH8A6HSYSJ,01KJN7A44GGBE9XR412KV5BFSC,B,B,1,0.0,01KJN792W85XPK9QGH8A6HSYSJ_01KJN7A44GGBE9XR412KV5BFSC,phase2_early,2,4
01KJN6MMQ03KZPZN0275VZXK6R,page7-255,01KJN792W85XPK9QGH8A6HSYSJ,01KJN7AZC7FAG17CY924MRTCF7,B,A,0,0.0,01KJN792W85XPK9QGH8A6HSYSJ_01KJN7AZC7FAG17CY924MRTCF7,phase2_early,2,1
01KJN6MMQ03KZPZN0275VZXK6R,page7-255,01KJN7AAX1VHZ1A7ZB35BNRH8N,01KJN78DQ6KC0F9N1HA0BPB44R,A,C,0,0.2857142857142857,01KJN78DQ6KC0F9N1HA0BPB44R_01KJN7AAX1VHZ1A7ZB35BNRH8N,phase2_early,8,4
01KJN6MMQ03KZPZN0275VZXK6R,page7-255,01KJN7AAX1VHZ1A7ZB35BNRH8N,01KJN7A44GGBE9XR412KV5BFSC,A,B,0,0.0,01KJN7A44GGBE9XR412KV5BFSC_01KJN7AAX1VHZ1A7ZB35BNRH8N,phase2_early,8,4
01KJN6MMQ03KZPZN0275VZXK6R,page7-255,01KJN7AAX1VHZ1A7ZB35BNRH8N,01KJN7AZC7FAG17CY924MRTCF7,A,A,1,0.2,01KJN7AAX1VHZ1A7ZB35BNRH8N_01KJN7AZC7FAG17CY924MRTCF7,phase2_early,8,1
01KJN6MMQ03KZPZN0275VZXK6R,page7-255,01KJN78DQ6KC0F9N1HA0BPB44R,01KJN7A44GGBE9XR412KV5BFSC,C,B,0,0.0,01KJN78DQ6KC0F9N1HA0BPB44R_01KJN7A44GGBE9XR412KV5BFSC,phase2_early,4,4
01KJN6MMQ03KZPZN0275VZXK6R,page7-255,01KJN78DQ6KC0F9N1HA0BPB44R,01KJN7AZC7FAG17CY924MRTCF7,C,A,0,0.0,01KJN78DQ6KC0F9N1HA0BPB44R_01KJN7AZC7FAG17CY924MRTCF7,phase2_early,4,1
01KJN6MMQ03KZPZN0275VZXK6R,page7-255,01KJN7A44GGBE9XR412KV5BFSC,01KJN7AZC7FAG17CY924MRTCF7,B,A,0,0.0,01KJN7A44GGBE9XR412KV5BFSC_01KJN7AZC7FAG17CY924MRTCF7,phase2_early,4,1
01KJN6MMQ03KZPZN0275VZXK6R,page9-46,01KJN79B14FBSYSKKCG2BYVBB6,01KJN79J529BWBWTESKB6D9MB7,A,C,0,0.0,01KJN79B14FBSYSKKCG2BYVBB6_01KJN79J529BWBWTESKB6D9MB7,phase2_early,17,2
01KJN6MMQ03KZPZN0275VZXK6R,page9-46,01KJN79B14FBSYSKKCG2BYVBB6,01KJN7C40WEQBDF48ACG18M0EV,A,B,0,0.09090909090909091,01KJN79B14FBSYSKKCG2BYVBB6_01KJN7C40WEQBDF48ACG18M0EV,phase2_early,17,4
01KJN6MMQ03KZPZN0275VZXK6R,page9-46,01KJN79B14FBSYSKKCG2BYVBB6,01KJN7863BFF3ZYZGVVSATZTH7,A,C,0,0.0,01KJN7863BFF3ZYZGVVSATZTH7_01KJN79B14FBSYSKKCG2BYVBB6,phase2_early,17,3
01KJN6MMQ03KZPZN0275VZXK6R,page9-46,01KJN79B14FBSYSKKCG2BYVBB6,01KJN792W85XPK9QGH8A6HSYSJ,A,B,0,0.0,01KJN792W85XPK9QGH8A6HSYSJ_01KJN79B14FBSYSKKCG2BYVBB6,phase2_early,17,3
01KJN6MMQ03KZPZN0275VZXK6R,page9-46,01KJN79B14FBSYSKKCG2BYVBB6,01KJN7AAX1VHZ1A7ZB35BNRH8N,A,A,1,0.07142857142857142,01KJN79B14FBSYSKKCG2BYVBB6_01KJN7AAX1VHZ1A7ZB35BNRH8N,phase2_early,17,10
01KJN6MMQ03KZPZN0275VZXK6R,page9-46,01KJN79B14FBSYSKKCG2BYVBB6,01KJN78DQ6KC0F9N1HA0BPB44R,A,C,0,0.0,01KJN78DQ6KC0F9N1HA0BPB44R_01KJN79B14FBSYSKKCG2BYVBB6,phase2_early,17,4
01KJN6MMQ03KZPZN0275VZXK6R,page9-46,01KJN79B14FBSYSKKCG2BYVBB6,01KJN7A44GGBE9XR412KV5BFSC,A,B,0,0.0,01KJN79B14FBSYSKKCG2BYVBB6_01KJN7A44GGBE9XR412KV5BFSC,phase2_early,17,4
01KJN6MMQ03KZPZN0275VZXK6R,page9-46,01KJN79B14FBSYSKKCG2BYVBB6,01KJN7AZC7FAG17CY924MRTCF7,A,A,1,0.3,01KJN79B14FBSYSKKCG2BYVBB6_01KJN7AZC7FAG17CY924MRTCF7,phase2_early,17,5
01KJN6MMQ03KZPZN0275VZXK6R,page9-46,01KJN79J529BWBWTESKB6D9MB7,01KJN7C40WEQBDF48ACG18M0EV,C,B,0,0.0,01KJN79J529BWBWTESKB6D9MB7_01KJN7C40WEQBDF48ACG18M0EV,phase2_early,2,4
01KJN6MMQ03KZPZN0275VZXK6R,page9-46,01KJN79J529BWBWTESKB6D9MB7,01KJN7863BFF3ZYZGVVSATZTH7,C,C,1,0.0,01KJN7863BFF3ZYZGVVSATZTH7_01KJN79J529BWBWTESKB6D9MB7,phase2_early,2,3
01KJN6MMQ03KZPZN0275VZXK6R,page9-46,01KJN79J529BWBWTESKB6D9MB7,01KJN792W85XPK9QGH8A6HSYSJ,C,B,0,0.0,01KJN792W85XPK9QGH8A6HSYSJ_01KJN79J529BWBWTESKB6D9MB7,phase2_early,2,3
01KJN6MMQ03KZPZN0275VZXK6R,page9-46,01KJN79J529BWBWTESKB6D9MB7,01KJN7AAX1VHZ1A7ZB35BNRH8N,C,A,0,0.0,01KJN79J529BWBWTESKB6D9MB7_01KJN7AAX1VHZ1A7ZB35BNRH8N,phase2_early,2,10
01KJN6MMQ03KZPZN0275VZXK6R,page9-46,01KJN79J529BWBWTESKB6D9MB7,01KJN78DQ6KC0F9N1HA0BPB44R,C,C,1,0.0,01KJN78DQ6KC0F9N1HA0BPB44R_01KJN79J529BWBWTESKB6D9MB7,phase2_early,2,4
01KJN6MMQ03KZPZN0275VZXK6R,page9-46,01KJN79J529BWBWTESKB6D9MB7,01KJN7A44GGBE9XR412KV5BFSC,C,B,0,0.0,01KJN79J529BWBWTESKB6D9MB7_01KJN7A44GGBE9XR412KV5BFSC,phase2_early,2,4
01KJN6MMQ03KZPZN0275VZXK6R,page9-46,01KJN79J529BWBWTESKB6D9MB7,01KJN7AZC7FAG17CY924MRTCF7,C,A,0,0.0,01KJN79J529BWBWTESKB6D9MB7_01KJN7AZC7FAG17CY924MRTCF7,phase2_early,2,5
01KJN6MMQ03KZPZN0275VZXK6R,page9-46,01KJN7C40WEQBDF48ACG18M0EV,01KJN7863BFF3ZYZGVVSATZTH7,B,C,0,0.0,01KJN7863BFF3ZYZGVVSATZTH7_01KJN7C40WEQBDF48ACG18M0EV,phase2_early,4,3
01KJN6MMQ03KZPZN0275VZXK6R,page9-46,01KJN7C40WEQBDF48ACG18M0EV,01KJN792W85XPK9QGH8A6HSYSJ,B,B,1,0.25,01KJN792W85XPK9QGH8A6HSYSJ_01KJN7C40WEQBDF48ACG18M0EV,phase2_early,4,3
01KJN6MMQ03KZPZN0275VZXK6R,page9-46,01KJN7C40WEQBDF48ACG18M0EV,01KJN7AAX1VHZ1A7ZB35BNRH8N,B,A,0,0.2857142857142857,01KJN7AAX1VHZ1A7ZB35BNRH8N_01KJN7C40WEQBDF48ACG18M0EV,phase2_early,4,10
01KJN6MMQ03KZPZN0275VZXK6R,page9-46,01KJN7C40WEQBDF48ACG18M0EV,01KJN78DQ6KC0F9N1HA0BPB44R,B,C,0,0.0,01KJN78DQ6KC0F9N1HA0BPB44R_01KJN7C40WEQBDF48ACG18M0EV,phase2_early,4,4
01KJN6MMQ03KZPZN0275VZXK6R,page9-46,01KJN7C40WEQBDF48ACG18M0EV,01KJN7A44GGBE9XR412KV5BFSC,B,B,1,0.2,01KJN7A44GGBE9XR412KV5BFSC_01KJN7C40WEQBDF48ACG18M0EV,phase2_early,4,4
01KJN6MMQ03KZPZN0275VZXK6R,page9-46,01KJN7C40WEQBDF48ACG18M0EV,01KJN7AZC7FAG17CY924MRTCF7,B,A,0,0.16666666666666666,01KJN7AZC7FAG17CY924MRTCF7_01KJN7C40WEQBDF48ACG18M0EV,phase2_early,4,5
01KJN6MMQ03KZPZN0275VZXK6R,page9-46,01KJN7863BFF3ZYZGVVSATZTH7,01KJN792W85XPK9QGH8A6HSYSJ,C,B,0,0.0,01KJN7863BFF3ZYZGVVSATZTH7_01KJN792W85XPK9QGH8A6HSYSJ,phase2_early,3,3
01KJN6MMQ03KZPZN0275VZXK6R,page9-46,01KJN7863BFF3ZYZGVVSATZTH7,01KJN7AAX1VHZ1A7ZB35BNRH8N,C,A,0,0.0,01KJN7863BFF3ZYZGVVSATZTH7_01KJN7AAX1VHZ1A7ZB35BNRH8N,phase2_early,3,10
01KJN6MMQ03KZPZN0275VZXK6R,page9-46,01KJN7863BFF3ZYZGVVSATZTH7,01KJN78DQ6KC0F9N1HA0BPB44R,C,C,1,0.3333333333333333,01KJN7863BFF3ZYZGVVSATZTH7_01KJN78DQ6KC0F9N1HA0BPB44R,phase2_early,3,4
01KJN6MMQ03KZPZN0275VZXK6R,page9-46,01KJN7863BFF3ZYZGVVSATZTH7,01KJN7A44GGBE9XR412KV5BFSC,C,B,0,0.0,01KJN7863BFF3ZYZGVVSATZTH7_01KJN7A44GGBE9XR412KV5BFSC,phase2_early,3,4
01KJN6MMQ03KZPZN0275VZXK6R,page9-46,01KJN7863BFF3ZYZGVVSATZTH7,01KJN7AZC7FAG17CY924MRTCF7,C,A,0,0.0,01KJN7863BFF3ZYZGVVSATZTH7_01KJN7AZC7FAG17CY924MRTCF7,phase2_early,3,5
01KJN6MMQ03KZPZN0275VZXK6R,page9-46,01KJN792W85XPK9QGH8A6HSYSJ,01KJN7AAX1VHZ1A7ZB35BNRH8N,B,A,0,0.14285714285714285,01KJN792W85XPK9QGH8A6HSYSJ_01KJN7AAX1VHZ1A7ZB35BNRH8N,phase2_early,3,10
01KJN6MMQ03KZPZN0275VZXK6R,page9-46,01KJN792W85XPK9QGH8A6HSYSJ,01KJN78DQ6KC0F9N1HA0BPB44R,B,C,0,0.0,01KJN78DQ6KC0F9N1HA0BPB44R_01KJN792W85XPK9QGH8A6HSYSJ,phase2_early,3,4
01KJN6MMQ03KZPZN0275VZXK6R,page9-46,01KJN792W85XPK9QGH8A6HSYSJ,01KJN7A44GGBE9XR412KV5BFSC,B,B,1,0.25,01KJN792W85XPK9QGH8A6HSYSJ_01KJN7A44GGBE9XR412KV5BFSC,phase2_early,3,4
01KJN6MMQ03KZPZN0275VZXK6R,page9-46,01KJN792W85XPK9QGH8A6HSYSJ,01KJN7AZC7FAG17CY924MRTCF7,B,A,0,0.0,01KJN792W85XPK9QGH8A6HSYSJ_01KJN7AZC7FAG17CY924MRTCF7,phase2_early,3,5
01KJN6MMQ03KZPZN0275VZXK6R,page9-46,01KJN7AAX1VHZ1A7ZB35BNRH8N,01KJN78DQ6KC0F9N1HA0BPB44R,A,C,0,0.0,01KJN78DQ6KC0F9N1HA0BPB44R_01KJN7AAX1VHZ1A7ZB35BNRH8N,phase2_early,10,4
01KJN6MMQ03KZPZN0275VZXK6R,page9-46,01KJN7AAX1VHZ1A7ZB35BNRH8N,01KJN7A44GGBE9XR412KV5BFSC,A,B,0,0.125,01KJN7A44GGBE9XR412KV5BFSC_01KJN7AAX1VHZ1A7ZB35BNRH8N,phase2_early,10,4
01KJN6MMQ03KZPZN0275VZXK6R,page9-46,01KJN7AAX1VHZ1A7ZB35BNRH8N,01KJN7AZC7FAG17CY924MRTCF7,A,A,1,0.1111111111111111,01KJN7AAX1VHZ1A7ZB35BNRH8N_01KJN7AZC7FAG17CY924MRTCF7,phase2_early,10,5
01KJN6MMQ03KZPZN0275VZXK6R,page9-46,01KJN78DQ6KC0F9N1HA0BPB44R,01KJN7A44GGBE9XR412KV5BFSC,C,B,0,0.0,01KJN78DQ6KC0F9N1HA0BPB44R_01KJN7A44GGBE9XR412KV5BFSC,phase2_early,4,4
01KJN6MMQ03KZPZN0275VZXK6R,page9-46,01KJN78DQ6KC0F9N1HA0BPB44R,01KJN7AZC7FAG17CY924MRTCF7,C,A,0,0.0,01KJN78DQ6KC0F9N1HA0BPB44R_01KJN7AZC7FAG17CY924MRTCF7,phase2_early,4,5
01KJN6MMQ03KZPZN0275VZXK6R,page9-46,01KJN7A44GGBE9XR412KV5BFSC,01KJN7AZC7FAG17CY924MRTCF7,B,A,0,0.0,01KJN7A44GGBE9XR412KV5BFSC_01KJN7AZC7FAG17CY924MRTCF7,phase2_early,4,5
01KJP22PXRH9VYFY7Z1HZVNSMN,page-B,01KJP2Q4FMMNPG4DTS771Y4V70,01KJP2RH1QNE571FNJRJ0ZHM7W,A,B,0,0.25,01KJP2Q4FMMNPG4DTS771Y4V70_01KJP2RH1QNE571FNJRJ0ZHM7W,phase2_early,2,5
01KJP22PXRH9VYFY7Z1HZVNSMN,page-B,01KJP2Q4FMMNPG4DTS771Y4V70,01KJP2SNNP4ZB6K1QMGZX5CC0T,A,C,0,0.0,01KJP2Q4FMMNPG4DTS771Y4V70_01KJP2SNNP4ZB6K1QMGZX5CC0T,phase2_early,2,10
01KJP22PXRH9VYFY7Z1HZVNSMN,page-B,01KJP2Q4FMMNPG4DTS771Y4V70,01KJP2RVD8SK7AN1X5EMGRM458,A,B,0,0.3333333333333333,01KJP2Q4FMMNPG4DTS771Y4V70_01KJP2RVD8SK7AN1X5EMGRM458,phase2_early,2,2
01KJP22PXRH9VYFY7Z1HZVNSMN,page-B,01KJP2Q4FMMNPG4DTS771Y4V70,01KJP2SDQCR0935BS4E06A6D2G,A,C,0,0.0,01KJP2Q4FMMNPG4DTS771Y4V70_01KJP2SDQCR0935BS4E06A6D2G,phase2_early,2,5
01KJP22PXRH9VYFY7Z1HZVNSMN,page-B,01KJP2Q4FMMNPG4DTS771Y4V70,01KJP2SGRYQPGESDGRKTMMAJX4,A,A,1,0.0,01KJP2Q4FMMNPG4DTS771Y4V70_01KJP2SGRYQPGESDGRKTMMAJX4,phase2_early,2,1
01KJP22PXRH9VYFY7Z1HZVNSMN,page-B,01KJP2Q4FMMNPG4DTS771Y4V70,01KJP2Q9Z7MR3VPYE4MH3SC9C8,A,C,0,0.0,01KJP2Q4FMMNPG4DTS771Y4V70_01KJP2Q9Z7MR3VPYE4MH3SC9C8,phase2_early,2,6
01KJP22PXRH9VYFY7Z1HZVNSMN,page-B,01KJP2Q4FMMNPG4DTS771Y4V70,01KJP2RBVR6E36EKC8HYRAV5GF,A,A,1,0.0,01KJP2Q4FMMNPG4DTS771Y4V70_01KJP2RBVR6E36EKC8HYRAV5GF,phase2_early,2,1
01KJP22PXRH9VYFY7Z1HZVNSMN,page-B,01KJP2RH1QNE571FNJRJ0ZHM7W,01KJP2SNNP4ZB6K1QMGZX5CC0T,B,C,0,0.0,01KJP2RH1QNE571FNJRJ0ZHM7W_01KJP2SNNP4ZB6K1QMGZX5CC0T,phase2_early,5,10
01KJP22PXRH9VYFY7Z1HZVNSMN,page-B,01KJP2RH1QNE571FNJRJ0ZHM7W,01KJP2RVD8SK7AN1X5EMGRM458,B,B,1,0.25,01KJP2RH1QNE571FNJRJ0ZHM7W_01KJP2RVD8SK7AN1X5EMGRM458,phase2_early,5,2
01KJP22PXRH9VYFY7Z1HZVNSMN,page-B,01KJP2RH1QNE571FNJRJ0ZHM7W,01KJP2SDQCR0935BS4E06A6D2G,B,C,0,0.0,01KJP2RH1QNE571FNJRJ0ZHM7W_01KJP2SDQCR0935BS4E06A6D2G,phase2_early,5,5
01KJP22PXRH9VYFY7Z1HZVNSMN,page-B,01KJP2RH1QNE571FNJRJ0ZHM7W,01KJP2SGRYQPGESDGRKTMMAJX4,B,A,0,0.0,01KJP2RH1QNE571FNJRJ0ZHM7W_01KJP2SGRYQPGESDGRKTMMAJX4,phase2_early,5,1
01KJP22PXRH9VYFY7Z1HZVNSMN,page-B,01KJP2RH1QNE571FNJRJ0ZHM7W,01KJP2Q9Z7MR3VPYE4MH3SC9C8,B,C,0,0.0,01KJP2Q9Z7MR3VPYE4MH3SC9C8_01KJP2RH1QNE571FNJRJ0ZHM7W,phase2_early,5,6
01KJP22PXRH9VYFY7Z1HZVNSMN,page-B,01KJP2RH1QNE571FNJRJ0ZHM7W,01KJP2RBVR6E36EKC8HYRAV5GF,B,A,0,0.0,01KJP2RBVR6E36EKC8HYRAV5GF_01KJP2RH1QNE571FNJRJ0ZHM7W,phase2_early,5,1
01KJP22PXRH9VYFY7Z1HZVNSMN,page-B,01KJP2SNNP4ZB6K1QMGZX5CC0T,01KJP2RVD8SK7AN1X5EMGRM458,C,B,0,0.0,01KJP2RVD8SK7AN1X5EMGRM458_01KJP2SNNP4ZB6K1QMGZX5CC0T,phase2_early,10,2
01KJP22PXRH9VYFY7Z1HZVNSMN,page-B,01KJP2SNNP4ZB6K1QMGZX5CC0T,01KJP2SDQCR0935BS4E06A6D2G,C,C,1,0.125,01KJP2SDQCR0935BS4E06A6D2G_01KJP2SNNP4ZB6K1QMGZX5CC0T,phase2_early,10,5
01KJP22PXRH9VYFY7Z1HZVNSMN,page-B,01KJP2SNNP4ZB6K1QMGZX5CC0T,01KJP2SGRYQPGESDGRKTMMAJX4,C,A,0,0.0,01KJP2SGRYQPGESDGRKTMMAJX4_01KJP2SNNP4ZB6K1QMGZX5CC0T,phase2_early,10,1
01KJP22PXRH9VYFY7Z1HZVNSMN,page-B,01KJP2SNNP4ZB6K1QMGZX5CC0T,01KJP2Q9Z7MR3VPYE4MH3SC9C8,C,C,1,0.125,01KJP2Q9Z7MR3VPYE4MH3SC9C8_01KJP2SNNP4ZB6K1QMGZX5CC0T,phase2_early,10,6
01KJP22PXRH9VYFY7Z1HZVNSMN,page-B,01KJP2SNNP4ZB6K1QMGZX5CC0T,01KJP2RBVR6E36EKC8HYRAV5GF,C,A,0,0.0,01KJP2RBVR6E36EKC8HYRAV5GF_01KJP2SNNP4ZB6K1QMGZX5CC0T,phase2_early,10,1
01KJP22PXRH9VYFY7Z1HZVNSMN,page-B,01KJP2RVD8SK7AN1X5EMGRM458,01KJP2SDQCR0935BS4E06A6D2G,B,C,0,0.0,01KJP2RVD8SK7AN1X5EMGRM458_01KJP2SDQCR0935BS4E06A6D2G,phase2_early,2,5
01KJP22PXRH9VYFY7Z1HZVNSMN,page-B,01KJP2RVD8SK7AN1X5EMGRM458,01KJP2SGRYQPGESDGRKTMMAJX4,B,A,0,0.0,01KJP2RVD8SK7AN1X5EMGRM458_01KJP2SGRYQPGESDGRKTMMAJX4,phase2_early,2,1
01KJP22PXRH9VYFY7Z1HZVNSMN,page-B,01KJP2RVD8SK7AN1X5EMGRM458,01KJP2Q9Z7MR3VPYE4MH3SC9C8,B,C,0,0.0,01KJP2Q9Z7MR3VPYE4MH3SC9C8_01KJP2RVD8SK7AN1X5EMGRM458,phase2_early,2,6
01KJP22PXRH9VYFY7Z1HZVNSMN,page-B,01KJP2RVD8SK7AN1X5EMGRM458,01KJP2RBVR6E36EKC8HYRAV5GF,B,A,0,0.0,01KJP2RBVR6E36EKC8HYRAV5GF_01KJP2RVD8SK7AN1X5EMGRM458,phase2_early,2,1
01KJP22PXRH9VYFY7Z1HZVNSMN,page-B,01KJP2SDQCR0935BS4E06A6D2G,01KJP2SGRYQPGESDGRKTMMAJX4,C,A,0,0.0,01KJP2SDQCR0935BS4E06A6D2G_01KJP2SGRYQPGESDGRKTMMAJX4,phase2_early,5,1
01KJP22PXRH9VYFY7Z1HZVNSMN,page-B,01KJP2SDQCR0935BS4E06A6D2G,01KJP2Q9Z7MR3VPYE4MH3SC9C8,C,C,1,1.0,01KJP2Q9Z7MR3VPYE4MH3SC9C8_01KJP2SDQCR0935BS4E06A6D2G,phase2_early,5,6
01KJP22PXRH9VYFY7Z1HZVNSMN,page-B,01KJP2SDQCR0935BS4E06A6D2G,01KJP2RBVR6E36EKC8HYRAV5GF,C,A,0,0.0,01KJP2RBVR6E36EKC8HYRAV5GF_01KJP2SDQCR0935BS4E06A6D2G,phase2_early,5,1
01KJP22PXRH9VYFY7Z1HZVNSMN,page-B,01KJP2SGRYQPGESDGRKTMMAJX4,01KJP2Q9Z7MR3VPYE4MH3SC9C8,A,C,0,0.0,01KJP2Q9Z7MR3VPYE4MH3SC9C8_01KJP2SGRYQPGESDGRKTMMAJX4,phase2_early,1,6
01KJP22PXRH9VYFY7Z1HZVNSMN,page-B,01KJP2SGRYQPGESDGRKTMMAJX4,01KJP2RBVR6E36EKC8HYRAV5GF,A,A,1,1.0,01KJP2RBVR6E36EKC8HYRAV5GF_01KJP2SGRYQPGESDGRKTMMAJX4,phase2_early,1,1
01KJP22PXRH9VYFY7Z1HZVNSMN,page-B,01KJP2Q9Z7MR3VPYE4MH3SC9C8,01KJP2RBVR6E36EKC8HYRAV5GF,C,A,0,0.0,01KJP2Q9Z7MR3VPYE4MH3SC9C8_01KJP2RBVR6E36EKC8HYRAV5GF,phase2_early,6,1
01KJP22PXRH9VYFY7Z1HZVNSMN,page3-35,01KJP2Q4FMMNPG4DTS771Y4V70,01KJP2RH1QNE571FNJRJ0ZHM7W,A,B,0,0.0,01KJP2Q4FMMNPG4DTS771Y4V70_01KJP2RH1QNE571FNJRJ0ZHM7W,phase2_early,7,2
01KJP22PXRH9VYFY7Z1HZVNSMN,page3-35,01KJP2Q4FMMNPG4DTS771Y4V70,01KJP2SNNP4ZB6K1QMGZX5CC0T,A,C,0,0.0,01KJP2Q4FMMNPG4DTS771Y4V70_01KJP2SNNP4ZB6K1QMGZX5CC0T,phase2_early,7,10
01KJP22PXRH9VYFY7Z1HZVNSMN,page3-35,01KJP2Q4FMMNPG4DTS771Y4V70,01KJP2RVD8SK7AN1X5EMGRM458,A,B,0,0.0,01KJP2Q4FMMNPG4DTS771Y4V70_01KJP2RVD8SK7AN1X5EMGRM458,phase2_early,7,2
01KJP22PXRH9VYFY7Z1HZVNSMN,page3-35,01KJP2Q4FMMNPG4DTS771Y4V70,01KJP2SDQCR0935BS4E06A6D2G,A,C,0,0.0,01KJP2Q4FMMNPG4DTS771Y4V70_01KJP2SDQCR0935BS4E06A6D2G,phase2_early,7,2
01KJP22PXRH9VYFY7Z1HZVNSMN,page3-35,01KJP2Q4FMMNPG4DTS771Y4V70,01KJP2SGRYQPGESDGRKTMMAJX4,A,A,1,0.0,01KJP2Q4FMMNPG4DTS771Y4V70_01KJP2SGRYQPGESDGRKTMMAJX4,phase2_early,7,5
01KJP22PXRH9VYFY7Z1HZVNSMN,page3-35,01KJP2Q4FMMNPG4DTS771Y4V70,01KJP2Q9Z7MR3VPYE4MH3SC9C8,A,C,0,0.0,01KJP2Q4FMMNPG4DTS771Y4V70_01KJP2Q9Z7MR3VPYE4MH3SC9C8,phase2_early,7,3
01KJP22PXRH9VYFY7Z1HZVNSMN,page3-35,01KJP2Q4FMMNPG4DTS771Y4V70,01KJP2RBVR6E36EKC8HYRAV5GF,A,A,1,0.18181818181818182,01KJP2Q4FMMNPG4DTS771Y4V70_01KJP2RBVR6E36EKC8HYRAV5GF,phase2_early,7,9
01KJP22PXRH9VYFY7Z1HZVNSMN,page3-35,01KJP2RH1QNE571FNJRJ0ZHM7W,01KJP2SNNP4ZB6K1QMGZX5CC0T,B,C,0,0.0,01KJP2RH1QNE571FNJRJ0ZHM7W_01KJP2SNNP4ZB6K1QMGZX5CC0T,phase2_early,2,10
01KJP22PXRH9VYFY7Z1HZVNSMN,page3-35,01KJP2RH1QNE571FNJRJ0ZHM7W,01KJP2RVD8SK7AN1X5EMGRM458,B,B,1,1.0,01KJP2RH1QNE571FNJRJ0ZHM7W_01KJP2RVD8SK7AN1X5EMGRM458,phase2_early,2,2
01KJP22PXRH9VYFY7Z1HZVNSMN,page3-35,01KJP2RH1QNE571FNJRJ0ZHM7W,01KJP2SDQCR0935BS4E06A6D2G,B,C,0,0.0,01KJP2RH1QNE571FNJRJ0ZHM7W_01KJP2SDQCR0935BS4E06A6D2G,phase2_early,2,2
01KJP22PXRH9VYFY7Z1HZVNSMN,page3-35,01KJP2RH1QNE571FNJRJ0ZHM7W,01KJP2SGRYQPGESDGRKTMMAJX4,B,A,0,0.0,01KJP2RH1QNE571FNJRJ0ZHM7W_01KJP2SGRYQPGESDGRKTMMAJX4,phase2_early,2,5
01KJP22PXRH9VYFY7Z1HZVNSMN,page3-35,01KJP2RH1QNE571FNJRJ0ZHM7W,01KJP2Q9Z7MR3VPYE4MH3SC9C8,B,C,0,0.0,01KJP2Q9Z7MR3VPYE4MH3SC9C8_01KJP2RH1QNE571FNJRJ0ZHM7W,phase2_early,2,3
01KJP22PXRH9VYFY7Z1HZVNSMN,page3-35,01KJP2RH1QNE571FNJRJ0ZHM7W,01KJP2RBVR6E36EKC8HYRAV5GF,B,A,0,0.2857142857142857,01KJP2RBVR6E36EKC8HYRAV5GF_01KJP2RH1QNE571FNJRJ0ZHM7W,phase2_early,2,9
01KJP22PXRH9VYFY7Z1HZVNSMN,page3-35,01KJP2SNNP4ZB6K1QMGZX5CC0T,01KJP2RVD8SK7AN1X5EMGRM458,C,B,0,0.0,01KJP2RVD8SK7AN1X5EMGRM458_01KJP2SNNP4ZB6K1QMGZX5CC0T,phase2_early,10,2
01KJP22PXRH9VYFY7Z1HZVNSMN,page3-35,01KJP2SNNP4ZB6K1QMGZX5CC0T,01KJP2SDQCR0935BS4E06A6D2G,C,C,1,0.4,01KJP2SDQCR0935BS4E06A6D2G_01KJP2SNNP4ZB6K1QMGZX5CC0T,phase2_early,10,2
01KJP22PXRH9VYFY7Z1HZVNSMN,page3-35,01KJP2SNNP4ZB6K1QMGZX5CC0T,01KJP2SGRYQPGESDGRKTMMAJX4,C,A,0,0.0,01KJP2SGRYQPGESDGRKTMMAJX4_01KJP2SNNP4ZB6K1QMGZX5CC0T,phase2_early,10,5
01KJP22PXRH9VYFY7Z1HZVNSMN,page3-35,01KJP2SNNP4ZB6K1QMGZX5CC0T,01KJP2Q9Z7MR3VPYE4MH3SC9C8,C,C,1,0.2,01KJP2Q9Z7MR3VPYE4MH3SC9C8_01KJP2SNNP4ZB6K1QMGZX5CC0T,phase2_early,10,3
01KJP22PXRH9VYFY7Z1HZVNSMN,page3-35,01KJP2SNNP4ZB6K1QMGZX5CC0T,01KJP2RBVR6E36EKC8HYRAV5GF,C,A,0,0.0,01KJP2RBVR6E36EKC8HYRAV5GF_01KJP2SNNP4ZB6K1QMGZX5CC0T,phase2_early,10,9
01KJP22PXRH9VYFY7Z1HZVNSMN,page3-35,01KJP2RVD8SK7AN1X5EMGRM458,01KJP2SDQCR0935BS4E06A6D2G,B,C,0,0.0,01KJP2RVD8SK7AN1X5EMGRM458_01KJP2SDQCR0935BS4E06A6D2G,phase2_early,2,2
01KJP22PXRH9VYFY7Z1HZVNSMN,page3-35,01KJP2RVD8SK7AN1X5EMGRM458,01KJP2SGRYQPGESDGRKTMMAJX4,B,A,0,0.0,01KJP2RVD8SK7AN1X5EMGRM458_01KJP2SGRYQPGESDGRKTMMAJX4,phase2_early,2,5
01KJP22PXRH9VYFY7Z1HZVNSMN,page3-35,01KJP2RVD8SK7AN1X5EMGRM458,01KJP2Q9Z7MR3VPYE4MH3SC9C8,B,C,0,0.0,01KJP2Q9Z7MR3VPYE4MH3SC9C8_01KJP2RVD8SK7AN1X5EMGRM458,phase2_early,2,3
01KJP22PXRH9VYFY7Z1HZVNSMN,page3-35,01KJP2RVD8SK7AN1X5EMGRM458,01KJP2RBVR6E36EKC8HYRAV5GF,B,A,0,0.2857142857142857,01KJP2RBVR6E36EKC8HYRAV5GF_01KJP2RVD8SK7AN1X5EMGRM458,phase2_early,2,9
01KJP22PXRH9VYFY7Z1HZVNSMN,page3-35,01KJP2SDQCR0935BS4E06A6D2G,01KJP2SGRYQPGESDGRKTMMAJX4,C,A,0,0.0,01KJP2SDQCR0935BS4E06A6D2G_01KJP2SGRYQPGESDGRKTMMAJX4,phase2_early,2,5
01KJP22PXRH9VYFY7Z1HZVNSMN,page3-35,01KJP2SDQCR0935BS4E06A6D2G,01KJP2Q9Z7MR3VPYE4MH3SC9C8,C,C,1,0.5,01KJP2Q9Z7MR3VPYE4MH3SC9C8_01KJP2SDQCR0935BS4E06A6D2G,phase2_early,2,3
01KJP22PXRH9VYFY7Z1HZVNSMN,page3-35,01KJP2SDQCR0935BS4E06A6D2G,01KJP2RBVR6E36EKC8HYRAV5GF,C,A,0,0.0,01KJP2RBVR6E36EKC8HYRAV5GF_01KJP2SDQCR0935BS4E06A6D2G,phase2_early,2,9
01KJP22PXRH9VYFY7Z1HZVNSMN,page3-35,01KJP2SGRYQPGESDGRKTMMAJX4,01KJP2Q9Z7MR3VPYE4MH3SC9C8,A,C,0,0.0,01KJP2Q9Z7MR3VPYE4MH3SC9C8_01KJP2SGRYQPGESDGRKTMMAJX4,phase2_early,5,3
01KJP22PXRH9VYFY7Z1HZVNSMN,page3-35,01KJP2SGRYQPGESDGRKTMMAJX4,01KJP2RBVR6E36EKC8HYRAV5GF,A,A,1,0.0,01KJP2RBVR6E36EKC8HYRAV5GF_01KJP2SGRYQPGESDGRKTMMAJX4,phase2_early,5,9
01KJP22PXRH9VYFY7Z1HZVNSMN,page3-35,01KJP2Q9Z7MR3VPYE4MH3SC9C8,01KJP2RBVR6E36EKC8HYRAV5GF,C,A,0,0.0,01KJP2Q9Z7MR3VPYE4MH3SC9C8_01KJP2RBVR6E36EKC8HYRAV5GF,phase2_early,3,9
01KJP22PXRH9VYFY7Z1HZVNSMN,page5-28,01KJP2Q4FMMNPG4DTS771Y4V70,01KJP2RH1QNE571FNJRJ0ZHM7W,A,B,0,0.0,01KJP2Q4FMMNPG4DTS771Y4V70_01KJP2RH1QNE571FNJRJ0ZHM7W,phase2_early,1,8
01KJP22PXRH9VYFY7Z1HZVNSMN,page5-28,01KJP2Q4FMMNPG4DTS771Y4V70,01KJP2SNNP4ZB6K1QMGZX5CC0T,A,C,0,0.0,01KJP2Q4FMMNPG4DTS771Y4V70_01KJP2SNNP4ZB6K1QMGZX5CC0T,phase2_early,1,9
01KJP22PXRH9VYFY7Z1HZVNSMN,page5-28,01KJP2Q4FMMNPG4DTS771Y4V70,01KJP2RVD8SK7AN1X5EMGRM458,A,B,0,0.0,01KJP2Q4FMMNPG4DTS771Y4V70_01KJP2RVD8SK7AN1X5EMGRM458,phase2_early,1,8
01KJP22PXRH9VYFY7Z1HZVNSMN,page5-28,01KJP2Q4FMMNPG4DTS771Y4V70,01KJP2SDQCR0935BS4E06A6D2G,A,C,0,0.0,01KJP2Q4FMMNPG4DTS771Y4V70_01KJP2SDQCR0935BS4E06A6D2G,phase2_early,1,4
01KJP22PXRH9VYFY7Z1HZVNSMN,page5-28,01KJP2Q4FMMNPG4DTS771Y4V70,01KJP2SGRYQPGESDGRKTMMAJX4,A,A,1,1.0,01KJP2Q4FMMNPG4DTS771Y4V70_01KJP2SGRYQPGESDGRKTMMAJX4,phase2_early,1,1
01KJP22PXRH9VYFY7Z1HZVNSMN,page5-28,01KJP2Q4FMMNPG4DTS771Y4V70,01KJP2Q9Z7MR3VPYE4MH3SC9C8,A,C,0,0.0,01KJP2Q4FMMNPG4DTS771Y4V70_01KJP2Q9Z7MR3VPYE4MH3SC9C8,phase2_early,1,4
01KJP22PXRH9VYFY7Z1HZVNSMN,page5-28,01KJP2Q4FMMNPG4DTS771Y4V70,01KJP2RBVR6E36EKC8HYRAV5GF,A,A,1,0.09090909090909091,01KJP2Q4FMMNPG4DTS771Y4V70_01KJP2RBVR6E36EKC8HYRAV5GF,phase2_early,1,13
01KJP22PXRH9VYFY7Z1HZVNSMN,page5-28,01KJP2RH1QNE571FNJRJ0ZHM7W,01KJP2SNNP4ZB6K1QMGZX5CC0T,B,C,0,0.0,01KJP2RH1QNE571FNJRJ0ZHM7W_01KJP2SNNP4ZB6K1QMGZX5CC0T,phase2_early,8,9
01KJP22PXRH9VYFY7Z1HZVNSMN,page5-28,01KJP2RH1QNE571FNJRJ0ZHM7W,01KJP2RVD8SK7AN1X5EMGRM458,B,B,1,0.1111111111111111,01KJP2RH1QNE571FNJRJ0ZHM7W_01KJP2RVD8SK7AN1X5EMGRM458,phase2_early,8,8
01KJP22PXRH9VYFY7Z1HZVNSMN,page5-28,01KJP2RH1QNE571FNJRJ0ZHM7W,01KJP2SDQCR0935BS4E06A6D2G,B,C,0,0.0,01KJP2RH1QNE571FNJRJ0ZHM7W_01KJP2SDQCR0935BS4E06A6D2G,phase2_early,8,4
01KJP22PXRH9VYFY7Z1HZVNSMN,page5-28,01KJP2RH1QNE571FNJRJ0ZHM7W,01KJP2SGRYQPGESDGRKTMMAJX4,B,A,0,0.0,01KJP2RH1QNE571FNJRJ0ZHM7W_01KJP2SGRYQPGESDGRKTMMAJX4,phase2_early,8,1
01KJP22PXRH9VYFY7Z1HZVNSMN,page5-28,01KJP2RH1QNE571FNJRJ0ZHM7W,01KJP2Q9Z7MR3VPYE4MH3SC9C8,B,C,0,0.0,01KJP2Q9Z7MR3VPYE4MH3SC9C8_01KJP2RH1QNE571FNJRJ0ZHM7W,phase2_early,8,4
01KJP22PXRH9VYFY7Z1HZVNSMN,page5-28,01KJP2RH1QNE571FNJRJ0ZHM7W,01KJP2RBVR6E36EKC8HYRAV5GF,B,A,0,0.0,01KJP2RBVR6E36EKC8HYRAV5GF_01KJP2RH1QNE571FNJRJ0ZHM7W,phase2_early,8,13
01KJP22PXRH9VYFY7Z1HZVNSMN,page5-28,01KJP2SNNP4ZB6K1QMGZX5CC0T,01KJP2RVD8SK7AN1X5EMGRM458,C,B,0,0.0,01KJP2RVD8SK7AN1X5EMGRM458_01KJP2SNNP4ZB6K1QMGZX5CC0T,phase2_early,9,8
01KJP22PXRH9VYFY7Z1HZVNSMN,page5-28,01KJP2SNNP4ZB6K1QMGZX5CC0T,01KJP2SDQCR0935BS4E06A6D2G,C,C,1,0.2857142857142857,01KJP2SDQCR0935BS4E06A6D2G_01KJP2SNNP4ZB6K1QMGZX5CC0T,phase2_early,9,4
01KJP22PXRH9VYFY7Z1HZVNSMN,page5-28,01KJP2SNNP4ZB6K1QMGZX5CC0T,01KJP2SGRYQPGESDGRKTMMAJX4,C,A,0,0.0,01KJP2SGRYQPGESDGRKTMMAJX4_01KJP2SNNP4ZB6K1QMGZX5CC0T,phase2_early,9,1
01KJP22PXRH9VYFY7Z1HZVNSMN,page5-28,01KJP2SNNP4ZB6K1QMGZX5CC0T,01KJP2Q9Z7MR3VPYE4MH3SC9C8,C,C,1,0.3333333333333333,01KJP2Q9Z7MR3VPYE4MH3SC9C8_01KJP2SNNP4ZB6K1QMGZX5CC0T,phase2_early,9,4
01KJP22PXRH9VYFY7Z1HZVNSMN,page5-28,01KJP2SNNP4ZB6K1QMGZX5CC0T,01KJP2RBVR6E36EKC8HYRAV5GF,C,A,0,0.0625,01KJP2RBVR6E36EKC8HYRAV5GF_01KJP2SNNP4ZB6K1QMGZX5CC0T,phase2_early,9,13
01KJP22PXRH9VYFY7Z1HZVNSMN,page5-28,01KJP2RVD8SK7AN1X5EMGRM458,01KJP2SDQCR0935BS4E06A6D2G,B,C,0,0.14285714285714285,01KJP2RVD8SK7AN1X5EMGRM458_01KJP2SDQCR0935BS4E06A6D2G,phase2_early,8,4
01KJP22PXRH9VYFY7Z1HZVNSMN,page5-28,01KJP2RVD8SK7AN1X5EMGRM458,01KJP2SGRYQPGESDGRKTMMAJX4,B,A,0,0.0,01KJP2RVD8SK7AN1X5EMGRM458_01KJP2SGRYQPGESDGRKTMMAJX4,phase2_early,8,1
01KJP22PXRH9VYFY7Z1HZVNSMN,page5-28,01KJP2RVD8SK7AN1X5EMGRM458,01KJP2Q9Z7MR3VPYE4MH3SC9C8,B,C,0,0.0,01KJP2Q9Z7MR3VPYE4MH3SC9C8_01KJP2RVD8SK7AN1X5EMGRM458,phase2_early,8,4
01KJP22PXRH9VYFY7Z1HZVNSMN,page5-28,01KJP2RVD8SK7AN1X5EMGRM458,01KJP2RBVR6E36EKC8HYRAV5GF,B,A,0,0.0,01KJP2RBVR6E36EKC8HYRAV5GF_01KJP2RVD8SK7AN1X5EMGRM458,phase2_early,8,13
01KJP22PXRH9VYFY7Z1HZVNSMN,page5-28,01KJP2SDQCR0935BS4E06A6D2G,01KJP2SGRYQPGESDGRKTMMAJX4,C,A,0,0.0,01KJP2SDQCR0935BS4E06A6D2G_01KJP2SGRYQPGESDGRKTMMAJX4,phase2_early,4,1
01KJP22PXRH9VYFY7Z1HZVNSMN,page5-28,01KJP2SDQCR0935BS4E06A6D2G,01KJP2Q9Z7MR3VPYE4MH3SC9C8,C,C,1,0.6666666666666666,01KJP2Q9Z7MR3VPYE4MH3SC9C8_01KJP2SDQCR0935BS4E06A6D2G,phase2_early,4,4
01KJP22PXRH9VYFY7Z1HZVNSMN,page5-28,01KJP2SDQCR0935BS4E06A6D2G,01KJP2RBVR6E36EKC8HYRAV5GF,C,A,0,0.07692307692307693,01KJP2RBVR6E36EKC8HYRAV5GF_01KJP2SDQCR0935BS4E06A6D2G,phase2_early,4,13
01KJP22PXRH9VYFY7Z1HZVNSMN,page5-28,01KJP2SGRYQPGESDGRKTMMAJX4,01KJP2Q9Z7MR3VPYE4MH3SC9C8,A,C,0,0.0,01KJP2Q9Z7MR3VPYE4MH3SC9C8_01KJP2SGRYQPGESDGRKTMMAJX4,phase2_early,1,4
01KJP22PXRH9VYFY7Z1HZVNSMN,page5-28,01KJP2SGRYQPGESDGRKTMMAJX4,01KJP2RBVR6E36EKC8HYRAV5GF,A,A,1,0.09090909090909091,01KJP2RBVR6E36EKC8HYRAV5GF_01KJP2SGRYQPGESDGRKTMMAJX4,phase2_early,1,13
01KJP22PXRH9VYFY7Z1HZVNSMN,page5-28,01KJP2Q9Z7MR3VPYE4MH3SC9C8,01KJP2RBVR6E36EKC8HYRAV5GF,C,A,0,0.08333333333333333,01KJP2Q9Z7MR3VPYE4MH3SC9C8_01KJP2RBVR6E36EKC8HYRAV5GF,phase2_early,4,13
01KJP22PXRH9VYFY7Z1HZVNSMN,page7-107,01KJP2Q4FMMNPG4DTS771Y4V70,01KJP2RH1QNE571FNJRJ0ZHM7W,A,B,0,0.0,01KJP2Q4FMMNPG4DTS771Y4V70_01KJP2RH1QNE571FNJRJ0ZHM7W,phase2_early,6,3
01KJP22PXRH9VYFY7Z1HZVNSMN,page7-107,01KJP2Q4FMMNPG4DTS771Y4V70,01KJP2SNNP4ZB6K1QMGZX5CC0T,A,C,0,0.2222222222222222,01KJP2Q4FMMNPG4DTS771Y4V70_01KJP2SNNP4ZB6K1QMGZX5CC0T,phase2_early,6,17
01KJP22PXRH9VYFY7Z1HZVNSMN,page7-107,01KJP2Q4FMMNPG4DTS771Y4V70,01KJP2RVD8SK7AN1X5EMGRM458,A,B,0,0.0,01KJP2Q4FMMNPG4DTS771Y4V70_01KJP2RVD8SK7AN1X5EMGRM458,phase2_early,6,1
01KJP22PXRH9VYFY7Z1HZVNSMN,page7-107,01KJP2Q4FMMNPG4DTS771Y4V70,01KJP2SDQCR0935BS4E06A6D2G,A,C,0,0.4,01KJP2Q4FMMNPG4DTS771Y4V70_01KJP2SDQCR0935BS4E06A6D2G,phase2_early,6,7
01KJP22PXRH9VYFY7Z1HZVNSMN,page7-107,01KJP2Q4FMMNPG4DTS771Y4V70,01KJP2SGRYQPGESDGRKTMMAJX4,A,A,1,0.16666666666666666,01KJP2Q4FMMNPG4DTS771Y4V70_01KJP2SGRYQPGESDGRKTMMAJX4,phase2_early,6,5
01KJP22PXRH9VYFY7Z1HZVNSMN,page7-107,01KJP2Q4FMMNPG4DTS771Y4V70,01KJP2Q9Z7MR3VPYE4MH3SC9C8,A,C,0,0.75,01KJP2Q4FMMNPG4DTS771Y4V70_01KJP2Q9Z7MR3VPYE4MH3SC9C8,phase2_early,6,9
01KJP22PXRH9VYFY7Z1HZVNSMN,page7-107,01KJP2Q4FMMNPG4DTS771Y4V70,01KJP2RBVR6E36EKC8HYRAV5GF,A,A,1,0.6,01KJP2Q4FMMNPG4DTS771Y4V70_01KJP2RBVR6E36EKC8HYRAV5GF,phase2_early,6,9
01KJP22PXRH9VYFY7Z1HZVNSMN,page7-107,01KJP2RH1QNE571FNJRJ0ZHM7W,01KJP2SNNP4ZB6K1QMGZX5CC0T,B,C,0,0.0,01KJP2RH1QNE571FNJRJ0ZHM7W_01KJP2SNNP4ZB6K1QMGZX5CC0T,phase2_early,3,17
01KJP22PXRH9VYFY7Z1HZVNSMN,page7-107,01KJP2RH1QNE571FNJRJ0ZHM7W,01KJP2RVD8SK7AN1X5EMGRM458,B,B,1,0.3333333333333333,01KJP2RH1QNE571FNJRJ0ZHM7W_01KJP2RVD8SK7AN1X5EMGRM458,phase2_early,3,1
01KJP22PXRH9VYFY7Z1HZVNSMN,page7-107,01KJP2RH1QNE571FNJRJ0ZHM7W,01KJP2SDQCR0935BS4E06A6D2G,B,C,0,0.0,01KJP2RH1QNE571FNJRJ0ZHM7W_01KJP2SDQCR0935BS4E06A6D2G,phase2_early,3,7
01KJP22PXRH9VYFY7Z1HZVNSMN,page7-107,01KJP2RH1QNE571FNJRJ0ZHM7W,01KJP2SGRYQPGESDGRKTMMAJX4,B,A,0,0.0,01KJP2RH1QNE571FNJRJ0ZHM7W_01KJP2SGRYQPGESDGRKTMMAJX4,phase2_early,3,5
01KJP22PXRH9VYFY7Z1HZVNSMN,page7-107,01KJP2RH1QNE571FNJRJ0ZHM7W,01KJP2Q9Z7MR3VPYE4MH3SC9C8,B,C,0,0.0,01KJP2Q9Z7MR3VPYE4MH3SC9C8_01KJP2RH1QNE571FNJRJ0ZHM7W,phase2_early,3,9
01KJP22PXRH9VYFY7Z1HZVNSMN,page7-107,01KJP2RH1QNE571FNJRJ0ZHM7W,01KJP2RBVR6E36EKC8HYRAV5GF,B,A,0,0.14285714285714285,01KJP2RBVR6E36EKC8HYRAV5GF_01KJP2RH1QNE571FNJRJ0ZHM7W,phase2_early,3,9
01KJP22PXRH9VYFY7Z1HZVNSMN,page7-107,01KJP2SNNP4ZB6K1QMGZX5CC0T,01KJP2RVD8SK7AN1X5EMGRM458,C,B,0,0.0,01KJP2RVD8SK7AN1X5EMGRM458_01KJP2SNNP4ZB6K1QMGZX5CC0T,phase2_early,17,1
01KJP22PXRH9VYFY7Z1HZVNSMN,page7-107,01KJP2SNNP4ZB6K1QMGZX5CC0T,01KJP2SDQCR0935BS4E06A6D2G,C,C,1,0.2,01KJP2SDQCR0935BS4E06A6D2G_01KJP2SNNP4ZB6K1QMGZX5CC0T,phase2_early,17,7
01KJP22PXRH9VYFY7Z1HZVNSMN,page7-107,01KJP2SNNP4ZB6K1QMGZX5CC0T,01KJP2SGRYQPGESDGRKTMMAJX4,C,A,0,0.09090909090909091,01KJP2SGRYQPGESDGRKTMMAJX4_01KJP2SNNP4ZB6K1QMGZX5CC0T,phase2_early,17,5
01KJP22PXRH9VYFY7Z1HZVNSMN,page7-107,01KJP2SNNP4ZB6K1QMGZX5CC0T,01KJP2Q9Z7MR3VPYE4MH3SC9C8,C,C,1,0.3333333333333333,01KJP2Q9Z7MR3VPYE4MH3SC9C8_01KJP2SNNP4ZB6K1QMGZX5CC0T,phase2_early,17,9
01KJP22PXRH9VYFY7Z1HZVNSMN,page7-107,01KJP2SNNP4ZB6K1QMGZX5CC0T,01KJP2RBVR6E36EKC8HYRAV5GF,C,A,0,0.18181818181818182,01KJP2RBVR6E36EKC8HYRAV5GF_01KJP2SNNP4ZB6K1QMGZX5CC0T,phase2_early,17,9
01KJP22PXRH9VYFY7Z1HZVNSMN,page7-107,01KJP2RVD8SK7AN1X5EMGRM458,01KJP2SDQCR0935BS4E06A6D2G,B,C,0,0.0,01KJP2RVD8SK7AN1X5EMGRM458_01KJP2SDQCR0935BS4E06A6D2G,phase2_early,1,7
01KJP22PXRH9VYFY7Z1HZVNSMN,page7-107,01KJP2RVD8SK7AN1X5EMGRM458,01KJP2SGRYQPGESDGRKTMMAJX4,B,A,0,0.0,01KJP2RVD8SK7AN1X5EMGRM458_01KJP2SGRYQPGESDGRKTMMAJX4,phase2_early,1,5
01KJP22PXRH9VYFY7Z1HZVNSMN,page7-107,01KJP2RVD8SK7AN1X5EMGRM458,01KJP2Q9Z7MR3VPYE4MH3SC9C8,B,C,0,0.0,01KJP2Q9Z7MR3VPYE4MH3SC9C8_01KJP2RVD8SK7AN1X5EMGRM458,phase2_early,1,9
01KJP22PXRH9VYFY7Z1HZVNSMN,page7-107,01KJP2RVD8SK7AN1X5EMGRM458,01KJP2RBVR6E36EKC8HYRAV5GF,B,A,0,0.0,01KJP2RBVR6E36EKC8HYRAV5GF_01KJP2RVD8SK7AN1X5EMGRM458,phase2_early,1,9
01KJP22PXRH9VYFY7Z1HZVNSMN,page7-107,01KJP2SDQCR0935BS4E06A6D2G,01KJP2SGRYQPGESDGRKTMMAJX4,C,A,0,0.14285714285714285,01KJP2SDQCR0935BS4E06A6D2G_01KJP2SGRYQPGESDGRKTMMAJX4,phase2_early,7,5
01KJP22PXRH9VYFY7Z1HZVNSMN,page7-107,01KJP2SDQCR0935BS4E06A6D2G,01KJP2Q9Z7MR3VPYE4MH3SC9C8,C,C,1,0.3333333333333333,01KJP2Q9Z7MR3VPYE4MH3SC9C8_01KJP2SDQCR0935BS4E06A6D2G,phase2_early,7,9
01KJP22PXRH9VYFY7Z1HZVNSMN,page7-107,01KJP2SDQCR0935BS4E06A6D2G,01KJP2RBVR6E36EKC8HYRAV5GF,C,A,0,0.2857142857142857,01KJP2RBVR6E36EKC8HYRAV5GF_01KJP2SDQCR0935BS4E06A6D2G,phase2_early,7,9
01KJP22PXRH9VYFY7Z1HZVNSMN,page7-107,01KJP2SGRYQPGESDGRKTMMAJX4,01KJP2Q9Z7MR3VPYE4MH3SC9C8,A,C,0,0.14285714285714285,01KJP2Q9Z7MR3VPYE4MH3SC9C8_01KJP2SGRYQPGESDGRKTMMAJX4,phase2_early,5,9
01KJP22PXRH9VYFY7Z1HZVNSMN,page7-107,01KJP2SGRYQPGESDGRKTMMAJX4,01KJP2RBVR6E36EKC8HYRAV5GF,A,A,1,0.125,01KJP2RBVR6E36EKC8HYRAV5GF_01KJP2SGRYQPGESDGRKTMMAJX4,phase2_early,5,9
01KJP22PXRH9VYFY7Z1HZVNSMN,page7-107,01KJP2Q9Z7MR3VPYE4MH3SC9C8,01KJP2RBVR6E36EKC8HYRAV5GF,C,A,0,0.5,01KJP2Q9Z7MR3VPYE4MH3SC9C8_01KJP2RBVR6E36EKC8HYRAV5GF,phase2_early,9,9
01KJP22PXRH9VYFY7Z1HZVNSMN,page7-255,01KJP2Q4FMMNPG4DTS771Y4V70,01KJP2RH1QNE571FNJRJ0ZHM7W,A,B,0,0.0,01KJP2Q4FMMNPG4DTS771Y4V70_01KJP2RH1QNE571FNJRJ0ZHM7W,phase2_early,8,3
01KJP22PXRH9VYFY7Z1HZVNSMN,page7-255,01KJP2Q4FMMNPG4DTS771Y4V70,01KJP2SNNP4ZB6K1QMGZX5CC0T,A,C,0,0.0,01KJP2Q4FMMNPG4DTS771Y4V70_01KJP2SNNP4ZB6K1QMGZX5CC0T,phase2_early,8,10
01KJP22PXRH9VYFY7Z1HZVNSMN,page7-255,01KJP2Q4FMMNPG4DTS771Y4V70,01KJP2RVD8SK7AN1X5EMGRM458,A,B,0,0.0,01KJP2Q4FMMNPG4DTS771Y4V70_01KJP2RVD8SK7AN1X5EMGRM458,phase2_early,8,4
01KJP22PXRH9VYFY7Z1HZVNSMN,page7-255,01KJP2Q4FMMNPG4DTS771Y4V70,01KJP2SDQCR0935BS4E06A6D2G,A,C,0,0.0,01KJP2Q4FMMNPG4DTS771Y4V70_01KJP2SDQCR0935BS4E06A6D2G,phase2_early,8,1
01KJP22PXRH9VYFY7Z1HZVNSMN,page7-255,01KJP2Q4FMMNPG4DTS771Y4V70,01KJP2SGRYQPGESDGRKTMMAJX4,A,A,1,0.1,01KJP2Q4FMMNPG4DTS771Y4V70_01KJP2SGRYQPGESDGRKTMMAJX4,phase2_early,8,8
01KJP22PXRH9VYFY7Z1HZVNSMN,page7-255,01KJP2Q4FMMNPG4DTS771Y4V70,01KJP2Q9Z7MR3VPYE4MH3SC9C8,A,C,0,0.0,01KJP2Q4FMMNPG4DTS771Y4V70_01KJP2Q9Z7MR3VPYE4MH3SC9C8,phase2_early,8,4
01KJP22PXRH9VYFY7Z1HZVNSMN,page7-255,01KJP2Q4FMMNPG4DTS771Y4V70,01KJP2RBVR6E36EKC8HYRAV5GF,A,A,1,0.3333333333333333,01KJP2Q4FMMNPG4DTS771Y4V70_01KJP2RBVR6E36EKC8HYRAV5GF,phase2_early,8,4
01KJP22PXRH9VYFY7Z1HZVNSMN,page7-255,01KJP2RH1QNE571FNJRJ0ZHM7W,01KJP2SNNP4ZB6K1QMGZX5CC0T,B,C,0,0.0,01KJP2RH1QNE571FNJRJ0ZHM7W_01KJP2SNNP4ZB6K1QMGZX5CC0T,phase2_early,3,10
01KJP22PXRH9VYFY7Z1HZVNSMN,page7-255,01KJP2RH1QNE571FNJRJ0ZHM7W,01KJP2RVD8SK7AN1X5EMGRM458,B,B,1,0.4,01KJP2RH1QNE571FNJRJ0ZHM7W_01KJP2RVD8SK7AN1X5EMGRM458,phase2_early,3,4
01KJP22PXRH9VYFY7Z1HZVNSMN,page7-255,01KJP2RH1QNE571FNJRJ0ZHM7W,01KJP2SDQCR0935BS4E06A6D2G,B,C,0,0.0,01KJP2RH1QNE571FNJRJ0ZHM7W_01KJP2SDQCR0935BS4E06A6D2G,phase2_early,3,1
01KJP22PXRH9VYFY7Z1HZVNSMN,page7-255,01KJP2RH1QNE571FNJRJ0ZHM7W,01KJP2SGRYQPGESDGRKTMMAJX4,B,A,0,0.0,01KJP2RH1QNE571FNJRJ0ZHM7W_01KJP2SGRYQPGESDGRKTMMAJX4,phase2_early,3,8
01KJP22PXRH9VYFY7Z1HZVNSMN,page7-255,01KJP2RH1QNE571FNJRJ0ZHM7W,01KJP2Q9Z7MR3VPYE4MH3SC9C8,B,C,0,0.0,01KJP2Q9Z7MR3VPYE4MH3SC9C8_01KJP2RH1QNE571FNJRJ0ZHM7W,phase2_early,3,4
01KJP22PXRH9VYFY7Z1HZVNSMN,page7-255,01KJP2RH1QNE571FNJRJ0ZHM7W,01KJP2RBVR6E36EKC8HYRAV5GF,B,A,0,0.0,01KJP2RBVR6E36EKC8HYRAV5GF_01KJP2RH1QNE571FNJRJ0ZHM7W,phase2_early,3,4
01KJP22PXRH9VYFY7Z1HZVNSMN,page7-255,01KJP2SNNP4ZB6K1QMGZX5CC0T,01KJP2RVD8SK7AN1X5EMGRM458,C,B,0,0.0,01KJP2RVD8SK7AN1X5EMGRM458_01KJP2SNNP4ZB6K1QMGZX5CC0T,phase2_early,10,4
01KJP22PXRH9VYFY7Z1HZVNSMN,page7-255,01KJP2SNNP4ZB6K1QMGZX5CC0T,01KJP2SDQCR0935BS4E06A6D2G,C,C,1,0.2,01KJP2SDQCR0935BS4E06A6D2G_01KJP2SNNP4ZB6K1QMGZX5CC0T,phase2_early,10,1
01KJP22PXRH9VYFY7Z1HZVNSMN,page7-255,01KJP2SNNP4ZB6K1QMGZX5CC0T,01KJP2SGRYQPGESDGRKTMMAJX4,C,A,0,0.0,01KJP2SGRYQPGESDGRKTMMAJX4_01KJP2SNNP4ZB6K1QMGZX5CC0T,phase2_early,10,8
01KJP22PXRH9VYFY7Z1HZVNSMN,page7-255,01KJP2SNNP4ZB6K1QMGZX5CC0T,01KJP2Q9Z7MR3VPYE4MH3SC9C8,C,C,1,0.16666666666666666,01KJP2Q9Z7MR3VPYE4MH3SC9C8_01KJP2SNNP4ZB6K1QMGZX5CC0T,phase2_early,10,4
01KJP22PXRH9VYFY7Z1HZVNSMN,page7-255,01KJP2SNNP4ZB6K1QMGZX5CC0T,01KJP2RBVR6E36EKC8HYRAV5GF,C,A,0,0.0,01KJP2RBVR6E36EKC8HYRAV5GF_01KJP2SNNP4ZB6K1QMGZX5CC0T,phase2_early,10,4
01KJP22PXRH9VYFY7Z1HZVNSMN,page7-255,01KJP2RVD8SK7AN1X5EMGRM458,01KJP2SDQCR0935BS4E06A6D2G,B,C,0,0.0,01KJP2RVD8SK7AN1X5EMGRM458_01KJP2SDQCR0935BS4E06A6D2G,phase2_early,4,1
01KJP22PXRH9VYFY7Z1HZVNSMN,page7-255,01KJP2RVD8SK7AN1X5EMGRM458,01KJP2SGRYQPGESDGRKTMMAJX4,B,A,0,0.1111111111111111,01KJP2RVD8SK7AN1X5EMGRM458_01KJP2SGRYQPGESDGRKTMMAJX4,phase2_early,4,8
01KJP22PXRH9VYFY7Z1HZVNSMN,page7-255,01KJP2RVD8SK7AN1X5EMGRM458,01KJP2Q9Z7MR3VPYE4MH3SC9C8,B,C,0,0.0,01KJP2Q9Z7MR3VPYE4MH3SC9C8_01KJP2RVD8SK7AN1X5EMGRM458,phase2_early,4,4
01KJP22PXRH9VYFY7Z1HZVNSMN,page7-255,01KJP2RVD8SK7AN1X5EMGRM458,01KJP2RBVR6E36EKC8HYRAV5GF,B,A,0,0.0,01KJP2RBVR6E36EKC8HYRAV5GF_01KJP2RVD8SK7AN1X5EMGRM458,phase2_early,4,4
01KJP22PXRH9VYFY7Z1HZVNSMN,page7-255,01KJP2SDQCR0935BS4E06A6D2G,01KJP2SGRYQPGESDGRKTMMAJX4,C,A,0,0.0,01KJP2SDQCR0935BS4E06A6D2G_01KJP2SGRYQPGESDGRKTMMAJX4,phase2_early,1,8
01KJP22PXRH9VYFY7Z1HZVNSMN,page7-255,01KJP2SDQCR0935BS4E06A6D2G,01KJP2Q9Z7MR3VPYE4MH3SC9C8,C,C,1,0.5,01KJP2Q9Z7MR3VPYE4MH3SC9C8_01KJP2SDQCR0935BS4E06A6D2G,phase2_early,1,4
01KJP22PXRH9VYFY7Z1HZVNSMN,page7-255,01KJP2SDQCR0935BS4E06A6D2G,01KJP2RBVR6E36EKC8HYRAV5GF,C,A,0,0.0,01KJP2RBVR6E36EKC8HYRAV5GF_01KJP2SDQCR0935BS4E06A6D2G,phase2_early,1,4
01KJP22PXRH9VYFY7Z1HZVNSMN,page7-255,01KJP2SGRYQPGESDGRKTMMAJX4,01KJP2Q9Z7MR3VPYE4MH3SC9C8,A,C,0,0.0,01KJP2Q9Z7MR3VPYE4MH3SC9C8_01KJP2SGRYQPGESDGRKTMMAJX4,phase2_early,8,4
01KJP22PXRH9VYFY7Z1HZVNSMN,page7-255,01KJP2SGRYQPGESDGRKTMMAJX4,01KJP2RBVR6E36EKC8HYRAV5GF,A,A,1,0.2857142857142857,01KJP2RBVR6E36EKC8HYRAV5GF_01KJP2SGRYQPGESDGRKTMMAJX4,phase2_early,8,4
01KJP22PXRH9VYFY7Z1HZVNSMN,page7-255,01KJP2Q9Z7MR3VPYE4MH3SC9C8,01KJP2RBVR6E36EKC8HYRAV5GF,C,A,0,0.0,01KJP2Q9Z7MR3VPYE4MH3SC9C8_01KJP2RBVR6E36EKC8HYRAV5GF,phase2_early,4,4
01KJP22PXRH9VYFY7Z1HZVNSMN,page9-46,01KJP2Q4FMMNPG4DTS771Y4V70,01KJP2RH1QNE571FNJRJ0ZHM7W,A,B,0,0.07692307692307693,01KJP2Q4FMMNPG4DTS771Y4V70_01KJP2RH1QNE571FNJRJ0ZHM7W,phase2_early,14,4
01KJP22PXRH9VYFY7Z1HZVNSMN,page9-46,01KJP2Q4FMMNPG4DTS771Y4V70,01KJP2SNNP4ZB6K1QMGZX5CC0T,A,C,0,0.07142857142857142,01KJP2Q4FMMNPG4DTS771Y4V70_01KJP2SNNP4ZB6K1QMGZX5CC0T,phase2_early,14,11
01KJP22PXRH9VYFY7Z1HZVNSMN,page9-46,01KJP2Q4FMMNPG4DTS771Y4V70,01KJP2RVD8SK7AN1X5EMGRM458,A,B,0,0.25,01KJP2Q4FMMNPG4DTS771Y4V70_01KJP2RVD8SK7AN1X5EMGRM458,phase2_early,14,5
01KJP22PXRH9VYFY7Z1HZVNSMN,page9-46,01KJP2Q4FMMNPG4DTS771Y4V70,01KJP2SDQCR0935BS4E06A6D2G,A,C,0,0.18181818181818182,01KJP2Q4FMMNPG4DTS771Y4V70_01KJP2SDQCR0935BS4E06A6D2G,phase2_early,14,6
01KJP22PXRH9VYFY7Z1HZVNSMN,page9-46,01KJP2Q4FMMNPG4DTS771Y4V70,01KJP2SGRYQPGESDGRKTMMAJX4,A,A,1,0.0,01KJP2Q4FMMNPG4DTS771Y4V70_01KJP2SGRYQPGESDGRKTMMAJX4,phase2_early,14,3
01KJP22PXRH9VYFY7Z1HZVNSMN,page9-46,01KJP2Q4FMMNPG4DTS771Y4V70,01KJP2Q9Z7MR3VPYE4MH3SC9C8,A,C,0,0.16666666666666666,01KJP2Q4FMMNPG4DTS771Y4V70_01KJP2Q9Z7MR3VPYE4MH3SC9C8,phase2_early,14,9
01KJP22PXRH9VYFY7Z1HZVNSMN,page9-46,01KJP2Q4FMMNPG4DTS771Y4V70,01KJP2RBVR6E36EKC8HYRAV5GF,A,A,1,0.36363636363636365,01KJP2Q4FMMNPG4DTS771Y4V70_01KJP2RBVR6E36EKC8HYRAV5GF,phase2_early,14,6
01KJP22PXRH9VYFY7Z1HZVNSMN,page9-46,01KJP2RH1QNE571FNJRJ0ZHM7W,01KJP2SNNP4ZB6K1QMGZX5CC0T,B,C,0,0.0,01KJP2RH1QNE571FNJRJ0ZHM7W_01KJP2SNNP4ZB6K1QMGZX5CC0T,phase2_early,4,11
01KJP22PXRH9VYFY7Z1HZVNSMN,page9-46,01KJP2RH1QNE571FNJRJ0ZHM7W,01KJP2RVD8SK7AN1X5EMGRM458,B,B,1,0.5,01KJP2RH1QNE571FNJRJ0ZHM7W_01KJP2RVD8SK7AN1X5EMGRM458,phase2_early,4,5
01KJP22PXRH9VYFY7Z1HZVNSMN,page9-46,01KJP2RH1QNE571FNJRJ0ZHM7W,01KJP2SDQCR0935BS4E06A6D2G,B,C,0,0.0,01KJP2RH1QNE571FNJRJ0ZHM7W_01KJP2SDQCR0935BS4E06A6D2G,phase2_early,4,6
01KJP22PXRH9VYFY7Z1HZVNSMN,page9-46,01KJP2RH1QNE571FNJRJ0ZHM7W,01KJP2SGRYQPGESDGRKTMMAJX4,B,A,0,0.0,01KJP2RH1QNE571FNJRJ0ZHM7W_01KJP2SGRYQPGESDGRKTMMAJX4,phase2_early,4,3
01KJP22PXRH9VYFY7Z1HZVNSMN,page9-46,01KJP2RH1QNE571FNJRJ0ZHM7W,01KJP2Q9Z7MR3VPYE4MH3SC9C8,B,C,0,0.0,01KJP2Q9Z7MR3VPYE4MH3SC9C8_01KJP2RH1QNE571FNJRJ0ZHM7W,phase2_early,4,9
01KJP22PXRH9VYFY7Z1HZVNSMN,page9-46,01KJP2RH1QNE571FNJRJ0ZHM7W,01KJP2RBVR6E36EKC8HYRAV5GF,B,A,0,0.125,01KJP2RBVR6E36EKC8HYRAV5GF_01KJP2RH1QNE571FNJRJ0ZHM7W,phase2_early,4,6
01KJP22PXRH9VYFY7Z1HZVNSMN,page9-46,01KJP2SNNP4ZB6K1QMGZX5CC0T,01KJP2RVD8SK7AN1X5EMGRM458,C,B,0,0.1111111111111111,01KJP2RVD8SK7AN1X5EMGRM458_01KJP2SNNP4ZB6K1QMGZX5CC0T,phase2_early,11,5
01KJP22PXRH9VYFY7Z1HZVNSMN,page9-46,01KJP2SNNP4ZB6K1QMGZX5CC0T,01KJP2SDQCR0935BS4E06A6D2G,C,C,1,0.14285714285714285,01KJP2SDQCR0935BS4E06A6D2G_01KJP2SNNP4ZB6K1QMGZX5CC0T,phase2_early,11,6
01KJP22PXRH9VYFY7Z1HZVNSMN,page9-46,01KJP2SNNP4ZB6K1QMGZX5CC0T,01KJP2SGRYQPGESDGRKTMMAJX4,C,A,0,0.0,01KJP2SGRYQPGESDGRKTMMAJX4_01KJP2SNNP4ZB6K1QMGZX5CC0T,phase2_early,11,3
01KJP22PXRH9VYFY7Z1HZVNSMN,page9-46,01KJP2SNNP4ZB6K1QMGZX5CC0T,01KJP2Q9Z7MR3VPYE4MH3SC9C8,C,C,1,0.125,01KJP2Q9Z7MR3VPYE4MH3SC9C8_01KJP2SNNP4ZB6K1QMGZX5CC0T,phase2_early,11,9
01KJP22PXRH9VYFY7Z1HZVNSMN,page9-46,01KJP2SNNP4ZB6K1QMGZX5CC0T,01KJP2RBVR6E36EKC8HYRAV5GF,C,A,0,0.1111111111111111,01KJP2RBVR6E36EKC8HYRAV5GF_01KJP2SNNP4ZB6K1QMGZX5CC0T,phase2_early,11,6
01KJP22PXRH9VYFY7Z1HZVNSMN,page9-46,01KJP2RVD8SK7AN1X5EMGRM458,01KJP2SDQCR0935BS4E06A6D2G,B,C,0,0.14285714285714285,01KJP2RVD8SK7AN1X5EMGRM458_01KJP2SDQCR0935BS4E06A6D2G,phase2_early,5,6
01KJP22PXRH9VYFY7Z1HZVNSMN,page9-46,01KJP2RVD8SK7AN1X5EMGRM458,01KJP2SGRYQPGESDGRKTMMAJX4,B,A,0,0.0,01KJP2RVD8SK7AN1X5EMGRM458_01KJP2SGRYQPGESDGRKTMMAJX4,phase2_early,5,3
01KJP22PXRH9VYFY7Z1HZVNSMN,page9-46,01KJP2RVD8SK7AN1X5EMGRM458,01KJP2Q9Z7MR3VPYE4MH3SC9C8,B,C,0,0.125,01KJP2Q9Z7MR3VPYE4MH3SC9C8_01KJP2RVD8SK7AN1X5EMGRM458,phase2_early,5,9
01KJP22PXRH9VYFY7Z1HZVNSMN,page9-46,01KJP2RVD8SK7AN1X5EMGRM458,01KJP2RBVR6E36EKC8HYRAV5GF,B,A,0,0.42857142857142855,01KJP2RBVR6E36EKC8HYRAV5GF_01KJP2RVD8SK7AN1X5EMGRM458,phase2_early,5,6
01KJP22PXRH9VYFY7Z1HZVNSMN,page9-46,01KJP2SDQCR0935BS4E06A6D2G,01KJP2SGRYQPGESDGRKTMMAJX4,C,A,0,0.0,01KJP2SDQCR0935BS4E06A6D2G_01KJP2SGRYQPGESDGRKTMMAJX4,phase2_early,6,3
01KJP22PXRH9VYFY7Z1HZVNSMN,page9-46,01KJP2SDQCR0935BS4E06A6D2G,01KJP2Q9Z7MR3VPYE4MH3SC9C8,C,C,1,0.75,01KJP2Q9Z7MR3VPYE4MH3SC9C8_01KJP2SDQCR0935BS4E06A6D2G,phase2_early,6,9
01KJP22PXRH9VYFY7Z1HZVNSMN,page9-46,01KJP2SDQCR0935BS4E06A6D2G,01KJP2RBVR6E36EKC8HYRAV5GF,C,A,0,0.3333333333333333,01KJP2RBVR6E36EKC8HYRAV5GF_01KJP2SDQCR0935BS4E06A6D2G,phase2_early,6,6
01KJP22PXRH9VYFY7Z1HZVNSMN,page9-46,01KJP2SGRYQPGESDGRKTMMAJX4,01KJP2Q9Z7MR3VPYE4MH3SC9C8,A,C,0,0.0,01KJP2Q9Z7MR3VPYE4MH3SC9C8_01KJP2SGRYQPGESDGRKTMMAJX4,phase2_early,3,9
01KJP22PXRH9VYFY7Z1HZVNSMN,page9-46,01KJP2SGRYQPGESDGRKTMMAJX4,01KJP2RBVR6E36EKC8HYRAV5GF,A,A,1,0.0,01KJP2RBVR6E36EKC8HYRAV5GF_01KJP2SGRYQPGESDGRKTMMAJX4,phase2_early,3,6
01KJP22PXRH9VYFY7Z1HZVNSMN,page9-46,01KJP2Q9Z7MR3VPYE4MH3SC9C8,01KJP2RBVR6E36EKC8HYRAV5GF,C,A,0,0.2857142857142857,01KJP2Q9Z7MR3VPYE4MH3SC9C8_01KJP2RBVR6E36EKC8HYRAV5GF,phase2_early,9,6
01KJN6MMPQTMDYRN709968YFN1,page-B,01KJN78B0TFR8F59JDGD057XNS,01KJN79Y7T0VZNKHTSJRZWTDZ5,A,B,0,0.5,01KJN78B0TFR8F59JDGD057XNS_01KJN79Y7T0VZNKHTSJRZWTDZ5,phase2_final,2,1
01KJN6MMPQTMDYRN709968YFN1,page-B,01KJN78B0TFR8F59JDGD057XNS,01KJN788SPAKVVBHX9T9FDQWAF,A,B,0,1.0,01KJN788SPAKVVBHX9T9FDQWAF_01KJN78B0TFR8F59JDGD057XNS,phase2_final,2,2
01KJN6MMPQTMDYRN709968YFN1,page-B,01KJN78B0TFR8F59JDGD057XNS,01KJN791EPN054R2NTQQ1BFXJ5,A,A,1,0.5,01KJN78B0TFR8F59JDGD057XNS_01KJN791EPN054R2NTQQ1BFXJ5,phase2_final,2,4
01KJN6MMPQTMDYRN709968YFN1,page-B,01KJN78B0TFR8F59JDGD057XNS,01KJN78CQJ3KY7VMGAR6F3D4S0,A,B,0,0.5,01KJN78B0TFR8F59JDGD057XNS_01KJN78CQJ3KY7VMGAR6F3D4S0,phase2_final,2,1
01KJN6MMPQTMDYRN709968YFN1,page-B,01KJN78B0TFR8F59JDGD057XNS,01KJN78JVY5FN5QXW9XGGE72RG,A,A,1,0.3333333333333333,01KJN78B0TFR8F59JDGD057XNS_01KJN78JVY5FN5QXW9XGGE72RG,phase2_final,2,2
01KJN6MMPQTMDYRN709968YFN1,page-B,01KJN79Y7T0VZNKHTSJRZWTDZ5,01KJN788SPAKVVBHX9T9FDQWAF,B,B,1,0.5,01KJN788SPAKVVBHX9T9FDQWAF_01KJN79Y7T0VZNKHTSJRZWTDZ5,phase2_final,1,2
01KJN6MMPQTMDYRN709968YFN1,page-B,01KJN79Y7T0VZNKHTSJRZWTDZ5,01KJN791EPN054R2NTQQ1BFXJ5,B,A,0,0.25,01KJN791EPN054R2NTQQ1BFXJ5_01KJN79Y7T0VZNKHTSJRZWTDZ5,phase2_final,1,4
01KJN6MMPQTMDYRN709968YFN1,page-B,01KJN79Y7T0VZNKHTSJRZWTDZ5,01KJN78CQJ3KY7VMGAR6F3D4S0,B,B,1,1.0,01KJN78CQJ3KY7VMGAR6F3D4S0_01KJN79Y7T0VZNKHTSJRZWTDZ5,phase2_final,1,1
01KJN6MMPQTMDYRN709968YFN1,page-B,01KJN79Y7T0VZNKHTSJRZWTDZ5,01KJN78JVY5FN5QXW9XGGE72RG,B,A,0,0.0,01KJN78JVY5FN5QXW9XGGE72RG_01KJN79Y7T0VZNKHTSJRZWTDZ5,phase2_final,1,2
01KJN6MMPQTMDYRN709968YFN1,page-B,01KJN788SPAKVVBHX9T9FDQWAF,01KJN791EPN054R2NTQQ1BFXJ5,B,A,0,0.5,01KJN788SPAKVVBHX9T9FDQWAF_01KJN791EPN054R2NTQQ1BFXJ5,phase2_final,2,4
01KJN6MMPQTMDYRN709968YFN1,page-B,01KJN788SPAKVVBHX9T9FDQWAF,01KJN78CQJ3KY7VMGAR6F3D4S0,B,B,1,0.5,01KJN788SPAKVVBHX9T9FDQWAF_01KJN78CQJ3KY7VMGAR6F3D4S0,phase2_final,2,1
01KJN6MMPQTMDYRN709968YFN1,page-B,01KJN788SPAKVVBHX9T9FDQWAF,01KJN78JVY5FN5QXW9XGGE72RG,B,A,0,0.3333333333333333,01KJN788SPAKVVBHX9T9FDQWAF_01KJN78JVY5FN5QXW9XGGE72RG,phase2_final,2,2
01KJN6MMPQTMDYRN709968YFN1,page-B,01KJN791EPN054R2NTQQ1BFXJ5,01KJN78CQJ3KY7VMGAR6F3D4S0,A,B,0,0.25,01KJN78CQJ3KY7VMGAR6F3D4S0_01KJN791EPN054R2NTQQ1BFXJ5,phase2_final,4,1
01KJN6MMPQTMDYRN709968YFN1,page-B,01KJN791EPN054R2NTQQ1BFXJ5,01KJN78JVY5FN5QXW9XGGE72RG,A,A,1,0.5,01KJN78JVY5FN5QXW9XGGE72RG_01KJN791EPN054R2NTQQ1BFXJ5,phase2_final,4,2
01KJN6MMPQTMDYRN709968YFN1,page-B,01KJN78CQJ3KY7VMGAR6F3D4S0,01KJN78JVY5FN5QXW9XGGE72RG,B,A,0,0.0,01KJN78CQJ3KY7VMGAR6F3D4S0_01KJN78JVY5FN5QXW9XGGE72RG,phase2_final,1,2
01KJN6MMPQTMDYRN709968YFN1,page3-35,01KJN78B0TFR8F59JDGD057XNS,01KJN79Y7T0VZNKHTSJRZWTDZ5,A,B,0,0.3333333333333333,01KJN78B0TFR8F59JDGD057XNS_01KJN79Y7T0VZNKHTSJRZWTDZ5,phase2_final,5,1
01KJN6MMPQTMDYRN709968YFN1,page3-35,01KJN78B0TFR8F59JDGD057XNS,01KJN788SPAKVVBHX9T9FDQWAF,A,B,0,0.3333333333333333,01KJN788SPAKVVBHX9T9FDQWAF_01KJN78B0TFR8F59JDGD057XNS,phase2_final,5,1
01KJN6MMPQTMDYRN709968YFN1,page3-35,01KJN78B0TFR8F59JDGD057XNS,01KJN791EPN054R2NTQQ1BFXJ5,A,A,1,0.5,01KJN78B0TFR8F59JDGD057XNS_01KJN791EPN054R2NTQQ1BFXJ5,phase2_final,5,3
01KJN6MMPQTMDYRN709968YFN1,page3-35,01KJN78B0TFR8F59JDGD057XNS,01KJN78CQJ3KY7VMGAR6F3D4S0,A,B,0,0.3333333333333333,01KJN78B0TFR8F59JDGD057XNS_01KJN78CQJ3KY7VMGAR6F3D4S0,phase2_final,5,1
01KJN6MMPQTMDYRN709968YFN1,page3-35,01KJN78B0TFR8F59JDGD057XNS,01KJN78JVY5FN5QXW9XGGE72RG,A,A,1,0.3333333333333333,01KJN78B0TFR8F59JDGD057XNS_01KJN78JVY5FN5QXW9XGGE72RG,phase2_final,5,1
01KJN6MMPQTMDYRN709968YFN1,page3-35,01KJN79Y7T0VZNKHTSJRZWTDZ5,01KJN788SPAKVVBHX9T9FDQWAF,B,B,1,1.0,01KJN788SPAKVVBHX9T9FDQWAF_01KJN79Y7T0VZNKHTSJRZWTDZ5,phase2_final,1,1
01KJN6MMPQTMDYRN709968YFN1,page3-35,01KJN79Y7T0VZNKHTSJRZWTDZ5,01KJN791EPN054R2NTQQ1BFXJ5,B,A,0,0.3333333333333333,01KJN791EPN054R2NTQQ1BFXJ5_01KJN79Y7T0VZNKHTSJRZWTDZ5,phase2_final,1,3
01KJN6MMPQTMDYRN709968YFN1,page3-35,01KJN79Y7T0VZNKHTSJRZWTDZ5,01KJN78CQJ3KY7VMGAR6F3D4S0,B,B,1,1.0,01KJN78CQJ3KY7VMGAR6F3D4S0_01KJN79Y7T0VZNKHTSJRZWTDZ5,phase2_final,1,1
01KJN6MMPQTMDYRN709968YFN1,page3-35,01KJN79Y7T0VZNKHTSJRZWTDZ5,01KJN78JVY5FN5QXW9XGGE72RG,B,A,0,0.0,01KJN78JVY5FN5QXW9XGGE72RG_01KJN79Y7T0VZNKHTSJRZWTDZ5,phase2_final,1,1
01KJN6MMPQTMDYRN709968YFN1,page3-35,01KJN788SPAKVVBHX9T9FDQWAF,01KJN791EPN054R2NTQQ1BFXJ5,B,A,0,0.3333333333333333,01KJN788SPAKVVBHX9T9FDQWAF_01KJN791EPN054R2NTQQ1BFXJ5,phase2_final,1,3
01KJN6MMPQTMDYRN709968YFN1,page3-35,01KJN788SPAKVVBHX9T9FDQWAF,01KJN78CQJ3KY7VMGAR6F3D4S0,B,B,1,1.0,01KJN788SPAKVVBHX9T9FDQWAF_01KJN78CQJ3KY7VMGAR6F3D4S0,phase2_final,1,1
01KJN6MMPQTMDYRN709968YFN1,page3-35,01KJN788SPAKVVBHX9T9FDQWAF,01KJN78JVY5FN5QXW9XGGE72RG,B,A,0,0.0,01KJN788SPAKVVBHX9T9FDQWAF_01KJN78JVY5FN5QXW9XGGE72RG,phase2_final,1,1
01KJN6MMPQTMDYRN709968YFN1,page3-35,01KJN791EPN054R2NTQQ1BFXJ5,01KJN78CQJ3KY7VMGAR6F3D4S0,A,B,0,0.3333333333333333,01KJN78CQJ3KY7VMGAR6F3D4S0_01KJN791EPN054R2NTQQ1BFXJ5,phase2_final,3,1
01KJN6MMPQTMDYRN709968YFN1,page3-35,01KJN791EPN054R2NTQQ1BFXJ5,01KJN78JVY5FN5QXW9XGGE72RG,A,A,1,0.3333333333333333,01KJN78JVY5FN5QXW9XGGE72RG_01KJN791EPN054R2NTQQ1BFXJ5,phase2_final,3,1
01KJN6MMPQTMDYRN709968YFN1,page3-35,01KJN78CQJ3KY7VMGAR6F3D4S0,01KJN78JVY5FN5QXW9XGGE72RG,B,A,0,0.0,01KJN78CQJ3KY7VMGAR6F3D4S0_01KJN78JVY5FN5QXW9XGGE72RG,phase2_final,1,1
01KJN6MMPQTMDYRN709968YFN1,page5-28,01KJN78B0TFR8F59JDGD057XNS,01KJN79Y7T0VZNKHTSJRZWTDZ5,A,B,0,0.5,01KJN78B0TFR8F59JDGD057XNS_01KJN79Y7T0VZNKHTSJRZWTDZ5,phase2_final,7,2
01KJN6MMPQTMDYRN709968YFN1,page5-28,01KJN78B0TFR8F59JDGD057XNS,01KJN788SPAKVVBHX9T9FDQWAF,A,B,0,0.5,01KJN788SPAKVVBHX9T9FDQWAF_01KJN78B0TFR8F59JDGD057XNS,phase2_final,7,2
01KJN6MMPQTMDYRN709968YFN1,page5-28,01KJN78B0TFR8F59JDGD057XNS,01KJN791EPN054R2NTQQ1BFXJ5,A,A,1,0.5,01KJN78B0TFR8F59JDGD057XNS_01KJN791EPN054R2NTQQ1BFXJ5,phase2_final,7,2
01KJN6MMPQTMDYRN709968YFN1,page5-28,01KJN78B0TFR8F59JDGD057XNS,01KJN78CQJ3KY7VMGAR6F3D4S0,A,B,0,0.2,01KJN78B0TFR8F59JDGD057XNS_01KJN78CQJ3KY7VMGAR6F3D4S0,phase2_final,7,3
01KJN6MMPQTMDYRN709968YFN1,page5-28,01KJN78B0TFR8F59JDGD057XNS,01KJN78JVY5FN5QXW9XGGE72RG,A,A,1,0.5,01KJN78B0TFR8F59JDGD057XNS_01KJN78JVY5FN5QXW9XGGE72RG,phase2_final,7,2
01KJN6MMPQTMDYRN709968YFN1,page5-28,01KJN79Y7T0VZNKHTSJRZWTDZ5,01KJN788SPAKVVBHX9T9FDQWAF,B,B,1,1.0,01KJN788SPAKVVBHX9T9FDQWAF_01KJN79Y7T0VZNKHTSJRZWTDZ5,phase2_final,2,2
01KJN6MMPQTMDYRN709968YFN1,page5-28,01KJN79Y7T0VZNKHTSJRZWTDZ5,01KJN791EPN054R2NTQQ1BFXJ5,B,A,0,1.0,01KJN791EPN054R2NTQQ1BFXJ5_01KJN79Y7T0VZNKHTSJRZWTDZ5,phase2_final,2,2
01KJN6MMPQTMDYRN709968YFN1,page5-28,01KJN79Y7T0VZNKHTSJRZWTDZ5,01KJN78CQJ3KY7VMGAR6F3D4S0,B,B,1,0.3333333333333333,01KJN78CQJ3KY7VMGAR6F3D4S0_01KJN79Y7T0VZNKHTSJRZWTDZ5,phase2_final,2,3
01KJN6MMPQTMDYRN709968YFN1,page5-28,01KJN79Y7T0VZNKHTSJRZWTDZ5,01KJN78JVY5FN5QXW9XGGE72RG,B,A,0,1.0,01KJN78JVY5FN5QXW9XGGE72RG_01KJN79Y7T0VZNKHTSJRZWTDZ5,phase2_final,2,2
01KJN6MMPQTMDYRN709968YFN1,page5-28,01KJN788SPAKVVBHX9T9FDQWAF,01KJN791EPN054R2NTQQ1BFXJ5,B,A,0,1.0,01KJN788SPAKVVBHX9T9FDQWAF_01KJN791EPN054R2NTQQ1BFXJ5,phase2_final,2,2
01KJN6MMPQTMDYRN709968YFN1,page5-28,01KJN788SPAKVVBHX9T9FDQWAF,01KJN78CQJ3KY7VMGAR6F3D4S0,B,B,1,0.3333333333333333,01KJN788SPAKVVBHX9T9FDQWAF_01KJN78CQJ3KY7VMGAR6F3D4S0,phase2_final,2,3
01KJN6MMPQTMDYRN709968YFN1,page5-28,01KJN788SPAKVVBHX9T9FDQWAF,01KJN78JVY5FN5QXW9XGGE72RG,B,A,0,1.0,01KJN788SPAKVVBHX9T9FDQWAF_01KJN78JVY5FN5QXW9XGGE72RG,phase2_final,2,2
01KJN6MMPQTMDYRN709968YFN1,page5-28,01KJN791EPN054R2NTQQ1BFXJ5,01KJN78CQJ3KY7VMGAR6F3D4S0,A,B,0,0.3333333333333333,01KJN78CQJ3KY7VMGAR6F3D4S0_01KJN791EPN054R2NTQQ1BFXJ5,phase2_final,2,3
01KJN6MMPQTMDYRN709968YFN1,page5-28,01KJN791EPN054R2NTQQ1BFXJ5,01KJN78JVY5FN5QXW9XGGE72RG,A,A,1,1.0,01KJN78JVY5FN5QXW9XGGE72RG_01KJN791EPN054R2NTQQ1BFXJ5,phase2_final,2,2
01KJN6MMPQTMDYRN709968YFN1,page5-28,01KJN78CQJ3KY7VMGAR6F3D4S0,01KJN78JVY5FN5QXW9XGGE72RG,B,A,0,0.3333333333333333,01KJN78CQJ3KY7VMGAR6F3D4S0_01KJN78JVY5FN5QXW9XGGE72RG,phase2_final,3,2
01KJN6MMPQTMDYRN709968YFN1,page7-107,01KJN78B0TFR8F59JDGD057XNS,01KJN79Y7T0VZNKHTSJRZWTDZ5,A,B,0,0.25,01KJN78B0TFR8F59JDGD057XNS_01KJN79Y7T0VZNKHTSJRZWTDZ5,phase2_final,3,3
01KJN6MMPQTMDYRN709968YFN1,page7-107,01KJN78B0TFR8F59JDGD057XNS,01KJN788SPAKVVBHX9T9FDQWAF,A,B,0,0.6666666666666666,01KJN788SPAKVVBHX9T9FDQWAF_01KJN78B0TFR8F59JDGD057XNS,phase2_final,3,3
01KJN6MMPQTMDYRN709968YFN1,page7-107,01KJN78B0TFR8F59JDGD057XNS,01KJN78CQJ3KY7VMGAR6F3D4S0,A,B,0,0.25,01KJN78B0TFR8F59JDGD057XNS_01KJN78CQJ3KY7VMGAR6F3D4S0,phase2_final,3,3
01KJN6MMPQTMDYRN709968YFN1,page7-107,01KJN78B0TFR8F59JDGD057XNS,01KJN78JVY5FN5QXW9XGGE72RG,A,A,1,0.25,01KJN78B0TFR8F59JDGD057XNS_01KJN78JVY5FN5QXW9XGGE72RG,phase2_final,3,4
01KJN6MMPQTMDYRN709968YFN1,page7-107,01KJN79Y7T0VZNKHTSJRZWTDZ5,01KJN788SPAKVVBHX9T9FDQWAF,B,B,1,0.5,01KJN788SPAKVVBHX9T9FDQWAF_01KJN79Y7T0VZNKHTSJRZWTDZ5,phase2_final,3,3
01KJN6MMPQTMDYRN709968YFN1,page7-107,01KJN79Y7T0VZNKHTSJRZWTDZ5,01KJN78CQJ3KY7VMGAR6F3D4S0,B,B,1,0.5,01KJN78CQJ3KY7VMGAR6F3D4S0_01KJN79Y7T0VZNKHTSJRZWTDZ5,phase2_final,3,3
01KJN6MMPQTMDYRN709968YFN1,page7-107,01KJN79Y7T0VZNKHTSJRZWTDZ5,01KJN78JVY5FN5QXW9XGGE72RG,B,A,0,1.0,01KJN78JVY5FN5QXW9XGGE72RG_01KJN79Y7T0VZNKHTSJRZWTDZ5,phase2_final,3,4
01KJN6MMPQTMDYRN709968YFN1,page7-107,01KJN788SPAKVVBHX9T9FDQWAF,01KJN78CQJ3KY7VMGAR6F3D4S0,B,B,1,0.5,01KJN788SPAKVVBHX9T9FDQWAF_01KJN78CQJ3KY7VMGAR6F3D4S0,phase2_final,3,3
01KJN6MMPQTMDYRN709968YFN1,page7-107,01KJN788SPAKVVBHX9T9FDQWAF,01KJN78JVY5FN5QXW9XGGE72RG,B,A,0,0.5,01KJN788SPAKVVBHX9T9FDQWAF_01KJN78JVY5FN5QXW9XGGE72RG,phase2_final,3,4
01KJN6MMPQTMDYRN709968YFN1,page7-107,01KJN78CQJ3KY7VMGAR6F3D4S0,01KJN78JVY5FN5QXW9XGGE72RG,B,A,0,0.5,01KJN78CQJ3KY7VMGAR6F3D4S0_01KJN78JVY5FN5QXW9XGGE72RG,phase2_final,3,4
01KJN6MMPQTMDYRN709968YFN1,page7-255,01KJN78B0TFR8F59JDGD057XNS,01KJN79Y7T0VZNKHTSJRZWTDZ5,A,B,0,0.25,01KJN78B0TFR8F59JDGD057XNS_01KJN79Y7T0VZNKHTSJRZWTDZ5,phase2_final,5,1
01KJN6MMPQTMDYRN709968YFN1,page7-255,01KJN78B0TFR8F59JDGD057XNS,01KJN788SPAKVVBHX9T9FDQWAF,A,B,0,0.25,01KJN788SPAKVVBHX9T9FDQWAF_01KJN78B0TFR8F59JDGD057XNS,phase2_final,5,1
01KJN6MMPQTMDYRN709968YFN1,page7-255,01KJN78B0TFR8F59JDGD057XNS,01KJN791EPN054R2NTQQ1BFXJ5,A,A,1,0.0,01KJN78B0TFR8F59JDGD057XNS_01KJN791EPN054R2NTQQ1BFXJ5,phase2_final,5,5
01KJN6MMPQTMDYRN709968YFN1,page7-255,01KJN78B0TFR8F59JDGD057XNS,01KJN78CQJ3KY7VMGAR6F3D4S0,A,B,0,0.25,01KJN78B0TFR8F59JDGD057XNS_01KJN78CQJ3KY7VMGAR6F3D4S0,phase2_final,5,1
01KJN6MMPQTMDYRN709968YFN1,page7-255,01KJN78B0TFR8F59JDGD057XNS,01KJN78JVY5FN5QXW9XGGE72RG,A,A,1,0.2857142857142857,01KJN78B0TFR8F59JDGD057XNS_01KJN78JVY5FN5QXW9XGGE72RG,phase2_final,5,6
01KJN6MMPQTMDYRN709968YFN1,page7-255,01KJN79Y7T0VZNKHTSJRZWTDZ5,01KJN788SPAKVVBHX9T9FDQWAF,B,B,1,1.0,01KJN788SPAKVVBHX9T9FDQWAF_01KJN79Y7T0VZNKHTSJRZWTDZ5,phase2_final,1,1
01KJN6MMPQTMDYRN709968YFN1,page7-255,01KJN79Y7T0VZNKHTSJRZWTDZ5,01KJN791EPN054R2NTQQ1BFXJ5,B,A,0,0.0,01KJN791EPN054R2NTQQ1BFXJ5_01KJN79Y7T0VZNKHTSJRZWTDZ5,phase2_final,1,5
01KJN6MMPQTMDYRN709968YFN1,page7-255,01KJN79Y7T0VZNKHTSJRZWTDZ5,01KJN78CQJ3KY7VMGAR6F3D4S0,B,B,1,1.0,01KJN78CQJ3KY7VMGAR6F3D4S0_01KJN79Y7T0VZNKHTSJRZWTDZ5,phase2_final,1,1
01KJN6MMPQTMDYRN709968YFN1,page7-255,01KJN79Y7T0VZNKHTSJRZWTDZ5,01KJN78JVY5FN5QXW9XGGE72RG,B,A,0,0.2,01KJN78JVY5FN5QXW9XGGE72RG_01KJN79Y7T0VZNKHTSJRZWTDZ5,phase2_final,1,6
01KJN6MMPQTMDYRN709968YFN1,page7-255,01KJN788SPAKVVBHX9T9FDQWAF,01KJN791EPN054R2NTQQ1BFXJ5,B,A,0,0.0,01KJN788SPAKVVBHX9T9FDQWAF_01KJN791EPN054R2NTQQ1BFXJ5,phase2_final,1,5
01KJN6MMPQTMDYRN709968YFN1,page7-255,01KJN788SPAKVVBHX9T9FDQWAF,01KJN78CQJ3KY7VMGAR6F3D4S0,B,B,1,1.0,01KJN788SPAKVVBHX9T9FDQWAF_01KJN78CQJ3KY7VMGAR6F3D4S0,phase2_final,1,1
01KJN6MMPQTMDYRN709968YFN1,page7-255,01KJN788SPAKVVBHX9T9FDQWAF,01KJN78JVY5FN5QXW9XGGE72RG,B,A,0,0.2,01KJN788SPAKVVBHX9T9FDQWAF_01KJN78JVY5FN5QXW9XGGE72RG,phase2_final,1,6
01KJN6MMPQTMDYRN709968YFN1,page7-255,01KJN791EPN054R2NTQQ1BFXJ5,01KJN78CQJ3KY7VMGAR6F3D4S0,A,B,0,0.0,01KJN78CQJ3KY7VMGAR6F3D4S0_01KJN791EPN054R2NTQQ1BFXJ5,phase2_final,5,1
01KJN6MMPQTMDYRN709968YFN1,page7-255,01KJN791EPN054R2NTQQ1BFXJ5,01KJN78JVY5FN5QXW9XGGE72RG,A,A,1,0.5,01KJN78JVY5FN5QXW9XGGE72RG_01KJN791EPN054R2NTQQ1BFXJ5,phase2_final,5,6
01KJN6MMPQTMDYRN709968YFN1,page7-255,01KJN78CQJ3KY7VMGAR6F3D4S0,01KJN78JVY5FN5QXW9XGGE72RG,B,A,0,0.2,01KJN78CQJ3KY7VMGAR6F3D4S0_01KJN78JVY5FN5QXW9XGGE72RG,phase2_final,1,6
01KJN6MMPQTMDYRN709968YFN1,page9-46,01KJN78B0TFR8F59JDGD057XNS,01KJN79Y7T0VZNKHTSJRZWTDZ5,A,B,0,0.09090909090909091,01KJN78B0TFR8F59JDGD057XNS_01KJN79Y7T0VZNKHTSJRZWTDZ5,phase2_final,6,8
01KJN6MMPQTMDYRN709968YFN1,page9-46,01KJN78B0TFR8F59JDGD057XNS,01KJN788SPAKVVBHX9T9FDQWAF,A,B,0,0.25,01KJN788SPAKVVBHX9T9FDQWAF_01KJN78B0TFR8F59JDGD057XNS,phase2_final,6,4
01KJN6MMPQTMDYRN709968YFN1,page9-46,01KJN78B0TFR8F59JDGD057XNS,01KJN791EPN054R2NTQQ1BFXJ5,A,A,1,0.25,01KJN78B0TFR8F59JDGD057XNS_01KJN791EPN054R2NTQQ1BFXJ5,phase2_final,6,6
01KJN6MMPQTMDYRN709968YFN1,page9-46,01KJN78B0TFR8F59JDGD057XNS,01KJN78CQJ3KY7VMGAR6F3D4S0,A,B,0,0.125,01KJN78B0TFR8F59JDGD057XNS_01KJN78CQJ3KY7VMGAR6F3D4S0,phase2_final,6,3
01KJN6MMPQTMDYRN709968YFN1,page9-46,01KJN78B0TFR8F59JDGD057XNS,01KJN78JVY5FN5QXW9XGGE72RG,A,A,1,0.42857142857142855,01KJN78B0TFR8F59JDGD057XNS_01KJN78JVY5FN5QXW9XGGE72RG,phase2_final,6,4
01KJN6MMPQTMDYRN709968YFN1,page9-46,01KJN79Y7T0VZNKHTSJRZWTDZ5,01KJN788SPAKVVBHX9T9FDQWAF,B,B,1,0.1111111111111111,01KJN788SPAKVVBHX9T9FDQWAF_01KJN79Y7T0VZNKHTSJRZWTDZ5,phase2_final,8,4
01KJN6MMPQTMDYRN709968YFN1,page9-46,01KJN79Y7T0VZNKHTSJRZWTDZ5,01KJN791EPN054R2NTQQ1BFXJ5,B,A,0,0.42857142857142855,01KJN791EPN054R2NTQQ1BFXJ5_01KJN79Y7T0VZNKHTSJRZWTDZ5,phase2_final,8,6
01KJN6MMPQTMDYRN709968YFN1,page9-46,01KJN79Y7T0VZNKHTSJRZWTDZ5,01KJN78CQJ3KY7VMGAR6F3D4S0,B,B,1,0.125,01KJN78CQJ3KY7VMGAR6F3D4S0_01KJN79Y7T0VZNKHTSJRZWTDZ5,phase2_final,8,3
01KJN6MMPQTMDYRN709968YFN1,page9-46,01KJN79Y7T0VZNKHTSJRZWTDZ5,01KJN78JVY5FN5QXW9XGGE72RG,B,A,0,0.25,01KJN78JVY5FN5QXW9XGGE72RG_01KJN79Y7T0VZNKHTSJRZWTDZ5,phase2_final,8,4
01KJN6MMPQTMDYRN709968YFN1,page9-46,01KJN788SPAKVVBHX9T9FDQWAF,01KJN791EPN054R2NTQQ1BFXJ5,B,A,0,0.14285714285714285,01KJN788SPAKVVBHX9T9FDQWAF_01KJN791EPN054R2NTQQ1BFXJ5,phase2_final,4,6
01KJN6MMPQTMDYRN709968YFN1,page9-46,01KJN788SPAKVVBHX9T9FDQWAF,01KJN78CQJ3KY7VMGAR6F3D4S0,B,B,1,0.4,01KJN788SPAKVVBHX9T9FDQWAF_01KJN78CQJ3KY7VMGAR6F3D4S0,phase2_final,4,3
01KJN6MMPQTMDYRN709968YFN1,page9-46,01KJN788SPAKVVBHX9T9FDQWAF,01KJN78JVY5FN5QXW9XGGE72RG,B,A,0,0.3333333333333333,01KJN788SPAKVVBHX9T9FDQWAF_01KJN78JVY5FN5QXW9XGGE72RG,phase2_final,4,4
01KJN6MMPQTMDYRN709968YFN1,page9-46,01KJN791EPN054R2NTQQ1BFXJ5,01KJN78CQJ3KY7VMGAR6F3D4S0,A,B,0,0.16666666666666666,01KJN78CQJ3KY7VMGAR6F3D4S0_01KJN791EPN054R2NTQQ1BFXJ5,phase2_final,6,3
01KJN6MMPQTMDYRN709968YFN1,page9-46,01KJN791EPN054R2NTQQ1BFXJ5,01KJN78JVY5FN5QXW9XGGE72RG,A,A,1,0.6,01KJN78JVY5FN5QXW9XGGE72RG_01KJN791EPN054R2NTQQ1BFXJ5,phase2_final,6,4
01KJN6MMPQTMDYRN709968YFN1,page9-46,01KJN78CQJ3KY7VMGAR6F3D4S0,01KJN78JVY5FN5QXW9XGGE72RG,B,A,0,0.4,01KJN78CQJ3KY7VMGAR6F3D4S0_01KJN78JVY5FN5QXW9XGGE72RG,phase2_final,3,4
01KJN6MMPQTMDYRN709DP5DSDA,page-B,01KJN79PCAAMFX7P2QF70Y3HJM,01KJN79ZQD1E4YD03FE5CGJY8K,A,C,0,0.0,01KJN79PCAAMFX7P2QF70Y3HJM_01KJN79ZQD1E4YD03FE5CGJY8K,phase2_final,2,1
01KJN6MMPQTMDYRN709DP5DSDA,page-B,01KJN79PCAAMFX7P2QF70Y3HJM,01KJN7B4V2673GK7HGVSG52R2P,A,B,0,0.25,01KJN79PCAAMFX7P2QF70Y3HJM_01KJN7B4V2673GK7HGVSG52R2P,phase2_final,2,4
01KJN6MMPQTMDYRN709DP5DSDA,page-B,01KJN79PCAAMFX7P2QF70Y3HJM,01KJN77XQHYQ5TVVY4HZM02E7R,A,C,0,1.0,01KJN77XQHYQ5TVVY4HZM02E7R_01KJN79PCAAMFX7P2QF70Y3HJM,phase2_final,2,2
01KJN6MMPQTMDYRN709DP5DSDA,page-B,01KJN79PCAAMFX7P2QF70Y3HJM,01KJN79ZRTRDMY6RH8ZCYCM9NV,A,A,1,1.0,01KJN79PCAAMFX7P2QF70Y3HJM_01KJN79ZRTRDMY6RH8ZCYCM9NV,phase2_final,2,2
01KJN6MMPQTMDYRN709DP5DSDA,page-B,01KJN79PCAAMFX7P2QF70Y3HJM,01KJN7AAWT4GWKRZ7B9775509P,A,B,0,0.25,01KJN79PCAAMFX7P2QF70Y3HJM_01KJN7AAWT4GWKRZ7B9775509P,phase2_final,2,4
01KJN6MMPQTMDYRN709DP5DSDA,page-B,01KJN79PCAAMFX7P2QF70Y3HJM,01KJN7931DXZ65NXTWK1GNEZMW,A,C,0,0.6666666666666666,01KJN7931DXZ65NXTWK1GNEZMW_01KJN79PCAAMFX7P2QF70Y3HJM,phase2_final,2,3
01KJN6MMPQTMDYRN709DP5DSDA,page-B,01KJN79PCAAMFX7P2QF70Y3HJM,01KJN7B32C1C5254NSG6ZK1GRK,A,A,1,1.0,01KJN79PCAAMFX7P2QF70Y3HJM_01KJN7B32C1C5254NSG6ZK1GRK,phase2_final,2,2
01KJN6MMPQTMDYRN709DP5DSDA,page-B,01KJN79PCAAMFX7P2QF70Y3HJM,01KJN7BYA5X3A2G30KZECRY2HY,A,B,0,0.25,01KJN79PCAAMFX7P2QF70Y3HJM_01KJN7BYA5X3A2G30KZECRY2HY,phase2_final,2,5
01KJN6MMPQTMDYRN709DP5DSDA,page-B,01KJN79ZQD1E4YD03FE5CGJY8K,01KJN7B4V2673GK7HGVSG52R2P,C,B,0,0.0,01KJN79ZQD1E4YD03FE5CGJY8K_01KJN7B4V2673GK7HGVSG52R2P,phase2_final,1,4
01KJN6MMPQTMDYRN709DP5DSDA,page-B,01KJN79ZQD1E4YD03FE5CGJY8K,01KJN77XQHYQ5TVVY4HZM02E7R,C,C,1,0.0,01KJN77XQHYQ5TVVY4HZM02E7R_01KJN79ZQD1E4YD03FE5CGJY8K,phase2_final,1,2
01KJN6MMPQTMDYRN709DP5DSDA,page-B,01KJN79ZQD1E4YD03FE5CGJY8K,01KJN79ZRTRDMY6RH8ZCYCM9NV,C,A,0,0.0,01KJN79ZQD1E4YD03FE5CGJY8K_01KJN79ZRTRDMY6RH8ZCYCM9NV,phase2_final,1,2
01KJN6MMPQTMDYRN709DP5DSDA,page-B,01KJN79ZQD1E4YD03FE5CGJY8K,01KJN7AAWT4GWKRZ7B9775509P,C,B,0,0.0,01KJN79ZQD1E4YD03FE5CGJY8K_01KJN7AAWT4GWKRZ7B9775509P,phase2_final,1,4
01KJN6MMPQTMDYRN709DP5DSDA,page-B,01KJN79ZQD1E4YD03FE5CGJY8K,01KJN7931DXZ65NXTWK1GNEZMW,C,C,1,0.0,01KJN7931DXZ65NXTWK1GNEZMW_01KJN79ZQD1E4YD03FE5CGJY8K,phase2_final,1,3
01KJN6MMPQTMDYRN709DP5DSDA,page-B,01KJN79ZQD1E4YD03FE5CGJY8K,01KJN7B32C1C5254NSG6ZK1GRK,C,A,0,0.0,01KJN79ZQD1E4YD03FE5CGJY8K_01KJN7B32C1C5254NSG6ZK1GRK,phase2_final,1,2
01KJN6MMPQTMDYRN709DP5DSDA,page-B,01KJN79ZQD1E4YD03FE5CGJY8K,01KJN7BYA5X3A2G30KZECRY2HY,C,B,0,0.0,01KJN79ZQD1E4YD03FE5CGJY8K_01KJN7BYA5X3A2G30KZECRY2HY,phase2_final,1,5
01KJN6MMPQTMDYRN709DP5DSDA,page-B,01KJN7B4V2673GK7HGVSG52R2P,01KJN77XQHYQ5TVVY4HZM02E7R,B,C,0,0.25,01KJN77XQHYQ5TVVY4HZM02E7R_01KJN7B4V2673GK7HGVSG52R2P,phase2_final,4,2
01KJN6MMPQTMDYRN709DP5DSDA,page-B,01KJN7B4V2673GK7HGVSG52R2P,01KJN79ZRTRDMY6RH8ZCYCM9NV,B,A,0,0.25,01KJN79ZRTRDMY6RH8ZCYCM9NV_01KJN7B4V2673GK7HGVSG52R2P,phase2_final,4,2
01KJN6MMPQTMDYRN709DP5DSDA,page-B,01KJN7B4V2673GK7HGVSG52R2P,01KJN7AAWT4GWKRZ7B9775509P,B,B,1,1.0,01KJN7AAWT4GWKRZ7B9775509P_01KJN7B4V2673GK7HGVSG52R2P,phase2_final,4,4
01KJN6MMPQTMDYRN709DP5DSDA,page-B,01KJN7B4V2673GK7HGVSG52R2P,01KJN7931DXZ65NXTWK1GNEZMW,B,C,0,0.2,01KJN7931DXZ65NXTWK1GNEZMW_01KJN7B4V2673GK7HGVSG52R2P,phase2_final,4,3
01KJN6MMPQTMDYRN709DP5DSDA,page-B,01KJN7B4V2673GK7HGVSG52R2P,01KJN7B32C1C5254NSG6ZK1GRK,B,A,0,0.25,01KJN7B32C1C5254NSG6ZK1GRK_01KJN7B4V2673GK7HGVSG52R2P,phase2_final,4,2
01KJN6MMPQTMDYRN709DP5DSDA,page-B,01KJN7B4V2673GK7HGVSG52R2P,01KJN7BYA5X3A2G30KZECRY2HY,B,B,1,0.5,01KJN7B4V2673GK7HGVSG52R2P_01KJN7BYA5X3A2G30KZECRY2HY,phase2_final,4,5
01KJN6MMPQTMDYRN709DP5DSDA,page-B,01KJN77XQHYQ5TVVY4HZM02E7R,01KJN79ZRTRDMY6RH8ZCYCM9NV,C,A,0,1.0,01KJN77XQHYQ5TVVY4HZM02E7R_01KJN79ZRTRDMY6RH8ZCYCM9NV,phase2_final,2,2
01KJN6MMPQTMDYRN709DP5DSDA,page-B,01KJN77XQHYQ5TVVY4HZM02E7R,01KJN7AAWT4GWKRZ7B9775509P,C,B,0,0.25,01KJN77XQHYQ5TVVY4HZM02E7R_01KJN7AAWT4GWKRZ7B9775509P,phase2_final,2,4
01KJN6MMPQTMDYRN709DP5DSDA,page-B,01KJN77XQHYQ5TVVY4HZM02E7R,01KJN7931DXZ65NXTWK1GNEZMW,C,C,1,0.6666666666666666,01KJN77XQHYQ5TVVY4HZM02E7R_01KJN7931DXZ65NXTWK1GNEZMW,phase2_final,2,3
01KJN6MMPQTMDYRN709DP5DSDA,page-B,01KJN77XQHYQ5TVVY4HZM02E7R,01KJN7B32C1C5254NSG6ZK1GRK,C,A,0,1.0,01KJN77XQHYQ5TVVY4HZM02E7R_01KJN7B32C1C5254NSG6ZK1GRK,phase2_final,2,2
01KJN6MMPQTMDYRN709DP5DSDA,page-B,01KJN77XQHYQ5TVVY4HZM02E7R,01KJN7BYA5X3A2G30KZECRY2HY,C,B,0,0.25,01KJN77XQHYQ5TVVY4HZM02E7R_01KJN7BYA5X3A2G30KZECRY2HY,phase2_final,2,5
01KJN6MMPQTMDYRN709DP5DSDA,page-B,01KJN79ZRTRDMY6RH8ZCYCM9NV,01KJN7AAWT4GWKRZ7B9775509P,A,B,0,0.25,01KJN79ZRTRDMY6RH8ZCYCM9NV_01KJN7AAWT4GWKRZ7B9775509P,phase2_final,2,4
01KJN6MMPQTMDYRN709DP5DSDA,page-B,01KJN79ZRTRDMY6RH8ZCYCM9NV,01KJN7931DXZ65NXTWK1GNEZMW,A,C,0,0.6666666666666666,01KJN7931DXZ65NXTWK1GNEZMW_01KJN79ZRTRDMY6RH8ZCYCM9NV,phase2_final,2,3
01KJN6MMPQTMDYRN709DP5DSDA,page-B,01KJN79ZRTRDMY6RH8ZCYCM9NV,01KJN7B32C1C5254NSG6ZK1GRK,A,A,1,1.0,01KJN79ZRTRDMY6RH8ZCYCM9NV_01KJN7B32C1C5254NSG6ZK1GRK,phase2_final,2,2
01KJN6MMPQTMDYRN709DP5DSDA,page-B,01KJN79ZRTRDMY6RH8ZCYCM9NV,01KJN7BYA5X3A2G30KZECRY2HY,A,B,0,0.25,01KJN79ZRTRDMY6RH8ZCYCM9NV_01KJN7BYA5X3A2G30KZECRY2HY,phase2_final,2,5
01KJN6MMPQTMDYRN709DP5DSDA,page-B,01KJN7AAWT4GWKRZ7B9775509P,01KJN7931DXZ65NXTWK1GNEZMW,B,C,0,0.2,01KJN7931DXZ65NXTWK1GNEZMW_01KJN7AAWT4GWKRZ7B9775509P,phase2_final,4,3
01KJN6MMPQTMDYRN709DP5DSDA,page-B,01KJN7AAWT4GWKRZ7B9775509P,01KJN7B32C1C5254NSG6ZK1GRK,B,A,0,0.25,01KJN7AAWT4GWKRZ7B9775509P_01KJN7B32C1C5254NSG6ZK1GRK,phase2_final,4,2
01KJN6MMPQTMDYRN709DP5DSDA,page-B,01KJN7AAWT4GWKRZ7B9775509P,01KJN7BYA5X3A2G30KZECRY2HY,B,B,1,0.5,01KJN7AAWT4GWKRZ7B9775509P_01KJN7BYA5X3A2G30KZECRY2HY,phase2_final,4,5
01KJN6MMPQTMDYRN709DP5DSDA,page-B,01KJN7931DXZ65NXTWK1GNEZMW,01KJN7B32C1C5254NSG6ZK1GRK,C,A,0,0.6666666666666666,01KJN7931DXZ65NXTWK1GNEZMW_01KJN7B32C1C5254NSG6ZK1GRK,phase2_final,3,2
01KJN6MMPQTMDYRN709DP5DSDA,page-B,01KJN7931DXZ65NXTWK1GNEZMW,01KJN7BYA5X3A2G30KZECRY2HY,C,B,0,0.2,01KJN7931DXZ65NXTWK1GNEZMW_01KJN7BYA5X3A2G30KZECRY2HY,phase2_final,3,5
01KJN6MMPQTMDYRN709DP5DSDA,page-B,01KJN7B32C1C5254NSG6ZK1GRK,01KJN7BYA5X3A2G30KZECRY2HY,A,B,0,0.25,01KJN7B32C1C5254NSG6ZK1GRK_01KJN7BYA5X3A2G30KZECRY2HY,phase2_final,2,5
01KJN6MMPQTMDYRN709DP5DSDA,page3-35,01KJN79PCAAMFX7P2QF70Y3HJM,01KJN79ZQD1E4YD03FE5CGJY8K,A,C,0,0.0,01KJN79PCAAMFX7P2QF70Y3HJM_01KJN79ZQD1E4YD03FE5CGJY8K,phase2_final,1,1
01KJN6MMPQTMDYRN709DP5DSDA,page3-35,01KJN79PCAAMFX7P2QF70Y3HJM,01KJN7B4V2673GK7HGVSG52R2P,A,B,0,0.0,01KJN79PCAAMFX7P2QF70Y3HJM_01KJN7B4V2673GK7HGVSG52R2P,phase2_final,1,1
01KJN6MMPQTMDYRN709DP5DSDA,page3-35,01KJN79PCAAMFX7P2QF70Y3HJM,01KJN77XQHYQ5TVVY4HZM02E7R,A,C,0,0.0,01KJN77XQHYQ5TVVY4HZM02E7R_01KJN79PCAAMFX7P2QF70Y3HJM,phase2_final,1,1
01KJN6MMPQTMDYRN709DP5DSDA,page3-35,01KJN79PCAAMFX7P2QF70Y3HJM,01KJN79ZRTRDMY6RH8ZCYCM9NV,A,A,1,0.0,01KJN79PCAAMFX7P2QF70Y3HJM_01KJN79ZRTRDMY6RH8ZCYCM9NV,phase2_final,1,1
01KJN6MMPQTMDYRN709DP5DSDA,page3-35,01KJN79PCAAMFX7P2QF70Y3HJM,01KJN7AAWT4GWKRZ7B9775509P,A,B,0,0.0,01KJN79PCAAMFX7P2QF70Y3HJM_01KJN7AAWT4GWKRZ7B9775509P,phase2_final,1,1
01KJN6MMPQTMDYRN709DP5DSDA,page3-35,01KJN79PCAAMFX7P2QF70Y3HJM,01KJN7931DXZ65NXTWK1GNEZMW,A,C,0,0.5,01KJN7931DXZ65NXTWK1GNEZMW_01KJN79PCAAMFX7P2QF70Y3HJM,phase2_final,1,2
01KJN6MMPQTMDYRN709DP5DSDA,page3-35,01KJN79PCAAMFX7P2QF70Y3HJM,01KJN7B32C1C5254NSG6ZK1GRK,A,A,1,0.0,01KJN79PCAAMFX7P2QF70Y3HJM_01KJN7B32C1C5254NSG6ZK1GRK,phase2_final,1,1
01KJN6MMPQTMDYRN709DP5DSDA,page3-35,01KJN79PCAAMFX7P2QF70Y3HJM,01KJN7BYA5X3A2G30KZECRY2HY,A,B,0,0.0,01KJN79PCAAMFX7P2QF70Y3HJM_01KJN7BYA5X3A2G30KZECRY2HY,phase2_final,1,1
01KJN6MMPQTMDYRN709DP5DSDA,page3-35,01KJN79ZQD1E4YD03FE5CGJY8K,01KJN7B4V2673GK7HGVSG52R2P,C,B,0,0.0,01KJN79ZQD1E4YD03FE5CGJY8K_01KJN7B4V2673GK7HGVSG52R2P,phase2_final,1,1
01KJN6MMPQTMDYRN709DP5DSDA,page3-35,01KJN79ZQD1E4YD03FE5CGJY8K,01KJN77XQHYQ5TVVY4HZM02E7R,C,C,1,0.0,01KJN77XQHYQ5TVVY4HZM02E7R_01KJN79ZQD1E4YD03FE5CGJY8K,phase2_final,1,1
01KJN6MMPQTMDYRN709DP5DSDA,page3-35,01KJN79ZQD1E4YD03FE5CGJY8K,01KJN79ZRTRDMY6RH8ZCYCM9NV,C,A,0,0.0,01KJN79ZQD1E4YD03FE5CGJY8K_01KJN79ZRTRDMY6RH8ZCYCM9NV,phase2_final,1,1
01KJN6MMPQTMDYRN709DP5DSDA,page3-35,01KJN79ZQD1E4YD03FE5CGJY8K,01KJN7AAWT4GWKRZ7B9775509P,C,B,0,0.0,01KJN79ZQD1E4YD03FE5CGJY8K_01KJN7AAWT4GWKRZ7B9775509P,phase2_final,1,1
01KJN6MMPQTMDYRN709DP5DSDA,page3-35,01KJN79ZQD1E4YD03FE5CGJY8K,01KJN7931DXZ65NXTWK1GNEZMW,C,C,1,0.0,01KJN7931DXZ65NXTWK1GNEZMW_01KJN79ZQD1E4YD03FE5CGJY8K,phase2_final,1,2
01KJN6MMPQTMDYRN709DP5DSDA,page3-35,01KJN79ZQD1E4YD03FE5CGJY8K,01KJN7B32C1C5254NSG6ZK1GRK,C,A,0,1.0,01KJN79ZQD1E4YD03FE5CGJY8K_01KJN7B32C1C5254NSG6ZK1GRK,phase2_final,1,1
01KJN6MMPQTMDYRN709DP5DSDA,page3-35,01KJN79ZQD1E4YD03FE5CGJY8K,01KJN7BYA5X3A2G30KZECRY2HY,C,B,0,0.0,01KJN79ZQD1E4YD03FE5CGJY8K_01KJN7BYA5X3A2G30KZECRY2HY,phase2_final,1,1
01KJN6MMPQTMDYRN709DP5DSDA,page3-35,01KJN7B4V2673GK7HGVSG52R2P,01KJN77XQHYQ5TVVY4HZM02E7R,B,C,0,0.0,01KJN77XQHYQ5TVVY4HZM02E7R_01KJN7B4V2673GK7HGVSG52R2P,phase2_final,1,1
01KJN6MMPQTMDYRN709DP5DSDA,page3-35,01KJN7B4V2673GK7HGVSG52R2P,01KJN79ZRTRDMY6RH8ZCYCM9NV,B,A,0,0.0,01KJN79ZRTRDMY6RH8ZCYCM9NV_01KJN7B4V2673GK7HGVSG52R2P,phase2_final,1,1
01KJN6MMPQTMDYRN709DP5DSDA,page3-35,01KJN7B4V2673GK7HGVSG52R2P,01KJN7AAWT4GWKRZ7B9775509P,B,B,1,1.0,01KJN7AAWT4GWKRZ7B9775509P_01KJN7B4V2673GK7HGVSG52R2P,phase2_final,1,1
01KJN6MMPQTMDYRN709DP5DSDA,page3-35,01KJN7B4V2673GK7HGVSG52R2P,01KJN7931DXZ65NXTWK1GNEZMW,B,C,0,0.0,01KJN7931DXZ65NXTWK1GNEZMW_01KJN7B4V2673GK7HGVSG52R2P,phase2_final,1,2
01KJN6MMPQTMDYRN709DP5DSDA,page3-35,01KJN7B4V2673GK7HGVSG52R2P,01KJN7B32C1C5254NSG6ZK1GRK,B,A,0,0.0,01KJN7B32C1C5254NSG6ZK1GRK_01KJN7B4V2673GK7HGVSG52R2P,phase2_final,1,1
01KJN6MMPQTMDYRN709DP5DSDA,page3-35,01KJN7B4V2673GK7HGVSG52R2P,01KJN7BYA5X3A2G30KZECRY2HY,B,B,1,1.0,01KJN7B4V2673GK7HGVSG52R2P_01KJN7BYA5X3A2G30KZECRY2HY,phase2_final,1,1
01KJN6MMPQTMDYRN709DP5DSDA,page3-35,01KJN77XQHYQ5TVVY4HZM02E7R,01KJN79ZRTRDMY6RH8ZCYCM9NV,C,A,0,0.0,01KJN77XQHYQ5TVVY4HZM02E7R_01KJN79ZRTRDMY6RH8ZCYCM9NV,phase2_final,1,1
01KJN6MMPQTMDYRN709DP5DSDA,page3-35,01KJN77XQHYQ5TVVY4HZM02E7R,01KJN7AAWT4GWKRZ7B9775509P,C,B,0,0.0,01KJN77XQHYQ5TVVY4HZM02E7R_01KJN7AAWT4GWKRZ7B9775509P,phase2_final,1,1
01KJN6MMPQTMDYRN709DP5DSDA,page3-35,01KJN77XQHYQ5TVVY4HZM02E7R,01KJN7931DXZ65NXTWK1GNEZMW,C,C,1,0.0,01KJN77XQHYQ5TVVY4HZM02E7R_01KJN7931DXZ65NXTWK1GNEZMW,phase2_final,1,2
01KJN6MMPQTMDYRN709DP5DSDA,page3-35,01KJN77XQHYQ5TVVY4HZM02E7R,01KJN7B32C1C5254NSG6ZK1GRK,C,A,0,0.0,01KJN77XQHYQ5TVVY4HZM02E7R_01KJN7B32C1C5254NSG6ZK1GRK,phase2_final,1,1
01KJN6MMPQTMDYRN709DP5DSDA,page3-35,01KJN77XQHYQ5TVVY4HZM02E7R,01KJN7BYA5X3A2G30KZECRY2HY,C,B,0,0.0,01KJN77XQHYQ5TVVY4HZM02E7R_01KJN7BYA5X3A2G30KZECRY2HY,phase2_final,1,1
01KJN6MMPQTMDYRN709DP5DSDA,page3-35,01KJN79ZRTRDMY6RH8ZCYCM9NV,01KJN7AAWT4GWKRZ7B9775509P,A,B,0,0.0,01KJN79ZRTRDMY6RH8ZCYCM9NV_01KJN7AAWT4GWKRZ7B9775509P,phase2_final,1,1
01KJN6MMPQTMDYRN709DP5DSDA,page3-35,01KJN79ZRTRDMY6RH8ZCYCM9NV,01KJN7931DXZ65NXTWK1GNEZMW,A,C,0,0.0,01KJN7931DXZ65NXTWK1GNEZMW_01KJN79ZRTRDMY6RH8ZCYCM9NV,phase2_final,1,2
01KJN6MMPQTMDYRN709DP5DSDA,page3-35,01KJN79ZRTRDMY6RH8ZCYCM9NV,01KJN7B32C1C5254NSG6ZK1GRK,A,A,1,0.0,01KJN79ZRTRDMY6RH8ZCYCM9NV_01KJN7B32C1C5254NSG6ZK1GRK,phase2_final,1,1
01KJN6MMPQTMDYRN709DP5DSDA,page3-35,01KJN79ZRTRDMY6RH8ZCYCM9NV,01KJN7BYA5X3A2G30KZECRY2HY,A,B,0,0.0,01KJN79ZRTRDMY6RH8ZCYCM9NV_01KJN7BYA5X3A2G30KZECRY2HY,phase2_final,1,1
01KJN6MMPQTMDYRN709DP5DSDA,page3-35,01KJN7AAWT4GWKRZ7B9775509P,01KJN7931DXZ65NXTWK1GNEZMW,B,C,0,0.0,01KJN7931DXZ65NXTWK1GNEZMW_01KJN7AAWT4GWKRZ7B9775509P,phase2_final,1,2
01KJN6MMPQTMDYRN709DP5DSDA,page3-35,01KJN7AAWT4GWKRZ7B9775509P,01KJN7B32C1C5254NSG6ZK1GRK,B,A,0,0.0,01KJN7AAWT4GWKRZ7B9775509P_01KJN7B32C1C5254NSG6ZK1GRK,phase2_final,1,1
01KJN6MMPQTMDYRN709DP5DSDA,page3-35,01KJN7AAWT4GWKRZ7B9775509P,01KJN7BYA5X3A2G30KZECRY2HY,B,B,1,1.0,01KJN7AAWT4GWKRZ7B9775509P_01KJN7BYA5X3A2G30KZECRY2HY,phase2_final,1,1
01KJN6MMPQTMDYRN709DP5DSDA,page3-35,01KJN7931DXZ65NXTWK1GNEZMW,01KJN7B32C1C5254NSG6ZK1GRK,C,A,0,0.0,01KJN7931DXZ65NXTWK1GNEZMW_01KJN7B32C1C5254NSG6ZK1GRK,phase2_final,2,1
01KJN6MMPQTMDYRN709DP5DSDA,page3-35,01KJN7931DXZ65NXTWK1GNEZMW,01KJN7BYA5X3A2G30KZECRY2HY,C,B,0,0.0,01KJN7931DXZ65NXTWK1GNEZMW_01KJN7BYA5X3A2G30KZECRY2HY,phase2_final,2,1
01KJN6MMPQTMDYRN709DP5DSDA,page3-35,01KJN7B32C1C5254NSG6ZK1GRK,01KJN7BYA5X3A2G30KZECRY2HY,A,B,0,0.0,01KJN7B32C1C5254NSG6ZK1GRK_01KJN7BYA5X3A2G30KZECRY2HY,phase2_final,1,1
01KJN6MMPQTMDYRN709DP5DSDA,page5-28,01KJN79PCAAMFX7P2QF70Y3HJM,01KJN79ZQD1E4YD03FE5CGJY8K,A,C,0,0.0,01KJN79PCAAMFX7P2QF70Y3HJM_01KJN79ZQD1E4YD03FE5CGJY8K,phase2_final,1,2
01KJN6MMPQTMDYRN709DP5DSDA,page5-28,01KJN79PCAAMFX7P2QF70Y3HJM,01KJN7B4V2673GK7HGVSG52R2P,A,B,0,0.0,01KJN79PCAAMFX7P2QF70Y3HJM_01KJN7B4V2673GK7HGVSG52R2P,phase2_final,1,3
01KJN6MMPQTMDYRN709DP5DSDA,page5-28,01KJN79PCAAMFX7P2QF70Y3HJM,01KJN77XQHYQ5TVVY4HZM02E7R,A,C,0,0.0,01KJN77XQHYQ5TVVY4HZM02E7R_01KJN79PCAAMFX7P2QF70Y3HJM,phase2_final,1,2
01KJN6MMPQTMDYRN709DP5DSDA,page5-28,01KJN79PCAAMFX7P2QF70Y3HJM,01KJN79ZRTRDMY6RH8ZCYCM9NV,A,A,1,1.0,01KJN79PCAAMFX7P2QF70Y3HJM_01KJN79ZRTRDMY6RH8ZCYCM9NV,phase2_final,1,1
01KJN6MMPQTMDYRN709DP5DSDA,page5-28,01KJN79PCAAMFX7P2QF70Y3HJM,01KJN7AAWT4GWKRZ7B9775509P,A,B,0,0.0,01KJN79PCAAMFX7P2QF70Y3HJM_01KJN7AAWT4GWKRZ7B9775509P,phase2_final,1,4
01KJN6MMPQTMDYRN709DP5DSDA,page5-28,01KJN79PCAAMFX7P2QF70Y3HJM,01KJN7931DXZ65NXTWK1GNEZMW,A,C,0,0.0,01KJN7931DXZ65NXTWK1GNEZMW_01KJN79PCAAMFX7P2QF70Y3HJM,phase2_final,1,3
01KJN6MMPQTMDYRN709DP5DSDA,page5-28,01KJN79PCAAMFX7P2QF70Y3HJM,01KJN7B32C1C5254NSG6ZK1GRK,A,A,1,1.0,01KJN79PCAAMFX7P2QF70Y3HJM_01KJN7B32C1C5254NSG6ZK1GRK,phase2_final,1,1
01KJN6MMPQTMDYRN709DP5DSDA,page5-28,01KJN79PCAAMFX7P2QF70Y3HJM,01KJN7BYA5X3A2G30KZECRY2HY,A,B,0,0.0,01KJN79PCAAMFX7P2QF70Y3HJM_01KJN7BYA5X3A2G30KZECRY2HY,phase2_final,1,3
01KJN6MMPQTMDYRN709DP5DSDA,page5-28,01KJN79ZQD1E4YD03FE5CGJY8K,01KJN7B4V2673GK7HGVSG52R2P,C,B,0,0.0,01KJN79ZQD1E4YD03FE5CGJY8K_01KJN7B4V2673GK7HGVSG52R2P,phase2_final,2,3
01KJN6MMPQTMDYRN709DP5DSDA,page5-28,01KJN79ZQD1E4YD03FE5CGJY8K,01KJN77XQHYQ5TVVY4HZM02E7R,C,C,1,1.0,01KJN77XQHYQ5TVVY4HZM02E7R_01KJN79ZQD1E4YD03FE5CGJY8K,phase2_final,2,2
01KJN6MMPQTMDYRN709DP5DSDA,page5-28,01KJN79ZQD1E4YD03FE5CGJY8K,01KJN79ZRTRDMY6RH8ZCYCM9NV,C,A,0,0.0,01KJN79ZQD1E4YD03FE5CGJY8K_01KJN79ZRTRDMY6RH8ZCYCM9NV,phase2_final,2,1
01KJN6MMPQTMDYRN709DP5DSDA,page5-28,01KJN79ZQD1E4YD03FE5CGJY8K,01KJN7AAWT4GWKRZ7B9775509P,C,B,0,0.0,01KJN79ZQD1E4YD03FE5CGJY8K_01KJN7AAWT4GWKRZ7B9775509P,phase2_final,2,4
01KJN6MMPQTMDYRN709DP5DSDA,page5-28,01KJN79ZQD1E4YD03FE5CGJY8K,01KJN7931DXZ65NXTWK1GNEZMW,C,C,1,0.25,01KJN7931DXZ65NXTWK1GNEZMW_01KJN79ZQD1E4YD03FE5CGJY8K,phase2_final,2,3
01KJN6MMPQTMDYRN709DP5DSDA,page5-28,01KJN79ZQD1E4YD03FE5CGJY8K,01KJN7B32C1C5254NSG6ZK1GRK,C,A,0,0.0,01KJN79ZQD1E4YD03FE5CGJY8K_01KJN7B32C1C5254NSG6ZK1GRK,phase2_final,2,1
01KJN6MMPQTMDYRN709DP5DSDA,page5-28,01KJN79ZQD1E4YD03FE5CGJY8K,01KJN7BYA5X3A2G30KZECRY2HY,C,B,0,0.0,01KJN79ZQD1E4YD03FE5CGJY8K_01KJN7BYA5X3A2G30KZECRY2HY,phase2_final,2,3
01KJN6MMPQTMDYRN709DP5DSDA,page5-28,01KJN7B4V2673GK7HGVSG52R2P,01KJN77XQHYQ5TVVY4HZM02E7R,B,C,0,0.0,01KJN77XQHYQ5TVVY4HZM02E7R_01KJN7B4V2673GK7HGVSG52R2P,phase2_final,3,2
01KJN6MMPQTMDYRN709DP5DSDA,page5-28,01KJN7B4V2673GK7HGVSG52R2P,01KJN79ZRTRDMY6RH8ZCYCM9NV,B,A,0,0.0,01KJN79ZRTRDMY6RH8ZCYCM9NV_01KJN7B4V2673GK7HGVSG52R2P,phase2_final,3,1
01KJN6MMPQTMDYRN709DP5DSDA,page5-28,01KJN7B4V2673GK7HGVSG52R2P,01KJN7AAWT4GWKRZ7B9775509P,B,B,1,0.4,01KJN7AAWT4GWKRZ7B9775509P_01KJN7B4V2673GK7HGVSG52R2P,phase2_final,3,4
01KJN6MMPQTMDYRN709DP5DSDA,page5-28,01KJN7B4V2673GK7HGVSG52R2P,01KJN7931DXZ65NXTWK1GNEZMW,B,C,0,0.0,01KJN7931DXZ65NXTWK1GNEZMW_01KJN7B4V2673GK7HGVSG52R2P,phase2_final,3,3
01KJN6MMPQTMDYRN709DP5DSDA,page5-28,01KJN7B4V2673GK7HGVSG52R2P,01KJN7B32C1C5254NSG6ZK1GRK,B,A,0,0.0,01KJN7B32C1C5254NSG6ZK1GRK_01KJN7B4V2673GK7HGVSG52R2P,phase2_final,3,1
01KJN6MMPQTMDYRN709DP5DSDA,page5-28,01KJN7B4V2673GK7HGVSG52R2P,01KJN7BYA5X3A2G30KZECRY2HY,B,B,1,1.0,01KJN7B4V2673GK7HGVSG52R2P_01KJN7BYA5X3A2G30KZECRY2HY,phase2_final,3,3
01KJN6MMPQTMDYRN709DP5DSDA,page5-28,01KJN77XQHYQ5TVVY4HZM02E7R,01KJN79ZRTRDMY6RH8ZCYCM9NV,C,A,0,0.0,01KJN77XQHYQ5TVVY4HZM02E7R_01KJN79ZRTRDMY6RH8ZCYCM9NV,phase2_final,2,1
01KJN6MMPQTMDYRN709DP5DSDA,page5-28,01KJN77XQHYQ5TVVY4HZM02E7R,01KJN7AAWT4GWKRZ7B9775509P,C,B,0,0.0,01KJN77XQHYQ5TVVY4HZM02E7R_01KJN7AAWT4GWKRZ7B9775509P,phase2_final,2,4
01KJN6MMPQTMDYRN709DP5DSDA,page5-28,01KJN77XQHYQ5TVVY4HZM02E7R,01KJN7931DXZ65NXTWK1GNEZMW,C,C,1,0.25,01KJN77XQHYQ5TVVY4HZM02E7R_01KJN7931DXZ65NXTWK1GNEZMW,phase2_final,2,3
01KJN6MMPQTMDYRN709DP5DSDA,page5-28,01KJN77XQHYQ5TVVY4HZM02E7R,01KJN7B32C1C5254NSG6ZK1GRK,C,A,0,0.0,01KJN77XQHYQ5TVVY4HZM02E7R_01KJN7B32C1C5254NSG6ZK1GRK,phase2_final,2,1
01KJN6MMPQTMDYRN709DP5DSDA,page5-28,01KJN77XQHYQ5TVVY4HZM02E7R,01KJN7BYA5X3A2G30KZECRY2HY,C,B,0,0.0,01KJN77XQHYQ5TVVY4HZM02E7R_01KJN7BYA5X3A2G30KZECRY2HY,phase2_final,2,3
01KJN6MMPQTMDYRN709DP5DSDA,page5-28,01KJN79ZRTRDMY6RH8ZCYCM9NV,01KJN7AAWT4GWKRZ7B9775509P,A,B,0,0.0,01KJN79ZRTRDMY6RH8ZCYCM9NV_01KJN7AAWT4GWKRZ7B9775509P,phase2_final,1,4
01KJN6MMPQTMDYRN709DP5DSDA,page5-28,01KJN79ZRTRDMY6RH8ZCYCM9NV,01KJN7931DXZ65NXTWK1GNEZMW,A,C,0,0.0,01KJN7931DXZ65NXTWK1GNEZMW_01KJN79ZRTRDMY6RH8ZCYCM9NV,phase2_final,1,3
01KJN6MMPQTMDYRN709DP5DSDA,page5-28,01KJN79ZRTRDMY6RH8ZCYCM9NV,01KJN7B32C1C5254NSG6ZK1GRK,A,A,1,1.0,01KJN79ZRTRDMY6RH8ZCYCM9NV_01KJN7B32C1C5254NSG6ZK1GRK,phase2_final,1,1
01KJN6MMPQTMDYRN709DP5DSDA,page5-28,01KJN79ZRTRDMY6RH8ZCYCM9NV,01KJN7BYA5X3A2G30KZECRY2HY,A,B,0,0.0,01KJN79ZRTRDMY6RH8ZCYCM9NV_01KJN7BYA5X3A2G30KZECRY2HY,phase2_final,1,3
01KJN6MMPQTMDYRN709DP5DSDA,page5-28,01KJN7AAWT4GWKRZ7B9775509P,01KJN7931DXZ65NXTWK1GNEZMW,B,C,0,0.0,01KJN7931DXZ65NXTWK1GNEZMW_01KJN7AAWT4GWKRZ7B9775509P,phase2_final,4,3
01KJN6MMPQTMDYRN709DP5DSDA,page5-28,01KJN7AAWT4GWKRZ7B9775509P,01KJN7B32C1C5254NSG6ZK1GRK,B,A,0,0.0,01KJN7AAWT4GWKRZ7B9775509P_01KJN7B32C1C5254NSG6ZK1GRK,phase2_final,4,1
01KJN6MMPQTMDYRN709DP5DSDA,page5-28,01KJN7AAWT4GWKRZ7B9775509P,01KJN7BYA5X3A2G30KZECRY2HY,B,B,1,0.4,01KJN7AAWT4GWKRZ7B9775509P_01KJN7BYA5X3A2G30KZECRY2HY,phase2_final,4,3
01KJN6MMPQTMDYRN709DP5DSDA,page5-28,01KJN7931DXZ65NXTWK1GNEZMW,01KJN7B32C1C5254NSG6ZK1GRK,C,A,0,0.0,01KJN7931DXZ65NXTWK1GNEZMW_01KJN7B32C1C5254NSG6ZK1GRK,phase2_final,3,1
01KJN6MMPQTMDYRN709DP5DSDA,page5-28,01KJN7931DXZ65NXTWK1GNEZMW,01KJN7BYA5X3A2G30KZECRY2HY,C,B,0,0.0,01KJN7931DXZ65NXTWK1GNEZMW_01KJN7BYA5X3A2G30KZECRY2HY,phase2_final,3,3
01KJN6MMPQTMDYRN709DP5DSDA,page5-28,01KJN7B32C1C5254NSG6ZK1GRK,01KJN7BYA5X3A2G30KZECRY2HY,A,B,0,0.0,01KJN7B32C1C5254NSG6ZK1GRK_01KJN7BYA5X3A2G30KZECRY2HY,phase2_final,1,3
01KJN6MMPQTMDYRN709DP5DSDA,page7-107,01KJN79PCAAMFX7P2QF70Y3HJM,01KJN79ZQD1E4YD03FE5CGJY8K,A,C,0,0.0,01KJN79PCAAMFX7P2QF70Y3HJM_01KJN79ZQD1E4YD03FE5CGJY8K,phase2_final,1,4
01KJN6MMPQTMDYRN709DP5DSDA,page7-107,01KJN79PCAAMFX7P2QF70Y3HJM,01KJN7B4V2673GK7HGVSG52R2P,A,B,0,0.5,01KJN79PCAAMFX7P2QF70Y3HJM_01KJN7B4V2673GK7HGVSG52R2P,phase2_final,1,3
01KJN6MMPQTMDYRN709DP5DSDA,page7-107,01KJN79PCAAMFX7P2QF70Y3HJM,01KJN77XQHYQ5TVVY4HZM02E7R,A,C,0,1.0,01KJN77XQHYQ5TVVY4HZM02E7R_01KJN79PCAAMFX7P2QF70Y3HJM,phase2_final,1,1
01KJN6MMPQTMDYRN709DP5DSDA,page7-107,01KJN79PCAAMFX7P2QF70Y3HJM,01KJN79ZRTRDMY6RH8ZCYCM9NV,A,A,1,0.0,01KJN79PCAAMFX7P2QF70Y3HJM_01KJN79ZRTRDMY6RH8ZCYCM9NV,phase2_final,1,1
01KJN6MMPQTMDYRN709DP5DSDA,page7-107,01KJN79PCAAMFX7P2QF70Y3HJM,01KJN7AAWT4GWKRZ7B9775509P,A,B,0,0.5,01KJN79PCAAMFX7P2QF70Y3HJM_01KJN7AAWT4GWKRZ7B9775509P,phase2_final,1,3
01KJN6MMPQTMDYRN709DP5DSDA,page7-107,01KJN79PCAAMFX7P2QF70Y3HJM,01KJN7931DXZ65NXTWK1GNEZMW,A,C,0,0.25,01KJN7931DXZ65NXTWK1GNEZMW_01KJN79PCAAMFX7P2QF70Y3HJM,phase2_final,1,4
01KJN6MMPQTMDYRN709DP5DSDA,page7-107,01KJN79PCAAMFX7P2QF70Y3HJM,01KJN7B32C1C5254NSG6ZK1GRK,A,A,1,1.0,01KJN79PCAAMFX7P2QF70Y3HJM_01KJN7B32C1C5254NSG6ZK1GRK,phase2_final,1,1
01KJN6MMPQTMDYRN709DP5DSDA,page7-107,01KJN79PCAAMFX7P2QF70Y3HJM,01KJN7BYA5X3A2G30KZECRY2HY,A,B,0,0.5,01KJN79PCAAMFX7P2QF70Y3HJM_01KJN7BYA5X3A2G30KZECRY2HY,phase2_final,1,3
01KJN6MMPQTMDYRN709DP5DSDA,page7-107,01KJN79ZQD1E4YD03FE5CGJY8K,01KJN7B4V2673GK7HGVSG52R2P,C,B,0,0.0,01KJN79ZQD1E4YD03FE5CGJY8K_01KJN7B4V2673GK7HGVSG52R2P,phase2_final,4,3
01KJN6MMPQTMDYRN709DP5DSDA,page7-107,01KJN79ZQD1E4YD03FE5CGJY8K,01KJN77XQHYQ5TVVY4HZM02E7R,C,C,1,0.0,01KJN77XQHYQ5TVVY4HZM02E7R_01KJN79ZQD1E4YD03FE5CGJY8K,phase2_final,4,1
01KJN6MMPQTMDYRN709DP5DSDA,page7-107,01KJN79ZQD1E4YD03FE5CGJY8K,01KJN79ZRTRDMY6RH8ZCYCM9NV,C,A,0,0.0,01KJN79ZQD1E4YD03FE5CGJY8K_01KJN79ZRTRDMY6RH8ZCYCM9NV,phase2_final,4,1
01KJN6MMPQTMDYRN709DP5DSDA,page7-107,01KJN79ZQD1E4YD03FE5CGJY8K,01KJN7AAWT4GWKRZ7B9775509P,C,B,0,0.0,01KJN79ZQD1E4YD03FE5CGJY8K_01KJN7AAWT4GWKRZ7B9775509P,phase2_final,4,3
01KJN6MMPQTMDYRN709DP5DSDA,page7-107,01KJN79ZQD1E4YD03FE5CGJY8K,01KJN7931DXZ65NXTWK1GNEZMW,C,C,1,0.2,01KJN7931DXZ65NXTWK1GNEZMW_01KJN79ZQD1E4YD03FE5CGJY8K,phase2_final,4,4
01KJN6MMPQTMDYRN709DP5DSDA,page7-107,01KJN79ZQD1E4YD03FE5CGJY8K,01KJN7B32C1C5254NSG6ZK1GRK,C,A,0,0.0,01KJN79ZQD1E4YD03FE5CGJY8K_01KJN7B32C1C5254NSG6ZK1GRK,phase2_final,4,1
01KJN6MMPQTMDYRN709DP5DSDA,page7-107,01KJN79ZQD1E4YD03FE5CGJY8K,01KJN7BYA5X3A2G30KZECRY2HY,C,B,0,0.0,01KJN79ZQD1E4YD03FE5CGJY8K_01KJN7BYA5X3A2G30KZECRY2HY,phase2_final,4,3
01KJN6MMPQTMDYRN709DP5DSDA,page7-107,01KJN7B4V2673GK7HGVSG52R2P,01KJN77XQHYQ5TVVY4HZM02E7R,B,C,0,0.5,01KJN77XQHYQ5TVVY4HZM02E7R_01KJN7B4V2673GK7HGVSG52R2P,phase2_final,3,1
01KJN6MMPQTMDYRN709DP5DSDA,page7-107,01KJN7B4V2673GK7HGVSG52R2P,01KJN79ZRTRDMY6RH8ZCYCM9NV,B,A,0,0.0,01KJN79ZRTRDMY6RH8ZCYCM9NV_01KJN7B4V2673GK7HGVSG52R2P,phase2_final,3,1
01KJN6MMPQTMDYRN709DP5DSDA,page7-107,01KJN7B4V2673GK7HGVSG52R2P,01KJN7AAWT4GWKRZ7B9775509P,B,B,1,1.0,01KJN7AAWT4GWKRZ7B9775509P_01KJN7B4V2673GK7HGVSG52R2P,phase2_final,3,3
01KJN6MMPQTMDYRN709DP5DSDA,page7-107,01KJN7B4V2673GK7HGVSG52R2P,01KJN7931DXZ65NXTWK1GNEZMW,B,C,0,0.2,01KJN7931DXZ65NXTWK1GNEZMW_01KJN7B4V2673GK7HGVSG52R2P,phase2_final,3,4
01KJN6MMPQTMDYRN709DP5DSDA,page7-107,01KJN7B4V2673GK7HGVSG52R2P,01KJN7B32C1C5254NSG6ZK1GRK,B,A,0,0.5,01KJN7B32C1C5254NSG6ZK1GRK_01KJN7B4V2673GK7HGVSG52R2P,phase2_final,3,1
01KJN6MMPQTMDYRN709DP5DSDA,page7-107,01KJN7B4V2673GK7HGVSG52R2P,01KJN7BYA5X3A2G30KZECRY2HY,B,B,1,1.0,01KJN7B4V2673GK7HGVSG52R2P_01KJN7BYA5X3A2G30KZECRY2HY,phase2_final,3,3
01KJN6MMPQTMDYRN709DP5DSDA,page7-107,01KJN77XQHYQ5TVVY4HZM02E7R,01KJN79ZRTRDMY6RH8ZCYCM9NV,C,A,0,0.0,01KJN77XQHYQ5TVVY4HZM02E7R_01KJN79ZRTRDMY6RH8ZCYCM9NV,phase2_final,1,1
01KJN6MMPQTMDYRN709DP5DSDA,page7-107,01KJN77XQHYQ5TVVY4HZM02E7R,01KJN7AAWT4GWKRZ7B9775509P,C,B,0,0.5,01KJN77XQHYQ5TVVY4HZM02E7R_01KJN7AAWT4GWKRZ7B9775509P,phase2_final,1,3
01KJN6MMPQTMDYRN709DP5DSDA,page7-107,01KJN77XQHYQ5TVVY4HZM02E7R,01KJN7931DXZ65NXTWK1GNEZMW,C,C,1,0.25,01KJN77XQHYQ5TVVY4HZM02E7R_01KJN7931DXZ65NXTWK1GNEZMW,phase2_final,1,4
01KJN6MMPQTMDYRN709DP5DSDA,page7-107,01KJN77XQHYQ5TVVY4HZM02E7R,01KJN7B32C1C5254NSG6ZK1GRK,C,A,0,1.0,01KJN77XQHYQ5TVVY4HZM02E7R_01KJN7B32C1C5254NSG6ZK1GRK,phase2_final,1,1
01KJN6MMPQTMDYRN709DP5DSDA,page7-107,01KJN77XQHYQ5TVVY4HZM02E7R,01KJN7BYA5X3A2G30KZECRY2HY,C,B,0,0.5,01KJN77XQHYQ5TVVY4HZM02E7R_01KJN7BYA5X3A2G30KZECRY2HY,phase2_final,1,3
01KJN6MMPQTMDYRN709DP5DSDA,page7-107,01KJN79ZRTRDMY6RH8ZCYCM9NV,01KJN7AAWT4GWKRZ7B9775509P,A,B,0,0.0,01KJN79ZRTRDMY6RH8ZCYCM9NV_01KJN7AAWT4GWKRZ7B9775509P,phase2_final,1,3
01KJN6MMPQTMDYRN709DP5DSDA,page7-107,01KJN79ZRTRDMY6RH8ZCYCM9NV,01KJN7931DXZ65NXTWK1GNEZMW,A,C,0,0.0,01KJN7931DXZ65NXTWK1GNEZMW_01KJN79ZRTRDMY6RH8ZCYCM9NV,phase2_final,1,4
01KJN6MMPQTMDYRN709DP5DSDA,page7-107,01KJN79ZRTRDMY6RH8ZCYCM9NV,01KJN7B32C1C5254NSG6ZK1GRK,A,A,1,0.0,01KJN79ZRTRDMY6RH8ZCYCM9NV_01KJN7B32C1C5254NSG6ZK1GRK,phase2_final,1,1
01KJN6MMPQTMDYRN709DP5DSDA,page7-107,01KJN79ZRTRDMY6RH8ZCYCM9NV,01KJN7BYA5X3A2G30KZECRY2HY,A,B,0,0.0,01KJN79ZRTRDMY6RH8ZCYCM9NV_01KJN7BYA5X3A2G30KZECRY2HY,phase2_final,1,3
01KJN6MMPQTMDYRN709DP5DSDA,page7-107,01KJN7AAWT4GWKRZ7B9775509P,01KJN7931DXZ65NXTWK1GNEZMW,B,C,0,0.2,01KJN7931DXZ65NXTWK1GNEZMW_01KJN7AAWT4GWKRZ7B9775509P,phase2_final,3,4
01KJN6MMPQTMDYRN709DP5DSDA,page7-107,01KJN7AAWT4GWKRZ7B9775509P,01KJN7B32C1C5254NSG6ZK1GRK,B,A,0,0.5,01KJN7AAWT4GWKRZ7B9775509P_01KJN7B32C1C5254NSG6ZK1GRK,phase2_final,3,1
01KJN6MMPQTMDYRN709DP5DSDA,page7-107,01KJN7AAWT4GWKRZ7B9775509P,01KJN7BYA5X3A2G30KZECRY2HY,B,B,1,1.0,01KJN7AAWT4GWKRZ7B9775509P_01KJN7BYA5X3A2G30KZECRY2HY,phase2_final,3,3
01KJN6MMPQTMDYRN709DP5DSDA,page7-107,01KJN7931DXZ65NXTWK1GNEZMW,01KJN7B32C1C5254NSG6ZK1GRK,C,A,0,0.25,01KJN7931DXZ65NXTWK1GNEZMW_01KJN7B32C1C5254NSG6ZK1GRK,phase2_final,4,1
01KJN6MMPQTMDYRN709DP5DSDA,page7-107,01KJN7931DXZ65NXTWK1GNEZMW,01KJN7BYA5X3A2G30KZECRY2HY,C,B,0,0.2,01KJN7931DXZ65NXTWK1GNEZMW_01KJN7BYA5X3A2G30KZECRY2HY,phase2_final,4,3
01KJN6MMPQTMDYRN709DP5DSDA,page7-107,01KJN7B32C1C5254NSG6ZK1GRK,01KJN7BYA5X3A2G30KZECRY2HY,A,B,0,0.5,01KJN7B32C1C5254NSG6ZK1GRK_01KJN7BYA5X3A2G30KZECRY2HY,phase2_final,1,3
01KJN6MMPQTMDYRN709DP5DSDA,page7-255,01KJN79PCAAMFX7P2QF70Y3HJM,01KJN79ZQD1E4YD03FE5CGJY8K,A,C,0,0.0,01KJN79PCAAMFX7P2QF70Y3HJM_01KJN79ZQD1E4YD03FE5CGJY8K,phase2_final,3,1
01KJN6MMPQTMDYRN709DP5DSDA,page7-255,01KJN79PCAAMFX7P2QF70Y3HJM,01KJN7B4V2673GK7HGVSG52R2P,A,B,0,0.0,01KJN79PCAAMFX7P2QF70Y3HJM_01KJN7B4V2673GK7HGVSG52R2P,phase2_final,3,1
01KJN6MMPQTMDYRN709DP5DSDA,page7-255,01KJN79PCAAMFX7P2QF70Y3HJM,01KJN77XQHYQ5TVVY4HZM02E7R,A,C,0,0.0,01KJN77XQHYQ5TVVY4HZM02E7R_01KJN79PCAAMFX7P2QF70Y3HJM,phase2_final,3,1
01KJN6MMPQTMDYRN709DP5DSDA,page7-255,01KJN79PCAAMFX7P2QF70Y3HJM,01KJN79ZRTRDMY6RH8ZCYCM9NV,A,A,1,0.25,01KJN79PCAAMFX7P2QF70Y3HJM_01KJN79ZRTRDMY6RH8ZCYCM9NV,phase2_final,3,2
01KJN6MMPQTMDYRN709DP5DSDA,page7-255,01KJN79PCAAMFX7P2QF70Y3HJM,01KJN7AAWT4GWKRZ7B9775509P,A,B,0,0.0,01KJN79PCAAMFX7P2QF70Y3HJM_01KJN7AAWT4GWKRZ7B9775509P,phase2_final,3,2
01KJN6MMPQTMDYRN709DP5DSDA,page7-255,01KJN79PCAAMFX7P2QF70Y3HJM,01KJN7931DXZ65NXTWK1GNEZMW,A,C,0,0.0,01KJN7931DXZ65NXTWK1GNEZMW_01KJN79PCAAMFX7P2QF70Y3HJM,phase2_final,3,1
01KJN6MMPQTMDYRN709DP5DSDA,page7-255,01KJN79PCAAMFX7P2QF70Y3HJM,01KJN7B32C1C5254NSG6ZK1GRK,A,A,1,0.6666666666666666,01KJN79PCAAMFX7P2QF70Y3HJM_01KJN7B32C1C5254NSG6ZK1GRK,phase2_final,3,2
01KJN6MMPQTMDYRN709DP5DSDA,page7-255,01KJN79PCAAMFX7P2QF70Y3HJM,01KJN7BYA5X3A2G30KZECRY2HY,A,B,0,0.0,01KJN79PCAAMFX7P2QF70Y3HJM_01KJN7BYA5X3A2G30KZECRY2HY,phase2_final,3,2
01KJN6MMPQTMDYRN709DP5DSDA,page7-255,01KJN79ZQD1E4YD03FE5CGJY8K,01KJN7B4V2673GK7HGVSG52R2P,C,B,0,0.0,01KJN79ZQD1E4YD03FE5CGJY8K_01KJN7B4V2673GK7HGVSG52R2P,phase2_final,1,1
01KJN6MMPQTMDYRN709DP5DSDA,page7-255,01KJN79ZQD1E4YD03FE5CGJY8K,01KJN77XQHYQ5TVVY4HZM02E7R,C,C,1,1.0,01KJN77XQHYQ5TVVY4HZM02E7R_01KJN79ZQD1E4YD03FE5CGJY8K,phase2_final,1,1
01KJN6MMPQTMDYRN709DP5DSDA,page7-255,01KJN79ZQD1E4YD03FE5CGJY8K,01KJN79ZRTRDMY6RH8ZCYCM9NV,C,A,0,0.0,01KJN79ZQD1E4YD03FE5CGJY8K_01KJN79ZRTRDMY6RH8ZCYCM9NV,phase2_final,1,2
01KJN6MMPQTMDYRN709DP5DSDA,page7-255,01KJN79ZQD1E4YD03FE5CGJY8K,01KJN7AAWT4GWKRZ7B9775509P,C,B,0,0.0,01KJN79ZQD1E4YD03FE5CGJY8K_01KJN7AAWT4GWKRZ7B9775509P,phase2_final,1,2
01KJN6MMPQTMDYRN709DP5DSDA,page7-255,01KJN79ZQD1E4YD03FE5CGJY8K,01KJN7931DXZ65NXTWK1GNEZMW,C,C,1,1.0,01KJN7931DXZ65NXTWK1GNEZMW_01KJN79ZQD1E4YD03FE5CGJY8K,phase2_final,1,1
01KJN6MMPQTMDYRN709DP5DSDA,page7-255,01KJN79ZQD1E4YD03FE5CGJY8K,01KJN7B32C1C5254NSG6ZK1GRK,C,A,0,0.0,01KJN79ZQD1E4YD03FE5CGJY8K_01KJN7B32C1C5254NSG6ZK1GRK,phase2_final,1,2
01KJN6MMPQTMDYRN709DP5DSDA,page7-255,01KJN79ZQD1E4YD03FE5CGJY8K,01KJN7BYA5X3A2G30KZECRY2HY,C,B,0,0.0,01KJN79ZQD1E4YD03FE5CGJY8K_01KJN7BYA5X3A2G30KZECRY2HY,phase2_final,1,2
01KJN6MMPQTMDYRN709DP5DSDA,page7-255,01KJN7B4V2673GK7HGVSG52R2P,01KJN77XQHYQ5TVVY4HZM02E7R,B,C,0,0.0,01KJN77XQHYQ5TVVY4HZM02E7R_01KJN7B4V2673GK7HGVSG52R2P,phase2_final,1,1
01KJN6MMPQTMDYRN709DP5DSDA,page7-255,01KJN7B4V2673GK7HGVSG52R2P,01KJN79ZRTRDMY6RH8ZCYCM9NV,B,A,0,0.0,01KJN79ZRTRDMY6RH8ZCYCM9NV_01KJN7B4V2673GK7HGVSG52R2P,phase2_final,1,2
01KJN6MMPQTMDYRN709DP5DSDA,page7-255,01KJN7B4V2673GK7HGVSG52R2P,01KJN7AAWT4GWKRZ7B9775509P,B,B,1,0.0,01KJN7AAWT4GWKRZ7B9775509P_01KJN7B4V2673GK7HGVSG52R2P,phase2_final,1,2
01KJN6MMPQTMDYRN709DP5DSDA,page7-255,01KJN7B4V2673GK7HGVSG52R2P,01KJN7931DXZ65NXTWK1GNEZMW,B,C,0,0.0,01KJN7931DXZ65NXTWK1GNEZMW_01KJN7B4V2673GK7HGVSG52R2P,phase2_final,1,1
01KJN6MMPQTMDYRN709DP5DSDA,page7-255,01KJN7B4V2673GK7HGVSG52R2P,01KJN7B32C1C5254NSG6ZK1GRK,B,A,0,0.0,01KJN7B32C1C5254NSG6ZK1GRK_01KJN7B4V2673GK7HGVSG52R2P,phase2_final,1,2
01KJN6MMPQTMDYRN709DP5DSDA,page7-255,01KJN7B4V2673GK7HGVSG52R2P,01KJN7BYA5X3A2G30KZECRY2HY,B,B,1,0.0,01KJN7B4V2673GK7HGVSG52R2P_01KJN7BYA5X3A2G30KZECRY2HY,phase2_final,1,2
01KJN6MMPQTMDYRN709DP5DSDA,page7-255,01KJN77XQHYQ5TVVY4HZM02E7R,01KJN79ZRTRDMY6RH8ZCYCM9NV,C,A,0,0.0,01KJN77XQHYQ5TVVY4HZM02E7R_01KJN79ZRTRDMY6RH8ZCYCM9NV,phase2_final,1,2
01KJN6MMPQTMDYRN709DP5DSDA,page7-255,01KJN77XQHYQ5TVVY4HZM02E7R,01KJN7AAWT4GWKRZ7B9775509P,C,B,0,0.0,01KJN77XQHYQ5TVVY4HZM02E7R_01KJN7AAWT4GWKRZ7B9775509P,phase2_final,1,2
01KJN6MMPQTMDYRN709DP5DSDA,page7-255,01KJN77XQHYQ5TVVY4HZM02E7R,01KJN7931DXZ65NXTWK1GNEZMW,C,C,1,1.0,01KJN77XQHYQ5TVVY4HZM02E7R_01KJN7931DXZ65NXTWK1GNEZMW,phase2_final,1,1
01KJN6MMPQTMDYRN709DP5DSDA,page7-255,01KJN77XQHYQ5TVVY4HZM02E7R,01KJN7B32C1C5254NSG6ZK1GRK,C,A,0,0.0,01KJN77XQHYQ5TVVY4HZM02E7R_01KJN7B32C1C5254NSG6ZK1GRK,phase2_final,1,2
01KJN6MMPQTMDYRN709DP5DSDA,page7-255,01KJN77XQHYQ5TVVY4HZM02E7R,01KJN7BYA5X3A2G30KZECRY2HY,C,B,0,0.0,01KJN77XQHYQ5TVVY4HZM02E7R_01KJN7BYA5X3A2G30KZECRY2HY,phase2_final,1,2
01KJN6MMPQTMDYRN709DP5DSDA,page7-255,01KJN79ZRTRDMY6RH8ZCYCM9NV,01KJN7AAWT4GWKRZ7B9775509P,A,B,0,0.0,01KJN79ZRTRDMY6RH8ZCYCM9NV_01KJN7AAWT4GWKRZ7B9775509P,phase2_final,2,2
01KJN6MMPQTMDYRN709DP5DSDA,page7-255,01KJN79ZRTRDMY6RH8ZCYCM9NV,01KJN7931DXZ65NXTWK1GNEZMW,A,C,0,0.0,01KJN7931DXZ65NXTWK1GNEZMW_01KJN79ZRTRDMY6RH8ZCYCM9NV,phase2_final,2,1
01KJN6MMPQTMDYRN709DP5DSDA,page7-255,01KJN79ZRTRDMY6RH8ZCYCM9NV,01KJN7B32C1C5254NSG6ZK1GRK,A,A,1,0.3333333333333333,01KJN79ZRTRDMY6RH8ZCYCM9NV_01KJN7B32C1C5254NSG6ZK1GRK,phase2_final,2,2
01KJN6MMPQTMDYRN709DP5DSDA,page7-255,01KJN79ZRTRDMY6RH8ZCYCM9NV,01KJN7BYA5X3A2G30KZECRY2HY,A,B,0,0.0,01KJN79ZRTRDMY6RH8ZCYCM9NV_01KJN7BYA5X3A2G30KZECRY2HY,phase2_final,2,2
01KJN6MMPQTMDYRN709DP5DSDA,page7-255,01KJN7AAWT4GWKRZ7B9775509P,01KJN7931DXZ65NXTWK1GNEZMW,B,C,0,0.0,01KJN7931DXZ65NXTWK1GNEZMW_01KJN7AAWT4GWKRZ7B9775509P,phase2_final,2,1
01KJN6MMPQTMDYRN709DP5DSDA,page7-255,01KJN7AAWT4GWKRZ7B9775509P,01KJN7B32C1C5254NSG6ZK1GRK,B,A,0,0.0,01KJN7AAWT4GWKRZ7B9775509P_01KJN7B32C1C5254NSG6ZK1GRK,phase2_final,2,2
01KJN6MMPQTMDYRN709DP5DSDA,page7-255,01KJN7AAWT4GWKRZ7B9775509P,01KJN7BYA5X3A2G30KZECRY2HY,B,B,1,1.0,01KJN7AAWT4GWKRZ7B9775509P_01KJN7BYA5X3A2G30KZECRY2HY,phase2_final,2,2
01KJN6MMPQTMDYRN709DP5DSDA,page7-255,01KJN7931DXZ65NXTWK1GNEZMW,01KJN7B32C1C5254NSG6ZK1GRK,C,A,0,0.0,01KJN7931DXZ65NXTWK1GNEZMW_01KJN7B32C1C5254NSG6ZK1GRK,phase2_final,1,2
01KJN6MMPQTMDYRN709DP5DSDA,page7-255,01KJN7931DXZ65NXTWK1GNEZMW,01KJN7BYA5X3A2G30KZECRY2HY,C,B,0,0.0,01KJN7931DXZ65NXTWK1GNEZMW_01KJN7BYA5X3A2G30KZECRY2HY,phase2_final,1,2
01KJN6MMPQTMDYRN709DP5DSDA,page7-255,01KJN7B32C1C5254NSG6ZK1GRK,01KJN7BYA5X3A2G30KZECRY2HY,A,B,0,0.0,01KJN7B32C1C5254NSG6ZK1GRK_01KJN7BYA5X3A2G30KZECRY2HY,phase2_final,2,2
01KJN6MMPQTMDYRN709DP5DSDA,page9-46,01KJN79PCAAMFX7P2QF70Y3HJM,01KJN79ZQD1E4YD03FE5CGJY8K,A,C,0,0.0,01KJN79PCAAMFX7P2QF70Y3HJM_01KJN79ZQD1E4YD03FE5CGJY8K,phase2_final,1,3
01KJN6MMPQTMDYRN709DP5DSDA,page9-46,01KJN79PCAAMFX7P2QF70Y3HJM,01KJN7B4V2673GK7HGVSG52R2P,A,B,0,0.5,01KJN79PCAAMFX7P2QF70Y3HJM_01KJN7B4V2673GK7HGVSG52R2P,phase2_final,1,2
01KJN6MMPQTMDYRN709DP5DSDA,page9-46,01KJN79PCAAMFX7P2QF70Y3HJM,01KJN77XQHYQ5TVVY4HZM02E7R,A,C,0,0.0,01KJN77XQHYQ5TVVY4HZM02E7R_01KJN79PCAAMFX7P2QF70Y3HJM,phase2_final,1,1
01KJN6MMPQTMDYRN709DP5DSDA,page9-46,01KJN79PCAAMFX7P2QF70Y3HJM,01KJN79ZRTRDMY6RH8ZCYCM9NV,A,A,1,1.0,01KJN79PCAAMFX7P2QF70Y3HJM_01KJN79ZRTRDMY6RH8ZCYCM9NV,phase2_final,1,1
01KJN6MMPQTMDYRN709DP5DSDA,page9-46,01KJN79PCAAMFX7P2QF70Y3HJM,01KJN7AAWT4GWKRZ7B9775509P,A,B,0,0.5,01KJN79PCAAMFX7P2QF70Y3HJM_01KJN7AAWT4GWKRZ7B9775509P,phase2_final,1,3
01KJN6MMPQTMDYRN709DP5DSDA,page9-46,01KJN79PCAAMFX7P2QF70Y3HJM,01KJN7931DXZ65NXTWK1GNEZMW,A,C,0,0.0,01KJN7931DXZ65NXTWK1GNEZMW_01KJN79PCAAMFX7P2QF70Y3HJM,phase2_final,1,2
01KJN6MMPQTMDYRN709DP5DSDA,page9-46,01KJN79PCAAMFX7P2QF70Y3HJM,01KJN7B32C1C5254NSG6ZK1GRK,A,A,1,1.0,01KJN79PCAAMFX7P2QF70Y3HJM_01KJN7B32C1C5254NSG6ZK1GRK,phase2_final,1,1
01KJN6MMPQTMDYRN709DP5DSDA,page9-46,01KJN79PCAAMFX7P2QF70Y3HJM,01KJN7BYA5X3A2G30KZECRY2HY,A,B,0,1.0,01KJN79PCAAMFX7P2QF70Y3HJM_01KJN7BYA5X3A2G30KZECRY2HY,phase2_final,1,1
01KJN6MMPQTMDYRN709DP5DSDA,page9-46,01KJN79ZQD1E4YD03FE5CGJY8K,01KJN7B4V2673GK7HGVSG52R2P,C,B,0,0.0,01KJN79ZQD1E4YD03FE5CGJY8K_01KJN7B4V2673GK7HGVSG52R2P,phase2_final,3,2
01KJN6MMPQTMDYRN709DP5DSDA,page9-46,01KJN79ZQD1E4YD03FE5CGJY8K,01KJN77XQHYQ5TVVY4HZM02E7R,C,C,1,0.5,01KJN77XQHYQ5TVVY4HZM02E7R_01KJN79ZQD1E4YD03FE5CGJY8K,phase2_final,3,1
01KJN6MMPQTMDYRN709DP5DSDA,page9-46,01KJN79ZQD1E4YD03FE5CGJY8K,01KJN79ZRTRDMY6RH8ZCYCM9NV,C,A,0,0.0,01KJN79ZQD1E4YD03FE5CGJY8K_01KJN79ZRTRDMY6RH8ZCYCM9NV,phase2_final,3,1
01KJN6MMPQTMDYRN709DP5DSDA,page9-46,01KJN79ZQD1E4YD03FE5CGJY8K,01KJN7AAWT4GWKRZ7B9775509P,C,B,0,0.0,01KJN79ZQD1E4YD03FE5CGJY8K_01KJN7AAWT4GWKRZ7B9775509P,phase2_final,3,3
01KJN6MMPQTMDYRN709DP5DSDA,page9-46,01KJN79ZQD1E4YD03FE5CGJY8K,01KJN7931DXZ65NXTWK1GNEZMW,C,C,1,0.0,01KJN7931DXZ65NXTWK1GNEZMW_01KJN79ZQD1E4YD03FE5CGJY8K,phase2_final,3,2
01KJN6MMPQTMDYRN709DP5DSDA,page9-46,01KJN79ZQD1E4YD03FE5CGJY8K,01KJN7B32C1C5254NSG6ZK1GRK,C,A,0,0.0,01KJN79ZQD1E4YD03FE5CGJY8K_01KJN7B32C1C5254NSG6ZK1GRK,phase2_final,3,1
01KJN6MMPQTMDYRN709DP5DSDA,page9-46,01KJN79ZQD1E4YD03FE5CGJY8K,01KJN7BYA5X3A2G30KZECRY2HY,C,B,0,0.0,01KJN79ZQD1E4YD03FE5CGJY8K_01KJN7BYA5X3A2G30KZECRY2HY,phase2_final,3,1
01KJN6MMPQTMDYRN709DP5DSDA,page9-46,01KJN7B4V2673GK7HGVSG52R2P,01KJN77XQHYQ5TVVY4HZM02E7R,B,C,0,0.0,01KJN77XQHYQ5TVVY4HZM02E7R_01KJN7B4V2673GK7HGVSG52R2P,phase2_final,2,1
01KJN6MMPQTMDYRN709DP5DSDA,page9-46,01KJN7B4V2673GK7HGVSG52R2P,01KJN79ZRTRDMY6RH8ZCYCM9NV,B,A,0,0.5,01KJN79ZRTRDMY6RH8ZCYCM9NV_01KJN7B4V2673GK7HGVSG52R2P,phase2_final,2,1
01KJN6MMPQTMDYRN709DP5DSDA,page9-46,01KJN7B4V2673GK7HGVSG52R2P,01KJN7AAWT4GWKRZ7B9775509P,B,B,1,1.0,01KJN7AAWT4GWKRZ7B9775509P_01KJN7B4V2673GK7HGVSG52R2P,phase2_final,2,3
01KJN6MMPQTMDYRN709DP5DSDA,page9-46,01KJN7B4V2673GK7HGVSG52R2P,01KJN7931DXZ65NXTWK1GNEZMW,B,C,0,0.0,01KJN7931DXZ65NXTWK1GNEZMW_01KJN7B4V2673GK7HGVSG52R2P,phase2_final,2,2
01KJN6MMPQTMDYRN709DP5DSDA,page9-46,01KJN7B4V2673GK7HGVSG52R2P,01KJN7B32C1C5254NSG6ZK1GRK,B,A,0,0.5,01KJN7B32C1C5254NSG6ZK1GRK_01KJN7B4V2673GK7HGVSG52R2P,phase2_final,2,1
01KJN6MMPQTMDYRN709DP5DSDA,page9-46,01KJN7B4V2673GK7HGVSG52R2P,01KJN7BYA5X3A2G30KZECRY2HY,B,B,1,0.5,01KJN7B4V2673GK7HGVSG52R2P_01KJN7BYA5X3A2G30KZECRY2HY,phase2_final,2,1
01KJN6MMPQTMDYRN709DP5DSDA,page9-46,01KJN77XQHYQ5TVVY4HZM02E7R,01KJN79ZRTRDMY6RH8ZCYCM9NV,C,A,0,0.0,01KJN77XQHYQ5TVVY4HZM02E7R_01KJN79ZRTRDMY6RH8ZCYCM9NV,phase2_final,1,1
01KJN6MMPQTMDYRN709DP5DSDA,page9-46,01KJN77XQHYQ5TVVY4HZM02E7R,01KJN7AAWT4GWKRZ7B9775509P,C,B,0,0.0,01KJN77XQHYQ5TVVY4HZM02E7R_01KJN7AAWT4GWKRZ7B9775509P,phase2_final,1,3
01KJN6MMPQTMDYRN709DP5DSDA,page9-46,01KJN77XQHYQ5TVVY4HZM02E7R,01KJN7931DXZ65NXTWK1GNEZMW,C,C,1,0.0,01KJN77XQHYQ5TVVY4HZM02E7R_01KJN7931DXZ65NXTWK1GNEZMW,phase2_final,1,2
01KJN6MMPQTMDYRN709DP5DSDA,page9-46,01KJN77XQHYQ5TVVY4HZM02E7R,01KJN7B32C1C5254NSG6ZK1GRK,C,A,0,0.0,01KJN77XQHYQ5TVVY4HZM02E7R_01KJN7B32C1C5254NSG6ZK1GRK,phase2_final,1,1
01KJN6MMPQTMDYRN709DP5DSDA,page9-46,01KJN77XQHYQ5TVVY4HZM02E7R,01KJN7BYA5X3A2G30KZECRY2HY,C,B,0,0.0,01KJN77XQHYQ5TVVY4HZM02E7R_01KJN7BYA5X3A2G30KZECRY2HY,phase2_final,1,1
01KJN6MMPQTMDYRN709DP5DSDA,page9-46,01KJN79ZRTRDMY6RH8ZCYCM9NV,01KJN7AAWT4GWKRZ7B9775509P,A,B,0,0.5,01KJN79ZRTRDMY6RH8ZCYCM9NV_01KJN7AAWT4GWKRZ7B9775509P,phase2_final,1,3
01KJN6MMPQTMDYRN709DP5DSDA,page9-46,01KJN79ZRTRDMY6RH8ZCYCM9NV,01KJN7931DXZ65NXTWK1GNEZMW,A,C,0,0.0,01KJN7931DXZ65NXTWK1GNEZMW_01KJN79ZRTRDMY6RH8ZCYCM9NV,phase2_final,1,2
01KJN6MMPQTMDYRN709DP5DSDA,page9-46,01KJN79ZRTRDMY6RH8ZCYCM9NV,01KJN7B32C1C5254NSG6ZK1GRK,A,A,1,1.0,01KJN79ZRTRDMY6RH8ZCYCM9NV_01KJN7B32C1C5254NSG6ZK1GRK,phase2_final,1,1
01KJN6MMPQTMDYRN709DP5DSDA,page9-46,01KJN79ZRTRDMY6RH8ZCYCM9NV,01KJN7BYA5X3A2G30KZECRY2HY,A,B,0,1.0,01KJN79ZRTRDMY6RH8ZCYCM9NV_01KJN7BYA5X3A2G30KZECRY2HY,phase2_final,1,1
01KJN6MMPQTMDYRN709DP5DSDA,page9-46,01KJN7AAWT4GWKRZ7B9775509P,01KJN7931DXZ65NXTWK1GNEZMW,B,C,0,0.0,01KJN7931DXZ65NXTWK1GNEZMW_01KJN7AAWT4GWKRZ7B9775509P,phase2_final,3,2
01KJN6MMPQTMDYRN709DP5DSDA,page9-46,01KJN7AAWT4GWKRZ7B9775509P,01KJN7B32C1C5254NSG6ZK1GRK,B,A,0,0.5,01KJN7AAWT4GWKRZ7B9775509P_01KJN7B32C1C5254NSG6ZK1GRK,phase2_final,3,1
01KJN6MMPQTMDYRN709DP5DSDA,page9-46,01KJN7AAWT4GWKRZ7B9775509P,01KJN7BYA5X3A2G30KZECRY2HY,B,B,1,0.5,01KJN7AAWT4GWKRZ7B9775509P_01KJN7BYA5X3A2G30KZECRY2HY,phase2_final,3,1
01KJN6MMPQTMDYRN709DP5DSDA,page9-46,01KJN7931DXZ65NXTWK1GNEZMW,01KJN7B32C1C5254NSG6ZK1GRK,C,A,0,0.0,01KJN7931DXZ65NXTWK1GNEZMW_01KJN7B32C1C5254NSG6ZK1GRK,phase2_final,2,1
01KJN6MMPQTMDYRN709DP5DSDA,page9-46,01KJN7931DXZ65NXTWK1GNEZMW,01KJN7BYA5X3A2G30KZECRY2HY,C,B,0,0.0,01KJN7931DXZ65NXTWK1GNEZMW_01KJN7BYA5X3A2G30KZECRY2HY,phase2_final,2,1
01KJN6MMPQTMDYRN709DP5DSDA,page9-46,01KJN7B32C1C5254NSG6ZK1GRK,01KJN7BYA5X3A2G30KZECRY2HY,A,B,0,1.0,01KJN7B32C1C5254NSG6ZK1GRK_01KJN7BYA5X3A2G30KZECRY2HY,phase2_final,1,1
01KJN6MMQ03KZPZN0275VZXK6R,page-B,01KJN79B14FBSYSKKCG2BYVBB6,01KJN79J529BWBWTESKB6D9MB7,A,C,0,0.0,01KJN79B14FBSYSKKCG2BYVBB6_01KJN79J529BWBWTESKB6D9MB7,phase2_final,4,4
01KJN6MMQ03KZPZN0275VZXK6R,page-B,01KJN79B14FBSYSKKCG2BYVBB6,01KJN7C40WEQBDF48ACG18M0EV,A,B,0,0.0,01KJN79B14FBSYSKKCG2BYVBB6_01KJN7C40WEQBDF48ACG18M0EV,phase2_final,4,2
01KJN6MMQ03KZPZN0275VZXK6R,page-B,01KJN79B14FBSYSKKCG2BYVBB6,01KJN7863BFF3ZYZGVVSATZTH7,A,C,0,0.0,01KJN7863BFF3ZYZGVVSATZTH7_01KJN79B14FBSYSKKCG2BYVBB6,phase2_final,4,5
01KJN6MMQ03KZPZN0275VZXK6R,page-B,01KJN79B14FBSYSKKCG2BYVBB6,01KJN792W85XPK9QGH8A6HSYSJ,A,B,0,0.0,01KJN792W85XPK9QGH8A6HSYSJ_01KJN79B14FBSYSKKCG2BYVBB6,phase2_final,4,5
01KJN6MMQ03KZPZN0275VZXK6R,page-B,01KJN79B14FBSYSKKCG2BYVBB6,01KJN7AAX1VHZ1A7ZB35BNRH8N,A,A,1,0.1,01KJN79B14FBSYSKKCG2BYVBB6_01KJN7AAX1VHZ1A7ZB35BNRH8N,phase2_final,4,15
01KJN6MMQ03KZPZN0275VZXK6R,page-B,01KJN79B14FBSYSKKCG2BYVBB6,01KJN78DQ6KC0F9N1HA0BPB44R,A,C,0,0.0,01KJN78DQ6KC0F9N1HA0BPB44R_01KJN79B14FBSYSKKCG2BYVBB6,phase2_final,4,4
01KJN6MMQ03KZPZN0275VZXK6R,page-B,01KJN79B14FBSYSKKCG2BYVBB6,01KJN7A44GGBE9XR412KV5BFSC,A,B,0,0.0,01KJN79B14FBSYSKKCG2BYVBB6_01KJN7A44GGBE9XR412KV5BFSC,phase2_final,4,3
01KJN6MMQ03KZPZN0275VZXK6R,page-B,01KJN79B14FBSYSKKCG2BYVBB6,01KJN7AZC7FAG17CY924MRTCF7,A,A,1,0.5,01KJN79B14FBSYSKKCG2BYVBB6_01KJN7AZC7FAG17CY924MRTCF7,phase2_final,4,1
01KJN6MMQ03KZPZN0275VZXK6R,page-B,01KJN79J529BWBWTESKB6D9MB7,01KJN7C40WEQBDF48ACG18M0EV,C,B,0,0.0,01KJN79J529BWBWTESKB6D9MB7_01KJN7C40WEQBDF48ACG18M0EV,phase2_final,4,2
01KJN6MMQ03KZPZN0275VZXK6R,page-B,01KJN79J529BWBWTESKB6D9MB7,01KJN7863BFF3ZYZGVVSATZTH7,C,C,1,0.16666666666666666,01KJN7863BFF3ZYZGVVSATZTH7_01KJN79J529BWBWTESKB6D9MB7,phase2_final,4,5
01KJN6MMQ03KZPZN0275VZXK6R,page-B,01KJN79J529BWBWTESKB6D9MB7,01KJN792W85XPK9QGH8A6HSYSJ,C,B,0,0.0,01KJN792W85XPK9QGH8A6HSYSJ_01KJN79J529BWBWTESKB6D9MB7,phase2_final,4,5
01KJN6MMQ03KZPZN0275VZXK6R,page-B,01KJN79J529BWBWTESKB6D9MB7,01KJN7AAX1VHZ1A7ZB35BNRH8N,C,A,0,0.2,01KJN79J529BWBWTESKB6D9MB7_01KJN7AAX1VHZ1A7ZB35BNRH8N,phase2_final,4,15
01KJN6MMQ03KZPZN0275VZXK6R,page-B,01KJN79J529BWBWTESKB6D9MB7,01KJN78DQ6KC0F9N1HA0BPB44R,C,C,1,0.16666666666666666,01KJN78DQ6KC0F9N1HA0BPB44R_01KJN79J529BWBWTESKB6D9MB7,phase2_final,4,4
01KJN6MMQ03KZPZN0275VZXK6R,page-B,01KJN79J529BWBWTESKB6D9MB7,01KJN7A44GGBE9XR412KV5BFSC,C,B,0,0.0,01KJN79J529BWBWTESKB6D9MB7_01KJN7A44GGBE9XR412KV5BFSC,phase2_final,4,3
01KJN6MMQ03KZPZN0275VZXK6R,page-B,01KJN79J529BWBWTESKB6D9MB7,01KJN7AZC7FAG17CY924MRTCF7,C,A,0,0.0,01KJN79J529BWBWTESKB6D9MB7_01KJN7AZC7FAG17CY924MRTCF7,phase2_final,4,1
01KJN6MMQ03KZPZN0275VZXK6R,page-B,01KJN7C40WEQBDF48ACG18M0EV,01KJN7863BFF3ZYZGVVSATZTH7,B,C,0,0.0,01KJN7863BFF3ZYZGVVSATZTH7_01KJN7C40WEQBDF48ACG18M0EV,phase2_final,2,5
01KJN6MMQ03KZPZN0275VZXK6R,page-B,01KJN7C40WEQBDF48ACG18M0EV,01KJN792W85XPK9QGH8A6HSYSJ,B,B,1,0.0,01KJN792W85XPK9QGH8A6HSYSJ_01KJN7C40WEQBDF48ACG18M0EV,phase2_final,2,5
01KJN6MMQ03KZPZN0275VZXK6R,page-B,01KJN7C40WEQBDF48ACG18M0EV,01KJN7AAX1VHZ1A7ZB35BNRH8N,B,A,0,0.1,01KJN7AAX1VHZ1A7ZB35BNRH8N_01KJN7C40WEQBDF48ACG18M0EV,phase2_final,2,15
01KJN6MMQ03KZPZN0275VZXK6R,page-B,01KJN7C40WEQBDF48ACG18M0EV,01KJN78DQ6KC0F9N1HA0BPB44R,B,C,0,0.2,01KJN78DQ6KC0F9N1HA0BPB44R_01KJN7C40WEQBDF48ACG18M0EV,phase2_final,2,4
01KJN6MMQ03KZPZN0275VZXK6R,page-B,01KJN7C40WEQBDF48ACG18M0EV,01KJN7A44GGBE9XR412KV5BFSC,B,B,1,0.0,01KJN7A44GGBE9XR412KV5BFSC_01KJN7C40WEQBDF48ACG18M0EV,phase2_final,2,3
01KJN6MMQ03KZPZN0275VZXK6R,page-B,01KJN7C40WEQBDF48ACG18M0EV,01KJN7AZC7FAG17CY924MRTCF7,B,A,0,0.0,01KJN7AZC7FAG17CY924MRTCF7_01KJN7C40WEQBDF48ACG18M0EV,phase2_final,2,1
01KJN6MMQ03KZPZN0275VZXK6R,page-B,01KJN7863BFF3ZYZGVVSATZTH7,01KJN792W85XPK9QGH8A6HSYSJ,C,B,0,0.14285714285714285,01KJN7863BFF3ZYZGVVSATZTH7_01KJN792W85XPK9QGH8A6HSYSJ,phase2_final,5,5
01KJN6MMQ03KZPZN0275VZXK6R,page-B,01KJN7863BFF3ZYZGVVSATZTH7,01KJN7AAX1VHZ1A7ZB35BNRH8N,C,A,0,0.08333333333333333,01KJN7863BFF3ZYZGVVSATZTH7_01KJN7AAX1VHZ1A7ZB35BNRH8N,phase2_final,5,15
01KJN6MMQ03KZPZN0275VZXK6R,page-B,01KJN7863BFF3ZYZGVVSATZTH7,01KJN78DQ6KC0F9N1HA0BPB44R,C,C,1,0.6,01KJN7863BFF3ZYZGVVSATZTH7_01KJN78DQ6KC0F9N1HA0BPB44R,phase2_final,5,4
01KJN6MMQ03KZPZN0275VZXK6R,page-B,01KJN7863BFF3ZYZGVVSATZTH7,01KJN7A44GGBE9XR412KV5BFSC,C,B,0,0.4,01KJN7863BFF3ZYZGVVSATZTH7_01KJN7A44GGBE9XR412KV5BFSC,phase2_final,5,3
01KJN6MMQ03KZPZN0275VZXK6R,page-B,01KJN7863BFF3ZYZGVVSATZTH7,01KJN7AZC7FAG17CY924MRTCF7,C,A,0,0.0,01KJN7863BFF3ZYZGVVSATZTH7_01KJN7AZC7FAG17CY924MRTCF7,phase2_final,5,1
01KJN6MMQ03KZPZN0275VZXK6R,page-B,01KJN792W85XPK9QGH8A6HSYSJ,01KJN7AAX1VHZ1A7ZB35BNRH8N,B,A,0,0.18181818181818182,01KJN792W85XPK9QGH8A6HSYSJ_01KJN7AAX1VHZ1A7ZB35BNRH8N,phase2_final,5,15
01KJN6MMQ03KZPZN0275VZXK6R,page-B,01KJN792W85XPK9QGH8A6HSYSJ,01KJN78DQ6KC0F9N1HA0BPB44R,B,C,0,0.14285714285714285,01KJN78DQ6KC0F9N1HA0BPB44R_01KJN792W85XPK9QGH8A6HSYSJ,phase2_final,5,4
01KJN6MMQ03KZPZN0275VZXK6R,page-B,01KJN792W85XPK9QGH8A6HSYSJ,01KJN7A44GGBE9XR412KV5BFSC,B,B,1,0.16666666666666666,01KJN792W85XPK9QGH8A6HSYSJ_01KJN7A44GGBE9XR412KV5BFSC,phase2_final,5,3
01KJN6MMQ03KZPZN0275VZXK6R,page-B,01KJN792W85XPK9QGH8A6HSYSJ,01KJN7AZC7FAG17CY924MRTCF7,B,A,0,0.0,01KJN792W85XPK9QGH8A6HSYSJ_01KJN7AZC7FAG17CY924MRTCF7,phase2_final,5,1
01KJN6MMQ03KZPZN0275VZXK6R,page-B,01KJN7AAX1VHZ1A7ZB35BNRH8N,01KJN78DQ6KC0F9N1HA0BPB44R,A,C,0,0.08333333333333333,01KJN78DQ6KC0F9N1HA0BPB44R_01KJN7AAX1VHZ1A7ZB35BNRH8N,phase2_final,15,4
01KJN6MMQ03KZPZN0275VZXK6R,page-B,01KJN7AAX1VHZ1A7ZB35BNRH8N,01KJN7A44GGBE9XR412KV5BFSC,A,B,0,0.09090909090909091,01KJN7A44GGBE9XR412KV5BFSC_01KJN7AAX1VHZ1A7ZB35BNRH8N,phase2_final,15,3
01KJN6MMQ03KZPZN0275VZXK6R,page-B,01KJN7AAX1VHZ1A7ZB35BNRH8N,01KJN7AZC7FAG17CY924MRTCF7,A,A,1,0.1111111111111111,01KJN7AAX1VHZ1A7ZB35BNRH8N_01KJN7AZC7FAG17CY924MRTCF7,phase2_final,15,1
01KJN6MMQ03KZPZN0275VZXK6R,page-B,01KJN78DQ6KC0F9N1HA0BPB44R,01KJN7A44GGBE9XR412KV5BFSC,C,B,0,0.4,01KJN78DQ6KC0F9N1HA0BPB44R_01KJN7A44GGBE9XR412KV5BFSC,phase2_final,4,3
01KJN6MMQ03KZPZN0275VZXK6R,page-B,01KJN78DQ6KC0F9N1HA0BPB44R,01KJN7AZC7FAG17CY924MRTCF7,C,A,0,0.0,01KJN78DQ6KC0F9N1HA0BPB44R_01KJN7AZC7FAG17CY924MRTCF7,phase2_final,4,1
01KJN6MMQ03KZPZN0275VZXK6R,page-B,01KJN7A44GGBE9XR412KV5BFSC,01KJN7AZC7FAG17CY924MRTCF7,B,A,0,0.0,01KJN7A44GGBE9XR412KV5BFSC_01KJN7AZC7FAG17CY924MRTCF7,phase2_final,3,1
01KJN6MMQ03KZPZN0275VZXK6R,page3-35,01KJN79B14FBSYSKKCG2BYVBB6,01KJN79J529BWBWTESKB6D9MB7,A,C,0,0.3333333333333333,01KJN79B14FBSYSKKCG2BYVBB6_01KJN79J529BWBWTESKB6D9MB7,phase2_final,7,6
01KJN6MMQ03KZPZN0275VZXK6R,page3-35,01KJN79B14FBSYSKKCG2BYVBB6,01KJN7C40WEQBDF48ACG18M0EV,A,B,0,0.0,01KJN79B14FBSYSKKCG2BYVBB6_01KJN7C40WEQBDF48ACG18M0EV,phase2_final,7,8
01KJN6MMQ03KZPZN0275VZXK6R,page3-35,01KJN79B14FBSYSKKCG2BYVBB6,01KJN7863BFF3ZYZGVVSATZTH7,A,C,0,0.4,01KJN7863BFF3ZYZGVVSATZTH7_01KJN79B14FBSYSKKCG2BYVBB6,phase2_final,7,6
01KJN6MMQ03KZPZN0275VZXK6R,page3-35,01KJN79B14FBSYSKKCG2BYVBB6,01KJN792W85XPK9QGH8A6HSYSJ,A,B,0,0.0,01KJN792W85XPK9QGH8A6HSYSJ_01KJN79B14FBSYSKKCG2BYVBB6,phase2_final,7,3
01KJN6MMQ03KZPZN0275VZXK6R,page3-35,01KJN79B14FBSYSKKCG2BYVBB6,01KJN7AAX1VHZ1A7ZB35BNRH8N,A,A,1,0.3333333333333333,01KJN79B14FBSYSKKCG2BYVBB6_01KJN7AAX1VHZ1A7ZB35BNRH8N,phase2_final,7,6
01KJN6MMQ03KZPZN0275VZXK6R,page3-35,01KJN79B14FBSYSKKCG2BYVBB6,01KJN78DQ6KC0F9N1HA0BPB44R,A,C,0,0.0,01KJN78DQ6KC0F9N1HA0BPB44R_01KJN79B14FBSYSKKCG2BYVBB6,phase2_final,7,4
01KJN6MMQ03KZPZN0275VZXK6R,page3-35,01KJN79B14FBSYSKKCG2BYVBB6,01KJN7A44GGBE9XR412KV5BFSC,A,B,0,0.2,01KJN79B14FBSYSKKCG2BYVBB6_01KJN7A44GGBE9XR412KV5BFSC,phase2_final,7,2
01KJN6MMQ03KZPZN0275VZXK6R,page3-35,01KJN79B14FBSYSKKCG2BYVBB6,01KJN7AZC7FAG17CY924MRTCF7,A,A,1,0.16666666666666666,01KJN79B14FBSYSKKCG2BYVBB6_01KJN7AZC7FAG17CY924MRTCF7,phase2_final,7,5
01KJN6MMQ03KZPZN0275VZXK6R,page3-35,01KJN79J529BWBWTESKB6D9MB7,01KJN7C40WEQBDF48ACG18M0EV,C,B,0,0.0,01KJN79J529BWBWTESKB6D9MB7_01KJN7C40WEQBDF48ACG18M0EV,phase2_final,6,8
01KJN6MMQ03KZPZN0275VZXK6R,page3-35,01KJN79J529BWBWTESKB6D9MB7,01KJN7863BFF3ZYZGVVSATZTH7,C,C,1,0.75,01KJN7863BFF3ZYZGVVSATZTH7_01KJN79J529BWBWTESKB6D9MB7,phase2_final,6,6
01KJN6MMQ03KZPZN0275VZXK6R,page3-35,01KJN79J529BWBWTESKB6D9MB7,01KJN792W85XPK9QGH8A6HSYSJ,C,B,0,0.0,01KJN792W85XPK9QGH8A6HSYSJ_01KJN79J529BWBWTESKB6D9MB7,phase2_final,6,3
01KJN6MMQ03KZPZN0275VZXK6R,page3-35,01KJN79J529BWBWTESKB6D9MB7,01KJN7AAX1VHZ1A7ZB35BNRH8N,C,A,0,0.0,01KJN79J529BWBWTESKB6D9MB7_01KJN7AAX1VHZ1A7ZB35BNRH8N,phase2_final,6,6
01KJN6MMQ03KZPZN0275VZXK6R,page3-35,01KJN79J529BWBWTESKB6D9MB7,01KJN78DQ6KC0F9N1HA0BPB44R,C,C,1,0.0,01KJN78DQ6KC0F9N1HA0BPB44R_01KJN79J529BWBWTESKB6D9MB7,phase2_final,6,4
01KJN6MMQ03KZPZN0275VZXK6R,page3-35,01KJN79J529BWBWTESKB6D9MB7,01KJN7A44GGBE9XR412KV5BFSC,C,B,0,0.0,01KJN79J529BWBWTESKB6D9MB7_01KJN7A44GGBE9XR412KV5BFSC,phase2_final,6,2
01KJN6MMQ03KZPZN0275VZXK6R,page3-35,01KJN79J529BWBWTESKB6D9MB7,01KJN7AZC7FAG17CY924MRTCF7,C,A,0,0.0,01KJN79J529BWBWTESKB6D9MB7_01KJN7AZC7FAG17CY924MRTCF7,phase2_final,6,5
01KJN6MMQ03KZPZN0275VZXK6R,page3-35,01KJN7C40WEQBDF48ACG18M0EV,01KJN7863BFF3ZYZGVVSATZTH7,B,C,0,0.0,01KJN7863BFF3ZYZGVVSATZTH7_01KJN7C40WEQBDF48ACG18M0EV,phase2_final,8,6
01KJN6MMQ03KZPZN0275VZXK6R,page3-35,01KJN7C40WEQBDF48ACG18M0EV,01KJN792W85XPK9QGH8A6HSYSJ,B,B,1,0.2857142857142857,01KJN792W85XPK9QGH8A6HSYSJ_01KJN7C40WEQBDF48ACG18M0EV,phase2_final,8,3
01KJN6MMQ03KZPZN0275VZXK6R,page3-35,01KJN7C40WEQBDF48ACG18M0EV,01KJN7AAX1VHZ1A7ZB35BNRH8N,B,A,0,0.0,01KJN7AAX1VHZ1A7ZB35BNRH8N_01KJN7C40WEQBDF48ACG18M0EV,phase2_final,8,6
01KJN6MMQ03KZPZN0275VZXK6R,page3-35,01KJN7C40WEQBDF48ACG18M0EV,01KJN78DQ6KC0F9N1HA0BPB44R,B,C,0,0.0,01KJN78DQ6KC0F9N1HA0BPB44R_01KJN7C40WEQBDF48ACG18M0EV,phase2_final,8,4
01KJN6MMQ03KZPZN0275VZXK6R,page3-35,01KJN7C40WEQBDF48ACG18M0EV,01KJN7A44GGBE9XR412KV5BFSC,B,B,1,0.0,01KJN7A44GGBE9XR412KV5BFSC_01KJN7C40WEQBDF48ACG18M0EV,phase2_final,8,2
01KJN6MMQ03KZPZN0275VZXK6R,page3-35,01KJN7C40WEQBDF48ACG18M0EV,01KJN7AZC7FAG17CY924MRTCF7,B,A,0,0.0,01KJN7AZC7FAG17CY924MRTCF7_01KJN7C40WEQBDF48ACG18M0EV,phase2_final,8,5
01KJN6MMQ03KZPZN0275VZXK6R,page3-35,01KJN7863BFF3ZYZGVVSATZTH7,01KJN792W85XPK9QGH8A6HSYSJ,C,B,0,0.0,01KJN7863BFF3ZYZGVVSATZTH7_01KJN792W85XPK9QGH8A6HSYSJ,phase2_final,6,3
01KJN6MMQ03KZPZN0275VZXK6R,page3-35,01KJN7863BFF3ZYZGVVSATZTH7,01KJN7AAX1VHZ1A7ZB35BNRH8N,C,A,0,0.0,01KJN7863BFF3ZYZGVVSATZTH7_01KJN7AAX1VHZ1A7ZB35BNRH8N,phase2_final,6,6
01KJN6MMQ03KZPZN0275VZXK6R,page3-35,01KJN7863BFF3ZYZGVVSATZTH7,01KJN78DQ6KC0F9N1HA0BPB44R,C,C,1,0.0,01KJN7863BFF3ZYZGVVSATZTH7_01KJN78DQ6KC0F9N1HA0BPB44R,phase2_final,6,4
01KJN6MMQ03KZPZN0275VZXK6R,page3-35,01KJN7863BFF3ZYZGVVSATZTH7,01KJN7A44GGBE9XR412KV5BFSC,C,B,0,0.0,01KJN7863BFF3ZYZGVVSATZTH7_01KJN7A44GGBE9XR412KV5BFSC,phase2_final,6,2
01KJN6MMQ03KZPZN0275VZXK6R,page3-35,01KJN7863BFF3ZYZGVVSATZTH7,01KJN7AZC7FAG17CY924MRTCF7,C,A,0,0.0,01KJN7863BFF3ZYZGVVSATZTH7_01KJN7AZC7FAG17CY924MRTCF7,phase2_final,6,5
01KJN6MMQ03KZPZN0275VZXK6R,page3-35,01KJN792W85XPK9QGH8A6HSYSJ,01KJN7AAX1VHZ1A7ZB35BNRH8N,B,A,0,0.0,01KJN792W85XPK9QGH8A6HSYSJ_01KJN7AAX1VHZ1A7ZB35BNRH8N,phase2_final,3,6
01KJN6MMQ03KZPZN0275VZXK6R,page3-35,01KJN792W85XPK9QGH8A6HSYSJ,01KJN78DQ6KC0F9N1HA0BPB44R,B,C,0,0.0,01KJN78DQ6KC0F9N1HA0BPB44R_01KJN792W85XPK9QGH8A6HSYSJ,phase2_final,3,4
01KJN6MMQ03KZPZN0275VZXK6R,page3-35,01KJN792W85XPK9QGH8A6HSYSJ,01KJN7A44GGBE9XR412KV5BFSC,B,B,1,0.0,01KJN792W85XPK9QGH8A6HSYSJ_01KJN7A44GGBE9XR412KV5BFSC,phase2_final,3,2
01KJN6MMQ03KZPZN0275VZXK6R,page3-35,01KJN792W85XPK9QGH8A6HSYSJ,01KJN7AZC7FAG17CY924MRTCF7,B,A,0,0.0,01KJN792W85XPK9QGH8A6HSYSJ_01KJN7AZC7FAG17CY924MRTCF7,phase2_final,3,5
01KJN6MMQ03KZPZN0275VZXK6R,page3-35,01KJN7AAX1VHZ1A7ZB35BNRH8N,01KJN78DQ6KC0F9N1HA0BPB44R,A,C,0,0.2,01KJN78DQ6KC0F9N1HA0BPB44R_01KJN7AAX1VHZ1A7ZB35BNRH8N,phase2_final,6,4
01KJN6MMQ03KZPZN0275VZXK6R,page3-35,01KJN7AAX1VHZ1A7ZB35BNRH8N,01KJN7A44GGBE9XR412KV5BFSC,A,B,0,0.2,01KJN7A44GGBE9XR412KV5BFSC_01KJN7AAX1VHZ1A7ZB35BNRH8N,phase2_final,6,2
01KJN6MMQ03KZPZN0275VZXK6R,page3-35,01KJN7AAX1VHZ1A7ZB35BNRH8N,01KJN7AZC7FAG17CY924MRTCF7,A,A,1,0.75,01KJN7AAX1VHZ1A7ZB35BNRH8N_01KJN7AZC7FAG17CY924MRTCF7,phase2_final,6,5
01KJN6MMQ03KZPZN0275VZXK6R,page3-35,01KJN78DQ6KC0F9N1HA0BPB44R,01KJN7A44GGBE9XR412KV5BFSC,C,B,0,0.0,01KJN78DQ6KC0F9N1HA0BPB44R_01KJN7A44GGBE9XR412KV5BFSC,phase2_final,4,2
01KJN6MMQ03KZPZN0275VZXK6R,page3-35,01KJN78DQ6KC0F9N1HA0BPB44R,01KJN7AZC7FAG17CY924MRTCF7,C,A,0,0.25,01KJN78DQ6KC0F9N1HA0BPB44R_01KJN7AZC7FAG17CY924MRTCF7,phase2_final,4,5
01KJN6MMQ03KZPZN0275VZXK6R,page3-35,01KJN7A44GGBE9XR412KV5BFSC,01KJN7AZC7FAG17CY924MRTCF7,B,A,0,0.25,01KJN7A44GGBE9XR412KV5BFSC_01KJN7AZC7FAG17CY924MRTCF7,phase2_final,2,5
01KJN6MMQ03KZPZN0275VZXK6R,page5-28,01KJN79B14FBSYSKKCG2BYVBB6,01KJN79J529BWBWTESKB6D9MB7,A,C,0,0.1111111111111111,01KJN79B14FBSYSKKCG2BYVBB6_01KJN79J529BWBWTESKB6D9MB7,phase2_final,6,7
01KJN6MMQ03KZPZN0275VZXK6R,page5-28,01KJN79B14FBSYSKKCG2BYVBB6,01KJN7C40WEQBDF48ACG18M0EV,A,B,0,0.2857142857142857,01KJN79B14FBSYSKKCG2BYVBB6_01KJN7C40WEQBDF48ACG18M0EV,phase2_final,6,9
01KJN6MMQ03KZPZN0275VZXK6R,page5-28,01KJN79B14FBSYSKKCG2BYVBB6,01KJN7863BFF3ZYZGVVSATZTH7,A,C,0,0.14285714285714285,01KJN7863BFF3ZYZGVVSATZTH7_01KJN79B14FBSYSKKCG2BYVBB6,phase2_final,6,5
01KJN6MMQ03KZPZN0275VZXK6R,page5-28,01KJN79B14FBSYSKKCG2BYVBB6,01KJN792W85XPK9QGH8A6HSYSJ,A,B,0,0.14285714285714285,01KJN792W85XPK9QGH8A6HSYSJ_01KJN79B14FBSYSKKCG2BYVBB6,phase2_final,6,5
01KJN6MMQ03KZPZN0275VZXK6R,page5-28,01KJN79B14FBSYSKKCG2BYVBB6,01KJN7AAX1VHZ1A7ZB35BNRH8N,A,A,1,0.4,01KJN79B14FBSYSKKCG2BYVBB6_01KJN7AAX1VHZ1A7ZB35BNRH8N,phase2_final,6,6
01KJN6MMQ03KZPZN0275VZXK6R,page5-28,01KJN79B14FBSYSKKCG2BYVBB6,01KJN78DQ6KC0F9N1HA0BPB44R,A,C,0,0.14285714285714285,01KJN78DQ6KC0F9N1HA0BPB44R_01KJN79B14FBSYSKKCG2BYVBB6,phase2_final,6,4
01KJN6MMQ03KZPZN0275VZXK6R,page5-28,01KJN79B14FBSYSKKCG2BYVBB6,01KJN7A44GGBE9XR412KV5BFSC,A,B,0,0.2857142857142857,01KJN79B14FBSYSKKCG2BYVBB6_01KJN7A44GGBE9XR412KV5BFSC,phase2_final,6,5
01KJN6MMQ03KZPZN0275VZXK6R,page5-28,01KJN79B14FBSYSKKCG2BYVBB6,01KJN7AZC7FAG17CY924MRTCF7,A,A,1,0.5,01KJN79B14FBSYSKKCG2BYVBB6_01KJN7AZC7FAG17CY924MRTCF7,phase2_final,6,3
01KJN6MMQ03KZPZN0275VZXK6R,page5-28,01KJN79J529BWBWTESKB6D9MB7,01KJN7C40WEQBDF48ACG18M0EV,C,B,0,0.2222222222222222,01KJN79J529BWBWTESKB6D9MB7_01KJN7C40WEQBDF48ACG18M0EV,phase2_final,7,9
01KJN6MMQ03KZPZN0275VZXK6R,page5-28,01KJN79J529BWBWTESKB6D9MB7,01KJN7863BFF3ZYZGVVSATZTH7,C,C,1,0.25,01KJN7863BFF3ZYZGVVSATZTH7_01KJN79J529BWBWTESKB6D9MB7,phase2_final,7,5
01KJN6MMQ03KZPZN0275VZXK6R,page5-28,01KJN79J529BWBWTESKB6D9MB7,01KJN792W85XPK9QGH8A6HSYSJ,C,B,0,0.0,01KJN792W85XPK9QGH8A6HSYSJ_01KJN79J529BWBWTESKB6D9MB7,phase2_final,7,5
01KJN6MMQ03KZPZN0275VZXK6R,page5-28,01KJN79J529BWBWTESKB6D9MB7,01KJN7AAX1VHZ1A7ZB35BNRH8N,C,A,0,0.2857142857142857,01KJN79J529BWBWTESKB6D9MB7_01KJN7AAX1VHZ1A7ZB35BNRH8N,phase2_final,7,6
01KJN6MMQ03KZPZN0275VZXK6R,page5-28,01KJN79J529BWBWTESKB6D9MB7,01KJN78DQ6KC0F9N1HA0BPB44R,C,C,1,0.25,01KJN78DQ6KC0F9N1HA0BPB44R_01KJN79J529BWBWTESKB6D9MB7,phase2_final,7,4
01KJN6MMQ03KZPZN0275VZXK6R,page5-28,01KJN79J529BWBWTESKB6D9MB7,01KJN7A44GGBE9XR412KV5BFSC,C,B,0,0.2222222222222222,01KJN79J529BWBWTESKB6D9MB7_01KJN7A44GGBE9XR412KV5BFSC,phase2_final,7,5
01KJN6MMQ03KZPZN0275VZXK6R,page5-28,01KJN79J529BWBWTESKB6D9MB7,01KJN7AZC7FAG17CY924MRTCF7,C,A,0,0.14285714285714285,01KJN79J529BWBWTESKB6D9MB7_01KJN7AZC7FAG17CY924MRTCF7,phase2_final,7,3
01KJN6MMQ03KZPZN0275VZXK6R,page5-28,01KJN7C40WEQBDF48ACG18M0EV,01KJN7863BFF3ZYZGVVSATZTH7,B,C,0,0.2857142857142857,01KJN7863BFF3ZYZGVVSATZTH7_01KJN7C40WEQBDF48ACG18M0EV,phase2_final,9,5
01KJN6MMQ03KZPZN0275VZXK6R,page5-28,01KJN7C40WEQBDF48ACG18M0EV,01KJN792W85XPK9QGH8A6HSYSJ,B,B,1,0.2857142857142857,01KJN792W85XPK9QGH8A6HSYSJ_01KJN7C40WEQBDF48ACG18M0EV,phase2_final,9,5
01KJN6MMQ03KZPZN0275VZXK6R,page5-28,01KJN7C40WEQBDF48ACG18M0EV,01KJN7AAX1VHZ1A7ZB35BNRH8N,B,A,0,0.3333333333333333,01KJN7AAX1VHZ1A7ZB35BNRH8N_01KJN7C40WEQBDF48ACG18M0EV,phase2_final,9,6
01KJN6MMQ03KZPZN0275VZXK6R,page5-28,01KJN7C40WEQBDF48ACG18M0EV,01KJN78DQ6KC0F9N1HA0BPB44R,B,C,0,0.5,01KJN78DQ6KC0F9N1HA0BPB44R_01KJN7C40WEQBDF48ACG18M0EV,phase2_final,9,4
01KJN6MMQ03KZPZN0275VZXK6R,page5-28,01KJN7C40WEQBDF48ACG18M0EV,01KJN7A44GGBE9XR412KV5BFSC,B,B,1,0.42857142857142855,01KJN7A44GGBE9XR412KV5BFSC_01KJN7C40WEQBDF48ACG18M0EV,phase2_final,9,5
01KJN6MMQ03KZPZN0275VZXK6R,page5-28,01KJN7C40WEQBDF48ACG18M0EV,01KJN7AZC7FAG17CY924MRTCF7,B,A,0,0.4,01KJN7AZC7FAG17CY924MRTCF7_01KJN7C40WEQBDF48ACG18M0EV,phase2_final,9,3
01KJN6MMQ03KZPZN0275VZXK6R,page5-28,01KJN7863BFF3ZYZGVVSATZTH7,01KJN792W85XPK9QGH8A6HSYSJ,C,B,0,0.0,01KJN7863BFF3ZYZGVVSATZTH7_01KJN792W85XPK9QGH8A6HSYSJ,phase2_final,5,5
01KJN6MMQ03KZPZN0275VZXK6R,page5-28,01KJN7863BFF3ZYZGVVSATZTH7,01KJN7AAX1VHZ1A7ZB35BNRH8N,C,A,0,0.16666666666666666,01KJN7863BFF3ZYZGVVSATZTH7_01KJN7AAX1VHZ1A7ZB35BNRH8N,phase2_final,5,6
01KJN6MMQ03KZPZN0275VZXK6R,page5-28,01KJN7863BFF3ZYZGVVSATZTH7,01KJN78DQ6KC0F9N1HA0BPB44R,C,C,1,0.6,01KJN7863BFF3ZYZGVVSATZTH7_01KJN78DQ6KC0F9N1HA0BPB44R,phase2_final,5,4
01KJN6MMQ03KZPZN0275VZXK6R,page5-28,01KJN7863BFF3ZYZGVVSATZTH7,01KJN7A44GGBE9XR412KV5BFSC,C,B,0,0.125,01KJN7863BFF3ZYZGVVSATZTH7_01KJN7A44GGBE9XR412KV5BFSC,phase2_final,5,5
01KJN6MMQ03KZPZN0275VZXK6R,page5-28,01KJN7863BFF3ZYZGVVSATZTH7,01KJN7AZC7FAG17CY924MRTCF7,C,A,0,0.2,01KJN7863BFF3ZYZGVVSATZTH7_01KJN7AZC7FAG17CY924MRTCF7,phase2_final,5,3
01KJN6MMQ03KZPZN0275VZXK6R,page5-28,01KJN792W85XPK9QGH8A6HSYSJ,01KJN7AAX1VHZ1A7ZB35BNRH8N,B,A,0,0.16666666666666666,01KJN792W85XPK9QGH8A6HSYSJ_01KJN7AAX1VHZ1A7ZB35BNRH8N,phase2_final,5,6
01KJN6MMQ03KZPZN0275VZXK6R,page5-28,01KJN792W85XPK9QGH8A6HSYSJ,01KJN78DQ6KC0F9N1HA0BPB44R,B,C,0,0.14285714285714285,01KJN78DQ6KC0F9N1HA0BPB44R_01KJN792W85XPK9QGH8A6HSYSJ,phase2_final,5,4
01KJN6MMQ03KZPZN0275VZXK6R,page5-28,01KJN792W85XPK9QGH8A6HSYSJ,01KJN7A44GGBE9XR412KV5BFSC,B,B,1,0.2857142857142857,01KJN792W85XPK9QGH8A6HSYSJ_01KJN7A44GGBE9XR412KV5BFSC,phase2_final,5,5
01KJN6MMQ03KZPZN0275VZXK6R,page5-28,01KJN792W85XPK9QGH8A6HSYSJ,01KJN7AZC7FAG17CY924MRTCF7,B,A,0,0.2,01KJN792W85XPK9QGH8A6HSYSJ_01KJN7AZC7FAG17CY924MRTCF7,phase2_final,5,3
01KJN6MMQ03KZPZN0275VZXK6R,page5-28,01KJN7AAX1VHZ1A7ZB35BNRH8N,01KJN78DQ6KC0F9N1HA0BPB44R,A,C,0,0.16666666666666666,01KJN78DQ6KC0F9N1HA0BPB44R_01KJN7AAX1VHZ1A7ZB35BNRH8N,phase2_final,6,4
01KJN6MMQ03KZPZN0275VZXK6R,page5-28,01KJN7AAX1VHZ1A7ZB35BNRH8N,01KJN7A44GGBE9XR412KV5BFSC,A,B,0,0.3333333333333333,01KJN7A44GGBE9XR412KV5BFSC_01KJN7AAX1VHZ1A7ZB35BNRH8N,phase2_final,6,5
01KJN6MMQ03KZPZN0275VZXK6R,page5-28,01KJN7AAX1VHZ1A7ZB35BNRH8N,01KJN7AZC7FAG17CY924MRTCF7,A,A,1,0.6666666666666666,01KJN7AAX1VHZ1A7ZB35BNRH8N_01KJN7AZC7FAG17CY924MRTCF7,phase2_final,6,3
01KJN6MMQ03KZPZN0275VZXK6R,page5-28,01KJN78DQ6KC0F9N1HA0BPB44R,01KJN7A44GGBE9XR412KV5BFSC,C,B,0,0.2857142857142857,01KJN78DQ6KC0F9N1HA0BPB44R_01KJN7A44GGBE9XR412KV5BFSC,phase2_final,4,5
01KJN6MMQ03KZPZN0275VZXK6R,page5-28,01KJN78DQ6KC0F9N1HA0BPB44R,01KJN7AZC7FAG17CY924MRTCF7,C,A,0,0.2,01KJN78DQ6KC0F9N1HA0BPB44R_01KJN7AZC7FAG17CY924MRTCF7,phase2_final,4,3
01KJN6MMQ03KZPZN0275VZXK6R,page5-28,01KJN7A44GGBE9XR412KV5BFSC,01KJN7AZC7FAG17CY924MRTCF7,B,A,0,0.4,01KJN7A44GGBE9XR412KV5BFSC_01KJN7AZC7FAG17CY924MRTCF7,phase2_final,5,3
01KJN6MMQ03KZPZN0275VZXK6R,page7-107,01KJN79B14FBSYSKKCG2BYVBB6,01KJN79J529BWBWTESKB6D9MB7,A,C,0,0.0,01KJN79B14FBSYSKKCG2BYVBB6_01KJN79J529BWBWTESKB6D9MB7,phase2_final,2,8
01KJN6MMQ03KZPZN0275VZXK6R,page7-107,01KJN79B14FBSYSKKCG2BYVBB6,01KJN7C40WEQBDF48ACG18M0EV,A,B,0,0.25,01KJN79B14FBSYSKKCG2BYVBB6_01KJN7C40WEQBDF48ACG18M0EV,phase2_final,2,4
01KJN6MMQ03KZPZN0275VZXK6R,page7-107,01KJN79B14FBSYSKKCG2BYVBB6,01KJN7863BFF3ZYZGVVSATZTH7,A,C,0,0.0,01KJN7863BFF3ZYZGVVSATZTH7_01KJN79B14FBSYSKKCG2BYVBB6,phase2_final,2,6
01KJN6MMQ03KZPZN0275VZXK6R,page7-107,01KJN79B14FBSYSKKCG2BYVBB6,01KJN792W85XPK9QGH8A6HSYSJ,A,B,0,0.3333333333333333,01KJN792W85XPK9QGH8A6HSYSJ_01KJN79B14FBSYSKKCG2BYVBB6,phase2_final,2,2
01KJN6MMQ03KZPZN0275VZXK6R,page7-107,01KJN79B14FBSYSKKCG2BYVBB6,01KJN7AAX1VHZ1A7ZB35BNRH8N,A,A,1,0.5,01KJN79B14FBSYSKKCG2BYVBB6_01KJN7AAX1VHZ1A7ZB35BNRH8N,phase2_final,2,5
01KJN6MMQ03KZPZN0275VZXK6R,page7-107,01KJN79B14FBSYSKKCG2BYVBB6,01KJN78DQ6KC0F9N1HA0BPB44R,A,C,0,0.0,01KJN78DQ6KC0F9N1HA0BPB44R_01KJN79B14FBSYSKKCG2BYVBB6,phase2_final,2,6
01KJN6MMQ03KZPZN0275VZXK6R,page7-107,01KJN79B14FBSYSKKCG2BYVBB6,01KJN7A44GGBE9XR412KV5BFSC,A,B,0,0.3333333333333333,01KJN79B14FBSYSKKCG2BYVBB6_01KJN7A44GGBE9XR412KV5BFSC,phase2_final,2,2
01KJN6MMQ03KZPZN0275VZXK6R,page7-107,01KJN79B14FBSYSKKCG2BYVBB6,01KJN7AZC7FAG17CY924MRTCF7,A,A,1,1.0,01KJN79B14FBSYSKKCG2BYVBB6_01KJN7AZC7FAG17CY924MRTCF7,phase2_final,2,2
01KJN6MMQ03KZPZN0275VZXK6R,page7-107,01KJN79J529BWBWTESKB6D9MB7,01KJN7C40WEQBDF48ACG18M0EV,C,B,0,0.0,01KJN79J529BWBWTESKB6D9MB7_01KJN7C40WEQBDF48ACG18M0EV,phase2_final,8,4
01KJN6MMQ03KZPZN0275VZXK6R,page7-107,01KJN79J529BWBWTESKB6D9MB7,01KJN7863BFF3ZYZGVVSATZTH7,C,C,1,0.25,01KJN7863BFF3ZYZGVVSATZTH7_01KJN79J529BWBWTESKB6D9MB7,phase2_final,8,6
01KJN6MMQ03KZPZN0275VZXK6R,page7-107,01KJN79J529BWBWTESKB6D9MB7,01KJN792W85XPK9QGH8A6HSYSJ,C,B,0,0.0,01KJN792W85XPK9QGH8A6HSYSJ_01KJN79J529BWBWTESKB6D9MB7,phase2_final,8,2
01KJN6MMQ03KZPZN0275VZXK6R,page7-107,01KJN79J529BWBWTESKB6D9MB7,01KJN7AAX1VHZ1A7ZB35BNRH8N,C,A,0,0.0,01KJN79J529BWBWTESKB6D9MB7_01KJN7AAX1VHZ1A7ZB35BNRH8N,phase2_final,8,5
01KJN6MMQ03KZPZN0275VZXK6R,page7-107,01KJN79J529BWBWTESKB6D9MB7,01KJN78DQ6KC0F9N1HA0BPB44R,C,C,1,0.5714285714285714,01KJN78DQ6KC0F9N1HA0BPB44R_01KJN79J529BWBWTESKB6D9MB7,phase2_final,8,6
01KJN6MMQ03KZPZN0275VZXK6R,page7-107,01KJN79J529BWBWTESKB6D9MB7,01KJN7A44GGBE9XR412KV5BFSC,C,B,0,0.0,01KJN79J529BWBWTESKB6D9MB7_01KJN7A44GGBE9XR412KV5BFSC,phase2_final,8,2
01KJN6MMQ03KZPZN0275VZXK6R,page7-107,01KJN79J529BWBWTESKB6D9MB7,01KJN7AZC7FAG17CY924MRTCF7,C,A,0,0.0,01KJN79J529BWBWTESKB6D9MB7_01KJN7AZC7FAG17CY924MRTCF7,phase2_final,8,2
01KJN6MMQ03KZPZN0275VZXK6R,page7-107,01KJN7C40WEQBDF48ACG18M0EV,01KJN7863BFF3ZYZGVVSATZTH7,B,C,0,0.0,01KJN7863BFF3ZYZGVVSATZTH7_01KJN7C40WEQBDF48ACG18M0EV,phase2_final,4,6
01KJN6MMQ03KZPZN0275VZXK6R,page7-107,01KJN7C40WEQBDF48ACG18M0EV,01KJN792W85XPK9QGH8A6HSYSJ,B,B,1,0.6666666666666666,01KJN792W85XPK9QGH8A6HSYSJ_01KJN7C40WEQBDF48ACG18M0EV,phase2_final,4,2
01KJN6MMQ03KZPZN0275VZXK6R,page7-107,01KJN7C40WEQBDF48ACG18M0EV,01KJN7AAX1VHZ1A7ZB35BNRH8N,B,A,0,0.16666666666666666,01KJN7AAX1VHZ1A7ZB35BNRH8N_01KJN7C40WEQBDF48ACG18M0EV,phase2_final,4,5
01KJN6MMQ03KZPZN0275VZXK6R,page7-107,01KJN7C40WEQBDF48ACG18M0EV,01KJN78DQ6KC0F9N1HA0BPB44R,B,C,0,0.14285714285714285,01KJN78DQ6KC0F9N1HA0BPB44R_01KJN7C40WEQBDF48ACG18M0EV,phase2_final,4,6
01KJN6MMQ03KZPZN0275VZXK6R,page7-107,01KJN7C40WEQBDF48ACG18M0EV,01KJN7A44GGBE9XR412KV5BFSC,B,B,1,0.6666666666666666,01KJN7A44GGBE9XR412KV5BFSC_01KJN7C40WEQBDF48ACG18M0EV,phase2_final,4,2
01KJN6MMQ03KZPZN0275VZXK6R,page7-107,01KJN7C40WEQBDF48ACG18M0EV,01KJN7AZC7FAG17CY924MRTCF7,B,A,0,0.25,01KJN7AZC7FAG17CY924MRTCF7_01KJN7C40WEQBDF48ACG18M0EV,phase2_final,4,2
01KJN6MMQ03KZPZN0275VZXK6R,page7-107,01KJN7863BFF3ZYZGVVSATZTH7,01KJN792W85XPK9QGH8A6HSYSJ,C,B,0,0.0,01KJN7863BFF3ZYZGVVSATZTH7_01KJN792W85XPK9QGH8A6HSYSJ,phase2_final,6,2
01KJN6MMQ03KZPZN0275VZXK6R,page7-107,01KJN7863BFF3ZYZGVVSATZTH7,01KJN7AAX1VHZ1A7ZB35BNRH8N,C,A,0,0.0,01KJN7863BFF3ZYZGVVSATZTH7_01KJN7AAX1VHZ1A7ZB35BNRH8N,phase2_final,6,5
01KJN6MMQ03KZPZN0275VZXK6R,page7-107,01KJN7863BFF3ZYZGVVSATZTH7,01KJN78DQ6KC0F9N1HA0BPB44R,C,C,1,0.2857142857142857,01KJN7863BFF3ZYZGVVSATZTH7_01KJN78DQ6KC0F9N1HA0BPB44R,phase2_final,6,6
01KJN6MMQ03KZPZN0275VZXK6R,page7-107,01KJN7863BFF3ZYZGVVSATZTH7,01KJN7A44GGBE9XR412KV5BFSC,C,B,0,0.0,01KJN7863BFF3ZYZGVVSATZTH7_01KJN7A44GGBE9XR412KV5BFSC,phase2_final,6,2
01KJN6MMQ03KZPZN0275VZXK6R,page7-107,01KJN7863BFF3ZYZGVVSATZTH7,01KJN7AZC7FAG17CY924MRTCF7,C,A,0,0.0,01KJN7863BFF3ZYZGVVSATZTH7_01KJN7AZC7FAG17CY924MRTCF7,phase2_final,6,2
01KJN6MMQ03KZPZN0275VZXK6R,page7-107,01KJN792W85XPK9QGH8A6HSYSJ,01KJN7AAX1VHZ1A7ZB35BNRH8N,B,A,0,0.2,01KJN792W85XPK9QGH8A6HSYSJ_01KJN7AAX1VHZ1A7ZB35BNRH8N,phase2_final,2,5
01KJN6MMQ03KZPZN0275VZXK6R,page7-107,01KJN792W85XPK9QGH8A6HSYSJ,01KJN78DQ6KC0F9N1HA0BPB44R,B,C,0,0.0,01KJN78DQ6KC0F9N1HA0BPB44R_01KJN792W85XPK9QGH8A6HSYSJ,phase2_final,2,6
01KJN6MMQ03KZPZN0275VZXK6R,page7-107,01KJN792W85XPK9QGH8A6HSYSJ,01KJN7A44GGBE9XR412KV5BFSC,B,B,1,1.0,01KJN792W85XPK9QGH8A6HSYSJ_01KJN7A44GGBE9XR412KV5BFSC,phase2_final,2,2
01KJN6MMQ03KZPZN0275VZXK6R,page7-107,01KJN792W85XPK9QGH8A6HSYSJ,01KJN7AZC7FAG17CY924MRTCF7,B,A,0,0.3333333333333333,01KJN792W85XPK9QGH8A6HSYSJ_01KJN7AZC7FAG17CY924MRTCF7,phase2_final,2,2
01KJN6MMQ03KZPZN0275VZXK6R,page7-107,01KJN7AAX1VHZ1A7ZB35BNRH8N,01KJN78DQ6KC0F9N1HA0BPB44R,A,C,0,0.0,01KJN78DQ6KC0F9N1HA0BPB44R_01KJN7AAX1VHZ1A7ZB35BNRH8N,phase2_final,5,6
01KJN6MMQ03KZPZN0275VZXK6R,page7-107,01KJN7AAX1VHZ1A7ZB35BNRH8N,01KJN7A44GGBE9XR412KV5BFSC,A,B,0,0.2,01KJN7A44GGBE9XR412KV5BFSC_01KJN7AAX1VHZ1A7ZB35BNRH8N,phase2_final,5,2
01KJN6MMQ03KZPZN0275VZXK6R,page7-107,01KJN7AAX1VHZ1A7ZB35BNRH8N,01KJN7AZC7FAG17CY924MRTCF7,A,A,1,0.5,01KJN7AAX1VHZ1A7ZB35BNRH8N_01KJN7AZC7FAG17CY924MRTCF7,phase2_final,5,2
01KJN6MMQ03KZPZN0275VZXK6R,page7-107,01KJN78DQ6KC0F9N1HA0BPB44R,01KJN7A44GGBE9XR412KV5BFSC,C,B,0,0.0,01KJN78DQ6KC0F9N1HA0BPB44R_01KJN7A44GGBE9XR412KV5BFSC,phase2_final,6,2
01KJN6MMQ03KZPZN0275VZXK6R,page7-107,01KJN78DQ6KC0F9N1HA0BPB44R,01KJN7AZC7FAG17CY924MRTCF7,C,A,0,0.0,01KJN78DQ6KC0F9N1HA0BPB44R_01KJN7AZC7FAG17CY924MRTCF7,phase2_final,6,2
01KJN6MMQ03KZPZN0275VZXK6R,page7-107,01KJN7A44GGBE9XR412KV5BFSC,01KJN7AZC7FAG17CY924MRTCF7,B,A,0,0.3333333333333333,01KJN7A44GGBE9XR412KV5BFSC_01KJN7AZC7FAG17CY924MRTCF7,phase2_final,2,2
01KJN6MMQ03KZPZN0275VZXK6R,page7-255,01KJN79B14FBSYSKKCG2BYVBB6,01KJN79J529BWBWTESKB6D9MB7,A,C,0,0.75,01KJN79B14FBSYSKKCG2BYVBB6_01KJN79J529BWBWTESKB6D9MB7,phase2_final,7,5
01KJN6MMQ03KZPZN0275VZXK6R,page7-255,01KJN79B14FBSYSKKCG2BYVBB6,01KJN7C40WEQBDF48ACG18M0EV,A,B,0,0.0,01KJN79B14FBSYSKKCG2BYVBB6_01KJN7C40WEQBDF48ACG18M0EV,phase2_final,7,4
01KJN6MMQ03KZPZN0275VZXK6R,page7-255,01KJN79B14FBSYSKKCG2BYVBB6,01KJN7863BFF3ZYZGVVSATZTH7,A,C,0,0.5,01KJN7863BFF3ZYZGVVSATZTH7_01KJN79B14FBSYSKKCG2BYVBB6,phase2_final,7,3
01KJN6MMQ03KZPZN0275VZXK6R,page7-255,01KJN79B14FBSYSKKCG2BYVBB6,01KJN792W85XPK9QGH8A6HSYSJ,A,B,0,0.5,01KJN792W85XPK9QGH8A6HSYSJ_01KJN79B14FBSYSKKCG2BYVBB6,phase2_final,7,2
01KJN6MMQ03KZPZN0275VZXK6R,page7-255,01KJN79B14FBSYSKKCG2BYVBB6,01KJN7AAX1VHZ1A7ZB35BNRH8N,A,A,1,0.375,01KJN79B14FBSYSKKCG2BYVBB6_01KJN7AAX1VHZ1A7ZB35BNRH8N,phase2_final,7,10
01KJN6MMQ03KZPZN0275VZXK6R,page7-255,01KJN79B14FBSYSKKCG2BYVBB6,01KJN78DQ6KC0F9N1HA0BPB44R,A,C,0,0.3333333333333333,01KJN78DQ6KC0F9N1HA0BPB44R_01KJN79B14FBSYSKKCG2BYVBB6,phase2_final,7,4
01KJN6MMQ03KZPZN0275VZXK6R,page7-255,01KJN79B14FBSYSKKCG2BYVBB6,01KJN7A44GGBE9XR412KV5BFSC,A,B,0,0.0,01KJN79B14FBSYSKKCG2BYVBB6_01KJN7A44GGBE9XR412KV5BFSC,phase2_final,7,6
01KJN6MMQ03KZPZN0275VZXK6R,page7-255,01KJN79B14FBSYSKKCG2BYVBB6,01KJN7AZC7FAG17CY924MRTCF7,A,A,1,0.3333333333333333,01KJN79B14FBSYSKKCG2BYVBB6_01KJN7AZC7FAG17CY924MRTCF7,phase2_final,7,6
01KJN6MMQ03KZPZN0275VZXK6R,page7-255,01KJN79J529BWBWTESKB6D9MB7,01KJN7C40WEQBDF48ACG18M0EV,C,B,0,0.0,01KJN79J529BWBWTESKB6D9MB7_01KJN7C40WEQBDF48ACG18M0EV,phase2_final,5,4
01KJN6MMQ03KZPZN0275VZXK6R,page7-255,01KJN79J529BWBWTESKB6D9MB7,01KJN7863BFF3ZYZGVVSATZTH7,C,C,1,0.6666666666666666,01KJN7863BFF3ZYZGVVSATZTH7_01KJN79J529BWBWTESKB6D9MB7,phase2_final,5,3
01KJN6MMQ03KZPZN0275VZXK6R,page7-255,01KJN79J529BWBWTESKB6D9MB7,01KJN792W85XPK9QGH8A6HSYSJ,C,B,0,0.6666666666666666,01KJN792W85XPK9QGH8A6HSYSJ_01KJN79J529BWBWTESKB6D9MB7,phase2_final,5,2
01KJN6MMQ03KZPZN0275VZXK6R,page7-255,01KJN79J529BWBWTESKB6D9MB7,01KJN7AAX1VHZ1A7ZB35BNRH8N,C,A,0,0.42857142857142855,01KJN79J529BWBWTESKB6D9MB7_01KJN7AAX1VHZ1A7ZB35BNRH8N,phase2_final,5,10
01KJN6MMQ03KZPZN0275VZXK6R,page7-255,01KJN79J529BWBWTESKB6D9MB7,01KJN78DQ6KC0F9N1HA0BPB44R,C,C,1,0.4,01KJN78DQ6KC0F9N1HA0BPB44R_01KJN79J529BWBWTESKB6D9MB7,phase2_final,5,4
01KJN6MMQ03KZPZN0275VZXK6R,page7-255,01KJN79J529BWBWTESKB6D9MB7,01KJN7A44GGBE9XR412KV5BFSC,C,B,0,0.0,01KJN79J529BWBWTESKB6D9MB7_01KJN7A44GGBE9XR412KV5BFSC,phase2_final,5,6
01KJN6MMQ03KZPZN0275VZXK6R,page7-255,01KJN79J529BWBWTESKB6D9MB7,01KJN7AZC7FAG17CY924MRTCF7,C,A,0,0.4,01KJN79J529BWBWTESKB6D9MB7_01KJN7AZC7FAG17CY924MRTCF7,phase2_final,5,6
01KJN6MMQ03KZPZN0275VZXK6R,page7-255,01KJN7C40WEQBDF48ACG18M0EV,01KJN7863BFF3ZYZGVVSATZTH7,B,C,0,0.0,01KJN7863BFF3ZYZGVVSATZTH7_01KJN7C40WEQBDF48ACG18M0EV,phase2_final,4,3
01KJN6MMQ03KZPZN0275VZXK6R,page7-255,01KJN7C40WEQBDF48ACG18M0EV,01KJN792W85XPK9QGH8A6HSYSJ,B,B,1,0.0,01KJN792W85XPK9QGH8A6HSYSJ_01KJN7C40WEQBDF48ACG18M0EV,phase2_final,4,2
01KJN6MMQ03KZPZN0275VZXK6R,page7-255,01KJN7C40WEQBDF48ACG18M0EV,01KJN7AAX1VHZ1A7ZB35BNRH8N,B,A,0,0.125,01KJN7AAX1VHZ1A7ZB35BNRH8N_01KJN7C40WEQBDF48ACG18M0EV,phase2_final,4,10
01KJN6MMQ03KZPZN0275VZXK6R,page7-255,01KJN7C40WEQBDF48ACG18M0EV,01KJN78DQ6KC0F9N1HA0BPB44R,B,C,0,0.0,01KJN78DQ6KC0F9N1HA0BPB44R_01KJN7C40WEQBDF48ACG18M0EV,phase2_final,4,4
01KJN6MMQ03KZPZN0275VZXK6R,page7-255,01KJN7C40WEQBDF48ACG18M0EV,01KJN7A44GGBE9XR412KV5BFSC,B,B,1,0.5,01KJN7A44GGBE9XR412KV5BFSC_01KJN7C40WEQBDF48ACG18M0EV,phase2_final,4,6
01KJN6MMQ03KZPZN0275VZXK6R,page7-255,01KJN7C40WEQBDF48ACG18M0EV,01KJN7AZC7FAG17CY924MRTCF7,B,A,0,0.0,01KJN7AZC7FAG17CY924MRTCF7_01KJN7C40WEQBDF48ACG18M0EV,phase2_final,4,6
01KJN6MMQ03KZPZN0275VZXK6R,page7-255,01KJN7863BFF3ZYZGVVSATZTH7,01KJN792W85XPK9QGH8A6HSYSJ,C,B,0,1.0,01KJN7863BFF3ZYZGVVSATZTH7_01KJN792W85XPK9QGH8A6HSYSJ,phase2_final,3,2
01KJN6MMQ03KZPZN0275VZXK6R,page7-255,01KJN7863BFF3ZYZGVVSATZTH7,01KJN7AAX1VHZ1A7ZB35BNRH8N,C,A,0,0.2857142857142857,01KJN7863BFF3ZYZGVVSATZTH7_01KJN7AAX1VHZ1A7ZB35BNRH8N,phase2_final,3,10
01KJN6MMQ03KZPZN0275VZXK6R,page7-255,01KJN7863BFF3ZYZGVVSATZTH7,01KJN78DQ6KC0F9N1HA0BPB44R,C,C,1,0.5,01KJN7863BFF3ZYZGVVSATZTH7_01KJN78DQ6KC0F9N1HA0BPB44R,phase2_final,3,4
01KJN6MMQ03KZPZN0275VZXK6R,page7-255,01KJN7863BFF3ZYZGVVSATZTH7,01KJN7A44GGBE9XR412KV5BFSC,C,B,0,0.0,01KJN7863BFF3ZYZGVVSATZTH7_01KJN7A44GGBE9XR412KV5BFSC,phase2_final,3,6
01KJN6MMQ03KZPZN0275VZXK6R,page7-255,01KJN7863BFF3ZYZGVVSATZTH7,01KJN7AZC7FAG17CY924MRTCF7,C,A,0,0.5,01KJN7863BFF3ZYZGVVSATZTH7_01KJN7AZC7FAG17CY924MRTCF7,phase2_final,3,6
01KJN6MMQ03KZPZN0275VZXK6R,page7-255,01KJN792W85XPK9QGH8A6HSYSJ,01KJN7AAX1VHZ1A7ZB35BNRH8N,B,A,0,0.2857142857142857,01KJN792W85XPK9QGH8A6HSYSJ_01KJN7AAX1VHZ1A7ZB35BNRH8N,phase2_final,2,10
01KJN6MMQ03KZPZN0275VZXK6R,page7-255,01KJN792W85XPK9QGH8A6HSYSJ,01KJN78DQ6KC0F9N1HA0BPB44R,B,C,0,0.5,01KJN78DQ6KC0F9N1HA0BPB44R_01KJN792W85XPK9QGH8A6HSYSJ,phase2_final,2,4
01KJN6MMQ03KZPZN0275VZXK6R,page7-255,01KJN792W85XPK9QGH8A6HSYSJ,01KJN7A44GGBE9XR412KV5BFSC,B,B,1,0.0,01KJN792W85XPK9QGH8A6HSYSJ_01KJN7A44GGBE9XR412KV5BFSC,phase2_final,2,6
01KJN6MMQ03KZPZN0275VZXK6R,page7-255,01KJN792W85XPK9QGH8A6HSYSJ,01KJN7AZC7FAG17CY924MRTCF7,B,A,0,0.5,01KJN792W85XPK9QGH8A6HSYSJ_01KJN7AZC7FAG17CY924MRTCF7,phase2_final,2,6
01KJN6MMQ03KZPZN0275VZXK6R,page7-255,01KJN7AAX1VHZ1A7ZB35BNRH8N,01KJN78DQ6KC0F9N1HA0BPB44R,A,C,0,0.2222222222222222,01KJN78DQ6KC0F9N1HA0BPB44R_01KJN7AAX1VHZ1A7ZB35BNRH8N,phase2_final,10,4
01KJN6MMQ03KZPZN0275VZXK6R,page7-255,01KJN7AAX1VHZ1A7ZB35BNRH8N,01KJN7A44GGBE9XR412KV5BFSC,A,B,0,0.1,01KJN7A44GGBE9XR412KV5BFSC_01KJN7AAX1VHZ1A7ZB35BNRH8N,phase2_final,10,6
01KJN6MMQ03KZPZN0275VZXK6R,page7-255,01KJN7AAX1VHZ1A7ZB35BNRH8N,01KJN7AZC7FAG17CY924MRTCF7,A,A,1,0.375,01KJN7AAX1VHZ1A7ZB35BNRH8N_01KJN7AZC7FAG17CY924MRTCF7,phase2_final,10,6
01KJN6MMQ03KZPZN0275VZXK6R,page7-255,01KJN78DQ6KC0F9N1HA0BPB44R,01KJN7A44GGBE9XR412KV5BFSC,C,B,0,0.0,01KJN78DQ6KC0F9N1HA0BPB44R_01KJN7A44GGBE9XR412KV5BFSC,phase2_final,4,6
01KJN6MMQ03KZPZN0275VZXK6R,page7-255,01KJN78DQ6KC0F9N1HA0BPB44R,01KJN7AZC7FAG17CY924MRTCF7,C,A,0,0.3333333333333333,01KJN78DQ6KC0F9N1HA0BPB44R_01KJN7AZC7FAG17CY924MRTCF7,phase2_final,4,6
01KJN6MMQ03KZPZN0275VZXK6R,page7-255,01KJN7A44GGBE9XR412KV5BFSC,01KJN7AZC7FAG17CY924MRTCF7,B,A,0,0.0,01KJN7A44GGBE9XR412KV5BFSC_01KJN7AZC7FAG17CY924MRTCF7,phase2_final,6,6
01KJN6MMQ03KZPZN0275VZXK6R,page9-46,01KJN79B14FBSYSKKCG2BYVBB6,01KJN79J529BWBWTESKB6D9MB7,A,C,0,0.1111111111111111,01KJN79B14FBSYSKKCG2BYVBB6_01KJN79J529BWBWTESKB6D9MB7,phase2_final,11,5
01KJN6MMQ03KZPZN0275VZXK6R,page9-46,01KJN79B14FBSYSKKCG2BYVBB6,01KJN7C40WEQBDF48ACG18M0EV,A,B,0,0.1,01KJN79B14FBSYSKKCG2BYVBB6_01KJN7C40WEQBDF48ACG18M0EV,phase2_final,11,4
01KJN6MMQ03KZPZN0275VZXK6R,page9-46,01KJN79B14FBSYSKKCG2BYVBB6,01KJN7863BFF3ZYZGVVSATZTH7,A,C,0,0.0,01KJN7863BFF3ZYZGVVSATZTH7_01KJN79B14FBSYSKKCG2BYVBB6,phase2_final,11,5
01KJN6MMQ03KZPZN0275VZXK6R,page9-46,01KJN79B14FBSYSKKCG2BYVBB6,01KJN792W85XPK9QGH8A6HSYSJ,A,B,0,0.2222222222222222,01KJN792W85XPK9QGH8A6HSYSJ_01KJN79B14FBSYSKKCG2BYVBB6,phase2_final,11,4
01KJN6MMQ03KZPZN0275VZXK6R,page9-46,01KJN79B14FBSYSKKCG2BYVBB6,01KJN7AAX1VHZ1A7ZB35BNRH8N,A,A,1,0.4444444444444444,01KJN79B14FBSYSKKCG2BYVBB6_01KJN7AAX1VHZ1A7ZB35BNRH8N,phase2_final,11,7
01KJN6MMQ03KZPZN0275VZXK6R,page9-46,01KJN79B14FBSYSKKCG2BYVBB6,01KJN78DQ6KC0F9N1HA0BPB44R,A,C,0,0.0,01KJN78DQ6KC0F9N1HA0BPB44R_01KJN79B14FBSYSKKCG2BYVBB6,phase2_final,11,4
01KJN6MMQ03KZPZN0275VZXK6R,page9-46,01KJN79B14FBSYSKKCG2BYVBB6,01KJN7A44GGBE9XR412KV5BFSC,A,B,0,0.09090909090909091,01KJN79B14FBSYSKKCG2BYVBB6_01KJN7A44GGBE9XR412KV5BFSC,phase2_final,11,4
01KJN6MMQ03KZPZN0275VZXK6R,page9-46,01KJN79B14FBSYSKKCG2BYVBB6,01KJN7AZC7FAG17CY924MRTCF7,A,A,1,0.2,01KJN79B14FBSYSKKCG2BYVBB6_01KJN7AZC7FAG17CY924MRTCF7,phase2_final,11,8
01KJN6MMQ03KZPZN0275VZXK6R,page9-46,01KJN79J529BWBWTESKB6D9MB7,01KJN7C40WEQBDF48ACG18M0EV,C,B,0,0.0,01KJN79J529BWBWTESKB6D9MB7_01KJN7C40WEQBDF48ACG18M0EV,phase2_final,5,4
01KJN6MMQ03KZPZN0275VZXK6R,page9-46,01KJN79J529BWBWTESKB6D9MB7,01KJN7863BFF3ZYZGVVSATZTH7,C,C,1,0.0,01KJN7863BFF3ZYZGVVSATZTH7_01KJN79J529BWBWTESKB6D9MB7,phase2_final,5,5
01KJN6MMQ03KZPZN0275VZXK6R,page9-46,01KJN79J529BWBWTESKB6D9MB7,01KJN792W85XPK9QGH8A6HSYSJ,C,B,0,0.0,01KJN792W85XPK9QGH8A6HSYSJ_01KJN79J529BWBWTESKB6D9MB7,phase2_final,5,4
01KJN6MMQ03KZPZN0275VZXK6R,page9-46,01KJN79J529BWBWTESKB6D9MB7,01KJN7AAX1VHZ1A7ZB35BNRH8N,C,A,0,0.16666666666666666,01KJN79J529BWBWTESKB6D9MB7_01KJN7AAX1VHZ1A7ZB35BNRH8N,phase2_final,5,7
01KJN6MMQ03KZPZN0275VZXK6R,page9-46,01KJN79J529BWBWTESKB6D9MB7,01KJN78DQ6KC0F9N1HA0BPB44R,C,C,1,0.0,01KJN78DQ6KC0F9N1HA0BPB44R_01KJN79J529BWBWTESKB6D9MB7,phase2_final,5,4
01KJN6MMQ03KZPZN0275VZXK6R,page9-46,01KJN79J529BWBWTESKB6D9MB7,01KJN7A44GGBE9XR412KV5BFSC,C,B,0,0.0,01KJN79J529BWBWTESKB6D9MB7_01KJN7A44GGBE9XR412KV5BFSC,phase2_final,5,4
01KJN6MMQ03KZPZN0275VZXK6R,page9-46,01KJN79J529BWBWTESKB6D9MB7,01KJN7AZC7FAG17CY924MRTCF7,C,A,0,0.2,01KJN79J529BWBWTESKB6D9MB7_01KJN7AZC7FAG17CY924MRTCF7,phase2_final,5,8
01KJN6MMQ03KZPZN0275VZXK6R,page9-46,01KJN7C40WEQBDF48ACG18M0EV,01KJN7863BFF3ZYZGVVSATZTH7,B,C,0,0.0,01KJN7863BFF3ZYZGVVSATZTH7_01KJN7C40WEQBDF48ACG18M0EV,phase2_final,4,5
01KJN6MMQ03KZPZN0275VZXK6R,page9-46,01KJN7C40WEQBDF48ACG18M0EV,01KJN792W85XPK9QGH8A6HSYSJ,B,B,1,0.2,01KJN792W85XPK9QGH8A6HSYSJ_01KJN7C40WEQBDF48ACG18M0EV,phase2_final,4,4
01KJN6MMQ03KZPZN0275VZXK6R,page9-46,01KJN7C40WEQBDF48ACG18M0EV,01KJN7AAX1VHZ1A7ZB35BNRH8N,B,A,0,0.14285714285714285,01KJN7AAX1VHZ1A7ZB35BNRH8N_01KJN7C40WEQBDF48ACG18M0EV,phase2_final,4,7
01KJN6MMQ03KZPZN0275VZXK6R,page9-46,01KJN7C40WEQBDF48ACG18M0EV,01KJN78DQ6KC0F9N1HA0BPB44R,B,C,0,0.0,01KJN78DQ6KC0F9N1HA0BPB44R_01KJN7C40WEQBDF48ACG18M0EV,phase2_final,4,4
01KJN6MMQ03KZPZN0275VZXK6R,page9-46,01KJN7C40WEQBDF48ACG18M0EV,01KJN7A44GGBE9XR412KV5BFSC,B,B,1,0.75,01KJN7A44GGBE9XR412KV5BFSC_01KJN7C40WEQBDF48ACG18M0EV,phase2_final,4,4
01KJN6MMQ03KZPZN0275VZXK6R,page9-46,01KJN7C40WEQBDF48ACG18M0EV,01KJN7AZC7FAG17CY924MRTCF7,B,A,0,0.0,01KJN7AZC7FAG17CY924MRTCF7_01KJN7C40WEQBDF48ACG18M0EV,phase2_final,4,8
01KJN6MMQ03KZPZN0275VZXK6R,page9-46,01KJN7863BFF3ZYZGVVSATZTH7,01KJN792W85XPK9QGH8A6HSYSJ,C,B,0,0.0,01KJN7863BFF3ZYZGVVSATZTH7_01KJN792W85XPK9QGH8A6HSYSJ,phase2_final,5,4
01KJN6MMQ03KZPZN0275VZXK6R,page9-46,01KJN7863BFF3ZYZGVVSATZTH7,01KJN7AAX1VHZ1A7ZB35BNRH8N,C,A,0,0.0,01KJN7863BFF3ZYZGVVSATZTH7_01KJN7AAX1VHZ1A7ZB35BNRH8N,phase2_final,5,7
01KJN6MMQ03KZPZN0275VZXK6R,page9-46,01KJN7863BFF3ZYZGVVSATZTH7,01KJN78DQ6KC0F9N1HA0BPB44R,C,C,1,1.0,01KJN7863BFF3ZYZGVVSATZTH7_01KJN78DQ6KC0F9N1HA0BPB44R,phase2_final,5,4
01KJN6MMQ03KZPZN0275VZXK6R,page9-46,01KJN7863BFF3ZYZGVVSATZTH7,01KJN7A44GGBE9XR412KV5BFSC,C,B,0,0.0,01KJN7863BFF3ZYZGVVSATZTH7_01KJN7A44GGBE9XR412KV5BFSC,phase2_final,5,4
01KJN6MMQ03KZPZN0275VZXK6R,page9-46,01KJN7863BFF3ZYZGVVSATZTH7,01KJN7AZC7FAG17CY924MRTCF7,C,A,0,0.16666666666666666,01KJN7863BFF3ZYZGVVSATZTH7_01KJN7AZC7FAG17CY924MRTCF7,phase2_final,5,8
01KJN6MMQ03KZPZN0275VZXK6R,page9-46,01KJN792W85XPK9QGH8A6HSYSJ,01KJN7AAX1VHZ1A7ZB35BNRH8N,B,A,0,0.14285714285714285,01KJN792W85XPK9QGH8A6HSYSJ_01KJN7AAX1VHZ1A7ZB35BNRH8N,phase2_final,4,7
01KJN6MMQ03KZPZN0275VZXK6R,page9-46,01KJN792W85XPK9QGH8A6HSYSJ,01KJN78DQ6KC0F9N1HA0BPB44R,B,C,0,0.0,01KJN78DQ6KC0F9N1HA0BPB44R_01KJN792W85XPK9QGH8A6HSYSJ,phase2_final,4,4
01KJN6MMQ03KZPZN0275VZXK6R,page9-46,01KJN792W85XPK9QGH8A6HSYSJ,01KJN7A44GGBE9XR412KV5BFSC,B,B,1,0.4,01KJN792W85XPK9QGH8A6HSYSJ_01KJN7A44GGBE9XR412KV5BFSC,phase2_final,4,4
01KJN6MMQ03KZPZN0275VZXK6R,page9-46,01KJN792W85XPK9QGH8A6HSYSJ,01KJN7AZC7FAG17CY924MRTCF7,B,A,0,0.0,01KJN792W85XPK9QGH8A6HSYSJ_01KJN7AZC7FAG17CY924MRTCF7,phase2_final,4,8
01KJN6MMQ03KZPZN0275VZXK6R,page9-46,01KJN7AAX1VHZ1A7ZB35BNRH8N,01KJN78DQ6KC0F9N1HA0BPB44R,A,C,0,0.0,01KJN78DQ6KC0F9N1HA0BPB44R_01KJN7AAX1VHZ1A7ZB35BNRH8N,phase2_final,7,4
01KJN6MMQ03KZPZN0275VZXK6R,page9-46,01KJN7AAX1VHZ1A7ZB35BNRH8N,01KJN7A44GGBE9XR412KV5BFSC,A,B,0,0.125,01KJN7A44GGBE9XR412KV5BFSC_01KJN7AAX1VHZ1A7ZB35BNRH8N,phase2_final,7,4
01KJN6MMQ03KZPZN0275VZXK6R,page9-46,01KJN7AAX1VHZ1A7ZB35BNRH8N,01KJN7AZC7FAG17CY924MRTCF7,A,A,1,0.2857142857142857,01KJN7AAX1VHZ1A7ZB35BNRH8N_01KJN7AZC7FAG17CY924MRTCF7,phase2_final,7,8
01KJN6MMQ03KZPZN0275VZXK6R,page9-46,01KJN78DQ6KC0F9N1HA0BPB44R,01KJN7A44GGBE9XR412KV5BFSC,C,B,0,0.0,01KJN78DQ6KC0F9N1HA0BPB44R_01KJN7A44GGBE9XR412KV5BFSC,phase2_final,4,4
01KJN6MMQ03KZPZN0275VZXK6R,page9-46,01KJN78DQ6KC0F9N1HA0BPB44R,01KJN7AZC7FAG17CY924MRTCF7,C,A,0,0.16666666666666666,01KJN78DQ6KC0F9N1HA0BPB44R_01KJN7AZC7FAG17CY924MRTCF7,phase2_final,4,8
01KJN6MMQ03KZPZN0275VZXK6R,page9-46,01KJN7A44GGBE9XR412KV5BFSC,01KJN7AZC7FAG17CY924MRTCF7,B,A,0,0.0,01KJN7A44GGBE9XR412KV5BFSC_01KJN7AZC7FAG17CY924MRTCF7,phase2_final,4,8
01KJP22PXRH9VYFY7Z1HZVNSMN,page-B,01KJP2Q4FMMNPG4DTS771Y4V70,01KJP2RH1QNE571FNJRJ0ZHM7W,A,B,0,0.1111111111111111,01KJP2Q4FMMNPG4DTS771Y4V70_01KJP2RH1QNE571FNJRJ0ZHM7W,phase2_final,10,3
01KJP22PXRH9VYFY7Z1HZVNSMN,page-B,01KJP2Q4FMMNPG4DTS771Y4V70,01KJP2SNNP4ZB6K1QMGZX5CC0T,A,C,0,0.0,01KJP2Q4FMMNPG4DTS771Y4V70_01KJP2SNNP4ZB6K1QMGZX5CC0T,phase2_final,10,7
01KJP22PXRH9VYFY7Z1HZVNSMN,page-B,01KJP2Q4FMMNPG4DTS771Y4V70,01KJP2RVD8SK7AN1X5EMGRM458,A,B,0,0.125,01KJP2Q4FMMNPG4DTS771Y4V70_01KJP2RVD8SK7AN1X5EMGRM458,phase2_final,10,2
01KJP22PXRH9VYFY7Z1HZVNSMN,page-B,01KJP2Q4FMMNPG4DTS771Y4V70,01KJP2SDQCR0935BS4E06A6D2G,A,C,0,0.16666666666666666,01KJP2Q4FMMNPG4DTS771Y4V70_01KJP2SDQCR0935BS4E06A6D2G,phase2_final,10,12
01KJP22PXRH9VYFY7Z1HZVNSMN,page-B,01KJP2Q4FMMNPG4DTS771Y4V70,01KJP2SGRYQPGESDGRKTMMAJX4,A,A,1,0.0,01KJP2Q4FMMNPG4DTS771Y4V70_01KJP2SGRYQPGESDGRKTMMAJX4,phase2_final,10,1
01KJP22PXRH9VYFY7Z1HZVNSMN,page-B,01KJP2Q4FMMNPG4DTS771Y4V70,01KJP2Q9Z7MR3VPYE4MH3SC9C8,A,C,0,0.25,01KJP2Q4FMMNPG4DTS771Y4V70_01KJP2Q9Z7MR3VPYE4MH3SC9C8,phase2_final,10,6
01KJP22PXRH9VYFY7Z1HZVNSMN,page-B,01KJP2Q4FMMNPG4DTS771Y4V70,01KJP2RBVR6E36EKC8HYRAV5GF,A,A,1,0.0,01KJP2Q4FMMNPG4DTS771Y4V70_01KJP2RBVR6E36EKC8HYRAV5GF,phase2_final,10,1
01KJP22PXRH9VYFY7Z1HZVNSMN,page-B,01KJP2RH1QNE571FNJRJ0ZHM7W,01KJP2SNNP4ZB6K1QMGZX5CC0T,B,C,0,0.0,01KJP2RH1QNE571FNJRJ0ZHM7W_01KJP2SNNP4ZB6K1QMGZX5CC0T,phase2_final,3,7
01KJP22PXRH9VYFY7Z1HZVNSMN,page-B,01KJP2RH1QNE571FNJRJ0ZHM7W,01KJP2RVD8SK7AN1X5EMGRM458,B,B,1,0.25,01KJP2RH1QNE571FNJRJ0ZHM7W_01KJP2RVD8SK7AN1X5EMGRM458,phase2_final,3,2
01KJP22PXRH9VYFY7Z1HZVNSMN,page-B,01KJP2RH1QNE571FNJRJ0ZHM7W,01KJP2SDQCR0935BS4E06A6D2G,B,C,0,0.1111111111111111,01KJP2RH1QNE571FNJRJ0ZHM7W_01KJP2SDQCR0935BS4E06A6D2G,phase2_final,3,12
01KJP22PXRH9VYFY7Z1HZVNSMN,page-B,01KJP2RH1QNE571FNJRJ0ZHM7W,01KJP2SGRYQPGESDGRKTMMAJX4,B,A,0,0.0,01KJP2RH1QNE571FNJRJ0ZHM7W_01KJP2SGRYQPGESDGRKTMMAJX4,phase2_final,3,1
01KJP22PXRH9VYFY7Z1HZVNSMN,page-B,01KJP2RH1QNE571FNJRJ0ZHM7W,01KJP2Q9Z7MR3VPYE4MH3SC9C8,B,C,0,0.0,01KJP2Q9Z7MR3VPYE4MH3SC9C8_01KJP2RH1QNE571FNJRJ0ZHM7W,phase2_final,3,6
01KJP22PXRH9VYFY7Z1HZVNSMN,page-B,01KJP2RH1QNE571FNJRJ0ZHM7W,01KJP2RBVR6E36EKC8HYRAV5GF,B,A,0,0.0,01KJP2RBVR6E36EKC8HYRAV5GF_01KJP2RH1QNE571FNJRJ0ZHM7W,phase2_final,3,1
01KJP22PXRH9VYFY7Z1HZVNSMN,page-B,01KJP2SNNP4ZB6K1QMGZX5CC0T,01KJP2RVD8SK7AN1X5EMGRM458,C,B,0,0.0,01KJP2RVD8SK7AN1X5EMGRM458_01KJP2SNNP4ZB6K1QMGZX5CC0T,phase2_final,7,2
01KJP22PXRH9VYFY7Z1HZVNSMN,page-B,01KJP2SNNP4ZB6K1QMGZX5CC0T,01KJP2SDQCR0935BS4E06A6D2G,C,C,1,0.2,01KJP2SDQCR0935BS4E06A6D2G_01KJP2SNNP4ZB6K1QMGZX5CC0T,phase2_final,7,12
01KJP22PXRH9VYFY7Z1HZVNSMN,page-B,01KJP2SNNP4ZB6K1QMGZX5CC0T,01KJP2SGRYQPGESDGRKTMMAJX4,C,A,0,0.0,01KJP2SGRYQPGESDGRKTMMAJX4_01KJP2SNNP4ZB6K1QMGZX5CC0T,phase2_final,7,1
01KJP22PXRH9VYFY7Z1HZVNSMN,page-B,01KJP2SNNP4ZB6K1QMGZX5CC0T,01KJP2Q9Z7MR3VPYE4MH3SC9C8,C,C,1,0.14285714285714285,01KJP2Q9Z7MR3VPYE4MH3SC9C8_01KJP2SNNP4ZB6K1QMGZX5CC0T,phase2_final,7,6
01KJP22PXRH9VYFY7Z1HZVNSMN,page-B,01KJP2SNNP4ZB6K1QMGZX5CC0T,01KJP2RBVR6E36EKC8HYRAV5GF,C,A,0,0.0,01KJP2RBVR6E36EKC8HYRAV5GF_01KJP2SNNP4ZB6K1QMGZX5CC0T,phase2_final,7,1
01KJP22PXRH9VYFY7Z1HZVNSMN,page-B,01KJP2RVD8SK7AN1X5EMGRM458,01KJP2SDQCR0935BS4E06A6D2G,B,C,0,0.0,01KJP2RVD8SK7AN1X5EMGRM458_01KJP2SDQCR0935BS4E06A6D2G,phase2_final,2,12
01KJP22PXRH9VYFY7Z1HZVNSMN,page-B,01KJP2RVD8SK7AN1X5EMGRM458,01KJP2SGRYQPGESDGRKTMMAJX4,B,A,0,0.0,01KJP2RVD8SK7AN1X5EMGRM458_01KJP2SGRYQPGESDGRKTMMAJX4,phase2_final,2,1
01KJP22PXRH9VYFY7Z1HZVNSMN,page-B,01KJP2RVD8SK7AN1X5EMGRM458,01KJP2Q9Z7MR3VPYE4MH3SC9C8,B,C,0,0.0,01KJP2Q9Z7MR3VPYE4MH3SC9C8_01KJP2RVD8SK7AN1X5EMGRM458,phase2_final,2,6
01KJP22PXRH9VYFY7Z1HZVNSMN,page-B,01KJP2RVD8SK7AN1X5EMGRM458,01KJP2RBVR6E36EKC8HYRAV5GF,B,A,0,0.0,01KJP2RBVR6E36EKC8HYRAV5GF_01KJP2RVD8SK7AN1X5EMGRM458,phase2_final,2,1
01KJP22PXRH9VYFY7Z1HZVNSMN,page-B,01KJP2SDQCR0935BS4E06A6D2G,01KJP2SGRYQPGESDGRKTMMAJX4,C,A,0,0.0,01KJP2SDQCR0935BS4E06A6D2G_01KJP2SGRYQPGESDGRKTMMAJX4,phase2_final,12,1
01KJP22PXRH9VYFY7Z1HZVNSMN,page-B,01KJP2SDQCR0935BS4E06A6D2G,01KJP2Q9Z7MR3VPYE4MH3SC9C8,C,C,1,0.42857142857142855,01KJP2Q9Z7MR3VPYE4MH3SC9C8_01KJP2SDQCR0935BS4E06A6D2G,phase2_final,12,6
01KJP22PXRH9VYFY7Z1HZVNSMN,page-B,01KJP2SDQCR0935BS4E06A6D2G,01KJP2RBVR6E36EKC8HYRAV5GF,C,A,0,0.0,01KJP2RBVR6E36EKC8HYRAV5GF_01KJP2SDQCR0935BS4E06A6D2G,phase2_final,12,1
01KJP22PXRH9VYFY7Z1HZVNSMN,page-B,01KJP2SGRYQPGESDGRKTMMAJX4,01KJP2Q9Z7MR3VPYE4MH3SC9C8,A,C,0,0.0,01KJP2Q9Z7MR3VPYE4MH3SC9C8_01KJP2SGRYQPGESDGRKTMMAJX4,phase2_final,1,6
01KJP22PXRH9VYFY7Z1HZVNSMN,page-B,01KJP2SGRYQPGESDGRKTMMAJX4,01KJP2RBVR6E36EKC8HYRAV5GF,A,A,1,1.0,01KJP2RBVR6E36EKC8HYRAV5GF_01KJP2SGRYQPGESDGRKTMMAJX4,phase2_final,1,1
01KJP22PXRH9VYFY7Z1HZVNSMN,page-B,01KJP2Q9Z7MR3VPYE4MH3SC9C8,01KJP2RBVR6E36EKC8HYRAV5GF,C,A,0,0.0,01KJP2Q9Z7MR3VPYE4MH3SC9C8_01KJP2RBVR6E36EKC8HYRAV5GF,phase2_final,6,1
01KJP22PXRH9VYFY7Z1HZVNSMN,page3-35,01KJP2Q4FMMNPG4DTS771Y4V70,01KJP2RH1QNE571FNJRJ0ZHM7W,A,B,0,0.0,01KJP2Q4FMMNPG4DTS771Y4V70_01KJP2RH1QNE571FNJRJ0ZHM7W,phase2_final,5,2
01KJP22PXRH9VYFY7Z1HZVNSMN,page3-35,01KJP2Q4FMMNPG4DTS771Y4V70,01KJP2SNNP4ZB6K1QMGZX5CC0T,A,C,0,0.0,01KJP2Q4FMMNPG4DTS771Y4V70_01KJP2SNNP4ZB6K1QMGZX5CC0T,phase2_final,5,7
01KJP22PXRH9VYFY7Z1HZVNSMN,page3-35,01KJP2Q4FMMNPG4DTS771Y4V70,01KJP2RVD8SK7AN1X5EMGRM458,A,B,0,0.0,01KJP2Q4FMMNPG4DTS771Y4V70_01KJP2RVD8SK7AN1X5EMGRM458,phase2_final,5,2
01KJP22PXRH9VYFY7Z1HZVNSMN,page3-35,01KJP2Q4FMMNPG4DTS771Y4V70,01KJP2SDQCR0935BS4E06A6D2G,A,C,0,0.0,01KJP2Q4FMMNPG4DTS771Y4V70_01KJP2SDQCR0935BS4E06A6D2G,phase2_final,5,2
01KJP22PXRH9VYFY7Z1HZVNSMN,page3-35,01KJP2Q4FMMNPG4DTS771Y4V70,01KJP2SGRYQPGESDGRKTMMAJX4,A,A,1,0.0,01KJP2Q4FMMNPG4DTS771Y4V70_01KJP2SGRYQPGESDGRKTMMAJX4,phase2_final,5,3
01KJP22PXRH9VYFY7Z1HZVNSMN,page3-35,01KJP2Q4FMMNPG4DTS771Y4V70,01KJP2Q9Z7MR3VPYE4MH3SC9C8,A,C,0,0.14285714285714285,01KJP2Q4FMMNPG4DTS771Y4V70_01KJP2Q9Z7MR3VPYE4MH3SC9C8,phase2_final,5,8
01KJP22PXRH9VYFY7Z1HZVNSMN,page3-35,01KJP2Q4FMMNPG4DTS771Y4V70,01KJP2RBVR6E36EKC8HYRAV5GF,A,A,1,0.2222222222222222,01KJP2Q4FMMNPG4DTS771Y4V70_01KJP2RBVR6E36EKC8HYRAV5GF,phase2_final,5,9
01KJP22PXRH9VYFY7Z1HZVNSMN,page3-35,01KJP2RH1QNE571FNJRJ0ZHM7W,01KJP2SNNP4ZB6K1QMGZX5CC0T,B,C,0,0.0,01KJP2RH1QNE571FNJRJ0ZHM7W_01KJP2SNNP4ZB6K1QMGZX5CC0T,phase2_final,2,7
01KJP22PXRH9VYFY7Z1HZVNSMN,page3-35,01KJP2RH1QNE571FNJRJ0ZHM7W,01KJP2RVD8SK7AN1X5EMGRM458,B,B,1,1.0,01KJP2RH1QNE571FNJRJ0ZHM7W_01KJP2RVD8SK7AN1X5EMGRM458,phase2_final,2,2
01KJP22PXRH9VYFY7Z1HZVNSMN,page3-35,01KJP2RH1QNE571FNJRJ0ZHM7W,01KJP2SDQCR0935BS4E06A6D2G,B,C,0,0.0,01KJP2RH1QNE571FNJRJ0ZHM7W_01KJP2SDQCR0935BS4E06A6D2G,phase2_final,2,2
01KJP22PXRH9VYFY7Z1HZVNSMN,page3-35,01KJP2RH1QNE571FNJRJ0ZHM7W,01KJP2SGRYQPGESDGRKTMMAJX4,B,A,0,0.0,01KJP2RH1QNE571FNJRJ0ZHM7W_01KJP2SGRYQPGESDGRKTMMAJX4,phase2_final,2,3
01KJP22PXRH9VYFY7Z1HZVNSMN,page3-35,01KJP2RH1QNE571FNJRJ0ZHM7W,01KJP2Q9Z7MR3VPYE4MH3SC9C8,B,C,0,0.0,01KJP2Q9Z7MR3VPYE4MH3SC9C8_01KJP2RH1QNE571FNJRJ0ZHM7W,phase2_final,2,8
01KJP22PXRH9VYFY7Z1HZVNSMN,page3-35,01KJP2RH1QNE571FNJRJ0ZHM7W,01KJP2RBVR6E36EKC8HYRAV5GF,B,A,0,0.2857142857142857,01KJP2RBVR6E36EKC8HYRAV5GF_01KJP2RH1QNE571FNJRJ0ZHM7W,phase2_final,2,9
01KJP22PXRH9VYFY7Z1HZVNSMN,page3-35,01KJP2SNNP4ZB6K1QMGZX5CC0T,01KJP2RVD8SK7AN1X5EMGRM458,C,B,0,0.0,01KJP2RVD8SK7AN1X5EMGRM458_01KJP2SNNP4ZB6K1QMGZX5CC0T,phase2_final,7,2
01KJP22PXRH9VYFY7Z1HZVNSMN,page3-35,01KJP2SNNP4ZB6K1QMGZX5CC0T,01KJP2SDQCR0935BS4E06A6D2G,C,C,1,0.5,01KJP2SDQCR0935BS4E06A6D2G_01KJP2SNNP4ZB6K1QMGZX5CC0T,phase2_final,7,2
01KJP22PXRH9VYFY7Z1HZVNSMN,page3-35,01KJP2SNNP4ZB6K1QMGZX5CC0T,01KJP2SGRYQPGESDGRKTMMAJX4,C,A,0,0.0,01KJP2SGRYQPGESDGRKTMMAJX4_01KJP2SNNP4ZB6K1QMGZX5CC0T,phase2_final,7,3
01KJP22PXRH9VYFY7Z1HZVNSMN,page3-35,01KJP2SNNP4ZB6K1QMGZX5CC0T,01KJP2Q9Z7MR3VPYE4MH3SC9C8,C,C,1,0.3333333333333333,01KJP2Q9Z7MR3VPYE4MH3SC9C8_01KJP2SNNP4ZB6K1QMGZX5CC0T,phase2_final,7,8
01KJP22PXRH9VYFY7Z1HZVNSMN,page3-35,01KJP2SNNP4ZB6K1QMGZX5CC0T,01KJP2RBVR6E36EKC8HYRAV5GF,C,A,0,0.0,01KJP2RBVR6E36EKC8HYRAV5GF_01KJP2SNNP4ZB6K1QMGZX5CC0T,phase2_final,7,9
01KJP22PXRH9VYFY7Z1HZVNSMN,page3-35,01KJP2RVD8SK7AN1X5EMGRM458,01KJP2SDQCR0935BS4E06A6D2G,B,C,0,0.0,01KJP2RVD8SK7AN1X5EMGRM458_01KJP2SDQCR0935BS4E06A6D2G,phase2_final,2,2
01KJP22PXRH9VYFY7Z1HZVNSMN,page3-35,01KJP2RVD8SK7AN1X5EMGRM458,01KJP2SGRYQPGESDGRKTMMAJX4,B,A,0,0.0,01KJP2RVD8SK7AN1X5EMGRM458_01KJP2SGRYQPGESDGRKTMMAJX4,phase2_final,2,3
01KJP22PXRH9VYFY7Z1HZVNSMN,page3-35,01KJP2RVD8SK7AN1X5EMGRM458,01KJP2Q9Z7MR3VPYE4MH3SC9C8,B,C,0,0.0,01KJP2Q9Z7MR3VPYE4MH3SC9C8_01KJP2RVD8SK7AN1X5EMGRM458,phase2_final,2,8
01KJP22PXRH9VYFY7Z1HZVNSMN,page3-35,01KJP2RVD8SK7AN1X5EMGRM458,01KJP2RBVR6E36EKC8HYRAV5GF,B,A,0,0.2857142857142857,01KJP2RBVR6E36EKC8HYRAV5GF_01KJP2RVD8SK7AN1X5EMGRM458,phase2_final,2,9
01KJP22PXRH9VYFY7Z1HZVNSMN,page3-35,01KJP2SDQCR0935BS4E06A6D2G,01KJP2SGRYQPGESDGRKTMMAJX4,C,A,0,0.0,01KJP2SDQCR0935BS4E06A6D2G_01KJP2SGRYQPGESDGRKTMMAJX4,phase2_final,2,3
01KJP22PXRH9VYFY7Z1HZVNSMN,page3-35,01KJP2SDQCR0935BS4E06A6D2G,01KJP2Q9Z7MR3VPYE4MH3SC9C8,C,C,1,0.5,01KJP2Q9Z7MR3VPYE4MH3SC9C8_01KJP2SDQCR0935BS4E06A6D2G,phase2_final,2,8
01KJP22PXRH9VYFY7Z1HZVNSMN,page3-35,01KJP2SDQCR0935BS4E06A6D2G,01KJP2RBVR6E36EKC8HYRAV5GF,C,A,0,0.0,01KJP2RBVR6E36EKC8HYRAV5GF_01KJP2SDQCR0935BS4E06A6D2G,phase2_final,2,9
01KJP22PXRH9VYFY7Z1HZVNSMN,page3-35,01KJP2SGRYQPGESDGRKTMMAJX4,01KJP2Q9Z7MR3VPYE4MH3SC9C8,A,C,0,0.0,01KJP2Q9Z7MR3VPYE4MH3SC9C8_01KJP2SGRYQPGESDGRKTMMAJX4,phase2_final,3,8
01KJP22PXRH9VYFY7Z1HZVNSMN,page3-35,01KJP2SGRYQPGESDGRKTMMAJX4,01KJP2RBVR6E36EKC8HYRAV5GF,A,A,1,0.0,01KJP2RBVR6E36EKC8HYRAV5GF_01KJP2SGRYQPGESDGRKTMMAJX4,phase2_final,3,9
01KJP22PXRH9VYFY7Z1HZVNSMN,page3-35,01KJP2Q9Z7MR3VPYE4MH3SC9C8,01KJP2RBVR6E36EKC8HYRAV5GF,C,A,0,0.0,01KJP2Q9Z7MR3VPYE4MH3SC9C8_01KJP2RBVR6E36EKC8HYRAV5GF,phase2_final,8,9
01KJP22PXRH9VYFY7Z1HZVNSMN,page5-28,01KJP2Q4FMMNPG4DTS771Y4V70,01KJP2RH1QNE571FNJRJ0ZHM7W,A,B,0,0.0,01KJP2Q4FMMNPG4DTS771Y4V70_01KJP2RH1QNE571FNJRJ0ZHM7W,phase2_final,11,2
01KJP22PXRH9VYFY7Z1HZVNSMN,page5-28,01KJP2Q4FMMNPG4DTS771Y4V70,01KJP2SNNP4ZB6K1QMGZX5CC0T,A,C,0,0.0,01KJP2Q4FMMNPG4DTS771Y4V70_01KJP2SNNP4ZB6K1QMGZX5CC0T,phase2_final,11,4
01KJP22PXRH9VYFY7Z1HZVNSMN,page5-28,01KJP2Q4FMMNPG4DTS771Y4V70,01KJP2RVD8SK7AN1X5EMGRM458,A,B,0,0.125,01KJP2Q4FMMNPG4DTS771Y4V70_01KJP2RVD8SK7AN1X5EMGRM458,phase2_final,11,2
01KJP22PXRH9VYFY7Z1HZVNSMN,page5-28,01KJP2Q4FMMNPG4DTS771Y4V70,01KJP2SDQCR0935BS4E06A6D2G,A,C,0,0.0,01KJP2Q4FMMNPG4DTS771Y4V70_01KJP2SDQCR0935BS4E06A6D2G,phase2_final,11,1
01KJP22PXRH9VYFY7Z1HZVNSMN,page5-28,01KJP2Q4FMMNPG4DTS771Y4V70,01KJP2SGRYQPGESDGRKTMMAJX4,A,A,1,0.1111111111111111,01KJP2Q4FMMNPG4DTS771Y4V70_01KJP2SGRYQPGESDGRKTMMAJX4,phase2_final,11,4
01KJP22PXRH9VYFY7Z1HZVNSMN,page5-28,01KJP2Q4FMMNPG4DTS771Y4V70,01KJP2Q9Z7MR3VPYE4MH3SC9C8,A,C,0,0.0,01KJP2Q4FMMNPG4DTS771Y4V70_01KJP2Q9Z7MR3VPYE4MH3SC9C8,phase2_final,11,4
01KJP22PXRH9VYFY7Z1HZVNSMN,page5-28,01KJP2Q4FMMNPG4DTS771Y4V70,01KJP2RBVR6E36EKC8HYRAV5GF,A,A,1,0.09090909090909091,01KJP2Q4FMMNPG4DTS771Y4V70_01KJP2RBVR6E36EKC8HYRAV5GF,phase2_final,11,7
01KJP22PXRH9VYFY7Z1HZVNSMN,page5-28,01KJP2RH1QNE571FNJRJ0ZHM7W,01KJP2SNNP4ZB6K1QMGZX5CC0T,B,C,0,0.5,01KJP2RH1QNE571FNJRJ0ZHM7W_01KJP2SNNP4ZB6K1QMGZX5CC0T,phase2_final,2,4
01KJP22PXRH9VYFY7Z1HZVNSMN,page5-28,01KJP2RH1QNE571FNJRJ0ZHM7W,01KJP2RVD8SK7AN1X5EMGRM458,B,B,1,0.0,01KJP2RH1QNE571FNJRJ0ZHM7W_01KJP2RVD8SK7AN1X5EMGRM458,phase2_final,2,2
01KJP22PXRH9VYFY7Z1HZVNSMN,page5-28,01KJP2RH1QNE571FNJRJ0ZHM7W,01KJP2SDQCR0935BS4E06A6D2G,B,C,0,0.5,01KJP2RH1QNE571FNJRJ0ZHM7W_01KJP2SDQCR0935BS4E06A6D2G,phase2_final,2,1
01KJP22PXRH9VYFY7Z1HZVNSMN,page5-28,01KJP2RH1QNE571FNJRJ0ZHM7W,01KJP2SGRYQPGESDGRKTMMAJX4,B,A,0,0.6666666666666666,01KJP2RH1QNE571FNJRJ0ZHM7W_01KJP2SGRYQPGESDGRKTMMAJX4,phase2_final,2,4
01KJP22PXRH9VYFY7Z1HZVNSMN,page5-28,01KJP2RH1QNE571FNJRJ0ZHM7W,01KJP2Q9Z7MR3VPYE4MH3SC9C8,B,C,0,1.0,01KJP2Q9Z7MR3VPYE4MH3SC9C8_01KJP2RH1QNE571FNJRJ0ZHM7W,phase2_final,2,4
01KJP22PXRH9VYFY7Z1HZVNSMN,page5-28,01KJP2RH1QNE571FNJRJ0ZHM7W,01KJP2RBVR6E36EKC8HYRAV5GF,B,A,0,0.0,01KJP2RBVR6E36EKC8HYRAV5GF_01KJP2RH1QNE571FNJRJ0ZHM7W,phase2_final,2,7
01KJP22PXRH9VYFY7Z1HZVNSMN,page5-28,01KJP2SNNP4ZB6K1QMGZX5CC0T,01KJP2RVD8SK7AN1X5EMGRM458,C,B,0,0.0,01KJP2RVD8SK7AN1X5EMGRM458_01KJP2SNNP4ZB6K1QMGZX5CC0T,phase2_final,4,2
01KJP22PXRH9VYFY7Z1HZVNSMN,page5-28,01KJP2SNNP4ZB6K1QMGZX5CC0T,01KJP2SDQCR0935BS4E06A6D2G,C,C,1,0.25,01KJP2SDQCR0935BS4E06A6D2G_01KJP2SNNP4ZB6K1QMGZX5CC0T,phase2_final,4,1
01KJP22PXRH9VYFY7Z1HZVNSMN,page5-28,01KJP2SNNP4ZB6K1QMGZX5CC0T,01KJP2SGRYQPGESDGRKTMMAJX4,C,A,0,0.4,01KJP2SGRYQPGESDGRKTMMAJX4_01KJP2SNNP4ZB6K1QMGZX5CC0T,phase2_final,4,4
01KJP22PXRH9VYFY7Z1HZVNSMN,page5-28,01KJP2SNNP4ZB6K1QMGZX5CC0T,01KJP2Q9Z7MR3VPYE4MH3SC9C8,C,C,1,0.5,01KJP2Q9Z7MR3VPYE4MH3SC9C8_01KJP2SNNP4ZB6K1QMGZX5CC0T,phase2_final,4,4
01KJP22PXRH9VYFY7Z1HZVNSMN,page5-28,01KJP2SNNP4ZB6K1QMGZX5CC0T,01KJP2RBVR6E36EKC8HYRAV5GF,C,A,0,0.0,01KJP2RBVR6E36EKC8HYRAV5GF_01KJP2SNNP4ZB6K1QMGZX5CC0T,phase2_final,4,7
01KJP22PXRH9VYFY7Z1HZVNSMN,page5-28,01KJP2RVD8SK7AN1X5EMGRM458,01KJP2SDQCR0935BS4E06A6D2G,B,C,0,0.0,01KJP2RVD8SK7AN1X5EMGRM458_01KJP2SDQCR0935BS4E06A6D2G,phase2_final,2,1
01KJP22PXRH9VYFY7Z1HZVNSMN,page5-28,01KJP2RVD8SK7AN1X5EMGRM458,01KJP2SGRYQPGESDGRKTMMAJX4,B,A,0,0.0,01KJP2RVD8SK7AN1X5EMGRM458_01KJP2SGRYQPGESDGRKTMMAJX4,phase2_final,2,4
01KJP22PXRH9VYFY7Z1HZVNSMN,page5-28,01KJP2RVD8SK7AN1X5EMGRM458,01KJP2Q9Z7MR3VPYE4MH3SC9C8,B,C,0,0.0,01KJP2Q9Z7MR3VPYE4MH3SC9C8_01KJP2RVD8SK7AN1X5EMGRM458,phase2_final,2,4
01KJP22PXRH9VYFY7Z1HZVNSMN,page5-28,01KJP2RVD8SK7AN1X5EMGRM458,01KJP2RBVR6E36EKC8HYRAV5GF,B,A,0,0.0,01KJP2RBVR6E36EKC8HYRAV5GF_01KJP2RVD8SK7AN1X5EMGRM458,phase2_final,2,7
01KJP22PXRH9VYFY7Z1HZVNSMN,page5-28,01KJP2SDQCR0935BS4E06A6D2G,01KJP2SGRYQPGESDGRKTMMAJX4,C,A,0,0.3333333333333333,01KJP2SDQCR0935BS4E06A6D2G_01KJP2SGRYQPGESDGRKTMMAJX4,phase2_final,1,4
01KJP22PXRH9VYFY7Z1HZVNSMN,page5-28,01KJP2SDQCR0935BS4E06A6D2G,01KJP2Q9Z7MR3VPYE4MH3SC9C8,C,C,1,0.5,01KJP2Q9Z7MR3VPYE4MH3SC9C8_01KJP2SDQCR0935BS4E06A6D2G,phase2_final,1,4
01KJP22PXRH9VYFY7Z1HZVNSMN,page5-28,01KJP2SDQCR0935BS4E06A6D2G,01KJP2RBVR6E36EKC8HYRAV5GF,C,A,0,0.0,01KJP2RBVR6E36EKC8HYRAV5GF_01KJP2SDQCR0935BS4E06A6D2G,phase2_final,1,7
01KJP22PXRH9VYFY7Z1HZVNSMN,page5-28,01KJP2SGRYQPGESDGRKTMMAJX4,01KJP2Q9Z7MR3VPYE4MH3SC9C8,A,C,0,0.6666666666666666,01KJP2Q9Z7MR3VPYE4MH3SC9C8_01KJP2SGRYQPGESDGRKTMMAJX4,phase2_final,4,4
01KJP22PXRH9VYFY7Z1HZVNSMN,page5-28,01KJP2SGRYQPGESDGRKTMMAJX4,01KJP2RBVR6E36EKC8HYRAV5GF,A,A,1,0.14285714285714285,01KJP2RBVR6E36EKC8HYRAV5GF_01KJP2SGRYQPGESDGRKTMMAJX4,phase2_final,4,7
01KJP22PXRH9VYFY7Z1HZVNSMN,page5-28,01KJP2Q9Z7MR3VPYE4MH3SC9C8,01KJP2RBVR6E36EKC8HYRAV5GF,C,A,0,0.0,01KJP2Q9Z7MR3VPYE4MH3SC9C8_01KJP2RBVR6E36EKC8HYRAV5GF,phase2_final,4,7
01KJP22PXRH9VYFY7Z1HZVNSMN,page7-107,01KJP2Q4FMMNPG4DTS771Y4V70,01KJP2RH1QNE571FNJRJ0ZHM7W,A,B,0,0.0,01KJP2Q4FMMNPG4DTS771Y4V70_01KJP2RH1QNE571FNJRJ0ZHM7W,phase2_final,1,1
01KJP22PXRH9VYFY7Z1HZVNSMN,page7-107,01KJP2Q4FMMNPG4DTS771Y4V70,01KJP2SNNP4ZB6K1QMGZX5CC0T,A,C,0,0.0,01KJP2Q4FMMNPG4DTS771Y4V70_01KJP2SNNP4ZB6K1QMGZX5CC0T,phase2_final,1,8
01KJP22PXRH9VYFY7Z1HZVNSMN,page7-107,01KJP2Q4FMMNPG4DTS771Y4V70,01KJP2RVD8SK7AN1X5EMGRM458,A,B,0,0.0,01KJP2Q4FMMNPG4DTS771Y4V70_01KJP2RVD8SK7AN1X5EMGRM458,phase2_final,1,1
01KJP22PXRH9VYFY7Z1HZVNSMN,page7-107,01KJP2Q4FMMNPG4DTS771Y4V70,01KJP2SDQCR0935BS4E06A6D2G,A,C,0,0.3333333333333333,01KJP2Q4FMMNPG4DTS771Y4V70_01KJP2SDQCR0935BS4E06A6D2G,phase2_final,1,4
01KJP22PXRH9VYFY7Z1HZVNSMN,page7-107,01KJP2Q4FMMNPG4DTS771Y4V70,01KJP2SGRYQPGESDGRKTMMAJX4,A,A,1,0.0,01KJP2Q4FMMNPG4DTS771Y4V70_01KJP2SGRYQPGESDGRKTMMAJX4,phase2_final,1,7
01KJP22PXRH9VYFY7Z1HZVNSMN,page7-107,01KJP2Q4FMMNPG4DTS771Y4V70,01KJP2Q9Z7MR3VPYE4MH3SC9C8,A,C,0,0.25,01KJP2Q4FMMNPG4DTS771Y4V70_01KJP2Q9Z7MR3VPYE4MH3SC9C8,phase2_final,1,8
01KJP22PXRH9VYFY7Z1HZVNSMN,page7-107,01KJP2Q4FMMNPG4DTS771Y4V70,01KJP2RBVR6E36EKC8HYRAV5GF,A,A,1,1.0,01KJP2Q4FMMNPG4DTS771Y4V70_01KJP2RBVR6E36EKC8HYRAV5GF,phase2_final,1,1
01KJP22PXRH9VYFY7Z1HZVNSMN,page7-107,01KJP2RH1QNE571FNJRJ0ZHM7W,01KJP2SNNP4ZB6K1QMGZX5CC0T,B,C,0,0.0,01KJP2RH1QNE571FNJRJ0ZHM7W_01KJP2SNNP4ZB6K1QMGZX5CC0T,phase2_final,1,8
01KJP22PXRH9VYFY7Z1HZVNSMN,page7-107,01KJP2RH1QNE571FNJRJ0ZHM7W,01KJP2RVD8SK7AN1X5EMGRM458,B,B,1,1.0,01KJP2RH1QNE571FNJRJ0ZHM7W_01KJP2RVD8SK7AN1X5EMGRM458,phase2_final,1,1
01KJP22PXRH9VYFY7Z1HZVNSMN,page7-107,01KJP2RH1QNE571FNJRJ0ZHM7W,01KJP2SDQCR0935BS4E06A6D2G,B,C,0,0.0,01KJP2RH1QNE571FNJRJ0ZHM7W_01KJP2SDQCR0935BS4E06A6D2G,phase2_final,1,4
01KJP22PXRH9VYFY7Z1HZVNSMN,page7-107,01KJP2RH1QNE571FNJRJ0ZHM7W,01KJP2SGRYQPGESDGRKTMMAJX4,B,A,0,0.0,01KJP2RH1QNE571FNJRJ0ZHM7W_01KJP2SGRYQPGESDGRKTMMAJX4,phase2_final,1,7
01KJP22PXRH9VYFY7Z1HZVNSMN,page7-107,01KJP2RH1QNE571FNJRJ0ZHM7W,01KJP2Q9Z7MR3VPYE4MH3SC9C8,B,C,0,0.0,01KJP2Q9Z7MR3VPYE4MH3SC9C8_01KJP2RH1QNE571FNJRJ0ZHM7W,phase2_final,1,8
01KJP22PXRH9VYFY7Z1HZVNSMN,page7-107,01KJP2RH1QNE571FNJRJ0ZHM7W,01KJP2RBVR6E36EKC8HYRAV5GF,B,A,0,0.0,01KJP2RBVR6E36EKC8HYRAV5GF_01KJP2RH1QNE571FNJRJ0ZHM7W,phase2_final,1,1
01KJP22PXRH9VYFY7Z1HZVNSMN,page7-107,01KJP2SNNP4ZB6K1QMGZX5CC0T,01KJP2RVD8SK7AN1X5EMGRM458,C,B,0,0.0,01KJP2RVD8SK7AN1X5EMGRM458_01KJP2SNNP4ZB6K1QMGZX5CC0T,phase2_final,8,1
01KJP22PXRH9VYFY7Z1HZVNSMN,page7-107,01KJP2SNNP4ZB6K1QMGZX5CC0T,01KJP2SDQCR0935BS4E06A6D2G,C,C,1,0.1111111111111111,01KJP2SDQCR0935BS4E06A6D2G_01KJP2SNNP4ZB6K1QMGZX5CC0T,phase2_final,8,4
01KJP22PXRH9VYFY7Z1HZVNSMN,page7-107,01KJP2SNNP4ZB6K1QMGZX5CC0T,01KJP2SGRYQPGESDGRKTMMAJX4,C,A,0,0.1,01KJP2SGRYQPGESDGRKTMMAJX4_01KJP2SNNP4ZB6K1QMGZX5CC0T,phase2_final,8,7
01KJP22PXRH9VYFY7Z1HZVNSMN,page7-107,01KJP2SNNP4ZB6K1QMGZX5CC0T,01KJP2Q9Z7MR3VPYE4MH3SC9C8,C,C,1,0.375,01KJP2Q9Z7MR3VPYE4MH3SC9C8_01KJP2SNNP4ZB6K1QMGZX5CC0T,phase2_final,8,8
01KJP22PXRH9VYFY7Z1HZVNSMN,page7-107,01KJP2SNNP4ZB6K1QMGZX5CC0T,01KJP2RBVR6E36EKC8HYRAV5GF,C,A,0,0.0,01KJP2RBVR6E36EKC8HYRAV5GF_01KJP2SNNP4ZB6K1QMGZX5CC0T,phase2_final,8,1
01KJP22PXRH9VYFY7Z1HZVNSMN,page7-107,01KJP2RVD8SK7AN1X5EMGRM458,01KJP2SDQCR0935BS4E06A6D2G,B,C,0,0.0,01KJP2RVD8SK7AN1X5EMGRM458_01KJP2SDQCR0935BS4E06A6D2G,phase2_final,1,4
01KJP22PXRH9VYFY7Z1HZVNSMN,page7-107,01KJP2RVD8SK7AN1X5EMGRM458,01KJP2SGRYQPGESDGRKTMMAJX4,B,A,0,0.0,01KJP2RVD8SK7AN1X5EMGRM458_01KJP2SGRYQPGESDGRKTMMAJX4,phase2_final,1,7
01KJP22PXRH9VYFY7Z1HZVNSMN,page7-107,01KJP2RVD8SK7AN1X5EMGRM458,01KJP2Q9Z7MR3VPYE4MH3SC9C8,B,C,0,0.0,01KJP2Q9Z7MR3VPYE4MH3SC9C8_01KJP2RVD8SK7AN1X5EMGRM458,phase2_final,1,8
01KJP22PXRH9VYFY7Z1HZVNSMN,page7-107,01KJP2RVD8SK7AN1X5EMGRM458,01KJP2RBVR6E36EKC8HYRAV5GF,B,A,0,0.0,01KJP2RBVR6E36EKC8HYRAV5GF_01KJP2RVD8SK7AN1X5EMGRM458,phase2_final,1,1
01KJP22PXRH9VYFY7Z1HZVNSMN,page7-107,01KJP2SDQCR0935BS4E06A6D2G,01KJP2SGRYQPGESDGRKTMMAJX4,C,A,0,0.16666666666666666,01KJP2SDQCR0935BS4E06A6D2G_01KJP2SGRYQPGESDGRKTMMAJX4,phase2_final,4,7
01KJP22PXRH9VYFY7Z1HZVNSMN,page7-107,01KJP2SDQCR0935BS4E06A6D2G,01KJP2Q9Z7MR3VPYE4MH3SC9C8,C,C,1,0.4,01KJP2Q9Z7MR3VPYE4MH3SC9C8_01KJP2SDQCR0935BS4E06A6D2G,phase2_final,4,8
01KJP22PXRH9VYFY7Z1HZVNSMN,page7-107,01KJP2SDQCR0935BS4E06A6D2G,01KJP2RBVR6E36EKC8HYRAV5GF,C,A,0,0.3333333333333333,01KJP2RBVR6E36EKC8HYRAV5GF_01KJP2SDQCR0935BS4E06A6D2G,phase2_final,4,1
01KJP22PXRH9VYFY7Z1HZVNSMN,page7-107,01KJP2SGRYQPGESDGRKTMMAJX4,01KJP2Q9Z7MR3VPYE4MH3SC9C8,A,C,0,0.14285714285714285,01KJP2Q9Z7MR3VPYE4MH3SC9C8_01KJP2SGRYQPGESDGRKTMMAJX4,phase2_final,7,8
01KJP22PXRH9VYFY7Z1HZVNSMN,page7-107,01KJP2SGRYQPGESDGRKTMMAJX4,01KJP2RBVR6E36EKC8HYRAV5GF,A,A,1,0.0,01KJP2RBVR6E36EKC8HYRAV5GF_01KJP2SGRYQPGESDGRKTMMAJX4,phase2_final,7,1
01KJP22PXRH9VYFY7Z1HZVNSMN,page7-107,01KJP2Q9Z7MR3VPYE4MH3SC9C8,01KJP2RBVR6E36EKC8HYRAV5GF,C,A,0,0.25,01KJP2Q9Z7MR3VPYE4MH3SC9C8_01KJP2RBVR6E36EKC8HYRAV5GF,phase2_final,8,1
01KJP22PXRH9VYFY7Z1HZVNSMN,page7-255,01KJP2Q4FMMNPG4DTS771Y4V70,01KJP2RH1QNE571FNJRJ0ZHM7W,A,B,0,0.0,01KJP2Q4FMMNPG4DTS771Y4V70_01KJP2RH1QNE571FNJRJ0ZHM7W,phase2_final,7,3
01KJP22PXRH9VYFY7Z1HZVNSMN,page7-255,01KJP2Q4FMMNPG4DTS771Y4V70,01KJP2SNNP4ZB6K1QMGZX5CC0T,A,C,0,0.0,01KJP2Q4FMMNPG4DTS771Y4V70_01KJP2SNNP4ZB6K1QMGZX5CC0T,phase2_final,7,7
01KJP22PXRH9VYFY7Z1HZVNSMN,page7-255,01KJP2Q4FMMNPG4DTS771Y4V70,01KJP2RVD8SK7AN1X5EMGRM458,A,B,0,0.0,01KJP2Q4FMMNPG4DTS771Y4V70_01KJP2RVD8SK7AN1X5EMGRM458,phase2_final,7,4
01KJP22PXRH9VYFY7Z1HZVNSMN,page7-255,01KJP2Q4FMMNPG4DTS771Y4V70,01KJP2SDQCR0935BS4E06A6D2G,A,C,0,0.0,01KJP2Q4FMMNPG4DTS771Y4V70_01KJP2SDQCR0935BS4E06A6D2G,phase2_final,7,1
01KJP22PXRH9VYFY7Z1HZVNSMN,page7-255,01KJP2Q4FMMNPG4DTS771Y4V70,01KJP2SGRYQPGESDGRKTMMAJX4,A,A,1,0.0,01KJP2Q4FMMNPG4DTS771Y4V70_01KJP2SGRYQPGESDGRKTMMAJX4,phase2_final,7,5
01KJP22PXRH9VYFY7Z1HZVNSMN,page7-255,01KJP2Q4FMMNPG4DTS771Y4V70,01KJP2Q9Z7MR3VPYE4MH3SC9C8,A,C,0,0.0,01KJP2Q4FMMNPG4DTS771Y4V70_01KJP2Q9Z7MR3VPYE4MH3SC9C8,phase2_final,7,4
01KJP22PXRH9VYFY7Z1HZVNSMN,page7-255,01KJP2Q4FMMNPG4DTS771Y4V70,01KJP2RBVR6E36EKC8HYRAV5GF,A,A,1,0.2,01KJP2Q4FMMNPG4DTS771Y4V70_01KJP2RBVR6E36EKC8HYRAV5GF,phase2_final,7,1
01KJP22PXRH9VYFY7Z1HZVNSMN,page7-255,01KJP2RH1QNE571FNJRJ0ZHM7W,01KJP2SNNP4ZB6K1QMGZX5CC0T,B,C,0,0.0,01KJP2RH1QNE571FNJRJ0ZHM7W_01KJP2SNNP4ZB6K1QMGZX5CC0T,phase2_final,3,7
01KJP22PXRH9VYFY7Z1HZVNSMN,page7-255,01KJP2RH1QNE571FNJRJ0ZHM7W,01KJP2RVD8SK7AN1X5EMGRM458,B,B,1,0.4,01KJP2RH1QNE571FNJRJ0ZHM7W_01KJP2RVD8SK7AN1X5EMGRM458,phase2_final,3,4
01KJP22PXRH9VYFY7Z1HZVNSMN,page7-255,01KJP2RH1QNE571FNJRJ0ZHM7W,01KJP2SDQCR0935BS4E06A6D2G,B,C,0,0.0,01KJP2RH1QNE571FNJRJ0ZHM7W_01KJP2SDQCR0935BS4E06A6D2G,phase2_final,3,1
01KJP22PXRH9VYFY7Z1HZVNSMN,page7-255,01KJP2RH1QNE571FNJRJ0ZHM7W,01KJP2SGRYQPGESDGRKTMMAJX4,B,A,0,0.0,01KJP2RH1QNE571FNJRJ0ZHM7W_01KJP2SGRYQPGESDGRKTMMAJX4,phase2_final,3,5
01KJP22PXRH9VYFY7Z1HZVNSMN,page7-255,01KJP2RH1QNE571FNJRJ0ZHM7W,01KJP2Q9Z7MR3VPYE4MH3SC9C8,B,C,0,0.0,01KJP2Q9Z7MR3VPYE4MH3SC9C8_01KJP2RH1QNE571FNJRJ0ZHM7W,phase2_final,3,4
01KJP22PXRH9VYFY7Z1HZVNSMN,page7-255,01KJP2RH1QNE571FNJRJ0ZHM7W,01KJP2RBVR6E36EKC8HYRAV5GF,B,A,0,0.0,01KJP2RBVR6E36EKC8HYRAV5GF_01KJP2RH1QNE571FNJRJ0ZHM7W,phase2_final,3,1
01KJP22PXRH9VYFY7Z1HZVNSMN,page7-255,01KJP2SNNP4ZB6K1QMGZX5CC0T,01KJP2RVD8SK7AN1X5EMGRM458,C,B,0,0.0,01KJP2RVD8SK7AN1X5EMGRM458_01KJP2SNNP4ZB6K1QMGZX5CC0T,phase2_final,7,4
01KJP22PXRH9VYFY7Z1HZVNSMN,page7-255,01KJP2SNNP4ZB6K1QMGZX5CC0T,01KJP2SDQCR0935BS4E06A6D2G,C,C,1,0.0,01KJP2SDQCR0935BS4E06A6D2G_01KJP2SNNP4ZB6K1QMGZX5CC0T,phase2_final,7,1
01KJP22PXRH9VYFY7Z1HZVNSMN,page7-255,01KJP2SNNP4ZB6K1QMGZX5CC0T,01KJP2SGRYQPGESDGRKTMMAJX4,C,A,0,0.0,01KJP2SGRYQPGESDGRKTMMAJX4_01KJP2SNNP4ZB6K1QMGZX5CC0T,phase2_final,7,5
01KJP22PXRH9VYFY7Z1HZVNSMN,page7-255,01KJP2SNNP4ZB6K1QMGZX5CC0T,01KJP2Q9Z7MR3VPYE4MH3SC9C8,C,C,1,0.5,01KJP2Q9Z7MR3VPYE4MH3SC9C8_01KJP2SNNP4ZB6K1QMGZX5CC0T,phase2_final,7,4
01KJP22PXRH9VYFY7Z1HZVNSMN,page7-255,01KJP2SNNP4ZB6K1QMGZX5CC0T,01KJP2RBVR6E36EKC8HYRAV5GF,C,A,0,0.0,01KJP2RBVR6E36EKC8HYRAV5GF_01KJP2SNNP4ZB6K1QMGZX5CC0T,phase2_final,7,1
01KJP22PXRH9VYFY7Z1HZVNSMN,page7-255,01KJP2RVD8SK7AN1X5EMGRM458,01KJP2SDQCR0935BS4E06A6D2G,B,C,0,0.0,01KJP2RVD8SK7AN1X5EMGRM458_01KJP2SDQCR0935BS4E06A6D2G,phase2_final,4,1
01KJP22PXRH9VYFY7Z1HZVNSMN,page7-255,01KJP2RVD8SK7AN1X5EMGRM458,01KJP2SGRYQPGESDGRKTMMAJX4,B,A,0,0.14285714285714285,01KJP2RVD8SK7AN1X5EMGRM458_01KJP2SGRYQPGESDGRKTMMAJX4,phase2_final,4,5
01KJP22PXRH9VYFY7Z1HZVNSMN,page7-255,01KJP2RVD8SK7AN1X5EMGRM458,01KJP2Q9Z7MR3VPYE4MH3SC9C8,B,C,0,0.0,01KJP2Q9Z7MR3VPYE4MH3SC9C8_01KJP2RVD8SK7AN1X5EMGRM458,phase2_final,4,4
01KJP22PXRH9VYFY7Z1HZVNSMN,page7-255,01KJP2RVD8SK7AN1X5EMGRM458,01KJP2RBVR6E36EKC8HYRAV5GF,B,A,0,0.0,01KJP2RBVR6E36EKC8HYRAV5GF_01KJP2RVD8SK7AN1X5EMGRM458,phase2_final,4,1
01KJP22PXRH9VYFY7Z1HZVNSMN,page7-255,01KJP2SDQCR0935BS4E06A6D2G,01KJP2SGRYQPGESDGRKTMMAJX4,C,A,0,0.0,01KJP2SDQCR0935BS4E06A6D2G_01KJP2SGRYQPGESDGRKTMMAJX4,phase2_final,1,5
01KJP22PXRH9VYFY7Z1HZVNSMN,page7-255,01KJP2SDQCR0935BS4E06A6D2G,01KJP2Q9Z7MR3VPYE4MH3SC9C8,C,C,1,0.0,01KJP2Q9Z7MR3VPYE4MH3SC9C8_01KJP2SDQCR0935BS4E06A6D2G,phase2_final,1,4
01KJP22PXRH9VYFY7Z1HZVNSMN,page7-255,01KJP2SDQCR0935BS4E06A6D2G,01KJP2RBVR6E36EKC8HYRAV5GF,C,A,0,0.0,01KJP2RBVR6E36EKC8HYRAV5GF_01KJP2SDQCR0935BS4E06A6D2G,phase2_final,1,1
01KJP22PXRH9VYFY7Z1HZVNSMN,page7-255,01KJP2SGRYQPGESDGRKTMMAJX4,01KJP2Q9Z7MR3VPYE4MH3SC9C8,A,C,0,0.0,01KJP2Q9Z7MR3VPYE4MH3SC9C8_01KJP2SGRYQPGESDGRKTMMAJX4,phase2_final,5,4
01KJP22PXRH9VYFY7Z1HZVNSMN,page7-255,01KJP2SGRYQPGESDGRKTMMAJX4,01KJP2RBVR6E36EKC8HYRAV5GF,A,A,1,0.0,01KJP2RBVR6E36EKC8HYRAV5GF_01KJP2SGRYQPGESDGRKTMMAJX4,phase2_final,5,1
01KJP22PXRH9VYFY7Z1HZVNSMN,page7-255,01KJP2Q9Z7MR3VPYE4MH3SC9C8,01KJP2RBVR6E36EKC8HYRAV5GF,C,A,0,0.0,01KJP2Q9Z7MR3VPYE4MH3SC9C8_01KJP2RBVR6E36EKC8HYRAV5GF,phase2_final,4,1
01KJP22PXRH9VYFY7Z1HZVNSMN,page9-46,01KJP2Q4FMMNPG4DTS771Y4V70,01KJP2RH1QNE571FNJRJ0ZHM7W,A,B,0,0.0,01KJP2Q4FMMNPG4DTS771Y4V70_01KJP2RH1QNE571FNJRJ0ZHM7W,phase2_final,7,4
01KJP22PXRH9VYFY7Z1HZVNSMN,page9-46,01KJP2Q4FMMNPG4DTS771Y4V70,01KJP2SNNP4ZB6K1QMGZX5CC0T,A,C,0,0.1111111111111111,01KJP2Q4FMMNPG4DTS771Y4V70_01KJP2SNNP4ZB6K1QMGZX5CC0T,phase2_final,7,9
01KJP22PXRH9VYFY7Z1HZVNSMN,page9-46,01KJP2Q4FMMNPG4DTS771Y4V70,01KJP2RVD8SK7AN1X5EMGRM458,A,B,0,0.25,01KJP2Q4FMMNPG4DTS771Y4V70_01KJP2RVD8SK7AN1X5EMGRM458,phase2_final,7,5
01KJP22PXRH9VYFY7Z1HZVNSMN,page9-46,01KJP2Q4FMMNPG4DTS771Y4V70,01KJP2SDQCR0935BS4E06A6D2G,A,C,0,0.2857142857142857,01KJP2Q4FMMNPG4DTS771Y4V70_01KJP2SDQCR0935BS4E06A6D2G,phase2_final,7,9
01KJP22PXRH9VYFY7Z1HZVNSMN,page9-46,01KJP2Q4FMMNPG4DTS771Y4V70,01KJP2SGRYQPGESDGRKTMMAJX4,A,A,1,0.0,01KJP2Q4FMMNPG4DTS771Y4V70_01KJP2SGRYQPGESDGRKTMMAJX4,phase2_final,7,2
01KJP22PXRH9VYFY7Z1HZVNSMN,page9-46,01KJP2Q4FMMNPG4DTS771Y4V70,01KJP2Q9Z7MR3VPYE4MH3SC9C8,A,C,0,0.2857142857142857,01KJP2Q4FMMNPG4DTS771Y4V70_01KJP2Q9Z7MR3VPYE4MH3SC9C8,phase2_final,7,9
01KJP22PXRH9VYFY7Z1HZVNSMN,page9-46,01KJP2Q4FMMNPG4DTS771Y4V70,01KJP2RBVR6E36EKC8HYRAV5GF,A,A,1,0.4,01KJP2Q4FMMNPG4DTS771Y4V70_01KJP2RBVR6E36EKC8HYRAV5GF,phase2_final,7,2
01KJP22PXRH9VYFY7Z1HZVNSMN,page9-46,01KJP2RH1QNE571FNJRJ0ZHM7W,01KJP2SNNP4ZB6K1QMGZX5CC0T,B,C,0,0.0,01KJP2RH1QNE571FNJRJ0ZHM7W_01KJP2SNNP4ZB6K1QMGZX5CC0T,phase2_final,4,9
01KJP22PXRH9VYFY7Z1HZVNSMN,page9-46,01KJP2RH1QNE571FNJRJ0ZHM7W,01KJP2RVD8SK7AN1X5EMGRM458,B,B,1,0.3333333333333333,01KJP2RH1QNE571FNJRJ0ZHM7W_01KJP2RVD8SK7AN1X5EMGRM458,phase2_final,4,5
01KJP22PXRH9VYFY7Z1HZVNSMN,page9-46,01KJP2RH1QNE571FNJRJ0ZHM7W,01KJP2SDQCR0935BS4E06A6D2G,B,C,0,0.0,01KJP2RH1QNE571FNJRJ0ZHM7W_01KJP2SDQCR0935BS4E06A6D2G,phase2_final,4,9
01KJP22PXRH9VYFY7Z1HZVNSMN,page9-46,01KJP2RH1QNE571FNJRJ0ZHM7W,01KJP2SGRYQPGESDGRKTMMAJX4,B,A,0,0.0,01KJP2RH1QNE571FNJRJ0ZHM7W_01KJP2SGRYQPGESDGRKTMMAJX4,phase2_final,4,2
01KJP22PXRH9VYFY7Z1HZVNSMN,page9-46,01KJP2RH1QNE571FNJRJ0ZHM7W,01KJP2Q9Z7MR3VPYE4MH3SC9C8,B,C,0,0.0,01KJP2Q9Z7MR3VPYE4MH3SC9C8_01KJP2RH1QNE571FNJRJ0ZHM7W,phase2_final,4,9
01KJP22PXRH9VYFY7Z1HZVNSMN,page9-46,01KJP2RH1QNE571FNJRJ0ZHM7W,01KJP2RBVR6E36EKC8HYRAV5GF,B,A,0,0.0,01KJP2RBVR6E36EKC8HYRAV5GF_01KJP2RH1QNE571FNJRJ0ZHM7W,phase2_final,4,2
01KJP22PXRH9VYFY7Z1HZVNSMN,page9-46,01KJP2SNNP4ZB6K1QMGZX5CC0T,01KJP2RVD8SK7AN1X5EMGRM458,C,B,0,0.1111111111111111,01KJP2RVD8SK7AN1X5EMGRM458_01KJP2SNNP4ZB6K1QMGZX5CC0T,phase2_final,9,5
01KJP22PXRH9VYFY7Z1HZVNSMN,page9-46,01KJP2SNNP4ZB6K1QMGZX5CC0T,01KJP2SDQCR0935BS4E06A6D2G,C,C,1,0.125,01KJP2SDQCR0935BS4E06A6D2G_01KJP2SNNP4ZB6K1QMGZX5CC0T,phase2_final,9,9
01KJP22PXRH9VYFY7Z1HZVNSMN,page9-46,01KJP2SNNP4ZB6K1QMGZX5CC0T,01KJP2SGRYQPGESDGRKTMMAJX4,C,A,0,0.0,01KJP2SGRYQPGESDGRKTMMAJX4_01KJP2SNNP4ZB6K1QMGZX5CC0T,phase2_final,9,2
01KJP22PXRH9VYFY7Z1HZVNSMN,page9-46,01KJP2SNNP4ZB6K1QMGZX5CC0T,01KJP2Q9Z7MR3VPYE4MH3SC9C8,C,C,1,0.125,01KJP2Q9Z7MR3VPYE4MH3SC9C8_01KJP2SNNP4ZB6K1QMGZX5CC0T,phase2_final,9,9
01KJP22PXRH9VYFY7Z1HZVNSMN,page9-46,01KJP2SNNP4ZB6K1QMGZX5CC0T,01KJP2RBVR6E36EKC8HYRAV5GF,C,A,0,0.16666666666666666,01KJP2RBVR6E36EKC8HYRAV5GF_01KJP2SNNP4ZB6K1QMGZX5CC0T,phase2_final,9,2
01KJP22PXRH9VYFY7Z1HZVNSMN,page9-46,01KJP2RVD8SK7AN1X5EMGRM458,01KJP2SDQCR0935BS4E06A6D2G,B,C,0,0.125,01KJP2RVD8SK7AN1X5EMGRM458_01KJP2SDQCR0935BS4E06A6D2G,phase2_final,5,9
01KJP22PXRH9VYFY7Z1HZVNSMN,page9-46,01KJP2RVD8SK7AN1X5EMGRM458,01KJP2SGRYQPGESDGRKTMMAJX4,B,A,0,0.0,01KJP2RVD8SK7AN1X5EMGRM458_01KJP2SGRYQPGESDGRKTMMAJX4,phase2_final,5,2
01KJP22PXRH9VYFY7Z1HZVNSMN,page9-46,01KJP2RVD8SK7AN1X5EMGRM458,01KJP2Q9Z7MR3VPYE4MH3SC9C8,B,C,0,0.125,01KJP2Q9Z7MR3VPYE4MH3SC9C8_01KJP2RVD8SK7AN1X5EMGRM458,phase2_final,5,9
01KJP22PXRH9VYFY7Z1HZVNSMN,page9-46,01KJP2RVD8SK7AN1X5EMGRM458,01KJP2RBVR6E36EKC8HYRAV5GF,B,A,0,0.4,01KJP2RBVR6E36EKC8HYRAV5GF_01KJP2RVD8SK7AN1X5EMGRM458,phase2_final,5,2
01KJP22PXRH9VYFY7Z1HZVNSMN,page9-46,01KJP2SDQCR0935BS4E06A6D2G,01KJP2SGRYQPGESDGRKTMMAJX4,C,A,0,0.0,01KJP2SDQCR0935BS4E06A6D2G_01KJP2SGRYQPGESDGRKTMMAJX4,phase2_final,9,2
01KJP22PXRH9VYFY7Z1HZVNSMN,page9-46,01KJP2SDQCR0935BS4E06A6D2G,01KJP2Q9Z7MR3VPYE4MH3SC9C8,C,C,1,1.0,01KJP2Q9Z7MR3VPYE4MH3SC9C8_01KJP2SDQCR0935BS4E06A6D2G,phase2_final,9,9
01KJP22PXRH9VYFY7Z1HZVNSMN,page9-46,01KJP2SDQCR0935BS4E06A6D2G,01KJP2RBVR6E36EKC8HYRAV5GF,C,A,0,0.2,01KJP2RBVR6E36EKC8HYRAV5GF_01KJP2SDQCR0935BS4E06A6D2G,phase2_final,9,2
01KJP22PXRH9VYFY7Z1HZVNSMN,page9-46,01KJP2SGRYQPGESDGRKTMMAJX4,01KJP2Q9Z7MR3VPYE4MH3SC9C8,A,C,0,0.0,01KJP2Q9Z7MR3VPYE4MH3SC9C8_01KJP2SGRYQPGESDGRKTMMAJX4,phase2_final,2,9
01KJP22PXRH9VYFY7Z1HZVNSMN,page9-46,01KJP2SGRYQPGESDGRKTMMAJX4,01KJP2RBVR6E36EKC8HYRAV5GF,A,A,1,0.0,01KJP2RBVR6E36EKC8HYRAV5GF_01KJP2SGRYQPGESDGRKTMMAJX4,phase2_final,2,2
01KJP22PXRH9VYFY7Z1HZVNSMN,page9-46,01KJP2Q9Z7MR3VPYE4MH3SC9C8,01KJP2RBVR6E36EKC8HYRAV5GF,C,A,0,0.2,01KJP2Q9Z7MR3VPYE4MH3SC9C8_01KJP2RBVR6E36EKC8HYRAV5GF,phase2_final,9,2
