gameId,playerId,originalGroup,currentGroup,tangramSet,blockNum,trialNum,phase,phaseNum,target,repNum,utterance,uttLength,umap_x,umap_y
01KJN6MMPQTMDYRN709968YFN1,01KJN78B0TFR8F59JDGD057XNS,A,A,0.0,0.0,0.0,refgame,1.0,page7-107,1.0,"there is a diamond shape in the middle of this shape, towards its rightside. the left side has three spikes",20,2.812185,-0.9950326
01KJN6MMPQTMDYRN709968YFN1,01KJN79Y7T0VZNKHTSJRZWTDZ5,B,B,0.0,0.0,0.0,refgame,1.0,page7-107,1.0,this shape has an open square in the middle,9,1.7171553,1.3877115
01KJN6MMPQTMDYRN709968YFN1,01KJN78B0TFR8F59JDGD057XNS,A,A,0.0,0.0,1.0,refgame,1.0,page5-28,1.0,this looks like a bottle that tipped over. the head is on the right side,15,7.4841986,5.6606894
01KJN6MMPQTMDYRN709968YFN1,01KJN79Y7T0VZNKHTSJRZWTDZ5,B,B,0.0,0.0,1.0,refgame,1.0,page5-28,1.0,this shape has a large rectangle then a square and than a slanted square at the end,17,1.6795615,2.064751
01KJN6MMPQTMDYRN709968YFN1,01KJN788SPAKVVBHX9T9FDQWAF,B,B,0.0,1.0,7.0,refgame,1.0,page5-28,1.0,"Long rectangle, connected by a square then a diamond on its side",12,2.3773823,-0.5807969
01KJN6MMPQTMDYRN709968YFN1,01KJN791EPN054R2NTQQ1BFXJ5,A,A,0.0,1.0,7.0,refgame,1.0,page5-28,1.0,bottle spilled over,3,7.4551716,5.6258593
01KJN6MMPQTMDYRN709968YFN1,01KJN796KT7FCNV2F9QNCQDSES,C,C,0.0,1.0,7.0,refgame,1.0,page5-28,1.0,"Long recutanle on the left side, rectangle",7,1.8525583,2.649469
01KJN6MMPQTMDYRN709968YFN1,01KJN788SPAKVVBHX9T9FDQWAF,B,B,0.0,1.0,8.0,refgame,1.0,page7-107,1.0,Diamond hole in the middle of this shape,8,2.8651857,-1.5626999
01KJN6MMPQTMDYRN709968YFN1,01KJN791EPN054R2NTQQ1BFXJ5,A,A,0.0,1.0,8.0,refgame,1.0,page7-107,1.0,"looks like a diamond that is white in center, spikes on left side of shape",15,2.9476542,-1.026562
01KJN6MMPQTMDYRN709968YFN1,01KJN796KT7FCNV2F9QNCQDSES,C,C,0.0,1.0,8.0,refgame,1.0,page7-107,1.0,diamond in middle,3,4.259144,-0.905628
01KJN6MMPQTMDYRN709968YFN1,01KJN78CQJ3KY7VMGAR6F3D4S0,B,B,0.0,5.0,30.0,refgame,1.0,page7-107,2.0,diamond cutout,2,3.5401824,2.5902157
01KJN6MMPQTMDYRN709968YFN1,01KJN78JVY5FN5QXW9XGGE72RG,A,A,0.0,5.0,30.0,refgame,1.0,page7-107,2.0,diamond cut out in middle,5,4.669924,-2.808837
01KJN6MMPQTMDYRN709968YFN1,01KJN79ZDP3YNFFHHQA302PJDP,C,C,0.0,5.0,30.0,refgame,1.0,page7-107,2.0,Diamond shaped item from earlier,5,3.3959427,-0.9601596
01KJN6MMPQTMDYRN709968YFN1,01KJN78CQJ3KY7VMGAR6F3D4S0,B,A,0.0,2.0,51.0,refgame,2.0,page3-35,1.0,birdhouse,1,5.425378,-5.707215
01KJN6MMPQTMDYRN709968YFN1,01KJN78JVY5FN5QXW9XGGE72RG,A,B,0.0,2.0,51.0,refgame,2.0,page3-35,1.0,birdhouse,1,5.272917,-5.6339765
01KJN6MMPQTMDYRN709968YFN1,01KJN788SPAKVVBHX9T9FDQWAF,B,B,0.0,4.0,26.0,refgame,1.0,page7-107,2.0,diamond hole cutout,3,3.5813613,2.6210172
01KJN6MMPQTMDYRN709968YFN1,01KJN791EPN054R2NTQQ1BFXJ5,A,A,0.0,4.0,26.0,refgame,1.0,page7-107,2.0,"white diamond cut out, looks like mario fireball",8,4.488264,-3.100695
01KJN6MMPQTMDYRN709968YFN1,01KJN796KT7FCNV2F9QNCQDSES,C,C,0.0,4.0,26.0,refgame,1.0,page7-107,2.0,white diamond in middle,4,3.5590956,-1.1475197
01KJN6MMPQTMDYRN709968YFN1,01KJN788SPAKVVBHX9T9FDQWAF,B,B,0.0,4.0,25.0,refgame,1.0,page3-35,2.0,birdhouse,1,5.4303803,-5.7171154
01KJN6MMPQTMDYRN709968YFN1,01KJN791EPN054R2NTQQ1BFXJ5,A,A,0.0,4.0,25.0,refgame,1.0,page3-35,2.0,"birdhouse, mailbox",2,6.1992335,-5.88504
01KJN6MMPQTMDYRN709968YFN1,01KJN796KT7FCNV2F9QNCQDSES,C,C,0.0,4.0,25.0,refgame,1.0,page3-35,2.0,game pieces chosen a few time already,7,1.2709097,0.2508692
01KJN6MMPQTMDYRN709968YFN1,01KJN788SPAKVVBHX9T9FDQWAF,B,B,0.0,1.0,44.0,refgame,2.0,page7-255,1.0,bunny,1,-4.4835634,-4.838309
01KJN6MMPQTMDYRN709968YFN1,01KJN791EPN054R2NTQQ1BFXJ5,A,A,0.0,1.0,44.0,refgame,2.0,page7-255,1.0,"on top triangle pointing to the right, square cut out in top left, weird shape",15,0.6504518,1.1668293
01KJN6MMPQTMDYRN709968YFN1,01KJN78CQJ3KY7VMGAR6F3D4S0,B,A,0.0,2.0,50.0,refgame,2.0,page5-28,1.0,"rectangle, small rectangle, diamond",4,2.5046644,-0.64017236
01KJN6MMPQTMDYRN709968YFN1,01KJN78JVY5FN5QXW9XGGE72RG,A,B,0.0,2.0,50.0,refgame,2.0,page5-28,1.0,tipped bottle,2,7.5833383,5.7556443
01KJN6MMPQTMDYRN709968YFN1,01KJN788SPAKVVBHX9T9FDQWAF,B,B,0.0,4.0,29.0,refgame,1.0,page7-255,2.0,bunny,1,-4.494416,-4.8667836
01KJN6MMPQTMDYRN709968YFN1,01KJN791EPN054R2NTQQ1BFXJ5,A,A,0.0,4.0,29.0,refgame,1.0,page7-255,2.0,"triangle on top facing right, jarble of a mess, of random shapes",12,0.73357624,0.865675
01KJN6MMPQTMDYRN709968YFN1,01KJN796KT7FCNV2F9QNCQDSES,C,C,0.0,4.0,29.0,refgame,1.0,page7-255,2.0,bird flying to right side already chosen,7,-1.6214633,-0.10068571
01KJN6MMPQTMDYRN709968YFN1,01KJN788SPAKVVBHX9T9FDQWAF,B,A,0.0,4.0,60.0,refgame,2.0,page7-107,2.0,"fireball, diamond cutout",3,4.399564,-3.152976
01KJN6MMPQTMDYRN709968YFN1,01KJN788SPAKVVBHX9T9FDQWAF,B,B,0.0,1.0,47.0,refgame,2.0,page7-107,1.0,fireball with diamond cutout in middle,6,4.3391094,-3.270927
01KJN6MMPQTMDYRN709968YFN1,01KJN791EPN054R2NTQQ1BFXJ5,A,A,0.0,1.0,47.0,refgame,2.0,page7-107,1.0,"diamond cut out in middle, looks liek fire ball",9,4.3441195,-3.1122005
01KJN6MMPQTMDYRN709968YFN1,01KJN788SPAKVVBHX9T9FDQWAF,B,B,0.0,1.0,6.0,refgame,1.0,page3-35,1.0,Birdhouse,1,5.417645,-5.6547327
01KJN6MMPQTMDYRN709968YFN1,01KJN791EPN054R2NTQQ1BFXJ5,A,A,0.0,1.0,6.0,refgame,1.0,page3-35,1.0,"birdhouse, trapezoid on bottom, house on top",7,5.8649406,-6.2288194
01KJN6MMPQTMDYRN709968YFN1,01KJN796KT7FCNV2F9QNCQDSES,C,C,0.0,1.0,6.0,refgame,1.0,page3-35,1.0,The game piece mentioned earlier,5,1.2734954,0.3344937
01KJN6MMPQTMDYRN709968YFN1,01KJN78B0TFR8F59JDGD057XNS,A,A,0.0,0.0,4.0,refgame,1.0,page3-35,1.0,"this looks like a candlestick, stood up. the top is two right triangles butted up together. there is a triangle base",21,1.3718147,0.539114
01KJN6MMPQTMDYRN709968YFN1,01KJN78M7563R5D9TQE5G142DA,C,C,0.0,0.0,4.0,refgame,1.0,page3-35,1.0,Looks like something you would see in a board game that's very popular,13,1.2889593,0.8189244
01KJN6MMPQTMDYRN709968YFN1,01KJN79Y7T0VZNKHTSJRZWTDZ5,B,B,0.0,0.0,4.0,refgame,1.0,page3-35,1.0,this shape looks like a pirdhouse on a stand,9,5.914883,-5.9492674
01KJN6MMPQTMDYRN709968YFN1,01KJN78B0TFR8F59JDGD057XNS,A,A,0.0,0.0,5.0,refgame,1.0,page9-46,1.0,the right side is a big ol' right triangle. the left side has a rectangle CUT OUT from its center,20,1.4020028,1.2337515
01KJN6MMPQTMDYRN709968YFN1,01KJN78M7563R5D9TQE5G142DA,C,C,0.0,0.0,5.0,refgame,1.0,page9-46,1.0,Kind of like a mountainous shape but it has a cutout,11,0.9372999,-2.2292104
01KJN6MMPQTMDYRN709968YFN1,01KJN79Y7T0VZNKHTSJRZWTDZ5,B,B,0.0,0.0,5.0,refgame,1.0,page9-46,1.0,"this shape has a cut out on the left side, it has a flat top, short",16,0.90687114,2.038743
01KJN6MMPQTMDYRN709968YFN1,01KJN788SPAKVVBHX9T9FDQWAF,B,B,0.0,1.0,11.0,refgame,1.0,page-B,1.0,"Like a person kneeling down praying, one with bigger head, not small, head is like a box, kind of detached, having two triangle arms, and a triangle trailing onthe back",30,-6.865983,-0.7318485
01KJN6MMPQTMDYRN709968YFN1,01KJN791EPN054R2NTQQ1BFXJ5,A,A,0.0,1.0,11.0,refgame,1.0,page-B,1.0,"this one is a square and two triangles touching at one point at the top, and it sits on top a mess of shapes, bottom left corner is a little triangle, kinda like the little girl, from last time, ponytail",40,0.7941813,0.5750285
01KJN6MMPQTMDYRN709968YFN1,01KJN796KT7FCNV2F9QNCQDSES,C,C,0.0,1.0,11.0,refgame,1.0,page-B,1.0,looks like a windimill with a fanned out blades,9,0.286361,0.30199432
01KJN6MMPQTMDYRN709968YFN1,01KJN788SPAKVVBHX9T9FDQWAF,B,B,0.0,1.0,10.0,refgame,1.0,page7-255,1.0,"Kind of has like bunny ears, but one straight up and other to its side, little cutout on right, triangle cutout",21,-0.49301934,-0.4102817
01KJN6MMPQTMDYRN709968YFN1,01KJN791EPN054R2NTQQ1BFXJ5,A,A,0.0,1.0,10.0,refgame,1.0,page7-255,1.0,"this shape is weird, top is a triangle where the head is facing right side, there are then a few trapezoids underneath the triangle facing the right",27,-0.023990117,0.34244943
01KJN6MMPQTMDYRN709968YFN1,01KJN796KT7FCNV2F9QNCQDSES,C,C,0.0,1.0,10.0,refgame,1.0,page7-255,1.0,messed up looking one from earlier,6,0.78286564,0.04578485
01KJN6MMPQTMDYRN709968YFN1,01KJN78CQJ3KY7VMGAR6F3D4S0,B,B,0.0,2.0,14.0,refgame,1.0,page-B,1.0,same as person praying before,5,-7.0300145,-0.0707768
01KJN6MMPQTMDYRN709968YFN1,01KJN78JVY5FN5QXW9XGGE72RG,A,A,0.0,2.0,14.0,refgame,1.0,page-B,1.0,"jumbled picture, square on top tipping right, triangle on top right",11,0.39928898,1.3548461
01KJN6MMPQTMDYRN709968YFN1,01KJN79ZDP3YNFFHHQA302PJDP,C,C,0.0,2.0,14.0,refgame,1.0,page-B,1.0,Broken item from earlier,4,1.4055817,0.38712245
01KJN6MMPQTMDYRN709968YFN1,01KJN78CQJ3KY7VMGAR6F3D4S0,B,B,0.0,2.0,13.0,refgame,1.0,page9-46,1.0,"rectangle cutout, slanted side",4,0.87599564,2.533968
01KJN6MMPQTMDYRN709968YFN1,01KJN78JVY5FN5QXW9XGGE72RG,A,A,0.0,2.0,13.0,refgame,1.0,page9-46,1.0,cut out rectangle on left,5,1.2707394,2.695842
01KJN6MMPQTMDYRN709968YFN1,01KJN79ZDP3YNFFHHQA302PJDP,C,C,0.0,2.0,13.0,refgame,1.0,page9-46,1.0,Like a stapler. Rectangle shape to the left side,9,1.2511686,2.960056
01KJN6MMPQTMDYRN709968YFN1,01KJN788SPAKVVBHX9T9FDQWAF,B,B,0.0,1.0,9.0,refgame,1.0,page9-46,1.0,"Cut out on left, short, slanted on right side",9,0.7573045,2.4663572
01KJN6MMPQTMDYRN709968YFN1,01KJN791EPN054R2NTQQ1BFXJ5,A,A,0.0,1.0,9.0,refgame,1.0,page9-46,1.0,"white rectangle cut out on left side, the whole shape kinda looks like a triangle or trapezoid",17,1.2671239,1.6792134
01KJN6MMPQTMDYRN709968YFN1,01KJN796KT7FCNV2F9QNCQDSES,C,C,0.0,1.0,9.0,refgame,1.0,page9-46,1.0,"looks like claw pointing to left side., white rectangle on left side",12,1.3708773,1.6249524
01KJN6MMPQTMDYRN709968YFN1,01KJN78B0TFR8F59JDGD057XNS,A,A,0.0,3.0,21.0,refgame,1.0,page3-35,2.0,birdhouse / mailbox / candlestick stand,6,6.056455,-5.9737797
01KJN6MMPQTMDYRN709968YFN1,01KJN78M7563R5D9TQE5G142DA,C,C,0.0,3.0,21.0,refgame,1.0,page3-35,2.0,a popular piece and a board game,7,1.2266426,0.16925651
01KJN6MMPQTMDYRN709968YFN1,01KJN79Y7T0VZNKHTSJRZWTDZ5,B,B,0.0,3.0,21.0,refgame,1.0,page3-35,2.0,birdhouse,1,5.4446783,-5.735073
01KJN6MMPQTMDYRN709968YFN1,01KJN78B0TFR8F59JDGD057XNS,A,A,0.0,3.0,20.0,refgame,1.0,page9-46,2.0,"has rectangle cut out in left side; big triangle, right side",11,1.523967,2.162001
01KJN6MMPQTMDYRN709968YFN1,01KJN78M7563R5D9TQE5G142DA,C,C,0.0,3.0,20.0,refgame,1.0,page9-46,2.0,like a hill on the right side,7,1.0139772,-2.0942974
01KJN6MMPQTMDYRN709968YFN1,01KJN79Y7T0VZNKHTSJRZWTDZ5,B,B,0.0,3.0,20.0,refgame,1.0,page9-46,2.0,"flat top left cutout side, angles side",7,0.72931486,2.4267044
01KJN6MMPQTMDYRN709968YFN1,01KJN78B0TFR8F59JDGD057XNS,A,A,0.0,3.0,19.0,refgame,1.0,page7-107,2.0,cut out diamond in middle (looks like mario fireball),9,4.3990035,-3.1526256
01KJN6MMPQTMDYRN709968YFN1,01KJN78M7563R5D9TQE5G142DA,C,C,0.0,3.0,19.0,refgame,1.0,page7-107,2.0,looks like it might be a logo from a hockey team flat right,13,1.5024399,1.1182806
01KJN6MMPQTMDYRN709968YFN1,01KJN79Y7T0VZNKHTSJRZWTDZ5,B,B,0.0,3.0,19.0,refgame,1.0,page7-107,2.0,"squate cutout center, square",4,1.0138855,2.4330144
01KJN6MMPQTMDYRN709968YFN1,01KJN78B0TFR8F59JDGD057XNS,A,A,0.0,3.0,18.0,refgame,1.0,page-B,2.0,"the sitting girl with the arms out and ponytail (sitting girl ponytail), hunny",13,-6.551919,0.46118945
01KJN6MMPQTMDYRN709968YFN1,01KJN79Y7T0VZNKHTSJRZWTDZ5,B,B,0.0,3.0,18.0,refgame,1.0,page-B,2.0,person praying,2,-7.3451014,-0.11898311
01KJN6MMPQTMDYRN709968YFN1,01KJN78B0TFR8F59JDGD057XNS,A,B,0.0,0.0,39.0,refgame,2.0,page7-255,1.0,"weird shape jumble bottom, square cut out upper left",9,0.730105,0.57152224
01KJN6MMPQTMDYRN709968YFN1,01KJN79Y7T0VZNKHTSJRZWTDZ5,B,A,0.0,0.0,39.0,refgame,2.0,page7-255,1.0,bunny,1,-4.485231,-4.818483
01KJN6MMPQTMDYRN709968YFN1,01KJN78B0TFR8F59JDGD057XNS,A,A,0.0,0.0,38.0,refgame,2.0,page9-46,1.0,"rectangle cut out from left side center, triangle right",9,1.511485,2.3572333
01KJN6MMPQTMDYRN709968YFN1,01KJN79Y7T0VZNKHTSJRZWTDZ5,B,B,0.0,0.0,38.0,refgame,2.0,page9-46,1.0,flat top cut out left side slanted right side,9,0.76380825,2.4852176
01KJN6MMPQTMDYRN709968YFN1,01KJN78B0TFR8F59JDGD057XNS,A,A,0.0,0.0,3.0,refgame,1.0,page7-255,1.0,"in the upper left of this figure, there is a rectangle cut out. upper right, looks like a triangle butted up against it.",23,1.6957067,1.2206239
01KJN6MMPQTMDYRN709968YFN1,01KJN78M7563R5D9TQE5G142DA,C,C,0.0,0.0,3.0,refgame,1.0,page7-255,1.0,Kind of looks like a half a square in the center,11,1.9410475,1.2417856
01KJN6MMPQTMDYRN709968YFN1,01KJN79Y7T0VZNKHTSJRZWTDZ5,B,B,0.0,0.0,3.0,refgame,1.0,page7-255,1.0,"lots of triangles in this shape, the top it the corner of a large triangle",15,0.72519284,1.2464715
01KJN6MMPQTMDYRN709968YFN1,01KJN78B0TFR8F59JDGD057XNS,A,B,0.0,0.0,37.0,refgame,2.0,page7-107,1.0,diamond cut out in middle of fireball,7,4.379102,-3.1648242
01KJN6MMPQTMDYRN709968YFN1,01KJN79Y7T0VZNKHTSJRZWTDZ5,B,A,0.0,0.0,37.0,refgame,2.0,page7-107,1.0,cut out square center,4,1.1950091,2.498312
01KJN6MMPQTMDYRN709968YFN1,01KJN78B0TFR8F59JDGD057XNS,A,B,0.0,0.0,36.0,refgame,2.0,page5-28,1.0,tipped over bottle,3,7.5188937,5.6917205
01KJN6MMPQTMDYRN709968YFN1,01KJN79Y7T0VZNKHTSJRZWTDZ5,B,A,0.0,0.0,36.0,refgame,2.0,page5-28,1.0,rectangle square diamond,3,2.825029,-0.47294053
01KJN6MMPQTMDYRN709968YFN1,01KJN78CQJ3KY7VMGAR6F3D4S0,B,B,0.0,2.0,17.0,refgame,1.0,page5-28,1.0,"rectangle with smaller rectangle on right side, then parallelogram off it",11,2.2252827,2.8234246
01KJN6MMPQTMDYRN709968YFN1,01KJN78JVY5FN5QXW9XGGE72RG,A,A,0.0,2.0,17.0,refgame,1.0,page5-28,1.0,tipped over bottle,3,7.549385,5.7205663
01KJN6MMPQTMDYRN709968YFN1,01KJN79ZDP3YNFFHHQA302PJDP,C,C,0.0,2.0,17.0,refgame,1.0,page5-28,1.0,Rectangle shaped to the left becomes narrow and vertical to the right,12,1.7308834,2.4936538
01KJN6MMPQTMDYRN709968YFN1,01KJN78CQJ3KY7VMGAR6F3D4S0,B,B,0.0,2.0,16.0,refgame,1.0,page7-107,1.0,diamond cutout,2,3.5705392,2.6278362
01KJN6MMPQTMDYRN709968YFN1,01KJN78JVY5FN5QXW9XGGE72RG,A,A,0.0,2.0,16.0,refgame,1.0,page7-107,1.0,diamond cutout in middle,4,4.7612133,-2.769957
01KJN6MMPQTMDYRN709968YFN1,01KJN79ZDP3YNFFHHQA302PJDP,C,C,0.0,2.0,16.0,refgame,1.0,page7-107,1.0,"Heart shape in the center, Diamond",6,2.9960485,-1.3574358
01KJN6MMPQTMDYRN709968YFN1,01KJN78B0TFR8F59JDGD057XNS,A,A,0.0,3.0,56.0,refgame,2.0,page7-107,2.0,diamond / fireball,3,4.4054446,-3.2210503
01KJN6MMPQTMDYRN709968YFN1,01KJN79Y7T0VZNKHTSJRZWTDZ5,B,B,0.0,3.0,56.0,refgame,2.0,page7-107,2.0,diamond middle cutout,3,4.7634306,-2.7716806
01KJN6MMPQTMDYRN709968YFN1,01KJN78CQJ3KY7VMGAR6F3D4S0,B,B,0.0,2.0,15.0,refgame,1.0,page7-255,1.0,"bunny one, triangle pointing right on top of a lot of shapes",12,-2.1536446,-1.39535
01KJN6MMPQTMDYRN709968YFN1,01KJN78JVY5FN5QXW9XGGE72RG,A,A,0.0,2.0,15.0,refgame,1.0,page7-255,1.0,triangle facing right on top,5,0.027328333,1.2927252
01KJN6MMPQTMDYRN709968YFN1,01KJN79ZDP3YNFFHHQA302PJDP,C,C,0.0,2.0,15.0,refgame,1.0,page7-255,1.0,Crooked shape right angle at the top,7,0.58517164,2.2571313
01KJN6MMPQTMDYRN709968YFN1,01KJN78CQJ3KY7VMGAR6F3D4S0,B,B,0.0,5.0,35.0,refgame,1.0,page9-46,2.0,"square cutout, slanted, short",4,0.7922187,2.547559
01KJN6MMPQTMDYRN709968YFN1,01KJN78JVY5FN5QXW9XGGE72RG,A,A,0.0,5.0,35.0,refgame,1.0,page9-46,2.0,rectangle cutout on left,4,1.2489535,2.6941128
01KJN6MMPQTMDYRN709968YFN1,01KJN79ZDP3YNFFHHQA302PJDP,C,C,0.0,5.0,35.0,refgame,1.0,page9-46,2.0,Rectangle shape with a large opening. Curves to the right like a slope,13,1.6895857,2.242667
01KJN6MMPQTMDYRN709968YFN1,01KJN78B0TFR8F59JDGD057XNS,A,A,0.0,3.0,55.0,refgame,2.0,page7-255,2.0,"""bunny"" / weird shape jumble",5,-1.9859598,-1.3058707
01KJN6MMPQTMDYRN709968YFN1,01KJN79Y7T0VZNKHTSJRZWTDZ5,B,B,0.0,3.0,55.0,refgame,2.0,page7-255,2.0,bunny,1,-4.5103226,-4.863337
01KJN6MMPQTMDYRN709968YFN1,01KJN78CQJ3KY7VMGAR6F3D4S0,B,B,0.0,2.0,12.0,refgame,1.0,page3-35,1.0,birdhouse,1,5.344291,-5.6117663
01KJN6MMPQTMDYRN709968YFN1,01KJN78JVY5FN5QXW9XGGE72RG,A,A,0.0,2.0,12.0,refgame,1.0,page3-35,1.0,"free standing mailbox, triangle base",5,6.545048,-5.9081883
01KJN6MMPQTMDYRN709968YFN1,01KJN79ZDP3YNFFHHQA302PJDP,C,C,0.0,2.0,12.0,refgame,1.0,page3-35,1.0,Similar to a piece from a well know game from earlier,11,1.2388611,0.1652444
01KJN6MMPQTMDYRN709968YFN1,01KJN788SPAKVVBHX9T9FDQWAF,B,B,0.0,4.0,64.0,refgame,2.0,page-B,2.0,"praying, girl?",2,-7.1429844,0.20325333
01KJN6MMPQTMDYRN709968YFN1,01KJN791EPN054R2NTQQ1BFXJ5,A,A,0.0,4.0,64.0,refgame,2.0,page-B,2.0,"praying, pomnytail girl, ponytail",4,-6.7793503,0.32580185
01KJN6MMPQTMDYRN709968YFN1,01KJN78B0TFR8F59JDGD057XNS,A,A,0.0,3.0,54.0,refgame,2.0,page3-35,2.0,birdhouse / mailbox / candlestick,5,6.100173,-5.91147
01KJN6MMPQTMDYRN709968YFN1,01KJN79Y7T0VZNKHTSJRZWTDZ5,B,B,0.0,3.0,54.0,refgame,2.0,page3-35,2.0,birdhouse,1,5.4021487,-5.6965256
01KJN6MMPQTMDYRN709968YFN1,01KJN78CQJ3KY7VMGAR6F3D4S0,B,B,0.0,5.0,34.0,refgame,1.0,page7-255,2.0,bunny,1,-4.485281,-4.878762
01KJN6MMPQTMDYRN709968YFN1,01KJN78JVY5FN5QXW9XGGE72RG,A,A,0.0,5.0,34.0,refgame,1.0,page7-255,2.0,"triangle facing right, sitting on a jumble of shapes",9,0.4289917,1.1249099
01KJN6MMPQTMDYRN709968YFN1,01KJN79ZDP3YNFFHHQA302PJDP,C,C,0.0,5.0,34.0,refgame,1.0,page7-255,2.0,Triangle shape at the top with a wider body,9,-0.0038292387,1.2299123
01KJN6MMPQTMDYRN709968YFN1,01KJN788SPAKVVBHX9T9FDQWAF,B,B,0.0,4.0,63.0,refgame,2.0,page3-35,2.0,birdhouse,1,5.3984456,-5.726181
01KJN6MMPQTMDYRN709968YFN1,01KJN791EPN054R2NTQQ1BFXJ5,A,A,0.0,4.0,63.0,refgame,2.0,page3-35,2.0,"birdhouse, maibox, mailbox",3,6.3482084,-5.8451505
01KJN6MMPQTMDYRN709968YFN1,01KJN78CQJ3KY7VMGAR6F3D4S0,B,B,0.0,2.0,53.0,refgame,2.0,page7-255,1.0,bunny,1,-4.4089994,-4.913528
01KJN6MMPQTMDYRN709968YFN1,01KJN78JVY5FN5QXW9XGGE72RG,A,A,0.0,2.0,53.0,refgame,2.0,page7-255,1.0,"tringle facing right, jumble",4,0.9854597,0.99823743
01KJN6MMPQTMDYRN709968YFN1,01KJN788SPAKVVBHX9T9FDQWAF,B,A,0.0,4.0,61.0,refgame,2.0,page7-255,2.0,bunny,1,-4.4683814,-4.813735
01KJN6MMPQTMDYRN709968YFN1,01KJN791EPN054R2NTQQ1BFXJ5,A,B,0.0,4.0,61.0,refgame,2.0,page7-255,2.0,"triangle facing right, on top",5,-0.016732551,1.2910659
01KJN6MMPQTMDYRN709968YFN1,01KJN78CQJ3KY7VMGAR6F3D4S0,B,B,0.0,5.0,33.0,refgame,1.0,page3-35,2.0,birdhouse,1,5.359799,-5.5631795
01KJN6MMPQTMDYRN709968YFN1,01KJN78JVY5FN5QXW9XGGE72RG,A,A,0.0,5.0,33.0,refgame,1.0,page3-35,2.0,mailbox,1,6.5769935,-5.916629
01KJN6MMPQTMDYRN709968YFN1,01KJN79ZDP3YNFFHHQA302PJDP,C,C,0.0,5.0,33.0,refgame,1.0,page3-35,2.0,Popular game item,3,1.2311388,0.43283552
01KJN6MMPQTMDYRN709968YFN1,01KJN78B0TFR8F59JDGD057XNS,A,A,0.0,3.0,59.0,refgame,2.0,page5-28,2.0,"tipped over bottle / casl, casl, cask",7,7.584102,5.756894
01KJN6MMPQTMDYRN709968YFN1,01KJN79Y7T0VZNKHTSJRZWTDZ5,B,B,0.0,3.0,59.0,refgame,2.0,page5-28,2.0,tipped bottle,2,7.618299,5.7904086
01KJN6MMPQTMDYRN709968YFN1,01KJN78CQJ3KY7VMGAR6F3D4S0,B,A,0.0,2.0,52.0,refgame,2.0,page9-46,1.0,"retcangle cutout, slanted side, short",5,0.892458,2.6394186
01KJN6MMPQTMDYRN709968YFN1,01KJN78JVY5FN5QXW9XGGE72RG,A,B,0.0,2.0,52.0,refgame,2.0,page9-46,1.0,rectangle cutout on left,4,1.1565394,2.7677362
01KJN6MMPQTMDYRN709968YFN1,01KJN78CQJ3KY7VMGAR6F3D4S0,B,B,0.0,5.0,32.0,refgame,1.0,page5-28,2.0,"rectangle, smaller rectangle, turned diamond",5,2.4647777,-0.6250622
01KJN6MMPQTMDYRN709968YFN1,01KJN78JVY5FN5QXW9XGGE72RG,A,A,0.0,5.0,32.0,refgame,1.0,page5-28,2.0,tipped over bottle,3,7.5688577,5.7411604
01KJN6MMPQTMDYRN709968YFN1,01KJN79ZDP3YNFFHHQA302PJDP,C,C,0.0,5.0,32.0,refgame,1.0,page5-28,2.0,Rectangle shaped to the left then becomes narrow,8,1.7494514,2.594654
01KJN6MMPQTMDYRN709968YFN1,01KJN78CQJ3KY7VMGAR6F3D4S0,B,B,0.0,5.0,31.0,refgame,1.0,page-B,2.0,praying,1,-7.4929857,0.014377614
01KJN6MMPQTMDYRN709968YFN1,01KJN78JVY5FN5QXW9XGGE72RG,A,A,0.0,5.0,31.0,refgame,1.0,page-B,2.0,ponytail girl,2,-6.597829,0.50643855
01KJN6MMPQTMDYRN709968YFN1,01KJN79ZDP3YNFFHHQA302PJDP,C,C,0.0,5.0,31.0,refgame,1.0,page-B,2.0,Broken item with item on top and to the right side,11,1.3930511,0.65251625
01KJN6MMPQTMDYRN709968YFN1,01KJN788SPAKVVBHX9T9FDQWAF,B,B,0.0,4.0,28.0,refgame,1.0,page9-46,2.0,"cutout left side, slanted right side, short",7,0.76056325,2.5728366
01KJN6MMPQTMDYRN709968YFN1,01KJN791EPN054R2NTQQ1BFXJ5,A,A,0.0,4.0,28.0,refgame,1.0,page9-46,2.0,"left sided rectangle cut out, whole shape is a trapezoid",10,1.3157514,1.9764394
01KJN6MMPQTMDYRN709968YFN1,01KJN796KT7FCNV2F9QNCQDSES,C,C,0.0,4.0,28.0,refgame,1.0,page9-46,2.0,white rectangle on left side; looks like claw,8,1.3832468,2.0657346
01KJN6MMPQTMDYRN709968YFN1,01KJN788SPAKVVBHX9T9FDQWAF,B,B,0.0,4.0,27.0,refgame,1.0,page5-28,2.0,"Big rectangle, small rectangle, slanted diamond",6,2.449306,-0.6854456
01KJN6MMPQTMDYRN709968YFN1,01KJN791EPN054R2NTQQ1BFXJ5,A,A,0.0,4.0,27.0,refgame,1.0,page5-28,2.0,bottle tipped over,3,7.527809,5.700231
01KJN6MMPQTMDYRN709968YFN1,01KJN796KT7FCNV2F9QNCQDSES,C,C,0.0,4.0,27.0,refgame,1.0,page5-28,2.0,"rectangle on left side that narrows to the right, already chosen a few times",14,1.6295497,2.6564677
01KJN6MMPQTMDYRN709968YFN1,01KJN78B0TFR8F59JDGD057XNS,A,B,0.0,3.0,58.0,refgame,2.0,page9-46,2.0,"left rectangle cutout, big right triangle",6,1.2013717,2.3176105
01KJN6MMPQTMDYRN709968YFN1,01KJN79Y7T0VZNKHTSJRZWTDZ5,B,A,0.0,3.0,58.0,refgame,2.0,page9-46,2.0,cut out left side flat top angled side,8,0.8709778,2.4730446
01KJN6MMPQTMDYRN709968YFN1,01KJN78B0TFR8F59JDGD057XNS,A,B,0.0,3.0,57.0,refgame,2.0,page-B,2.0,praying girl,2,-7.270468,0.024710864
01KJN6MMPQTMDYRN709968YFN1,01KJN79Y7T0VZNKHTSJRZWTDZ5,B,A,0.0,3.0,57.0,refgame,2.0,page-B,2.0,praying,1,-7.490689,0.016914006
01KJN6MMPQTMDYRN709968YFN1,01KJN78CQJ3KY7VMGAR6F3D4S0,B,A,0.0,2.0,49.0,refgame,2.0,page7-107,1.0,diamond cutout in middle,4,4.736646,-2.7975228
01KJN6MMPQTMDYRN709968YFN1,01KJN78JVY5FN5QXW9XGGE72RG,A,B,0.0,2.0,49.0,refgame,2.0,page7-107,1.0,diamond cutout,2,3.5318093,2.5928802
01KJN6MMPQTMDYRN709968YFN1,01KJN78JVY5FN5QXW9XGGE72RG,A,B,0.0,2.0,48.0,refgame,2.0,page-B,1.0,ponytail girl,2,-6.5859785,0.50122654
01KJN6MMPQTMDYRN709968YFN1,01KJN78CQJ3KY7VMGAR6F3D4S0,B,A,0.0,5.0,71.0,refgame,2.0,page-B,2.0,praying,1,-7.533232,0.060879584
01KJN6MMPQTMDYRN709968YFN1,01KJN78JVY5FN5QXW9XGGE72RG,A,B,0.0,5.0,71.0,refgame,2.0,page-B,2.0,ponytail girl,2,-6.601037,0.48140895
01KJN6MMPQTMDYRN709968YFN1,01KJN788SPAKVVBHX9T9FDQWAF,B,B,0.0,4.0,24.0,refgame,1.0,page-B,2.0,pray,1,-7.790755,0.2818539
01KJN6MMPQTMDYRN709968YFN1,01KJN791EPN054R2NTQQ1BFXJ5,A,A,0.0,4.0,24.0,refgame,1.0,page-B,2.0,ponytail girl,2,-6.5999246,0.47829953
01KJN6MMPQTMDYRN709968YFN1,01KJN796KT7FCNV2F9QNCQDSES,C,C,0.0,4.0,24.0,refgame,1.0,page-B,2.0,windmill looking things with fanned out blades from earlier,9,0.6735891,0.4428109
01KJN6MMPQTMDYRN709968YFN1,01KJN78CQJ3KY7VMGAR6F3D4S0,B,A,0.0,5.0,70.0,refgame,2.0,page5-28,2.0,bottle on side,3,7.444787,5.617419
01KJN6MMPQTMDYRN709968YFN1,01KJN78JVY5FN5QXW9XGGE72RG,A,B,0.0,5.0,70.0,refgame,2.0,page5-28,2.0,tipped bottle,2,7.634918,5.807056
01KJN6MMPQTMDYRN709968YFN1,01KJN78B0TFR8F59JDGD057XNS,A,A,0.0,3.0,23.0,refgame,1.0,page5-28,2.0,tipped over bottle / cask,5,7.558299,5.731782
01KJN6MMPQTMDYRN709968YFN1,01KJN78M7563R5D9TQE5G142DA,C,C,0.0,3.0,23.0,refgame,1.0,page5-28,2.0,Rectangular shape that thins out to the right,8,1.1224408,1.9947469
01KJN6MMPQTMDYRN709968YFN1,01KJN79Y7T0VZNKHTSJRZWTDZ5,B,B,0.0,3.0,23.0,refgame,1.0,page5-28,2.0,rectangle square slanted diamond,4,2.738497,-0.56134635
01KJN6MMPQTMDYRN709968YFN1,01KJN78CQJ3KY7VMGAR6F3D4S0,B,A,0.0,5.0,69.0,refgame,2.0,page3-35,2.0,birdhouse,1,5.2734184,-5.575929
01KJN6MMPQTMDYRN709968YFN1,01KJN78JVY5FN5QXW9XGGE72RG,A,B,0.0,5.0,69.0,refgame,2.0,page3-35,2.0,mailbox,1,6.5258355,-5.889259
01KJN6MMPQTMDYRN709968YFN1,01KJN78B0TFR8F59JDGD057XNS,A,A,0.0,3.0,22.0,refgame,1.0,page7-255,2.0,"the weird jumble of shapes (triangular) with the square cut out from its upper left, upper right side triangle",19,0.76903975,0.5919089
01KJN6MMPQTMDYRN709968YFN1,01KJN78M7563R5D9TQE5G142DA,C,C,0.0,3.0,22.0,refgame,1.0,page7-255,2.0,a bird flying to the right,6,-1.610385,-0.11514412
01KJN6MMPQTMDYRN709968YFN1,01KJN79Y7T0VZNKHTSJRZWTDZ5,B,B,0.0,3.0,22.0,refgame,1.0,page7-255,2.0,bunny,1,-4.6069326,-4.9592047
01KJN6MMPQTMDYRN709968YFN1,01KJN78CQJ3KY7VMGAR6F3D4S0,B,B,0.0,5.0,67.0,refgame,2.0,page7-255,2.0,bunny,1,-4.5201473,-4.925526
01KJN6MMPQTMDYRN709968YFN1,01KJN78JVY5FN5QXW9XGGE72RG,A,A,0.0,5.0,67.0,refgame,2.0,page7-255,2.0,"bunny, triangle facing right on jumble",6,-2.125449,-1.3922414
01KJN6MMPQTMDYRN709968YFN1,01KJN788SPAKVVBHX9T9FDQWAF,B,A,0.0,1.0,45.0,refgame,2.0,page5-28,1.0,tipped over bottle,3,7.59888,5.771113
01KJN6MMPQTMDYRN709968YFN1,01KJN791EPN054R2NTQQ1BFXJ5,A,B,0.0,1.0,45.0,refgame,2.0,page5-28,1.0,"bottle tipped over, rectangle on left in black",8,7.4457507,5.6201777
01KJN6MMPQTMDYRN709968YFN1,01KJN788SPAKVVBHX9T9FDQWAF,B,B,0.0,1.0,43.0,refgame,2.0,page9-46,1.0,"left cutout slanted, short",4,0.8283595,2.5822413
01KJN6MMPQTMDYRN709968YFN1,01KJN791EPN054R2NTQQ1BFXJ5,A,A,0.0,1.0,43.0,refgame,2.0,page9-46,1.0,"left side rectangle cut out, white rectangle on left, whole black shape is trapezoid",14,1.5458182,1.8156412
01KJN6MMPQTMDYRN709968YFN1,01KJN78B0TFR8F59JDGD057XNS,A,B,0.0,0.0,41.0,refgame,2.0,page-B,1.0,sitting gfirl with ponytail,4,-6.571267,0.49660948
01KJN6MMPQTMDYRN709968YFN1,01KJN79Y7T0VZNKHTSJRZWTDZ5,B,A,0.0,0.0,41.0,refgame,2.0,page-B,1.0,praying,1,-7.518555,0.047533087
01KJN6MMPQTMDYRN709968YFN1,01KJN788SPAKVVBHX9T9FDQWAF,B,B,0.0,1.0,46.0,refgame,2.0,page-B,1.0,"person pray, /girl ponytail",4,-7.020234,0.11330091
01KJN6MMPQTMDYRN709968YFN1,01KJN791EPN054R2NTQQ1BFXJ5,A,A,0.0,1.0,46.0,refgame,2.0,page-B,1.0,"praying, ponytail girl",3,-6.8248043,0.3108594
01KJN6MMPQTMDYRN709968YFN1,01KJN78B0TFR8F59JDGD057XNS,A,B,0.0,0.0,40.0,refgame,2.0,page3-35,1.0,"mailbox / birdhouse / candlestick, triangular base",7,6.4135914,-5.910201
01KJN6MMPQTMDYRN709968YFN1,01KJN79Y7T0VZNKHTSJRZWTDZ5,B,A,0.0,0.0,40.0,refgame,2.0,page3-35,1.0,birdhouse,1,5.289123,-5.576919
01KJN6MMPQTMDYRN709968YFN1,01KJN78CQJ3KY7VMGAR6F3D4S0,B,A,0.0,5.0,68.0,refgame,2.0,page7-107,2.0,"diamond cutout, direball",3,3.6004634,2.6490817
01KJN6MMPQTMDYRN709968YFN1,01KJN78JVY5FN5QXW9XGGE72RG,A,B,0.0,5.0,68.0,refgame,2.0,page7-107,2.0,diamond cutout in middle,4,4.778435,-2.7411768
01KJN6MMPQTMDYRN709968YFN1,01KJN788SPAKVVBHX9T9FDQWAF,B,A,0.0,4.0,62.0,refgame,2.0,page5-28,2.0,tipped bottle,2,7.6394987,5.811485
01KJN6MMPQTMDYRN709968YFN1,01KJN791EPN054R2NTQQ1BFXJ5,A,B,0.0,4.0,62.0,refgame,2.0,page5-28,2.0,tipped bottle,2,7.572036,5.744152
01KJN6MMPQTMDYRN709968YFN1,01KJN78B0TFR8F59JDGD057XNS,A,A,0.0,0.0,2.0,refgame,1.0,page-B,1.0,this is a girl who is sitting down. she has the ponytail on the right side of her head. arms forward left,22,-6.533757,0.39938536
01KJN6MMPQTMDYRN709968YFN1,01KJN78M7563R5D9TQE5G142DA,C,C,0.0,0.0,2.0,refgame,1.0,page-B,1.0,Really weird looking. Messed up.,5,0.6523445,0.0007344477
01KJN6MMPQTMDYRN709968YFN1,01KJN78CQJ3KY7VMGAR6F3D4S0,B,A,0.0,5.0,66.0,refgame,2.0,page9-46,2.0,"slanted side, cutout",3,0.7394455,2.584092
01KJN6MMPQTMDYRN709968YFN1,01KJN78JVY5FN5QXW9XGGE72RG,A,B,0.0,5.0,66.0,refgame,2.0,page9-46,2.0,rectangle cutout left side,4,1.1160474,2.610102
01KJN6MMPQTMDYRN709968YFN1,01KJN788SPAKVVBHX9T9FDQWAF,B,A,0.0,1.0,42.0,refgame,2.0,page3-35,1.0,birdhouse,1,5.4065175,-5.6715746
01KJN6MMPQTMDYRN709968YFN1,01KJN791EPN054R2NTQQ1BFXJ5,A,B,0.0,1.0,42.0,refgame,2.0,page3-35,1.0,"birdhouse, mailbox",2,6.2501626,-5.8880167
01KJN6MMPQTMDYRN709968YFN1,01KJN788SPAKVVBHX9T9FDQWAF,B,A,0.0,4.0,65.0,refgame,2.0,page9-46,2.0,"left cutout, slanted, short",4,0.8764349,2.6068995
01KJN6MMPQTMDYRN709968YFN1,01KJN791EPN054R2NTQQ1BFXJ5,A,B,0.0,4.0,65.0,refgame,2.0,page9-46,2.0,rectangle cut out on left side,6,1.660978,2.55033
01KJN6MMPQTMDYRN709DP5DSDA,01KJN79PCAAMFX7P2QF70Y3HJM,A,A,0.0,0.0,0.0,refgame,1.0,page7-107,1.0,3 spikes on left of the shape with a diamond in the center of it,15,2.7380543,-1.027637
01KJN6MMPQTMDYRN709DP5DSDA,01KJN79ZQD1E4YD03FE5CGJY8K,C,C,0.0,0.0,0.0,refgame,1.0,page7-107,1.0,it has 3 fins on the left with a diamond in middle,12,-0.3297795,-1.3132756
01KJN6MMPQTMDYRN709DP5DSDA,01KJN7B4V2673GK7HGVSG52R2P,B,B,0.0,0.0,0.0,refgame,1.0,page7-107,1.0,"It has a diamond in the middle, a white diamond only one has that",14,3.139634,-1.0269594
01KJN6MMPQTMDYRN709DP5DSDA,01KJN79PCAAMFX7P2QF70Y3HJM,A,A,0.0,0.0,1.0,refgame,1.0,page3-35,1.0,Birdhouse on a stand with a triangle bottom,8,5.867055,-6.0912347
01KJN6MMPQTMDYRN709DP5DSDA,01KJN79ZQD1E4YD03FE5CGJY8K,C,C,0.0,0.0,1.0,refgame,1.0,page3-35,1.0,"pedastal with trapezoid base and diamond roof, like bird feeder",10,0.31255805,-0.028826747
01KJN6MMPQTMDYRN709DP5DSDA,01KJN7B4V2673GK7HGVSG52R2P,B,B,0.0,0.0,1.0,refgame,1.0,page3-35,1.0,it looks like a light house with a pointed top,10,1.4351084,1.0339584
01KJN6MMPQTMDYRN709DP5DSDA,01KJN79PCAAMFX7P2QF70Y3HJM,A,A,0.0,3.0,19.0,refgame,1.0,page5-28,2.0,camera,1,-3.367687,7.6503005
01KJN6MMPQTMDYRN709DP5DSDA,01KJN79ZQD1E4YD03FE5CGJY8K,C,C,0.0,3.0,19.0,refgame,1.0,page5-28,2.0,rear view mirror,3,1.9073083,4.468094
01KJN6MMPQTMDYRN709DP5DSDA,01KJN7B4V2673GK7HGVSG52R2P,B,B,0.0,3.0,19.0,refgame,1.0,page5-28,2.0,it is the rectangle with the small square and diamond,10,2.5095372,-0.51755667
01KJN6MMPQTMDYRN709DP5DSDA,01KJN77XQHYQ5TVVY4HZM02E7R,C,C,0.0,1.0,45.0,refgame,2.0,page9-46,1.0,pacman,1,-0.015018627,-0.53585184
01KJN6MMPQTMDYRN709DP5DSDA,01KJN79ZRTRDMY6RH8ZCYCM9NV,A,A,0.0,1.0,45.0,refgame,2.0,page9-46,1.0,wave,1,12.581505,12.042635
01KJN6MMPQTMDYRN709DP5DSDA,01KJN7AAWT4GWKRZ7B9775509P,B,B,0.0,1.0,45.0,refgame,2.0,page9-46,1.0,rectangle and wave,3,0.42316404,-3.1985135
01KJN6MMPQTMDYRN709DP5DSDA,01KJN7931DXZ65NXTWK1GNEZMW,C,C,0.0,5.0,35.0,refgame,1.0,page7-255,2.0,ninja / triangle head,4,-1.4325925,1.1022325
01KJN6MMPQTMDYRN709DP5DSDA,01KJN7B32C1C5254NSG6ZK1GRK,A,A,0.0,5.0,35.0,refgame,1.0,page7-255,2.0,"triangle cutout on left, triangle on top, vertically sticking out",10,0.60976076,1.624528
01KJN6MMPQTMDYRN709DP5DSDA,01KJN7BYA5X3A2G30KZECRY2HY,B,B,0.0,5.0,35.0,refgame,1.0,page7-255,2.0,bunny ears,2,-1.8654994,-0.9573429
01KJN6MMPQTMDYRN709DP5DSDA,01KJN7931DXZ65NXTWK1GNEZMW,C,C,0.0,5.0,31.0,refgame,1.0,page9-46,2.0,pac man/sphinx,2,0.19555508,-0.59959567
01KJN6MMPQTMDYRN709DP5DSDA,01KJN7B32C1C5254NSG6ZK1GRK,A,A,0.0,5.0,31.0,refgame,1.0,page9-46,2.0,wave,1,12.531742,11.993054
01KJN6MMPQTMDYRN709DP5DSDA,01KJN7BYA5X3A2G30KZECRY2HY,B,B,0.0,5.0,31.0,refgame,1.0,page9-46,2.0,wave with rectangle,3,0.479465,-3.0562751
01KJN6MMPQTMDYRN709DP5DSDA,01KJN77XQHYQ5TVVY4HZM02E7R,C,C,0.0,4.0,24.0,refgame,1.0,page5-28,2.0,rearview mirror,2,1.9543498,4.5360026
01KJN6MMPQTMDYRN709DP5DSDA,01KJN79ZRTRDMY6RH8ZCYCM9NV,A,A,0.0,4.0,24.0,refgame,1.0,page5-28,2.0,Camera,1,-3.381848,7.6643476
01KJN6MMPQTMDYRN709DP5DSDA,01KJN7AAWT4GWKRZ7B9775509P,B,B,0.0,4.0,24.0,refgame,1.0,page5-28,2.0,big rectangle with small rectangle and slanted diamond,8,2.41609,-0.7021371
01KJN6MMPQTMDYRN709DP5DSDA,01KJN77XQHYQ5TVVY4HZM02E7R,C,C,0.0,4.0,29.0,refgame,1.0,page9-46,2.0,sphinx,1,0.6721394,-1.2178578
01KJN6MMPQTMDYRN709DP5DSDA,01KJN79ZRTRDMY6RH8ZCYCM9NV,A,A,0.0,4.0,29.0,refgame,1.0,page9-46,2.0,wave with cutout on left,5,0.5980843,-3.2500207
01KJN6MMPQTMDYRN709DP5DSDA,01KJN7AAWT4GWKRZ7B9775509P,B,B,0.0,4.0,29.0,refgame,1.0,page9-46,2.0,rectangle in the wave,4,0.51736164,-3.111982
01KJN6MMPQTMDYRN709DP5DSDA,01KJN79PCAAMFX7P2QF70Y3HJM,A,A,0.0,3.0,22.0,refgame,1.0,page3-35,2.0,birdhouse,1,5.335283,-5.5508814
01KJN6MMPQTMDYRN709DP5DSDA,01KJN79ZQD1E4YD03FE5CGJY8K,C,C,0.0,3.0,22.0,refgame,1.0,page3-35,2.0,"bird feeder, trapezoid base",4,0.23792765,-0.095496744
01KJN6MMPQTMDYRN709DP5DSDA,01KJN7B4V2673GK7HGVSG52R2P,B,B,0.0,3.0,22.0,refgame,1.0,page3-35,2.0,lighthouse,1,22.592861,4.1505885
01KJN6MMPQTMDYRN709DP5DSDA,01KJN77XQHYQ5TVVY4HZM02E7R,C,C,0.0,4.0,28.0,refgame,1.0,page3-35,2.0,mailbox,1,6.5547633,-5.888662
01KJN6MMPQTMDYRN709DP5DSDA,01KJN79ZRTRDMY6RH8ZCYCM9NV,A,A,0.0,4.0,28.0,refgame,1.0,page3-35,2.0,treehouse,1,5.2686095,-5.389495
01KJN6MMPQTMDYRN709DP5DSDA,01KJN7AAWT4GWKRZ7B9775509P,B,B,0.0,4.0,28.0,refgame,1.0,page3-35,2.0,lighthouse,1,22.550575,4.192933
01KJN6MMPQTMDYRN709DP5DSDA,01KJN77XQHYQ5TVVY4HZM02E7R,C,C,0.0,4.0,27.0,refgame,1.0,page7-255,2.0,ninja/triangle head,2,-1.4200138,1.0922257
01KJN6MMPQTMDYRN709DP5DSDA,01KJN79ZRTRDMY6RH8ZCYCM9NV,A,A,0.0,4.0,27.0,refgame,1.0,page7-255,2.0,triangle top with tow arms and squaish bottom,8,-0.17374936,0.9059186
01KJN6MMPQTMDYRN709DP5DSDA,01KJN7AAWT4GWKRZ7B9775509P,B,B,0.0,4.0,27.0,refgame,1.0,page7-255,2.0,bunny ears,2,-1.8726534,-0.9654518
01KJN6MMPQTMDYRN709DP5DSDA,01KJN79PCAAMFX7P2QF70Y3HJM,A,A,0.0,3.0,21.0,refgame,1.0,page-B,2.0,"tilted square on top, triangle on right",7,-0.077682234,1.4197149
01KJN6MMPQTMDYRN709DP5DSDA,01KJN79ZQD1E4YD03FE5CGJY8K,C,C,0.0,3.0,21.0,refgame,1.0,page-B,2.0,"kneeling person square head, triangle arms",6,-6.6448236,-0.8605823
01KJN6MMPQTMDYRN709DP5DSDA,01KJN7B4V2673GK7HGVSG52R2P,B,B,0.0,3.0,21.0,refgame,1.0,page-B,2.0,its the tilted square and triangle on a mass of shapes,11,0.12348022,1.4173293
01KJN6MMPQTMDYRN709DP5DSDA,01KJN77XQHYQ5TVVY4HZM02E7R,C,C,0.0,4.0,26.0,refgame,1.0,page7-107,2.0,"white diamond, triangle fins",4,-0.40160242,-1.3465152
01KJN6MMPQTMDYRN709DP5DSDA,01KJN79ZRTRDMY6RH8ZCYCM9NV,A,A,0.0,4.0,26.0,refgame,1.0,page7-107,2.0,diamond cutout,2,3.5306642,2.6146085
01KJN6MMPQTMDYRN709DP5DSDA,01KJN7AAWT4GWKRZ7B9775509P,B,B,0.0,4.0,26.0,refgame,1.0,page7-107,2.0,diamond in middle,3,4.2490783,-0.8736349
01KJN6MMPQTMDYRN709DP5DSDA,01KJN79PCAAMFX7P2QF70Y3HJM,A,A,0.0,3.0,20.0,refgame,1.0,page9-46,2.0,wave with cutout on left,5,0.6035894,-3.223965
01KJN6MMPQTMDYRN709DP5DSDA,01KJN79ZQD1E4YD03FE5CGJY8K,C,C,0.0,3.0,20.0,refgame,1.0,page9-46,2.0,pacman mouth open on left,5,0.029431108,-0.44565114
01KJN6MMPQTMDYRN709DP5DSDA,01KJN7B4V2673GK7HGVSG52R2P,B,B,0.0,3.0,20.0,refgame,1.0,page9-46,2.0,its the wave witht he rectangle cut out,8,0.5768221,-3.1716812
01KJN6MMPQTMDYRN709DP5DSDA,01KJN77XQHYQ5TVVY4HZM02E7R,C,C,0.0,4.0,25.0,refgame,1.0,page-B,2.0,"person kneeling, square head",4,-6.758044,-0.8492943
01KJN6MMPQTMDYRN709DP5DSDA,01KJN79ZRTRDMY6RH8ZCYCM9NV,A,A,0.0,4.0,25.0,refgame,1.0,page-B,2.0,Tilted square as head triangle on right,7,-0.9576631,1.2985504
01KJN6MMPQTMDYRN709DP5DSDA,01KJN7AAWT4GWKRZ7B9775509P,B,B,0.0,4.0,25.0,refgame,1.0,page-B,2.0,Slanted square with the 2 triangles and other shapes,9,0.10042704,1.6746895
01KJN6MMPQTMDYRN709DP5DSDA,01KJN77XQHYQ5TVVY4HZM02E7R,C,C,0.0,1.0,43.0,refgame,2.0,page7-255,1.0,ninja,1,-3.4850707,2.1541345
01KJN6MMPQTMDYRN709DP5DSDA,01KJN79ZRTRDMY6RH8ZCYCM9NV,A,A,0.0,1.0,43.0,refgame,2.0,page7-255,1.0,top triangle,2,-0.17179771,1.1748601
01KJN6MMPQTMDYRN709DP5DSDA,01KJN7AAWT4GWKRZ7B9775509P,B,B,0.0,1.0,43.0,refgame,2.0,page7-255,1.0,bunny ears,2,-1.851214,-0.9557193
01KJN6MMPQTMDYRN709DP5DSDA,01KJN77XQHYQ5TVVY4HZM02E7R,C,C,0.0,1.0,42.0,refgame,2.0,page5-28,1.0,rearview mirror,2,1.9415258,4.520568
01KJN6MMPQTMDYRN709DP5DSDA,01KJN79ZRTRDMY6RH8ZCYCM9NV,A,A,0.0,1.0,42.0,refgame,2.0,page5-28,1.0,camera,1,-3.3629463,7.6455646
01KJN6MMPQTMDYRN709DP5DSDA,01KJN7AAWT4GWKRZ7B9775509P,B,B,0.0,1.0,42.0,refgame,2.0,page5-28,1.0,rectangle rectangle slanted diamond,4,2.618448,-0.61162895
01KJN6MMPQTMDYRN709DP5DSDA,01KJN7931DXZ65NXTWK1GNEZMW,C,C,0.0,2.0,48.0,refgame,2.0,page9-46,1.0,pac man,2,0.041587494,-0.5832614
01KJN6MMPQTMDYRN709DP5DSDA,01KJN7B32C1C5254NSG6ZK1GRK,A,A,0.0,2.0,48.0,refgame,2.0,page9-46,1.0,wave,1,12.518609,11.979914
01KJN6MMPQTMDYRN709DP5DSDA,01KJN7BYA5X3A2G30KZECRY2HY,B,B,0.0,2.0,48.0,refgame,2.0,page9-46,1.0,Wave with rectangle,3,0.50752264,-3.1322958
01KJN6MMPQTMDYRN709DP5DSDA,01KJN79PCAAMFX7P2QF70Y3HJM,A,A,0.0,0.0,41.0,refgame,2.0,page7-107,1.0,diamond,1,3.9222596,-1.5820363
01KJN6MMPQTMDYRN709DP5DSDA,01KJN79ZQD1E4YD03FE5CGJY8K,C,C,0.0,0.0,41.0,refgame,2.0,page7-107,1.0,3 fins on left,4,-0.5179148,-1.2698338
01KJN6MMPQTMDYRN709DP5DSDA,01KJN7B4V2673GK7HGVSG52R2P,B,B,0.0,0.0,41.0,refgame,2.0,page7-107,1.0,diamond in middle,3,4.2770224,-0.9069424
01KJN6MMPQTMDYRN709DP5DSDA,01KJN77XQHYQ5TVVY4HZM02E7R,C,C,0.0,1.0,47.0,refgame,2.0,page7-107,1.0,white diamond,2,3.862116,-1.5180479
01KJN6MMPQTMDYRN709DP5DSDA,01KJN79ZRTRDMY6RH8ZCYCM9NV,A,A,0.0,1.0,47.0,refgame,2.0,page7-107,1.0,dimond cutout,2,3.1834135,2.5469213
01KJN6MMPQTMDYRN709DP5DSDA,01KJN7AAWT4GWKRZ7B9775509P,B,B,0.0,1.0,47.0,refgame,2.0,page7-107,1.0,cut out diamond,3,3.5784996,2.6279833
01KJN6MMPQTMDYRN709DP5DSDA,01KJN79PCAAMFX7P2QF70Y3HJM,A,A,0.0,0.0,40.0,refgame,2.0,page9-46,1.0,wave,1,12.568434,12.029746
01KJN6MMPQTMDYRN709DP5DSDA,01KJN79ZQD1E4YD03FE5CGJY8K,C,C,0.0,0.0,40.0,refgame,2.0,page9-46,1.0,pacman open left mouth,4,-0.0143982535,-0.4461339
01KJN6MMPQTMDYRN709DP5DSDA,01KJN7B4V2673GK7HGVSG52R2P,B,B,0.0,0.0,40.0,refgame,2.0,page9-46,1.0,wave with rectangle,3,0.485047,-3.1162455
01KJN6MMPQTMDYRN709DP5DSDA,01KJN77XQHYQ5TVVY4HZM02E7R,C,C,0.0,1.0,46.0,refgame,2.0,page3-35,1.0,birdhouse,1,5.281321,-5.5962996
01KJN6MMPQTMDYRN709DP5DSDA,01KJN79ZRTRDMY6RH8ZCYCM9NV,A,A,0.0,1.0,46.0,refgame,2.0,page3-35,1.0,birdhouse,1,5.1854615,-5.448802
01KJN6MMPQTMDYRN709DP5DSDA,01KJN7AAWT4GWKRZ7B9775509P,B,B,0.0,1.0,46.0,refgame,2.0,page3-35,1.0,lighthouse,1,22.559307,4.1842866
01KJN6MMPQTMDYRN709DP5DSDA,01KJN79PCAAMFX7P2QF70Y3HJM,A,A,0.0,0.0,39.0,refgame,2.0,page5-28,1.0,camera,1,-3.38866,7.6716366
01KJN6MMPQTMDYRN709DP5DSDA,01KJN79ZQD1E4YD03FE5CGJY8K,C,C,0.0,0.0,39.0,refgame,2.0,page5-28,1.0,reaview mirror,2,1.8327096,4.2320666
01KJN6MMPQTMDYRN709DP5DSDA,01KJN7B4V2673GK7HGVSG52R2P,B,B,0.0,0.0,39.0,refgame,2.0,page5-28,1.0,rectanglesquareand diamond,2,2.822124,-0.45737946
01KJN6MMPQTMDYRN709DP5DSDA,01KJN79PCAAMFX7P2QF70Y3HJM,A,A,0.0,0.0,3.0,refgame,1.0,page7-255,1.0,Looks like a bird with wings stretched out,8,-1.6395028,-0.07911189
01KJN6MMPQTMDYRN709DP5DSDA,01KJN79ZQD1E4YD03FE5CGJY8K,C,C,0.0,0.0,3.0,refgame,1.0,page7-255,1.0,"looks like a ninja with a cloak wearing a hood, arms out to side",14,-3.3573048,1.7792001
01KJN6MMPQTMDYRN709DP5DSDA,01KJN7B4V2673GK7HGVSG52R2P,B,B,0.0,0.0,3.0,refgame,1.0,page7-255,1.0,"Its multiple triangles, looks a bit like rabbit ears, 5 different points",12,-0.35707116,-0.09187012
01KJN6MMPQTMDYRN709DP5DSDA,01KJN79PCAAMFX7P2QF70Y3HJM,A,A,0.0,0.0,38.0,refgame,2.0,page7-255,1.0,top triangle,2,-0.15624759,1.2535981
01KJN6MMPQTMDYRN709DP5DSDA,01KJN79ZQD1E4YD03FE5CGJY8K,C,C,0.0,0.0,38.0,refgame,2.0,page7-255,1.0,ninja,1,-3.5144706,2.1881123
01KJN6MMPQTMDYRN709DP5DSDA,01KJN7B4V2673GK7HGVSG52R2P,B,B,0.0,0.0,38.0,refgame,2.0,page7-255,1.0,bunnyears,1,-4.514953,-4.794579
01KJN6MMPQTMDYRN709DP5DSDA,01KJN79PCAAMFX7P2QF70Y3HJM,A,A,0.0,0.0,37.0,refgame,2.0,page3-35,1.0,house,1,5.5899367,-5.508965
01KJN6MMPQTMDYRN709DP5DSDA,01KJN79ZQD1E4YD03FE5CGJY8K,C,C,0.0,0.0,37.0,refgame,2.0,page3-35,1.0,birdhouse,1,5.3065395,-5.531548
01KJN6MMPQTMDYRN709DP5DSDA,01KJN7B4V2673GK7HGVSG52R2P,B,B,0.0,0.0,37.0,refgame,2.0,page3-35,1.0,lighthouse,1,22.551617,4.191721
01KJN6MMPQTMDYRN709DP5DSDA,01KJN79PCAAMFX7P2QF70Y3HJM,A,A,0.0,0.0,36.0,refgame,2.0,page-B,1.0,"tilted square, right triangle",4,-0.1576506,1.5718817
01KJN6MMPQTMDYRN709DP5DSDA,01KJN79ZQD1E4YD03FE5CGJY8K,C,C,0.0,0.0,36.0,refgame,2.0,page-B,1.0,kneeling praying trinagle arms,4,-6.9417295,-0.58923286
01KJN6MMPQTMDYRN709DP5DSDA,01KJN7B4V2673GK7HGVSG52R2P,B,B,0.0,0.0,36.0,refgame,2.0,page-B,1.0,slanted square and triangle on shapes,6,-0.044535484,1.6957862
01KJN6MMPQTMDYRN709DP5DSDA,01KJN7931DXZ65NXTWK1GNEZMW,C,C,0.0,5.0,34.0,refgame,1.0,page3-35,2.0,bird house / mail box,5,5.966176,-5.7032595
01KJN6MMPQTMDYRN709DP5DSDA,01KJN7B32C1C5254NSG6ZK1GRK,A,A,0.0,5.0,34.0,refgame,1.0,page3-35,2.0,birdhouse,1,5.2936063,-5.6156797
01KJN6MMPQTMDYRN709DP5DSDA,01KJN7BYA5X3A2G30KZECRY2HY,B,B,0.0,5.0,34.0,refgame,1.0,page3-35,2.0,lighthouse,1,22.551268,4.192241
01KJN6MMPQTMDYRN709DP5DSDA,01KJN7931DXZ65NXTWK1GNEZMW,C,C,0.0,5.0,33.0,refgame,1.0,page-B,2.0,"person kneeling, square head",4,-6.706281,-0.7899941
01KJN6MMPQTMDYRN709DP5DSDA,01KJN7B32C1C5254NSG6ZK1GRK,A,A,0.0,5.0,33.0,refgame,1.0,page-B,2.0,tilted square small triangle on right,6,-0.09389562,1.6197387
01KJN6MMPQTMDYRN709DP5DSDA,01KJN7BYA5X3A2G30KZECRY2HY,B,B,0.0,5.0,33.0,refgame,1.0,page-B,2.0,"slanted square, two triangles and all the other shapes",9,0.22791025,1.599534
01KJN6MMPQTMDYRN709DP5DSDA,01KJN77XQHYQ5TVVY4HZM02E7R,C,C,0.0,1.0,44.0,refgame,2.0,page-B,1.0,square head,2,7.569576,-0.15349947
01KJN6MMPQTMDYRN709DP5DSDA,01KJN79ZRTRDMY6RH8ZCYCM9NV,A,A,0.0,1.0,44.0,refgame,2.0,page-B,1.0,square head,2,7.5869174,-0.1667343
01KJN6MMPQTMDYRN709DP5DSDA,01KJN7AAWT4GWKRZ7B9775509P,B,B,0.0,1.0,44.0,refgame,2.0,page-B,1.0,slanted square with triangles,4,-0.01754862,1.7526314
01KJN6MMPQTMDYRN709DP5DSDA,01KJN7931DXZ65NXTWK1GNEZMW,C,C,0.0,5.0,32.0,refgame,1.0,page5-28,2.0,rear view mirror,3,1.9223089,4.4711933
01KJN6MMPQTMDYRN709DP5DSDA,01KJN7B32C1C5254NSG6ZK1GRK,A,A,0.0,5.0,32.0,refgame,1.0,page5-28,2.0,camera,1,-3.3899026,7.6729064
01KJN6MMPQTMDYRN709DP5DSDA,01KJN7BYA5X3A2G30KZECRY2HY,B,B,0.0,5.0,32.0,refgame,1.0,page5-28,2.0,"rectangle, smaller rectangle, and then slanted diamond",7,2.431068,-0.78483164
01KJN6MMPQTMDYRN709DP5DSDA,01KJN7931DXZ65NXTWK1GNEZMW,C,C,0.0,5.0,30.0,refgame,1.0,page7-107,2.0,"three fins on left, white diamond center",7,-0.43573022,-1.3260723
01KJN6MMPQTMDYRN709DP5DSDA,01KJN7B32C1C5254NSG6ZK1GRK,A,A,0.0,5.0,30.0,refgame,1.0,page7-107,2.0,white diamond,2,3.851577,-1.5431508
01KJN6MMPQTMDYRN709DP5DSDA,01KJN7BYA5X3A2G30KZECRY2HY,B,B,0.0,5.0,30.0,refgame,1.0,page7-107,2.0,Diamond in the middle,4,4.179679,-0.8819846
01KJN6MMPQTMDYRN709DP5DSDA,01KJN79PCAAMFX7P2QF70Y3HJM,A,A,0.0,3.0,23.0,refgame,1.0,page7-107,2.0,diamond cutout,2,3.5915663,2.6451843
01KJN6MMPQTMDYRN709DP5DSDA,01KJN79ZQD1E4YD03FE5CGJY8K,C,C,0.0,3.0,23.0,refgame,1.0,page7-107,2.0,"diamond opening, 3 fins on left",6,-0.3748773,-1.3692013
01KJN6MMPQTMDYRN709DP5DSDA,01KJN7B4V2673GK7HGVSG52R2P,B,B,0.0,3.0,23.0,refgame,1.0,page7-107,2.0,diamond in middle,3,4.33923,-0.871019
01KJN6MMPQTMDYRN709DP5DSDA,01KJN77XQHYQ5TVVY4HZM02E7R,C,C,0.0,4.0,60.0,refgame,2.0,page-B,2.0,square head,2,7.5802946,-0.1630166
01KJN6MMPQTMDYRN709DP5DSDA,01KJN79ZRTRDMY6RH8ZCYCM9NV,A,A,0.0,4.0,60.0,refgame,2.0,page-B,2.0,square head,2,7.551257,-0.13374588
01KJN6MMPQTMDYRN709DP5DSDA,01KJN7AAWT4GWKRZ7B9775509P,B,B,0.0,4.0,60.0,refgame,2.0,page-B,2.0,Slanted square with triangles,4,-0.023995347,1.7833118
01KJN6MMPQTMDYRN709DP5DSDA,01KJN79PCAAMFX7P2QF70Y3HJM,A,A,0.0,3.0,18.0,refgame,1.0,page7-255,2.0,"90 degree angle on left with a vertical triangle on right, very top",13,-0.020612804,1.4260076
01KJN6MMPQTMDYRN709DP5DSDA,01KJN79ZQD1E4YD03FE5CGJY8K,C,C,0.0,3.0,18.0,refgame,1.0,page7-255,2.0,"ninja running to right arms out to side, triangle head",10,-3.4455998,1.8796927
01KJN6MMPQTMDYRN709DP5DSDA,01KJN7B4V2673GK7HGVSG52R2P,B,B,0.0,3.0,18.0,refgame,1.0,page7-255,2.0,its the one that has the rabit ears... these are the same again,13,-1.1356589,-0.5721027
01KJN6MMPQTMDYRN709DP5DSDA,01KJN7931DXZ65NXTWK1GNEZMW,C,C,0.0,2.0,17.0,refgame,1.0,page9-46,1.0,"the earlier figure that was described as both a pac man and a sphinx. has a white rectangle cut out, slanted",21,0.6897017,-0.42037946
01KJN6MMPQTMDYRN709DP5DSDA,01KJN7B32C1C5254NSG6ZK1GRK,A,A,0.0,2.0,17.0,refgame,1.0,page9-46,1.0,"wave, retangle cutout on left",5,0.56938696,-3.0776713
01KJN6MMPQTMDYRN709DP5DSDA,01KJN7BYA5X3A2G30KZECRY2HY,B,B,0.0,2.0,17.0,refgame,1.0,page9-46,1.0,This looks like a wave with a rectangle cut out,10,0.5706886,-3.2191982
01KJN6MMPQTMDYRN709DP5DSDA,01KJN7931DXZ65NXTWK1GNEZMW,C,C,0.0,5.0,71.0,refgame,2.0,page7-107,2.0,three fins white diamond,4,-0.3947644,-1.3592594
01KJN6MMPQTMDYRN709DP5DSDA,01KJN7B32C1C5254NSG6ZK1GRK,A,A,0.0,5.0,71.0,refgame,2.0,page7-107,2.0,diamond,1,3.9089646,-1.5748981
01KJN6MMPQTMDYRN709DP5DSDA,01KJN7BYA5X3A2G30KZECRY2HY,B,B,0.0,5.0,71.0,refgame,2.0,page7-107,2.0,diamond in middle,3,4.3110332,-0.9300306
01KJN6MMPQTMDYRN709DP5DSDA,01KJN7931DXZ65NXTWK1GNEZMW,C,C,0.0,2.0,16.0,refgame,1.0,page5-28,1.0,"rectangle on the left, narrows, the rear view mirror",9,1.842622,3.863897
01KJN6MMPQTMDYRN709DP5DSDA,01KJN7B32C1C5254NSG6ZK1GRK,A,A,0.0,2.0,16.0,refgame,1.0,page5-28,1.0,Camera looking one,3,-3.3790476,7.661414
01KJN6MMPQTMDYRN709DP5DSDA,01KJN7BYA5X3A2G30KZECRY2HY,B,B,0.0,2.0,16.0,refgame,1.0,page5-28,1.0,"This has a large rectangle on the left, a smaller rectangle and then a slanted diamond",16,2.3857534,-0.6918087
01KJN6MMPQTMDYRN709DP5DSDA,01KJN7931DXZ65NXTWK1GNEZMW,C,C,0.0,2.0,15.0,refgame,1.0,page7-255,1.0,"looks like the ninja shape described erarlier, facing to the right",11,0.39326367,0.06523758
01KJN6MMPQTMDYRN709DP5DSDA,01KJN7B32C1C5254NSG6ZK1GRK,A,A,0.0,2.0,15.0,refgame,1.0,page7-255,1.0,"small triangle vertical on right, triangle cutout on left",9,0.6470698,1.7215977
01KJN6MMPQTMDYRN709DP5DSDA,01KJN7BYA5X3A2G30KZECRY2HY,B,B,0.0,2.0,15.0,refgame,1.0,page7-255,1.0,This shape has a triangle that is tilted to the side and a parallelogram underneath it. I believe someone said like rabbit ears before,24,-0.15269756,0.30171987
01KJN6MMPQTMDYRN709DP5DSDA,01KJN7931DXZ65NXTWK1GNEZMW,C,C,0.0,5.0,70.0,refgame,2.0,page7-255,2.0,ninja,1,-3.5238612,2.1953754
01KJN6MMPQTMDYRN709DP5DSDA,01KJN7B32C1C5254NSG6ZK1GRK,A,A,0.0,5.0,70.0,refgame,2.0,page7-255,2.0,top triangle,2,-0.19956452,1.2068188
01KJN6MMPQTMDYRN709DP5DSDA,01KJN7BYA5X3A2G30KZECRY2HY,B,B,0.0,5.0,70.0,refgame,2.0,page7-255,2.0,bunny ears,2,-1.8698651,-0.9641688
01KJN6MMPQTMDYRN709DP5DSDA,01KJN79PCAAMFX7P2QF70Y3HJM,A,A,0.0,3.0,59.0,refgame,2.0,page7-255,2.0,top vertical triangle,3,-0.14536741,1.2514164
01KJN6MMPQTMDYRN709DP5DSDA,01KJN79ZQD1E4YD03FE5CGJY8K,C,C,0.0,3.0,59.0,refgame,2.0,page7-255,2.0,ninja,1,-3.4866445,2.1458516
01KJN6MMPQTMDYRN709DP5DSDA,01KJN7B4V2673GK7HGVSG52R2P,B,B,0.0,3.0,59.0,refgame,2.0,page7-255,2.0,bunnyears,1,-4.538047,-4.796529
01KJN6MMPQTMDYRN709DP5DSDA,01KJN7931DXZ65NXTWK1GNEZMW,C,C,0.0,2.0,14.0,refgame,1.0,page-B,1.0,"person kneeling facing to the right with a square head, triable for arms",13,-6.659532,-0.8504973
01KJN6MMPQTMDYRN709DP5DSDA,01KJN7B32C1C5254NSG6ZK1GRK,A,A,0.0,2.0,14.0,refgame,1.0,page-B,1.0,"tilted square on top, small triangle to the right",9,0.13129753,1.5284668
01KJN6MMPQTMDYRN709DP5DSDA,01KJN7BYA5X3A2G30KZECRY2HY,B,B,0.0,2.0,14.0,refgame,1.0,page-B,1.0,This shape has a tilted square on top of it and two triangles just below it,16,0.4619444,1.2852631
01KJN6MMPQTMDYRN709DP5DSDA,01KJN7931DXZ65NXTWK1GNEZMW,C,C,0.0,5.0,69.0,refgame,2.0,page-B,2.0,square head praying,3,-6.911848,-0.6850533
01KJN6MMPQTMDYRN709DP5DSDA,01KJN7B32C1C5254NSG6ZK1GRK,A,A,0.0,5.0,69.0,refgame,2.0,page-B,2.0,square head,2,7.5569644,-0.14503293
01KJN6MMPQTMDYRN709DP5DSDA,01KJN7BYA5X3A2G30KZECRY2HY,B,B,0.0,5.0,69.0,refgame,2.0,page-B,2.0,"square triangles, all the shapes",5,0.33385113,1.3334955
01KJN6MMPQTMDYRN709DP5DSDA,01KJN7931DXZ65NXTWK1GNEZMW,C,C,0.0,2.0,13.0,refgame,1.0,page3-35,1.0,birdhouse on post,3,5.917161,-5.897307
01KJN6MMPQTMDYRN709DP5DSDA,01KJN7B32C1C5254NSG6ZK1GRK,A,A,0.0,2.0,13.0,refgame,1.0,page3-35,1.0,birdhouse on stand,3,5.7444496,-5.8222256
01KJN6MMPQTMDYRN709DP5DSDA,01KJN7BYA5X3A2G30KZECRY2HY,B,B,0.0,2.0,13.0,refgame,1.0,page3-35,1.0,This shape looks like a lighthouse,6,22.595407,4.146947
01KJN6MMPQTMDYRN709DP5DSDA,01KJN79PCAAMFX7P2QF70Y3HJM,A,A,0.0,3.0,58.0,refgame,2.0,page5-28,2.0,camera,1,-3.367617,7.650474
01KJN6MMPQTMDYRN709DP5DSDA,01KJN79ZQD1E4YD03FE5CGJY8K,C,C,0.0,3.0,58.0,refgame,2.0,page5-28,2.0,rearview mirror,2,1.9236858,4.5319347
01KJN6MMPQTMDYRN709DP5DSDA,01KJN7B4V2673GK7HGVSG52R2P,B,B,0.0,3.0,58.0,refgame,2.0,page5-28,2.0,rectangle square diamond,3,2.8223374,-0.4695347
01KJN6MMPQTMDYRN709DP5DSDA,01KJN7931DXZ65NXTWK1GNEZMW,C,C,0.0,2.0,12.0,refgame,1.0,page7-107,1.0,"three rtriangles on the left, white diamond in the middle",10,2.8405125,-0.9899356
01KJN6MMPQTMDYRN709DP5DSDA,01KJN7B32C1C5254NSG6ZK1GRK,A,A,0.0,2.0,12.0,refgame,1.0,page7-107,1.0,white diamond in middle,4,3.495006,-1.1430588
01KJN6MMPQTMDYRN709DP5DSDA,01KJN7BYA5X3A2G30KZECRY2HY,B,B,0.0,2.0,12.0,refgame,1.0,page7-107,1.0,This shape has a diamond in the middle,8,3.003147,-0.9454871
01KJN6MMPQTMDYRN709DP5DSDA,01KJN7931DXZ65NXTWK1GNEZMW,C,C,0.0,5.0,68.0,refgame,2.0,page3-35,2.0,bird house,2,5.6155944,-5.56952
01KJN6MMPQTMDYRN709DP5DSDA,01KJN7B32C1C5254NSG6ZK1GRK,A,A,0.0,5.0,68.0,refgame,2.0,page3-35,2.0,birdhouse,1,5.3300114,-5.564982
01KJN6MMPQTMDYRN709DP5DSDA,01KJN7BYA5X3A2G30KZECRY2HY,B,B,0.0,5.0,68.0,refgame,2.0,page3-35,2.0,lighthouse,1,22.535566,4.2079806
01KJN6MMPQTMDYRN709DP5DSDA,01KJN77XQHYQ5TVVY4HZM02E7R,C,C,0.0,1.0,11.0,refgame,1.0,page5-28,1.0,"rear view mirror, large square on left",7,1.9043065,4.433609
01KJN6MMPQTMDYRN709DP5DSDA,01KJN79ZRTRDMY6RH8ZCYCM9NV,A,A,0.0,1.0,11.0,refgame,1.0,page5-28,1.0,looks like a camera square on left lenses on right,10,1.4630212,1.6147313
01KJN6MMPQTMDYRN709DP5DSDA,01KJN7AAWT4GWKRZ7B9775509P,B,B,0.0,1.0,11.0,refgame,1.0,page5-28,1.0,"It has a large rectangle on the left, and another rectangle and slanted shape on the right",17,1.5835966,1.8417215
01KJN6MMPQTMDYRN709DP5DSDA,01KJN79PCAAMFX7P2QF70Y3HJM,A,A,0.0,3.0,57.0,refgame,2.0,page3-35,2.0,house,1,5.5667806,-5.5177546
01KJN6MMPQTMDYRN709DP5DSDA,01KJN79ZQD1E4YD03FE5CGJY8K,C,C,0.0,3.0,57.0,refgame,2.0,page3-35,2.0,birdhouse,1,5.2398763,-5.5155826
01KJN6MMPQTMDYRN709DP5DSDA,01KJN7B4V2673GK7HGVSG52R2P,B,B,0.0,3.0,57.0,refgame,2.0,page3-35,2.0,lighthouse,1,22.580084,4.163447
01KJN6MMPQTMDYRN709DP5DSDA,01KJN7931DXZ65NXTWK1GNEZMW,C,C,0.0,5.0,67.0,refgame,2.0,page9-46,2.0,pac man,2,0.033740457,-0.5703313
01KJN6MMPQTMDYRN709DP5DSDA,01KJN7B32C1C5254NSG6ZK1GRK,A,A,0.0,5.0,67.0,refgame,2.0,page9-46,2.0,wave,1,12.511292,11.972577
01KJN6MMPQTMDYRN709DP5DSDA,01KJN7BYA5X3A2G30KZECRY2HY,B,B,0.0,5.0,67.0,refgame,2.0,page9-46,2.0,wave,1,12.532188,11.993499
01KJN6MMPQTMDYRN709DP5DSDA,01KJN77XQHYQ5TVVY4HZM02E7R,C,C,0.0,1.0,10.0,refgame,1.0,page7-255,1.0,"triangle head, kneeling forward to the right, arms facing both sides",11,-6.61279,-0.75300413
01KJN6MMPQTMDYRN709DP5DSDA,01KJN79ZRTRDMY6RH8ZCYCM9NV,A,A,0.0,1.0,10.0,refgame,1.0,page7-255,1.0,Part of triangle as a head small trangle as arm,10,-1.2018515,1.012104
01KJN6MMPQTMDYRN709DP5DSDA,01KJN7AAWT4GWKRZ7B9775509P,B,B,0.0,1.0,10.0,refgame,1.0,page7-255,1.0,There is a triangle with the pointed parts to the right and top,13,0.5055278,1.0048654
01KJN6MMPQTMDYRN709DP5DSDA,01KJN79PCAAMFX7P2QF70Y3HJM,A,A,0.0,3.0,56.0,refgame,2.0,page7-107,2.0,diamond,1,3.8936021,-1.572922
01KJN6MMPQTMDYRN709DP5DSDA,01KJN79ZQD1E4YD03FE5CGJY8K,C,C,0.0,3.0,56.0,refgame,2.0,page7-107,2.0,3 fins on left,4,-0.49782655,-1.255514
01KJN6MMPQTMDYRN709DP5DSDA,01KJN7B4V2673GK7HGVSG52R2P,B,B,0.0,3.0,56.0,refgame,2.0,page7-107,2.0,diamond in middle,3,4.272231,-0.891015
01KJN6MMPQTMDYRN709DP5DSDA,01KJN77XQHYQ5TVVY4HZM02E7R,C,C,0.0,1.0,9.0,refgame,1.0,page9-46,1.0,sphinx facing left,3,0.8009239,-1.2938095
01KJN6MMPQTMDYRN709DP5DSDA,01KJN79ZRTRDMY6RH8ZCYCM9NV,A,A,0.0,1.0,9.0,refgame,1.0,page9-46,1.0,looks like a wave,4,12.5365095,11.99689
01KJN6MMPQTMDYRN709DP5DSDA,01KJN7AAWT4GWKRZ7B9775509P,B,B,0.0,1.0,9.0,refgame,1.0,page9-46,1.0,It has a white rectangle in the middle and slants on the right,13,1.5895768,1.6316382
01KJN6MMPQTMDYRN709DP5DSDA,01KJN7931DXZ65NXTWK1GNEZMW,C,C,0.0,5.0,66.0,refgame,2.0,page5-28,2.0,rear view mirror,3,1.9625738,4.481554
01KJN6MMPQTMDYRN709DP5DSDA,01KJN7B32C1C5254NSG6ZK1GRK,A,A,0.0,5.0,66.0,refgame,2.0,page5-28,2.0,camera,1,-3.357837,7.640344
01KJN6MMPQTMDYRN709DP5DSDA,01KJN7BYA5X3A2G30KZECRY2HY,B,B,0.0,5.0,66.0,refgame,2.0,page5-28,2.0,rectangle square diamond,3,2.8093412,-0.47679985
01KJN6MMPQTMDYRN709DP5DSDA,01KJN77XQHYQ5TVVY4HZM02E7R,C,C,0.0,1.0,8.0,refgame,1.0,page-B,1.0,"person kneeling towards right, sideways square head",7,-6.63965,-0.8319847
01KJN6MMPQTMDYRN709DP5DSDA,01KJN79ZRTRDMY6RH8ZCYCM9NV,A,A,0.0,1.0,8.0,refgame,1.0,page-B,1.0,Square that looks like head triangle on right,8,-1.3450903,1.1469761
01KJN6MMPQTMDYRN709DP5DSDA,01KJN7AAWT4GWKRZ7B9775509P,B,B,0.0,1.0,8.0,refgame,1.0,page-B,1.0,"It has many shapes on top of each other., The top one is a tilted square",16,0.5930091,0.8055311
01KJN6MMPQTMDYRN709DP5DSDA,01KJN79PCAAMFX7P2QF70Y3HJM,A,A,0.0,3.0,55.0,refgame,2.0,page9-46,2.0,wave,1,12.528048,11.989325
01KJN6MMPQTMDYRN709DP5DSDA,01KJN79ZQD1E4YD03FE5CGJY8K,C,C,0.0,3.0,55.0,refgame,2.0,page9-46,2.0,pacman on left,3,-0.040326726,-0.50318027
01KJN6MMPQTMDYRN709DP5DSDA,01KJN7B4V2673GK7HGVSG52R2P,B,B,0.0,3.0,55.0,refgame,2.0,page9-46,2.0,rectangle wave,2,0.51936406,-3.2370296
01KJN6MMPQTMDYRN709DP5DSDA,01KJN77XQHYQ5TVVY4HZM02E7R,C,C,0.0,1.0,7.0,refgame,1.0,page3-35,1.0,"mailbox, symmetrical",2,6.6172,-5.851213
01KJN6MMPQTMDYRN709DP5DSDA,01KJN79ZRTRDMY6RH8ZCYCM9NV,A,A,0.0,1.0,7.0,refgame,1.0,page3-35,1.0,Looks like birdhouse on top of a base,8,5.812178,-6.250587
01KJN6MMPQTMDYRN709DP5DSDA,01KJN7AAWT4GWKRZ7B9775509P,B,B,0.0,1.0,7.0,refgame,1.0,page3-35,1.0,"It looks like a light post, It has a triangular bottom",11,1.3523749,1.4709382
01KJN6MMPQTMDYRN709DP5DSDA,01KJN77XQHYQ5TVVY4HZM02E7R,C,C,0.0,4.0,65.0,refgame,2.0,page9-46,2.0,pacman,1,0.0018787101,-0.55325854
01KJN6MMPQTMDYRN709DP5DSDA,01KJN79ZRTRDMY6RH8ZCYCM9NV,A,A,0.0,4.0,65.0,refgame,2.0,page9-46,2.0,wave,1,12.554265,12.01554
01KJN6MMPQTMDYRN709DP5DSDA,01KJN7AAWT4GWKRZ7B9775509P,B,B,0.0,4.0,65.0,refgame,2.0,page9-46,2.0,wave with rectangle,3,0.5084513,-3.149182
01KJN6MMPQTMDYRN709DP5DSDA,01KJN77XQHYQ5TVVY4HZM02E7R,C,C,0.0,1.0,6.0,refgame,1.0,page7-107,1.0,"white diamond in the middle, three triangles on left side",10,2.8389485,-0.98795575
01KJN6MMPQTMDYRN709DP5DSDA,01KJN79ZRTRDMY6RH8ZCYCM9NV,A,A,0.0,1.0,6.0,refgame,1.0,page7-107,1.0,square is white in middle of black,7,1.928558,1.2048612
01KJN6MMPQTMDYRN709DP5DSDA,01KJN7AAWT4GWKRZ7B9775509P,B,B,0.0,1.0,6.0,refgame,1.0,page7-107,1.0,It has a white tilted square in the middle,9,1.5864959,1.3862866
01KJN6MMPQTMDYRN709DP5DSDA,01KJN79PCAAMFX7P2QF70Y3HJM,A,A,0.0,3.0,54.0,refgame,2.0,page-B,2.0,square head,2,7.556082,-0.13864906
01KJN6MMPQTMDYRN709DP5DSDA,01KJN79ZQD1E4YD03FE5CGJY8K,C,C,0.0,3.0,54.0,refgame,2.0,page-B,2.0,[raying,1,1.0090427,0.8191972
01KJN6MMPQTMDYRN709DP5DSDA,01KJN7B4V2673GK7HGVSG52R2P,B,B,0.0,3.0,54.0,refgame,2.0,page-B,2.0,slanted square and triangles,4,0.0031938301,1.768634
01KJN6MMPQTMDYRN709DP5DSDA,01KJN79PCAAMFX7P2QF70Y3HJM,A,A,0.0,0.0,5.0,refgame,1.0,page-B,1.0,"Square on top only touching the rest of the shape by a tiny point, Triangle to right",17,0.56805444,1.1112953
01KJN6MMPQTMDYRN709DP5DSDA,01KJN79ZQD1E4YD03FE5CGJY8K,C,C,0.0,0.0,5.0,refgame,1.0,page-B,1.0,a square on one of its point in between two triangles on top,13,0.4302583,1.2545252
01KJN6MMPQTMDYRN709DP5DSDA,01KJN7B4V2673GK7HGVSG52R2P,B,B,0.0,0.0,5.0,refgame,1.0,page-B,1.0,"its the only one with just a square at the top. the square is tilted, and there is a triangle next to it on top barely touching",27,0.81373936,1.1277555
01KJN6MMPQTMDYRN709DP5DSDA,01KJN77XQHYQ5TVVY4HZM02E7R,C,C,0.0,4.0,64.0,refgame,2.0,page5-28,2.0,rearview mirror,2,1.962658,4.5440187
01KJN6MMPQTMDYRN709DP5DSDA,01KJN79ZRTRDMY6RH8ZCYCM9NV,A,A,0.0,4.0,64.0,refgame,2.0,page5-28,2.0,camera,1,-3.3993635,7.682303
01KJN6MMPQTMDYRN709DP5DSDA,01KJN7AAWT4GWKRZ7B9775509P,B,B,0.0,4.0,64.0,refgame,2.0,page5-28,2.0,rectangle square landed diamong,4,0.90595347,-1.4575245
01KJN6MMPQTMDYRN709DP5DSDA,01KJN7931DXZ65NXTWK1GNEZMW,C,C,0.0,2.0,53.0,refgame,2.0,page-B,1.0,square head praying,3,-6.9738283,-0.627774
01KJN6MMPQTMDYRN709DP5DSDA,01KJN7B32C1C5254NSG6ZK1GRK,A,A,0.0,2.0,53.0,refgame,2.0,page-B,1.0,square head,2,7.562932,-0.1445136
01KJN6MMPQTMDYRN709DP5DSDA,01KJN7BYA5X3A2G30KZECRY2HY,B,B,0.0,2.0,53.0,refgame,2.0,page-B,1.0,slanted square and triangle,4,0.0035605663,1.6874985
01KJN6MMPQTMDYRN709DP5DSDA,01KJN79PCAAMFX7P2QF70Y3HJM,A,A,0.0,0.0,4.0,refgame,1.0,page5-28,1.0,rectangle with a another shape on the right connected by a thinner rectangle,13,2.0260408,2.6929886
01KJN6MMPQTMDYRN709DP5DSDA,01KJN79ZQD1E4YD03FE5CGJY8K,C,C,0.0,0.0,4.0,refgame,1.0,page5-28,1.0,"larger rectangular on left side then goes into narrow base, almost like a mailbox on side",16,6.6877575,-5.955809
01KJN6MMPQTMDYRN709DP5DSDA,01KJN7B4V2673GK7HGVSG52R2P,B,B,0.0,0.0,4.0,refgame,1.0,page5-28,1.0,"its a rectangle with a thin neck and then a diamond cshape, it is sideways",15,2.134175,-0.52528894
01KJN6MMPQTMDYRN709DP5DSDA,01KJN77XQHYQ5TVVY4HZM02E7R,C,C,0.0,4.0,63.0,refgame,2.0,page7-255,2.0,ninja,1,-3.491867,2.155678
01KJN6MMPQTMDYRN709DP5DSDA,01KJN79ZRTRDMY6RH8ZCYCM9NV,A,A,0.0,4.0,63.0,refgame,2.0,page7-255,2.0,triangle head,2,-1.3981674,1.1196024
01KJN6MMPQTMDYRN709DP5DSDA,01KJN7AAWT4GWKRZ7B9775509P,B,B,0.0,4.0,63.0,refgame,2.0,page7-255,2.0,bunny ears,2,-1.8632435,-0.9626341
01KJN6MMPQTMDYRN709DP5DSDA,01KJN79PCAAMFX7P2QF70Y3HJM,A,A,0.0,0.0,2.0,refgame,1.0,page9-46,1.0,Trangle with the left side cut out with a rectangle,10,1.4995757,2.6793928
01KJN6MMPQTMDYRN709DP5DSDA,01KJN79ZQD1E4YD03FE5CGJY8K,C,C,0.0,0.0,2.0,refgame,1.0,page9-46,1.0,"mouth open to left and slanted back on right, like pacman",11,0.017583014,-0.2676062
01KJN6MMPQTMDYRN709DP5DSDA,01KJN7B4V2673GK7HGVSG52R2P,B,B,0.0,0.0,2.0,refgame,1.0,page9-46,1.0,"it it looks like a sloping wave, it has a rectangle cut out in white to the right",18,0.62142676,-3.2404468
01KJN6MMPQTMDYRN709DP5DSDA,01KJN7931DXZ65NXTWK1GNEZMW,C,C,0.0,2.0,52.0,refgame,2.0,page5-28,1.0,rear view mirror,3,1.9346842,4.492128
01KJN6MMPQTMDYRN709DP5DSDA,01KJN7B32C1C5254NSG6ZK1GRK,A,A,0.0,2.0,52.0,refgame,2.0,page5-28,1.0,camera,1,-3.386656,7.6716437
01KJN6MMPQTMDYRN709DP5DSDA,01KJN7BYA5X3A2G30KZECRY2HY,B,B,0.0,2.0,52.0,refgame,2.0,page5-28,1.0,rectangle square diamond,3,2.851303,-0.4430412
01KJN6MMPQTMDYRN709DP5DSDA,01KJN77XQHYQ5TVVY4HZM02E7R,C,C,0.0,4.0,62.0,refgame,2.0,page3-35,2.0,virdhouse,1,5.7825923,-5.613616
01KJN6MMPQTMDYRN709DP5DSDA,01KJN79ZRTRDMY6RH8ZCYCM9NV,A,A,0.0,4.0,62.0,refgame,2.0,page3-35,2.0,treehouse,1,5.2532883,-5.4375296
01KJN6MMPQTMDYRN709DP5DSDA,01KJN7AAWT4GWKRZ7B9775509P,B,B,0.0,4.0,62.0,refgame,2.0,page3-35,2.0,lighthouse,1,22.570124,4.1739774
01KJN6MMPQTMDYRN709DP5DSDA,01KJN7931DXZ65NXTWK1GNEZMW,C,C,0.0,2.0,51.0,refgame,2.0,page7-107,1.0,three fins white diamond,4,-0.36814353,-1.4115849
01KJN6MMPQTMDYRN709DP5DSDA,01KJN7B32C1C5254NSG6ZK1GRK,A,A,0.0,2.0,51.0,refgame,2.0,page7-107,1.0,diamond,1,3.9592052,-1.6263137
01KJN6MMPQTMDYRN709DP5DSDA,01KJN7BYA5X3A2G30KZECRY2HY,B,B,0.0,2.0,51.0,refgame,2.0,page7-107,1.0,diamond in the middle,4,4.1784363,-0.8711468
01KJN6MMPQTMDYRN709DP5DSDA,01KJN7931DXZ65NXTWK1GNEZMW,C,C,0.0,2.0,50.0,refgame,2.0,page7-255,1.0,ninja,1,-3.497941,2.1732466
01KJN6MMPQTMDYRN709DP5DSDA,01KJN7B32C1C5254NSG6ZK1GRK,A,A,0.0,2.0,50.0,refgame,2.0,page7-255,1.0,top tirangle,2,0.4196044,-0.75170815
01KJN6MMPQTMDYRN709DP5DSDA,01KJN7BYA5X3A2G30KZECRY2HY,B,B,0.0,2.0,50.0,refgame,2.0,page7-255,1.0,bunnyears,1,-4.5700965,-4.7667227
01KJN6MMPQTMDYRN709DP5DSDA,01KJN7931DXZ65NXTWK1GNEZMW,C,C,0.0,2.0,49.0,refgame,2.0,page3-35,1.0,bird house,2,5.5436287,-5.666281
01KJN6MMPQTMDYRN709DP5DSDA,01KJN7B32C1C5254NSG6ZK1GRK,A,A,0.0,2.0,49.0,refgame,2.0,page3-35,1.0,birdhouse,1,5.293431,-5.563709
01KJN6MMPQTMDYRN709DP5DSDA,01KJN7BYA5X3A2G30KZECRY2HY,B,B,0.0,2.0,49.0,refgame,2.0,page3-35,1.0,lighthouse,1,22.542788,4.200825
01KJN6MMPQTMDYRN709DP5DSDA,01KJN77XQHYQ5TVVY4HZM02E7R,C,C,0.0,4.0,61.0,refgame,2.0,page7-107,2.0,diamond,1,3.9026673,-1.5751327
01KJN6MMPQTMDYRN709DP5DSDA,01KJN79ZRTRDMY6RH8ZCYCM9NV,A,A,0.0,4.0,61.0,refgame,2.0,page7-107,2.0,dimond,1,1.4324862,0.4586661
01KJN6MMPQTMDYRN709DP5DSDA,01KJN7AAWT4GWKRZ7B9775509P,B,B,0.0,4.0,61.0,refgame,2.0,page7-107,2.0,diamond in middle,3,4.296441,-0.9192777
01KJN6MMQ03KZPZN0275VZXK6R,01KJN79B14FBSYSKKCG2BYVBB6,A,A,0.0,0.0,0.0,refgame,1.0,page7-255,1.0,the shape kind of looks like a rabbit with 2 ears up,12,-1.269698,-0.64899236
01KJN6MMQ03KZPZN0275VZXK6R,01KJN79J529BWBWTESKB6D9MB7,C,C,0.0,0.0,0.0,refgame,1.0,page7-255,1.0,man standing with arms up to the sides,8,-3.363728,1.6471454
01KJN6MMQ03KZPZN0275VZXK6R,01KJN7C40WEQBDF48ACG18M0EV,B,B,0.0,0.0,0.0,refgame,1.0,page7-255,1.0,The image is one that looks like it has two arms or wings and a beak or nose pointing upward.,20,-1.5029376,-0.22771329
01KJN6MMQ03KZPZN0275VZXK6R,01KJN79B14FBSYSKKCG2BYVBB6,A,A,0.0,0.0,2.0,refgame,1.0,page5-28,1.0,rectangle on the left side then a smaller rectangle attached to it and then a rhombus at the right end,20,2.5152345,2.9982007
01KJN6MMQ03KZPZN0275VZXK6R,01KJN79J529BWBWTESKB6D9MB7,C,C,0.0,0.0,2.0,refgame,1.0,page5-28,1.0,two squares and a rectangle with a rombous,8,2.3168807,2.859749
01KJN6MMQ03KZPZN0275VZXK6R,01KJN7C40WEQBDF48ACG18M0EV,B,B,0.0,0.0,2.0,refgame,1.0,page5-28,1.0,"The image is a rectangle on the left portion, a square to the right of that, and then a parallelogram on the right.",23,2.2753284,2.7376766
01KJN6MMQ03KZPZN0275VZXK6R,01KJN79B14FBSYSKKCG2BYVBB6,A,A,0.0,0.0,4.0,refgame,1.0,page-B,1.0,it has a rotated square at the top and then 2 triangles at the center point,16,0.37442613,1.2978214
01KJN6MMQ03KZPZN0275VZXK6R,01KJN79J529BWBWTESKB6D9MB7,C,C,0.0,0.0,4.0,refgame,1.0,page-B,1.0,"this shape looks like a man praying, with a square for a head and many triangles",16,-6.991452,-0.63379985
01KJN6MMQ03KZPZN0275VZXK6R,01KJN7C40WEQBDF48ACG18M0EV,B,B,0.0,0.0,4.0,refgame,1.0,page-B,1.0,The image has an askew square at the top of it.,11,1.0771345,1.1170267
01KJN6MMQ03KZPZN0275VZXK6R,01KJN78DQ6KC0F9N1HA0BPB44R,C,C,0.0,2.0,13.0,refgame,1.0,page5-28,1.0,"rectangle left, smaller box middle, rhombus right",7,2.410393,2.9736109
01KJN6MMQ03KZPZN0275VZXK6R,01KJN7A44GGBE9XR412KV5BFSC,B,B,0.0,2.0,13.0,refgame,1.0,page5-28,1.0,rectangle on side with protrusion to right,7,1.8746226,2.805049
01KJN6MMQ03KZPZN0275VZXK6R,01KJN7AZC7FAG17CY924MRTCF7,A,A,0.0,2.0,13.0,refgame,1.0,page5-28,1.0,"Rectangle, then small square, then diamond. We had it before. Looks kind of like a submarine or fish.",18,1.9653869,-0.39430884
01KJN6MMQ03KZPZN0275VZXK6R,01KJN7863BFF3ZYZGVVSATZTH7,C,C,0.0,1.0,8.0,refgame,1.0,page5-28,1.0,"rectangle left, then rectangle small, then horiontal square",8,2.1662092,2.850622
01KJN6MMQ03KZPZN0275VZXK6R,01KJN792W85XPK9QGH8A6HSYSJ,B,B,0.0,1.0,8.0,refgame,1.0,page5-28,1.0,"rectangle on left, small square in middle",7,2.1063821,2.6841629
01KJN6MMQ03KZPZN0275VZXK6R,01KJN7AAX1VHZ1A7ZB35BNRH8N,A,A,0.0,1.0,8.0,refgame,1.0,page5-28,1.0,"rect on left, squear, and then rhombus on right",9,2.245739,3.182662
01KJN6MMQ03KZPZN0275VZXK6R,01KJN7863BFF3ZYZGVVSATZTH7,C,C,0.0,1.0,7.0,refgame,1.0,page9-46,1.0,letter C backwards,3,6.265991,-1.9573725
01KJN6MMQ03KZPZN0275VZXK6R,01KJN792W85XPK9QGH8A6HSYSJ,B,B,0.0,1.0,7.0,refgame,1.0,page9-46,1.0,mountain with rectangle missing on left,6,0.81130016,-2.2440193
01KJN6MMQ03KZPZN0275VZXK6R,01KJN7AAX1VHZ1A7ZB35BNRH8N,A,A,0.0,1.0,7.0,refgame,1.0,page9-46,1.0,"open rectnagle on left, and triangle on right",8,1.6615936,2.747922
01KJN6MMQ03KZPZN0275VZXK6R,01KJN79B14FBSYSKKCG2BYVBB6,A,A,0.0,0.0,38.0,refgame,2.0,page7-255,1.0,it looks like a rabbit,5,-4.238375,-4.0501146
01KJN6MMQ03KZPZN0275VZXK6R,01KJN79J529BWBWTESKB6D9MB7,C,C,0.0,0.0,38.0,refgame,2.0,page7-255,1.0,"running monk, triangle for head",5,-1.3759351,1.0262649
01KJN6MMQ03KZPZN0275VZXK6R,01KJN7C40WEQBDF48ACG18M0EV,B,B,0.0,0.0,38.0,refgame,2.0,page7-255,1.0,bird with beak pointing up,5,-1.7382778,-0.14931488
01KJN6MMQ03KZPZN0275VZXK6R,01KJN7863BFF3ZYZGVVSATZTH7,C,C,0.0,4.0,28.0,refgame,1.0,page7-255,2.0,"monk running, again, witch",4,-4.9283814,0.6165691
01KJN6MMQ03KZPZN0275VZXK6R,01KJN792W85XPK9QGH8A6HSYSJ,B,B,0.0,4.0,28.0,refgame,1.0,page7-255,2.0,small sideways triangle on top - two wings,8,0.10238274,0.81162566
01KJN6MMQ03KZPZN0275VZXK6R,01KJN7AAX1VHZ1A7ZB35BNRH8N,A,A,0.0,4.0,28.0,refgame,1.0,page7-255,2.0,rabbit with one ear up,5,-1.4838604,-0.77766734
01KJN6MMQ03KZPZN0275VZXK6R,01KJN7863BFF3ZYZGVVSATZTH7,C,C,0.0,1.0,9.0,refgame,1.0,page3-35,1.0,birdhouse on a stand,4,5.967261,-6.0489097
01KJN6MMQ03KZPZN0275VZXK6R,01KJN792W85XPK9QGH8A6HSYSJ,B,B,0.0,1.0,9.0,refgame,1.0,page3-35,1.0,rotated square on top,4,0.11339753,1.5489092
01KJN6MMQ03KZPZN0275VZXK6R,01KJN7AAX1VHZ1A7ZB35BNRH8N,A,A,0.0,1.0,9.0,refgame,1.0,page3-35,1.0,"ok...a triangle at its base, and sorto f a tower, a square at top, angled like a diamond, kind of looks like a trophy",24,1.8691828,0.15974468
01KJN6MMQ03KZPZN0275VZXK6R,01KJN79B14FBSYSKKCG2BYVBB6,A,B,0.0,3.0,59.0,refgame,2.0,page3-35,2.0,"clocktower my group, bird house other group",7,5.3409343,-6.479128
01KJN6MMQ03KZPZN0275VZXK6R,01KJN79J529BWBWTESKB6D9MB7,C,A,0.0,3.0,59.0,refgame,2.0,page3-35,2.0,"bird house on tand again, stand",6,5.7991757,-6.05391
01KJN6MMQ03KZPZN0275VZXK6R,01KJN7C40WEQBDF48ACG18M0EV,B,C,0.0,3.0,59.0,refgame,2.0,page3-35,2.0,"sign or trophy, diamond top, flat solid base",8,1.948225,0.048882745
01KJN6MMQ03KZPZN0275VZXK6R,01KJN79B14FBSYSKKCG2BYVBB6,A,A,0.0,3.0,19.0,refgame,1.0,page9-46,2.0,"white open rectangle on the left side, edge of triangle on right",12,1.4360054,1.8688297
01KJN6MMQ03KZPZN0275VZXK6R,01KJN79J529BWBWTESKB6D9MB7,C,C,0.0,3.0,19.0,refgame,1.0,page9-46,2.0,backwards c,2,6.204457,-2.0126057
01KJN6MMQ03KZPZN0275VZXK6R,01KJN7C40WEQBDF48ACG18M0EV,B,B,0.0,3.0,19.0,refgame,1.0,page9-46,2.0,Mountain with rectangle missing on left,6,0.805777,-2.3041208
01KJN6MMQ03KZPZN0275VZXK6R,01KJN78DQ6KC0F9N1HA0BPB44R,C,C,0.0,2.0,12.0,refgame,1.0,page3-35,1.0,birdhouse on a base,4,5.9220867,-6.2525086
01KJN6MMQ03KZPZN0275VZXK6R,01KJN7A44GGBE9XR412KV5BFSC,B,B,0.0,2.0,12.0,refgame,1.0,page3-35,1.0,tree,1,1.5238414,1.1979766
01KJN6MMQ03KZPZN0275VZXK6R,01KJN7AZC7FAG17CY924MRTCF7,A,A,0.0,2.0,12.0,refgame,1.0,page3-35,1.0,"The tower, With the triangle base, It looks like a small house on the top. We had it before",19,5.0636563,-6.8186812
01KJN6MMQ03KZPZN0275VZXK6R,01KJN79B14FBSYSKKCG2BYVBB6,A,A,0.0,3.0,18.0,refgame,1.0,page-B,2.0,mouse one again,3,-3.2656994,-0.56918657
01KJN6MMQ03KZPZN0275VZXK6R,01KJN79J529BWBWTESKB6D9MB7,C,C,0.0,3.0,18.0,refgame,1.0,page-B,2.0,praying monk,2,-7.6568813,0.2185191
01KJN6MMQ03KZPZN0275VZXK6R,01KJN7C40WEQBDF48ACG18M0EV,B,B,0.0,3.0,18.0,refgame,1.0,page-B,2.0,Slightly askew square on top,5,0.30556005,1.2560896
01KJN6MMQ03KZPZN0275VZXK6R,01KJN7863BFF3ZYZGVVSATZTH7,C,C,0.0,1.0,11.0,refgame,1.0,page7-107,1.0,circle with fire on the left,6,2.6715841,1.0108898
01KJN6MMQ03KZPZN0275VZXK6R,01KJN792W85XPK9QGH8A6HSYSJ,B,B,0.0,1.0,11.0,refgame,1.0,page7-107,1.0,square hole in middle,4,2.1256773,0.7520716
01KJN6MMQ03KZPZN0275VZXK6R,01KJN7AAX1VHZ1A7ZB35BNRH8N,A,A,0.0,1.0,11.0,refgame,1.0,page7-107,1.0,"the white square, only one that has a hollow area, completely surrounded by black",14,2.249076,1.0641565
01KJN6MMQ03KZPZN0275VZXK6R,01KJN78DQ6KC0F9N1HA0BPB44R,C,C,0.0,2.0,17.0,refgame,1.0,page-B,1.0,praying figure with square for head,6,-6.9183025,-0.71539706
01KJN6MMQ03KZPZN0275VZXK6R,01KJN7A44GGBE9XR412KV5BFSC,B,B,0.0,2.0,17.0,refgame,1.0,page-B,1.0,angel with wings on back head tilted,7,-0.17151815,0.6158305
01KJN6MMQ03KZPZN0275VZXK6R,01KJN7AZC7FAG17CY924MRTCF7,A,A,0.0,2.0,17.0,refgame,1.0,page-B,1.0,"The mouse one, that looks like it has a triangle ear and is cocking its head, And a square ear",20,-1.8135331,-0.7773595
01KJN6MMQ03KZPZN0275VZXK6R,01KJN7863BFF3ZYZGVVSATZTH7,C,C,0.0,1.0,10.0,refgame,1.0,page-B,1.0,"man praying, square at top",5,-7.239473,-0.2928714
01KJN6MMQ03KZPZN0275VZXK6R,01KJN792W85XPK9QGH8A6HSYSJ,B,B,0.0,1.0,10.0,refgame,1.0,page-B,1.0,"like person kneeling, flat bottom",5,-6.6005077,-0.8835475
01KJN6MMQ03KZPZN0275VZXK6R,01KJN7AAX1VHZ1A7ZB35BNRH8N,A,A,0.0,1.0,10.0,refgame,1.0,page-B,1.0,"this is a big jumble, we had before, suqare sort of offset at top, and a triangle loose on the right",21,1.1938877,0.81200236
01KJN6MMQ03KZPZN0275VZXK6R,01KJN78DQ6KC0F9N1HA0BPB44R,C,C,0.0,2.0,16.0,refgame,1.0,page7-107,1.0,"fire on left, white square middle",6,2.7178452,0.98372984
01KJN6MMQ03KZPZN0275VZXK6R,01KJN7A44GGBE9XR412KV5BFSC,B,B,0.0,2.0,16.0,refgame,1.0,page7-107,1.0,diamond shaped hole,3,2.9174035,-1.7865096
01KJN6MMQ03KZPZN0275VZXK6R,01KJN7AZC7FAG17CY924MRTCF7,A,A,0.0,2.0,16.0,refgame,1.0,page7-107,1.0,Hollow diamond in the middle,5,2.697613,-1.1494658
01KJN6MMQ03KZPZN0275VZXK6R,01KJN78DQ6KC0F9N1HA0BPB44R,C,C,0.0,2.0,15.0,refgame,1.0,page9-46,1.0,"backwards C , angle right",5,6.299241,-1.9245877
01KJN6MMQ03KZPZN0275VZXK6R,01KJN7A44GGBE9XR412KV5BFSC,B,B,0.0,2.0,15.0,refgame,1.0,page9-46,1.0,mountain rect hole,3,0.79772145,-2.37849
01KJN6MMQ03KZPZN0275VZXK6R,01KJN7AZC7FAG17CY924MRTCF7,A,A,0.0,2.0,15.0,refgame,1.0,page9-46,1.0,"Looks like a wave. Open piece on the left side, a big triangle on the right., A rectangle at the bottom",21,0.541473,-3.1029875
01KJN6MMQ03KZPZN0275VZXK6R,01KJN79B14FBSYSKKCG2BYVBB6,A,A,0.0,0.0,5.0,refgame,1.0,page9-46,1.0,"it has a white rectanlge on the left side, like a triangle edge on the right side",17,1.3741224,1.4962331
01KJN6MMQ03KZPZN0275VZXK6R,01KJN79J529BWBWTESKB6D9MB7,C,C,0.0,0.0,5.0,refgame,1.0,page9-46,1.0,this shape looks like the letter c backwards made out of rectangles and triangles,14,1.4895083,2.228901
01KJN6MMQ03KZPZN0275VZXK6R,01KJN7C40WEQBDF48ACG18M0EV,B,B,0.0,0.0,5.0,refgame,1.0,page9-46,1.0,"The image has a rectangular void on the left, and otherwise looks like a mountain",15,0.8644619,-2.265237
01KJN6MMQ03KZPZN0275VZXK6R,01KJN7863BFF3ZYZGVVSATZTH7,C,C,0.0,1.0,6.0,refgame,1.0,page7-255,1.0,looks like a witch running,5,-4.954406,0.58119744
01KJN6MMQ03KZPZN0275VZXK6R,01KJN792W85XPK9QGH8A6HSYSJ,B,B,0.0,1.0,6.0,refgame,1.0,page7-255,1.0,small sideways triangle on top,5,0.05867525,1.273653
01KJN6MMQ03KZPZN0275VZXK6R,01KJN7AAX1VHZ1A7ZB35BNRH8N,A,A,0.0,1.0,6.0,refgame,1.0,page7-255,1.0,"like a rabbit facing right, one ear pointed up on the right half",13,-1.4146696,-0.7217807
01KJN6MMQ03KZPZN0275VZXK6R,01KJN78DQ6KC0F9N1HA0BPB44R,C,B,0.0,2.0,48.0,refgame,2.0,page7-107,1.0,"fire on left, white square in middle",7,2.717876,0.97528523
01KJN6MMQ03KZPZN0275VZXK6R,01KJN7A44GGBE9XR412KV5BFSC,B,A,0.0,2.0,48.0,refgame,2.0,page7-107,1.0,diamond hole,2,2.8906367,-1.8643332
01KJN6MMQ03KZPZN0275VZXK6R,01KJN7AZC7FAG17CY924MRTCF7,A,C,0.0,2.0,48.0,refgame,2.0,page7-107,1.0,hollow diamond in center,4,2.934364,-1.3531647
01KJN6MMQ03KZPZN0275VZXK6R,01KJN78DQ6KC0F9N1HA0BPB44R,C,C,0.0,2.0,14.0,refgame,1.0,page7-255,1.0,dabbing monk (dancing),3,-4.9513187,0.58801204
01KJN6MMQ03KZPZN0275VZXK6R,01KJN7A44GGBE9XR412KV5BFSC,B,B,0.0,2.0,14.0,refgame,1.0,page7-255,1.0,bird beak pointing up,4,-1.6995363,-0.13995458
01KJN6MMQ03KZPZN0275VZXK6R,01KJN7AZC7FAG17CY924MRTCF7,A,A,0.0,2.0,14.0,refgame,1.0,page7-255,1.0,The bunny,2,-4.468323,-4.809048
01KJN6MMQ03KZPZN0275VZXK6R,01KJN7863BFF3ZYZGVVSATZTH7,C,C,0.0,1.0,47.0,refgame,2.0,page7-107,1.0,"circle with fire on the left, again",7,2.6960866,0.9824174
01KJN6MMQ03KZPZN0275VZXK6R,01KJN7AAX1VHZ1A7ZB35BNRH8N,A,B,0.0,1.0,47.0,refgame,2.0,page7-107,1.0,hollow diamon..i thinkmultiple groups,4,1.3887367,-0.5415915
01KJN6MMQ03KZPZN0275VZXK6R,01KJN78DQ6KC0F9N1HA0BPB44R,C,C,0.0,2.0,52.0,refgame,2.0,page3-35,1.0,birdhouse on a pedestal,4,5.6464596,-6.279404
01KJN6MMQ03KZPZN0275VZXK6R,01KJN7A44GGBE9XR412KV5BFSC,B,A,0.0,2.0,52.0,refgame,2.0,page3-35,1.0,"symmetrical tree, point up",4,1.016336,1.1099533
01KJN6MMQ03KZPZN0275VZXK6R,01KJN7AZC7FAG17CY924MRTCF7,A,B,0.0,2.0,52.0,refgame,2.0,page3-35,1.0,"clocktower, looks like a birdhouse on top",7,5.1727867,-6.7333736
01KJN6MMQ03KZPZN0275VZXK6R,01KJN7863BFF3ZYZGVVSATZTH7,C,C,0.0,1.0,46.0,refgame,2.0,page-B,1.0,"man praying, square head ... again",6,-7.1838703,-0.2025464
01KJN6MMQ03KZPZN0275VZXK6R,01KJN792W85XPK9QGH8A6HSYSJ,B,B,0.0,1.0,46.0,refgame,2.0,page-B,1.0,person flat botom,3,-6.51624,-0.87714463
01KJN6MMQ03KZPZN0275VZXK6R,01KJN7AAX1VHZ1A7ZB35BNRH8N,A,A,0.0,1.0,46.0,refgame,2.0,page-B,1.0,mouse for my group...pryaing monk for others,7,-5.1011972,0.36935356
01KJN6MMQ03KZPZN0275VZXK6R,01KJN78DQ6KC0F9N1HA0BPB44R,C,C,0.0,2.0,51.0,refgame,2.0,page9-46,1.0,"backwards C, angle right",4,6.3101254,-1.914345
01KJN6MMQ03KZPZN0275VZXK6R,01KJN7A44GGBE9XR412KV5BFSC,B,A,0.0,2.0,51.0,refgame,2.0,page9-46,1.0,mountain rect taken out,4,0.8004924,-2.30205
01KJN6MMQ03KZPZN0275VZXK6R,01KJN7AZC7FAG17CY924MRTCF7,A,B,0.0,2.0,51.0,refgame,2.0,page9-46,1.0,"wave, open rectangle on left",5,0.42717993,-2.9777453
01KJN6MMQ03KZPZN0275VZXK6R,01KJN7863BFF3ZYZGVVSATZTH7,C,C,0.0,1.0,45.0,refgame,2.0,page9-46,1.0,backwards C again,3,6.230276,-2.0130005
01KJN6MMQ03KZPZN0275VZXK6R,01KJN792W85XPK9QGH8A6HSYSJ,B,A,0.0,1.0,45.0,refgame,2.0,page9-46,1.0,mountain - hole,3,0.9649367,-2.3547218
01KJN6MMQ03KZPZN0275VZXK6R,01KJN7AAX1VHZ1A7ZB35BNRH8N,A,B,0.0,1.0,45.0,refgame,2.0,page9-46,1.0,"wave for my group, mountain with  missing rectnagle for others",10,0.73961174,-2.8436127
01KJN6MMQ03KZPZN0275VZXK6R,01KJN78DQ6KC0F9N1HA0BPB44R,C,B,0.0,2.0,50.0,refgame,2.0,page5-28,1.0,"rectangle left, square, rhombus right",5,2.509707,3.1025465
01KJN6MMQ03KZPZN0275VZXK6R,01KJN7A44GGBE9XR412KV5BFSC,B,A,0.0,2.0,50.0,refgame,2.0,page5-28,1.0,large rectangle laying down protrusion right,6,1.8954939,2.7108798
01KJN6MMQ03KZPZN0275VZXK6R,01KJN7AZC7FAG17CY924MRTCF7,A,C,0.0,2.0,50.0,refgame,2.0,page5-28,1.0,rectangle on left,3,1.7680658,2.8391922
01KJN6MMQ03KZPZN0275VZXK6R,01KJN7863BFF3ZYZGVVSATZTH7,C,B,0.0,1.0,44.0,refgame,2.0,page5-28,1.0,"big rectangle, square, and rhombus again",6,2.5297678,3.0780363
01KJN6MMQ03KZPZN0275VZXK6R,01KJN792W85XPK9QGH8A6HSYSJ,B,A,0.0,1.0,44.0,refgame,2.0,page5-28,1.0,file drawer right,3,1.6652128,2.7219841
01KJN6MMQ03KZPZN0275VZXK6R,01KJN7AAX1VHZ1A7ZB35BNRH8N,A,C,0.0,1.0,44.0,refgame,2.0,page5-28,1.0,rectangle on left (for my group),6,1.631101,2.6766043
01KJN6MMQ03KZPZN0275VZXK6R,01KJN78DQ6KC0F9N1HA0BPB44R,C,B,0.0,2.0,49.0,refgame,2.0,page7-255,1.0,"monk running, triangle head",4,-4.872553,0.66161686
01KJN6MMQ03KZPZN0275VZXK6R,01KJN7A44GGBE9XR412KV5BFSC,B,A,0.0,2.0,49.0,refgame,2.0,page7-255,1.0,bird beak pointing up,4,-1.6674056,-0.11844023
01KJN6MMQ03KZPZN0275VZXK6R,01KJN7AZC7FAG17CY924MRTCF7,A,C,0.0,2.0,49.0,refgame,2.0,page7-255,1.0,rabbit,1,-4.329465,-4.2164383
01KJN6MMQ03KZPZN0275VZXK6R,01KJN7863BFF3ZYZGVVSATZTH7,C,C,0.0,1.0,43.0,refgame,2.0,page3-35,1.0,"bird house on a stand, again",6,5.873511,-6.1384387
01KJN6MMQ03KZPZN0275VZXK6R,01KJN792W85XPK9QGH8A6HSYSJ,B,A,0.0,1.0,43.0,refgame,2.0,page3-35,1.0,street sign,2,0.7813725,1.13852
01KJN6MMQ03KZPZN0275VZXK6R,01KJN7AAX1VHZ1A7ZB35BNRH8N,A,B,0.0,1.0,43.0,refgame,2.0,page3-35,1.0,"clocktower for my group, triangle at  base, and diamond/square at top",11,5.204425,-6.693902
01KJN6MMQ03KZPZN0275VZXK6R,01KJN79B14FBSYSKKCG2BYVBB6,A,C,0.0,3.0,56.0,refgame,2.0,page7-255,2.0,"rabbite my group, monk running other group?",7,-5.077145,0.48674262
01KJN6MMQ03KZPZN0275VZXK6R,01KJN79J529BWBWTESKB6D9MB7,C,B,0.0,3.0,56.0,refgame,2.0,page7-255,2.0,running monk with y group,5,-4.987446,0.5534579
01KJN6MMQ03KZPZN0275VZXK6R,01KJN7C40WEQBDF48ACG18M0EV,B,A,0.0,3.0,56.0,refgame,2.0,page7-255,2.0,bird with beak up,4,-1.6520945,-0.16708432
01KJN6MMQ03KZPZN0275VZXK6R,01KJN7863BFF3ZYZGVVSATZTH7,C,C,0.0,1.0,42.0,refgame,2.0,page7-255,1.0,"monk running, again",3,-4.8979645,0.63703144
01KJN6MMQ03KZPZN0275VZXK6R,01KJN792W85XPK9QGH8A6HSYSJ,B,B,0.0,1.0,42.0,refgame,2.0,page7-255,1.0,man runnomng,2,-4.8934827,0.6515023
01KJN6MMQ03KZPZN0275VZXK6R,01KJN7AAX1VHZ1A7ZB35BNRH8N,A,A,0.0,1.0,42.0,refgame,2.0,page7-255,1.0,"rabbit for my group, running monk for someone?",8,-5.0818205,0.47360596
01KJN6MMQ03KZPZN0275VZXK6R,01KJN79B14FBSYSKKCG2BYVBB6,A,A,0.0,0.0,1.0,refgame,1.0,page3-35,1.0,i has a trapaziod base with a long rectangle and then a tilted square top.,15,1.3770071,1.1138812
01KJN6MMQ03KZPZN0275VZXK6R,01KJN79J529BWBWTESKB6D9MB7,C,C,0.0,0.0,1.0,refgame,1.0,page3-35,1.0,"there are two triangles making a square on top of a rectangle, on top of a square on top of three triagles",22,0.8004061,1.1874692
01KJN6MMQ03KZPZN0275VZXK6R,01KJN7C40WEQBDF48ACG18M0EV,B,B,0.0,0.0,1.0,refgame,1.0,page3-35,1.0,"The image is symmetrical, it has two opposite facing triangles at the top.",13,0.3741467,1.0471436
01KJN6MMQ03KZPZN0275VZXK6R,01KJN79B14FBSYSKKCG2BYVBB6,A,C,0.0,0.0,37.0,refgame,2.0,page7-107,1.0,this has a hollow white diamond in the center,9,2.9460986,-1.1151263
01KJN6MMQ03KZPZN0275VZXK6R,01KJN79J529BWBWTESKB6D9MB7,C,B,0.0,0.0,37.0,refgame,2.0,page7-107,1.0,fire to the left with white sqaure at center,9,2.7835848,1.0084991
01KJN6MMQ03KZPZN0275VZXK6R,01KJN7C40WEQBDF48ACG18M0EV,B,A,0.0,0.0,37.0,refgame,2.0,page7-107,1.0,diamond hole in center,4,2.9475,-1.7229335
01KJN6MMQ03KZPZN0275VZXK6R,01KJN79B14FBSYSKKCG2BYVBB6,A,B,0.0,0.0,36.0,refgame,2.0,page-B,1.0,my group called this a mouse but it has a pinwheel at the top,14,-3.0631406,-0.5476229
01KJN6MMQ03KZPZN0275VZXK6R,01KJN79J529BWBWTESKB6D9MB7,C,A,0.0,0.0,36.0,refgame,2.0,page-B,1.0,"Praying monk, with square as head",6,-6.9247518,-0.6033456
01KJN6MMQ03KZPZN0275VZXK6R,01KJN7C40WEQBDF48ACG18M0EV,B,C,0.0,0.0,36.0,refgame,2.0,page-B,1.0,"kneeling person with wings, askew square on top",8,-6.564129,-0.8912972
01KJN6MMQ03KZPZN0275VZXK6R,01KJN79B14FBSYSKKCG2BYVBB6,A,C,0.0,3.0,54.0,refgame,2.0,page-B,2.0,mouse for my grou,4,-3.297008,-0.55668914
01KJN6MMQ03KZPZN0275VZXK6R,01KJN79J529BWBWTESKB6D9MB7,C,B,0.0,3.0,54.0,refgame,2.0,page-B,2.0,praying monk my group,4,-7.05241,0.19544338
01KJN6MMQ03KZPZN0275VZXK6R,01KJN7C40WEQBDF48ACG18M0EV,B,A,0.0,3.0,54.0,refgame,2.0,page-B,2.0,kneeling figure,2,-6.7409267,-0.9017733
01KJN6MMQ03KZPZN0275VZXK6R,01KJN79B14FBSYSKKCG2BYVBB6,A,A,0.0,3.0,55.0,refgame,2.0,page9-46,2.0,"wave my grou, mountain other group, white rectangle on left side",11,0.76203966,-2.5935502
01KJN6MMQ03KZPZN0275VZXK6R,01KJN79J529BWBWTESKB6D9MB7,C,C,0.0,3.0,55.0,refgame,2.0,page9-46,2.0,backward c my group again,5,6.166498,-1.9441044
01KJN6MMQ03KZPZN0275VZXK6R,01KJN7C40WEQBDF48ACG18M0EV,B,B,0.0,3.0,55.0,refgame,2.0,page9-46,2.0,mountain with rect missing,4,0.82896936,-2.2785108
01KJN6MMQ03KZPZN0275VZXK6R,01KJN78DQ6KC0F9N1HA0BPB44R,C,C,0.0,5.0,35.0,refgame,1.0,page3-35,2.0,birdhouse on a base,4,5.9755893,-6.2424097
01KJN6MMQ03KZPZN0275VZXK6R,01KJN7A44GGBE9XR412KV5BFSC,B,B,0.0,5.0,35.0,refgame,1.0,page3-35,2.0,"symmetrical trophey, point up",4,0.5680754,0.9602744
01KJN6MMQ03KZPZN0275VZXK6R,01KJN7AZC7FAG17CY924MRTCF7,A,A,0.0,5.0,35.0,refgame,1.0,page3-35,2.0,clocktower,1,5.132699,-6.7512183
01KJN6MMQ03KZPZN0275VZXK6R,01KJN78DQ6KC0F9N1HA0BPB44R,C,C,0.0,5.0,34.0,refgame,1.0,page7-255,2.0,monk running,2,-4.9265513,0.6381643
01KJN6MMQ03KZPZN0275VZXK6R,01KJN7A44GGBE9XR412KV5BFSC,B,B,0.0,5.0,34.0,refgame,1.0,page7-255,2.0,bird beak pointing up,4,-1.6793922,-0.13009997
01KJN6MMQ03KZPZN0275VZXK6R,01KJN7AZC7FAG17CY924MRTCF7,A,A,0.0,5.0,34.0,refgame,1.0,page7-255,2.0,rabbit,1,-4.303954,-4.18893
01KJN6MMQ03KZPZN0275VZXK6R,01KJN78DQ6KC0F9N1HA0BPB44R,C,C,0.0,5.0,33.0,refgame,1.0,page9-46,2.0,backwards C,2,6.226624,-1.9890457
01KJN6MMQ03KZPZN0275VZXK6R,01KJN7A44GGBE9XR412KV5BFSC,B,B,0.0,5.0,33.0,refgame,1.0,page9-46,2.0,mountain with rect removed,4,0.8425071,-2.2944329
01KJN6MMQ03KZPZN0275VZXK6R,01KJN7AZC7FAG17CY924MRTCF7,A,A,0.0,5.0,33.0,refgame,1.0,page9-46,2.0,wave,1,12.549533,12.010876
01KJN6MMQ03KZPZN0275VZXK6R,01KJN79B14FBSYSKKCG2BYVBB6,A,B,0.0,3.0,57.0,refgame,2.0,page5-28,2.0,"long rectangle, rectangle on left side",6,1.6936234,2.6441925
01KJN6MMQ03KZPZN0275VZXK6R,01KJN79J529BWBWTESKB6D9MB7,C,C,0.0,3.0,57.0,refgame,2.0,page5-28,2.0,"large rectangle, small square rhombou my group",7,2.564758,3.0915656
01KJN6MMQ03KZPZN0275VZXK6R,01KJN7C40WEQBDF48ACG18M0EV,B,A,0.0,3.0,57.0,refgame,2.0,page5-28,2.0,rectangle then square then parallelogram from left to right,9,2.402946,3.011629
01KJN6MMQ03KZPZN0275VZXK6R,01KJN78DQ6KC0F9N1HA0BPB44R,C,C,0.0,5.0,32.0,refgame,1.0,page-B,2.0,praying with square head,4,-6.998098,-0.58829963
01KJN6MMQ03KZPZN0275VZXK6R,01KJN7A44GGBE9XR412KV5BFSC,B,B,0.0,5.0,32.0,refgame,1.0,page-B,2.0,"askew square on top, angel wings",6,0.100380205,0.78042096
01KJN6MMQ03KZPZN0275VZXK6R,01KJN7AZC7FAG17CY924MRTCF7,A,A,0.0,5.0,32.0,refgame,1.0,page-B,2.0,mouse,1,-3.2898128,-0.56545234
01KJN6MMQ03KZPZN0275VZXK6R,01KJN78DQ6KC0F9N1HA0BPB44R,C,A,0.0,2.0,53.0,refgame,2.0,page-B,1.0,praying figure with square head,5,-6.9157124,-0.714955
01KJN6MMQ03KZPZN0275VZXK6R,01KJN7A44GGBE9XR412KV5BFSC,B,C,0.0,2.0,53.0,refgame,2.0,page-B,1.0,"askew square on top, angel wings",6,0.0901205,0.7392424
01KJN6MMQ03KZPZN0275VZXK6R,01KJN7AZC7FAG17CY924MRTCF7,A,B,0.0,2.0,53.0,refgame,2.0,page-B,1.0,"mouse for my group, praying monk for others",8,-6.636795,0.055883
01KJN6MMQ03KZPZN0275VZXK6R,01KJN79B14FBSYSKKCG2BYVBB6,A,A,0.0,0.0,41.0,refgame,2.0,page3-35,1.0,"looksl like a clocktower with a triangle base, then square at top",12,5.1614165,-6.7706723
01KJN6MMQ03KZPZN0275VZXK6R,01KJN79J529BWBWTESKB6D9MB7,C,C,0.0,0.0,41.0,refgame,2.0,page3-35,1.0,bird house on top of base,6,5.822616,-6.1378355
01KJN6MMQ03KZPZN0275VZXK6R,01KJN7C40WEQBDF48ACG18M0EV,B,B,0.0,0.0,41.0,refgame,2.0,page3-35,1.0,trophy or street sign,4,1.7791541,0.27954775
01KJN6MMQ03KZPZN0275VZXK6R,01KJN78DQ6KC0F9N1HA0BPB44R,C,C,0.0,5.0,31.0,refgame,1.0,page7-107,2.0,"fire left, white square middle",5,2.566905,0.9964541
01KJN6MMQ03KZPZN0275VZXK6R,01KJN7A44GGBE9XR412KV5BFSC,B,B,0.0,5.0,31.0,refgame,1.0,page7-107,2.0,diamond hole in middle,4,2.9170592,-1.7137805
01KJN6MMQ03KZPZN0275VZXK6R,01KJN7AZC7FAG17CY924MRTCF7,A,A,0.0,5.0,31.0,refgame,1.0,page7-107,2.0,hollow diamond,2,2.7145073,-1.3496871
01KJN6MMQ03KZPZN0275VZXK6R,01KJN79B14FBSYSKKCG2BYVBB6,A,B,0.0,0.0,40.0,refgame,2.0,page9-46,1.0,"looks like a wave with a white rectangle on the left side, triangle edge on left side",17,0.57866144,-3.195076
01KJN6MMQ03KZPZN0275VZXK6R,01KJN79J529BWBWTESKB6D9MB7,C,A,0.0,0.0,40.0,refgame,2.0,page9-46,1.0,backward c,2,6.23883,-1.9748267
01KJN6MMQ03KZPZN0275VZXK6R,01KJN7C40WEQBDF48ACG18M0EV,B,C,0.0,0.0,40.0,refgame,2.0,page9-46,1.0,mountain with rectangle missing,4,0.72764516,-2.3584177
01KJN6MMQ03KZPZN0275VZXK6R,01KJN78DQ6KC0F9N1HA0BPB44R,C,C,0.0,5.0,30.0,refgame,1.0,page5-28,2.0,"rectangle left, square, rhombus right",5,2.5018342,3.0923107
01KJN6MMQ03KZPZN0275VZXK6R,01KJN7A44GGBE9XR412KV5BFSC,B,B,0.0,5.0,30.0,refgame,1.0,page5-28,2.0,rectangle on side protrusion on the right,7,1.988967,2.7753596
01KJN6MMQ03KZPZN0275VZXK6R,01KJN7AZC7FAG17CY924MRTCF7,A,A,0.0,5.0,30.0,refgame,1.0,page5-28,2.0,rectangle on the left,4,1.7929702,2.7757506
01KJN6MMQ03KZPZN0275VZXK6R,01KJN7863BFF3ZYZGVVSATZTH7,C,C,0.0,4.0,29.0,refgame,1.0,page-B,2.0,"monk praying, again",3,-7.3101068,-0.15788677
01KJN6MMQ03KZPZN0275VZXK6R,01KJN792W85XPK9QGH8A6HSYSJ,B,B,0.0,4.0,29.0,refgame,1.0,page-B,2.0,askew square on top,4,0.30498037,0.8847355
01KJN6MMQ03KZPZN0275VZXK6R,01KJN7AAX1VHZ1A7ZB35BNRH8N,A,A,0.0,4.0,29.0,refgame,1.0,page-B,2.0,mouse,1,-3.2919307,-0.56417745
01KJN6MMQ03KZPZN0275VZXK6R,01KJN79B14FBSYSKKCG2BYVBB6,A,C,0.0,0.0,39.0,refgame,2.0,page5-28,1.0,long rectangle on the left,5,1.7306696,2.6995897
01KJN6MMQ03KZPZN0275VZXK6R,01KJN79J529BWBWTESKB6D9MB7,C,B,0.0,0.0,39.0,refgame,2.0,page5-28,1.0,"larque rectangle to the left, small square, rhombous right",9,2.329402,3.111533
01KJN6MMQ03KZPZN0275VZXK6R,01KJN7C40WEQBDF48ACG18M0EV,B,A,0.0,0.0,39.0,refgame,2.0,page5-28,1.0,"rectangle on left, then square then parallelogram",7,2.1420572,2.8536656
01KJN6MMQ03KZPZN0275VZXK6R,01KJN7863BFF3ZYZGVVSATZTH7,C,C,0.0,4.0,27.0,refgame,1.0,page7-107,2.0,"circle with fire on the left, again",7,2.7280343,0.9554315
01KJN6MMQ03KZPZN0275VZXK6R,01KJN792W85XPK9QGH8A6HSYSJ,B,B,0.0,4.0,27.0,refgame,1.0,page7-107,2.0,diamond hole in middle,4,2.9228392,-1.7252692
01KJN6MMQ03KZPZN0275VZXK6R,01KJN7AAX1VHZ1A7ZB35BNRH8N,A,A,0.0,4.0,27.0,refgame,1.0,page7-107,2.0,hollow diamond,2,2.6814232,-1.3018315
01KJN6MMQ03KZPZN0275VZXK6R,01KJN7863BFF3ZYZGVVSATZTH7,C,C,0.0,4.0,26.0,refgame,1.0,page5-28,2.0,"large rectangle, small squre, rhombas",5,2.63629,3.1665127
01KJN6MMQ03KZPZN0275VZXK6R,01KJN792W85XPK9QGH8A6HSYSJ,B,B,0.0,4.0,26.0,refgame,1.0,page5-28,2.0,file cabinet - drawer pulled out,6,1.442944,2.5344434
01KJN6MMQ03KZPZN0275VZXK6R,01KJN7AAX1VHZ1A7ZB35BNRH8N,A,A,0.0,4.0,26.0,refgame,1.0,page5-28,2.0,rectnagle on left,3,1.8270077,2.9562778
01KJN6MMQ03KZPZN0275VZXK6R,01KJN7863BFF3ZYZGVVSATZTH7,C,C,0.0,4.0,25.0,refgame,1.0,page9-46,2.0,backwards C again,3,6.2089324,-2.0092378
01KJN6MMQ03KZPZN0275VZXK6R,01KJN792W85XPK9QGH8A6HSYSJ,B,B,0.0,4.0,25.0,refgame,1.0,page9-46,2.0,mountain - rectangle missing,4,0.81699455,-2.2267227
01KJN6MMQ03KZPZN0275VZXK6R,01KJN7AAX1VHZ1A7ZB35BNRH8N,A,A,0.0,4.0,25.0,refgame,1.0,page9-46,2.0,wave,1,12.396033,11.85735
01KJN6MMQ03KZPZN0275VZXK6R,01KJN79B14FBSYSKKCG2BYVBB6,A,A,0.0,0.0,3.0,refgame,1.0,page7-107,1.0,it has a rotated white square in the center of it!,11,1.4716179,1.4144536
01KJN6MMQ03KZPZN0275VZXK6R,01KJN79J529BWBWTESKB6D9MB7,C,C,0.0,0.0,3.0,refgame,1.0,page7-107,1.0,this shape is made mostly of triangles and has awhite rhombous in the middle,14,1.2735425,1.5171577
01KJN6MMQ03KZPZN0275VZXK6R,01KJN7C40WEQBDF48ACG18M0EV,B,B,0.0,0.0,3.0,refgame,1.0,page7-107,1.0,The image has a square shaped hole in the middle of it.,12,2.001071,1.1575607
01KJN6MMQ03KZPZN0275VZXK6R,01KJN79B14FBSYSKKCG2BYVBB6,A,A,0.0,3.0,23.0,refgame,1.0,page7-107,2.0,"white square in center, diamond",5,3.6326187,-1.0347311
01KJN6MMQ03KZPZN0275VZXK6R,01KJN79J529BWBWTESKB6D9MB7,C,C,0.0,3.0,23.0,refgame,1.0,page7-107,2.0,"fire to the left, and small white square center",9,2.625189,1.0896618
01KJN6MMQ03KZPZN0275VZXK6R,01KJN7C40WEQBDF48ACG18M0EV,B,B,0.0,3.0,23.0,refgame,1.0,page7-107,2.0,Diamond shaped hole in the middle,6,2.8963356,-1.5447071
01KJN6MMQ03KZPZN0275VZXK6R,01KJN79B14FBSYSKKCG2BYVBB6,A,A,0.0,3.0,21.0,refgame,1.0,page3-35,2.0,"the one looks like the clocktower, with trapazoid as bottom base, then square and a diaomond at the top",19,5.101186,-6.7216973
01KJN6MMQ03KZPZN0275VZXK6R,01KJN79J529BWBWTESKB6D9MB7,C,C,0.0,3.0,21.0,refgame,1.0,page3-35,2.0,bird house on top of base,6,5.8919883,-6.240278
01KJN6MMQ03KZPZN0275VZXK6R,01KJN7C40WEQBDF48ACG18M0EV,B,B,0.0,3.0,21.0,refgame,1.0,page3-35,2.0,"Looks like a trophy, pointy diamond formed by two triangles at the top, wide solid base",16,2.0338628,-0.06249866
01KJN6MMQ03KZPZN0275VZXK6R,01KJN79B14FBSYSKKCG2BYVBB6,A,A,0.0,3.0,22.0,refgame,1.0,page5-28,2.0,"okay long rectangle on the left then square then rhombus, we had this one",14,2.5699677,3.097236
01KJN6MMQ03KZPZN0275VZXK6R,01KJN79J529BWBWTESKB6D9MB7,C,C,0.0,3.0,22.0,refgame,1.0,page5-28,2.0,"large rectangle to the left, small square, rhombous right",9,2.4865308,3.0805974
01KJN6MMQ03KZPZN0275VZXK6R,01KJN7C40WEQBDF48ACG18M0EV,B,B,0.0,3.0,22.0,refgame,1.0,page5-28,2.0,"Solid rectangle on left, then square in middle, then parallelogram on right",12,2.3067048,2.8312676
01KJN6MMQ03KZPZN0275VZXK6R,01KJN78DQ6KC0F9N1HA0BPB44R,C,B,0.0,5.0,71.0,refgame,2.0,page9-46,2.0,"backwards C, angle right",4,6.2992306,-1.9244987
01KJN6MMQ03KZPZN0275VZXK6R,01KJN7A44GGBE9XR412KV5BFSC,B,C,0.0,5.0,71.0,refgame,2.0,page9-46,2.0,mountain rect hole missing,4,0.8518324,-2.3264408
01KJN6MMQ03KZPZN0275VZXK6R,01KJN7AZC7FAG17CY924MRTCF7,A,A,0.0,5.0,71.0,refgame,2.0,page9-46,2.0,"wave for my group, backwards c for others",8,6.0514665,-1.9131297
01KJN6MMQ03KZPZN0275VZXK6R,01KJN79B14FBSYSKKCG2BYVBB6,A,A,0.0,3.0,20.0,refgame,1.0,page7-255,2.0,the rabbit one!,3,-4.3977046,-4.268617
01KJN6MMQ03KZPZN0275VZXK6R,01KJN79J529BWBWTESKB6D9MB7,C,C,0.0,3.0,20.0,refgame,1.0,page7-255,2.0,witch running,2,-4.91226,0.6372981
01KJN6MMQ03KZPZN0275VZXK6R,01KJN7C40WEQBDF48ACG18M0EV,B,B,0.0,3.0,20.0,refgame,1.0,page7-255,2.0,"Large triangle pointing to the right at the top, two wings, square and triangles at bottom",16,0.26638165,0.784659
01KJN6MMQ03KZPZN0275VZXK6R,01KJN78DQ6KC0F9N1HA0BPB44R,C,C,0.0,5.0,70.0,refgame,2.0,page-B,2.0,"praying figure, square head",4,-6.9438457,-0.69994533
01KJN6MMQ03KZPZN0275VZXK6R,01KJN7A44GGBE9XR412KV5BFSC,B,B,0.0,5.0,70.0,refgame,2.0,page-B,2.0,askew square head,3,7.5548434,-0.14034843
01KJN6MMQ03KZPZN0275VZXK6R,01KJN7AZC7FAG17CY924MRTCF7,A,A,0.0,5.0,70.0,refgame,2.0,page-B,2.0,mouse,1,-3.2921245,-0.5658134
01KJN6MMQ03KZPZN0275VZXK6R,01KJN78DQ6KC0F9N1HA0BPB44R,C,C,0.0,5.0,68.0,refgame,2.0,page5-28,2.0,"rectangle, square, rhombus right",4,2.545276,3.1122591
01KJN6MMQ03KZPZN0275VZXK6R,01KJN7A44GGBE9XR412KV5BFSC,B,B,0.0,5.0,68.0,refgame,2.0,page5-28,2.0,large rectangle left protrusion right,5,1.9198352,2.7449546
01KJN6MMQ03KZPZN0275VZXK6R,01KJN7AZC7FAG17CY924MRTCF7,A,A,0.0,5.0,68.0,refgame,2.0,page5-28,2.0,rectangle on left,3,1.7759501,2.8433764
01KJN6MMQ03KZPZN0275VZXK6R,01KJN78DQ6KC0F9N1HA0BPB44R,C,B,0.0,5.0,69.0,refgame,2.0,page7-107,2.0,"fire left, white square in middle",6,2.6110084,1.0288525
01KJN6MMQ03KZPZN0275VZXK6R,01KJN7A44GGBE9XR412KV5BFSC,B,A,0.0,5.0,69.0,refgame,2.0,page7-107,2.0,diamond hole,2,2.903854,-1.8721184
01KJN6MMQ03KZPZN0275VZXK6R,01KJN7AZC7FAG17CY924MRTCF7,A,C,0.0,5.0,69.0,refgame,2.0,page7-107,2.0,hollow diamond,2,2.687451,-1.3185114
01KJN6MMQ03KZPZN0275VZXK6R,01KJN78DQ6KC0F9N1HA0BPB44R,C,B,0.0,5.0,67.0,refgame,2.0,page7-255,2.0,"monk running, triangle head",4,-4.88766,0.6531173
01KJN6MMQ03KZPZN0275VZXK6R,01KJN7A44GGBE9XR412KV5BFSC,B,A,0.0,5.0,67.0,refgame,2.0,page7-255,2.0,"bird beak pointing up, not flying",6,-1.7428654,-0.12315845
01KJN6MMQ03KZPZN0275VZXK6R,01KJN7AZC7FAG17CY924MRTCF7,A,C,0.0,5.0,67.0,refgame,2.0,page7-255,2.0,"rabbit, or monk running for others",6,-5.0161753,0.5345447
01KJN6MMQ03KZPZN0275VZXK6R,01KJN7863BFF3ZYZGVVSATZTH7,C,B,0.0,4.0,65.0,refgame,2.0,page5-28,2.0,"big rectangle, square, rhombus again",5,2.5441797,3.1342719
01KJN6MMQ03KZPZN0275VZXK6R,01KJN792W85XPK9QGH8A6HSYSJ,B,A,0.0,4.0,65.0,refgame,2.0,page5-28,2.0,rect left - drawer right,5,1.7377381,2.8519788
01KJN6MMQ03KZPZN0275VZXK6R,01KJN7AAX1VHZ1A7ZB35BNRH8N,A,C,0.0,4.0,65.0,refgame,2.0,page5-28,2.0,rectangle on left for my group,6,1.7377815,2.7577362
01KJN6MMQ03KZPZN0275VZXK6R,01KJN78DQ6KC0F9N1HA0BPB44R,C,C,0.0,5.0,66.0,refgame,2.0,page3-35,2.0,birdhouse on a pedestal,4,5.6643443,-6.2571526
01KJN6MMQ03KZPZN0275VZXK6R,01KJN7A44GGBE9XR412KV5BFSC,B,A,0.0,5.0,66.0,refgame,2.0,page3-35,2.0,"clocktower, symmetrical",2,5.12356,-6.8071785
01KJN6MMQ03KZPZN0275VZXK6R,01KJN7AZC7FAG17CY924MRTCF7,A,B,0.0,5.0,66.0,refgame,2.0,page3-35,2.0,"clocktower, or birdhouse for others",5,5.3566885,-6.4961085
01KJN6MMQ03KZPZN0275VZXK6R,01KJN79B14FBSYSKKCG2BYVBB6,A,C,0.0,3.0,58.0,refgame,2.0,page7-107,2.0,hollow diamond,2,2.6798036,-1.3674023
01KJN6MMQ03KZPZN0275VZXK6R,01KJN79J529BWBWTESKB6D9MB7,C,B,0.0,3.0,58.0,refgame,2.0,page7-107,2.0,"fire to the left, small white square center",8,2.666344,1.0582228
01KJN6MMQ03KZPZN0275VZXK6R,01KJN7C40WEQBDF48ACG18M0EV,B,A,0.0,3.0,58.0,refgame,2.0,page7-107,2.0,diamond hole in middle,4,2.969168,-1.7287213
01KJN6MMQ03KZPZN0275VZXK6R,01KJN7863BFF3ZYZGVVSATZTH7,C,C,0.0,4.0,24.0,refgame,1.0,page3-35,2.0,bird house on a stand,5,5.894659,-6.141531
01KJN6MMQ03KZPZN0275VZXK6R,01KJN792W85XPK9QGH8A6HSYSJ,B,B,0.0,4.0,24.0,refgame,1.0,page3-35,2.0,flat bottom - like a street sign,7,0.7948622,1.6056749
01KJN6MMQ03KZPZN0275VZXK6R,01KJN7AAX1VHZ1A7ZB35BNRH8N,A,A,0.0,4.0,24.0,refgame,1.0,page3-35,2.0,clocktower,1,5.2010355,-6.706571
01KJN6MMQ03KZPZN0275VZXK6R,01KJN7863BFF3ZYZGVVSATZTH7,C,C,0.0,4.0,63.0,refgame,2.0,page-B,2.0,"man praying, square head. again",5,-7.230359,-0.34076294
01KJN6MMQ03KZPZN0275VZXK6R,01KJN792W85XPK9QGH8A6HSYSJ,B,B,0.0,4.0,63.0,refgame,2.0,page-B,2.0,square top - flat bottom,5,0.4837253,1.819479
01KJN6MMQ03KZPZN0275VZXK6R,01KJN7AAX1VHZ1A7ZB35BNRH8N,A,A,0.0,4.0,63.0,refgame,2.0,page-B,2.0,"mouse my group...., kneeling monk i think for others, has a square loose at top",15,-5.1793833,0.33754992
01KJN6MMQ03KZPZN0275VZXK6R,01KJN7863BFF3ZYZGVVSATZTH7,C,C,0.0,4.0,64.0,refgame,2.0,page7-107,2.0,"circle, fire on left , agin",6,2.6650264,1.062645
01KJN6MMQ03KZPZN0275VZXK6R,01KJN792W85XPK9QGH8A6HSYSJ,B,B,0.0,4.0,64.0,refgame,2.0,page7-107,2.0,diamond hole,2,2.9076731,-1.8593692
01KJN6MMQ03KZPZN0275VZXK6R,01KJN7AAX1VHZ1A7ZB35BNRH8N,A,A,0.0,4.0,64.0,refgame,2.0,page7-107,2.0,hollow diamond...not sure which groups,5,2.6255398,-1.2527038
01KJN6MMQ03KZPZN0275VZXK6R,01KJN7863BFF3ZYZGVVSATZTH7,C,C,0.0,4.0,61.0,refgame,2.0,page9-46,2.0,backwards C again right angle,5,6.317214,-1.9095901
01KJN6MMQ03KZPZN0275VZXK6R,01KJN792W85XPK9QGH8A6HSYSJ,B,A,0.0,4.0,61.0,refgame,2.0,page9-46,2.0,mountain - hole left,4,0.8765122,-2.3000054
01KJN6MMQ03KZPZN0275VZXK6R,01KJN7AAX1VHZ1A7ZB35BNRH8N,A,B,0.0,4.0,61.0,refgame,2.0,page9-46,2.0,"wave my group, mountain with rectangle imissing",7,0.6886405,-2.7345514
01KJN6MMQ03KZPZN0275VZXK6R,01KJN7863BFF3ZYZGVVSATZTH7,C,B,0.0,4.0,62.0,refgame,2.0,page3-35,2.0,"bird house on a stand, again",6,5.9169407,-6.090942
01KJN6MMQ03KZPZN0275VZXK6R,01KJN792W85XPK9QGH8A6HSYSJ,B,C,0.0,4.0,62.0,refgame,2.0,page3-35,2.0,sign or trophy,3,1.7139086,0.17702271
01KJN6MMQ03KZPZN0275VZXK6R,01KJN7AAX1VHZ1A7ZB35BNRH8N,A,A,0.0,4.0,62.0,refgame,2.0,page3-35,2.0,"clocktower my group, birdhouse for others...",6,5.3108344,-6.518582
01KJN6MMQ03KZPZN0275VZXK6R,01KJN7863BFF3ZYZGVVSATZTH7,C,C,0.0,4.0,60.0,refgame,2.0,page7-255,2.0,"monk running, again",3,-4.922782,0.6072465
01KJN6MMQ03KZPZN0275VZXK6R,01KJN792W85XPK9QGH8A6HSYSJ,B,A,0.0,4.0,60.0,refgame,2.0,page7-255,2.0,running monk,2,-4.9507666,0.59164435
01KJN6MMQ03KZPZN0275VZXK6R,01KJN7AAX1VHZ1A7ZB35BNRH8N,A,B,0.0,4.0,60.0,refgame,2.0,page7-255,2.0,"rabbit my group, running monk or bird with mouth  open",10,-5.131413,0.4029092
01KJP22PXRH9VYFY7Z1HZVNSMN,01KJP2Q4FMMNPG4DTS771Y4V70,A,A,0.0,0.0,0.0,refgame,1.0,page5-28,1.0,"It kind of looks like a fish with a pointy tail, or a big whale",15,-0.83505565,-0.89560366
01KJP22PXRH9VYFY7Z1HZVNSMN,01KJP2RH1QNE571FNJRJ0ZHM7W,B,B,0.0,0.0,0.0,refgame,1.0,page5-28,1.0,looks like a pack of cigarettes with a stick coming out of it,13,2.0451205,2.0442939
01KJP22PXRH9VYFY7Z1HZVNSMN,01KJP2SNNP4ZB6K1QMGZX5CC0T,C,C,0.0,0.0,0.0,refgame,1.0,page5-28,1.0,Jason here.. Pick the one that looks lilke a muffler.  Sideways rectangle and pipe out the right,17,0.06776719,3.0927753
01KJP22PXRH9VYFY7Z1HZVNSMN,01KJP2Q4FMMNPG4DTS771Y4V70,A,A,0.0,0.0,5.0,refgame,1.0,page-B,1.0,"Ok a rabbit with ears one square one triangle, Triangle for a nose and for a foot, Square on top triangle on the right of it, It's looking up kinda",30,-1.1115701,-0.6112293
01KJP22PXRH9VYFY7Z1HZVNSMN,01KJP2RH1QNE571FNJRJ0ZHM7W,B,B,0.0,0.0,5.0,refgame,1.0,page-B,1.0,looks like someone praying,4,-7.262563,-0.3162408
01KJP22PXRH9VYFY7Z1HZVNSMN,01KJP2SNNP4ZB6K1QMGZX5CC0T,C,C,0.0,0.0,5.0,refgame,1.0,page-B,1.0,Jason (Lika) hefre.  pick the one that looks like a vase that has broken pieces falling off the top,19,1.3970321,0.2836122
01KJP22PXRH9VYFY7Z1HZVNSMN,01KJP2Q4FMMNPG4DTS771Y4V70,A,A,0.0,0.0,4.0,refgame,1.0,page9-46,1.0,"Looks like a jetski with a big rriangle pointing towards rigt, BAckwards C pointing towards left, Not the column",19,0.2585147,0.31543064
01KJP22PXRH9VYFY7Z1HZVNSMN,01KJP2RH1QNE571FNJRJ0ZHM7W,B,B,0.0,0.0,4.0,refgame,1.0,page9-46,1.0,like a hand or a triangle with a mouth,9,-0.7276185,0.1619637
01KJP22PXRH9VYFY7Z1HZVNSMN,01KJP2SNNP4ZB6K1QMGZX5CC0T,C,C,0.0,0.0,4.0,refgame,1.0,page9-46,1.0,Jason (Lika) here.  its the one with a white rectangle in the middle of the left side.  sort of liek a pyramid shape,23,1.0639789,-0.038922235
01KJP22PXRH9VYFY7Z1HZVNSMN,01KJP2RH1QNE571FNJRJ0ZHM7W,B,B,0.0,0.0,1.0,refgame,1.0,page7-107,1.0,like a flaming asteroid going right,6,2.9802783,0.89811313
01KJP22PXRH9VYFY7Z1HZVNSMN,01KJP2SNNP4ZB6K1QMGZX5CC0T,C,C,0.0,0.0,1.0,refgame,1.0,page7-107,1.0,"Jason here.  Look for the bird head, with the big eye in the middle .. diamond shapped",17,1.3142388,-0.27031064
01KJP22PXRH9VYFY7Z1HZVNSMN,01KJP2Q4FMMNPG4DTS771Y4V70,A,A,0.0,3.0,21.0,refgame,1.0,page-B,2.0,Person praying,2,-7.378346,-0.12711117
01KJP22PXRH9VYFY7Z1HZVNSMN,01KJP2RH1QNE571FNJRJ0ZHM7W,B,B,0.0,3.0,21.0,refgame,1.0,page-B,3.0,praying person we've done before,5,-6.9960475,0.07872532
01KJP22PXRH9VYFY7Z1HZVNSMN,01KJP2SNNP4ZB6K1QMGZX5CC0T,C,C,0.0,3.0,21.0,refgame,1.0,page-B,2.0,"vase with pieces falling off the top, a square and triangle.. jason here (Lika)",14,1.2956505,0.23187262
01KJP22PXRH9VYFY7Z1HZVNSMN,01KJP2RVD8SK7AN1X5EMGRM458,B,B,0.0,4.0,28.0,refgame,1.0,page5-28,2.0,cigarette,1,2.1173918,2.08817
01KJP22PXRH9VYFY7Z1HZVNSMN,01KJP2SDQCR0935BS4E06A6D2G,C,C,0.0,4.0,28.0,refgame,1.0,page5-28,2.0,muffler,1,0.77073365,3.3404002
01KJP22PXRH9VYFY7Z1HZVNSMN,01KJP2SGRYQPGESDGRKTMMAJX4,A,A,0.0,4.0,28.0,refgame,1.0,page5-28,2.0,"turtle looking one, big rectangular box, thin neck and triangle head",11,-0.43531743,0.028518256
01KJP22PXRH9VYFY7Z1HZVNSMN,01KJP2RVD8SK7AN1X5EMGRM458,B,B,0.0,1.0,8.0,refgame,1.0,page-B,1.0,person praying,2,-7.3847213,-0.0761658
01KJP22PXRH9VYFY7Z1HZVNSMN,01KJP2SDQCR0935BS4E06A6D2G,C,C,0.0,1.0,8.0,refgame,1.0,page-B,1.0,it has a square and trinagle on top,8,0.58075655,1.1104739
01KJP22PXRH9VYFY7Z1HZVNSMN,01KJP2SGRYQPGESDGRKTMMAJX4,A,A,0.0,1.0,8.0,refgame,1.0,page-B,1.0,"looks like a person with a sideways square head and a triangle on the right, square tilted head",18,-6.564743,-0.7464996
01KJP22PXRH9VYFY7Z1HZVNSMN,01KJP2Q9Z7MR3VPYE4MH3SC9C8,C,C,0.0,5.0,35.0,refgame,1.0,page7-255,2.0,Bunny Wabbit :),3,-4.505732,-4.7473564
01KJP22PXRH9VYFY7Z1HZVNSMN,01KJP2RBVR6E36EKC8HYRAV5GF,A,A,0.0,5.0,35.0,refgame,1.0,page7-255,2.0,"Rooster, Same one as before",5,-1.2067721,0.13561127
01KJP22PXRH9VYFY7Z1HZVNSMN,01KJP2RVD8SK7AN1X5EMGRM458,B,B,0.0,5.0,35.0,refgame,1.0,page7-255,3.0,hood dude,2,-3.31313,1.6636705
01KJP22PXRH9VYFY7Z1HZVNSMN,01KJP2RVD8SK7AN1X5EMGRM458,B,B,0.0,4.0,26.0,refgame,1.0,page-B,2.0,praying person,2,-7.1946125,0.030856125
01KJP22PXRH9VYFY7Z1HZVNSMN,01KJP2SDQCR0935BS4E06A6D2G,C,C,0.0,4.0,26.0,refgame,1.0,page-B,2.0,square on top and triangle they are falling off,9,0.7194608,1.4353105
01KJP22PXRH9VYFY7Z1HZVNSMN,01KJP2SGRYQPGESDGRKTMMAJX4,A,A,0.0,4.0,26.0,refgame,1.0,page-B,2.0,prayer,1,-7.7949533,0.30613145
01KJP22PXRH9VYFY7Z1HZVNSMN,01KJP2Q9Z7MR3VPYE4MH3SC9C8,C,C,0.0,5.0,34.0,refgame,1.0,page-B,2.0,Broken vase with square and triangle falling,7,1.3450794,0.4533663
01KJP22PXRH9VYFY7Z1HZVNSMN,01KJP2RBVR6E36EKC8HYRAV5GF,A,A,0.0,5.0,34.0,refgame,1.0,page-B,2.0,Prayer,1,-7.8104877,0.30322787
01KJP22PXRH9VYFY7Z1HZVNSMN,01KJP2RVD8SK7AN1X5EMGRM458,B,B,0.0,5.0,34.0,refgame,1.0,page-B,3.0,praying dude,2,-7.129364,0.06381454
01KJP22PXRH9VYFY7Z1HZVNSMN,01KJP2Q4FMMNPG4DTS771Y4V70,A,A,0.0,0.0,3.0,refgame,1.0,page7-255,1.0,"Ok a triangle at the top with a beak, Multiple with a trapezoid on the legt, left",17,-0.44461823,0.02812113
01KJP22PXRH9VYFY7Z1HZVNSMN,01KJP2RH1QNE571FNJRJ0ZHM7W,B,B,0.0,0.0,3.0,refgame,1.0,page7-255,1.0,looks like someone wearing a hood looking down,8,-3.2892973,1.6385695
01KJP22PXRH9VYFY7Z1HZVNSMN,01KJP2SNNP4ZB6K1QMGZX5CC0T,C,C,0.0,0.0,3.0,refgame,1.0,page7-255,1.0,Jason here.  its the one that looks like a bird flying while carrying a package underneath it.,17,1.1768069,-0.32985657
01KJP22PXRH9VYFY7Z1HZVNSMN,01KJP2Q9Z7MR3VPYE4MH3SC9C8,C,C,0.0,5.0,33.0,refgame,1.0,page7-107,2.0,Bird with diamond in middle / fireball,7,4.2845726,-3.2143776
01KJP22PXRH9VYFY7Z1HZVNSMN,01KJP2RBVR6E36EKC8HYRAV5GF,A,A,0.0,5.0,33.0,refgame,1.0,page7-107,2.0,Fireball,1,4.4807835,-3.3813891
01KJP22PXRH9VYFY7Z1HZVNSMN,01KJP2RVD8SK7AN1X5EMGRM458,B,B,0.0,5.0,33.0,refgame,1.0,page7-107,3.0,asteroid,1,3.3735392,0.96775365
01KJP22PXRH9VYFY7Z1HZVNSMN,01KJP2Q4FMMNPG4DTS771Y4V70,A,B,0.0,0.0,36.0,refgame,2.0,page3-35,1.0,"Royal chalice, triangle base with a triangle at top, like a house",12,0.9441125,0.27955455
01KJP22PXRH9VYFY7Z1HZVNSMN,01KJP2RH1QNE571FNJRJ0ZHM7W,B,A,0.0,0.0,36.0,refgame,2.0,page3-35,1.0,chess piece,2,1.9533304,-3.4125786
01KJP22PXRH9VYFY7Z1HZVNSMN,01KJP2SNNP4ZB6K1QMGZX5CC0T,C,C,0.0,0.0,36.0,refgame,2.0,page3-35,1.0,Jason here says that it is a tall birdhouse shape,10,5.5974007,-6.3230724
01KJP22PXRH9VYFY7Z1HZVNSMN,01KJP2Q9Z7MR3VPYE4MH3SC9C8,C,C,0.0,2.0,12.0,refgame,1.0,page3-35,1.0,"It looks like a clock shape, square on top, base is trapezoid",12,5.11763,-6.7663674
01KJP22PXRH9VYFY7Z1HZVNSMN,01KJP2RBVR6E36EKC8HYRAV5GF,A,A,0.0,2.0,12.0,refgame,1.0,page3-35,1.0,"Looks like a fancy mediaval cup with a diamond at the top, Triangle for a base, Going up to a stem thats a diamond and square combined",27,2.144806,-0.2966396
01KJP22PXRH9VYFY7Z1HZVNSMN,01KJP2RVD8SK7AN1X5EMGRM458,B,B,0.0,1.0,11.0,refgame,1.0,page7-255,1.0,person with hood going right,5,-3.3694437,1.7014267
01KJP22PXRH9VYFY7Z1HZVNSMN,01KJP2SDQCR0935BS4E06A6D2G,C,C,0.0,1.0,11.0,refgame,1.0,page7-255,1.0,it is the bunny looking one has a tringle ear and a paralllelogram other ear,15,-1.8530468,-0.97523195
01KJP22PXRH9VYFY7Z1HZVNSMN,01KJP2SGRYQPGESDGRKTMMAJX4,A,A,0.0,1.0,11.0,refgame,1.0,page7-255,1.0,"the closest thing to abird a short pointy head pertruding out on the rifht, no diamond.",16,1.6218374,-0.22334762
01KJP22PXRH9VYFY7Z1HZVNSMN,01KJP2RVD8SK7AN1X5EMGRM458,B,B,0.0,1.0,10.0,refgame,1.0,page7-107,1.0,flaming asteroid going to the right side,7,3.330235,0.95895743
01KJP22PXRH9VYFY7Z1HZVNSMN,01KJP2SDQCR0935BS4E06A6D2G,C,C,0.0,1.0,10.0,refgame,1.0,page7-107,1.0,it is a fire ball with a diamond in the middle,11,4.3388486,-3.1413162
01KJP22PXRH9VYFY7Z1HZVNSMN,01KJP2SGRYQPGESDGRKTMMAJX4,A,A,0.0,1.0,10.0,refgame,1.0,page7-107,1.0,"a sideways blank white square in the middle, the only one that has a white square in the middle, sure diamond!",21,2.125588,0.3239807
01KJP22PXRH9VYFY7Z1HZVNSMN,01KJP2Q4FMMNPG4DTS771Y4V70,A,A,0.0,3.0,20.0,refgame,1.0,page9-46,2.0,"A triangle for a slope pointed towards right, and a backwards c, pyramid one, Rectangle taken out on the left",20,0.7145874,-1.7424346
01KJP22PXRH9VYFY7Z1HZVNSMN,01KJP2RH1QNE571FNJRJ0ZHM7W,B,B,0.0,3.0,20.0,refgame,1.0,page9-46,3.0,big mouth going left,4,0.124994814,-0.34967968
01KJP22PXRH9VYFY7Z1HZVNSMN,01KJP2SNNP4ZB6K1QMGZX5CC0T,C,C,0.0,3.0,20.0,refgame,1.0,page9-46,2.0,pyramid shape with rectangle cut out . Jason here (Lika),10,0.9715601,-0.737659
01KJP22PXRH9VYFY7Z1HZVNSMN,01KJP2RVD8SK7AN1X5EMGRM458,B,B,0.0,1.0,9.0,refgame,1.0,page5-28,1.0,"cigarette box with cigarette coming from right side, rectangle that goes to right",13,1.9854592,2.1266146
01KJP22PXRH9VYFY7Z1HZVNSMN,01KJP2SDQCR0935BS4E06A6D2G,C,C,0.0,1.0,9.0,refgame,1.0,page5-28,1.0,the muffler one it a sideways rectangle,7,0.5900904,3.336586
01KJP22PXRH9VYFY7Z1HZVNSMN,01KJP2SGRYQPGESDGRKTMMAJX4,A,A,0.0,1.0,9.0,refgame,1.0,page5-28,1.0,"turtle looking with a rectangular body, head is on the right, turtle neck is extended",15,-0.69253427,-0.19425908
01KJP22PXRH9VYFY7Z1HZVNSMN,01KJP2Q4FMMNPG4DTS771Y4V70,A,A,0.0,3.0,19.0,refgame,1.0,page7-255,2.0,"I think we said bird? Sidways triangle, WIth the tip to the right, Trapezoid at the back of its head, Triangle for beak",23,-0.9031007,-0.31192648
01KJP22PXRH9VYFY7Z1HZVNSMN,01KJP2RH1QNE571FNJRJ0ZHM7W,B,B,0.0,3.0,19.0,refgame,1.0,page7-255,3.0,it's that person in hood jumping again,7,-3.3256752,1.658963
01KJP22PXRH9VYFY7Z1HZVNSMN,01KJP2SNNP4ZB6K1QMGZX5CC0T,C,C,0.0,3.0,19.0,refgame,1.0,page7-255,2.0,"bunny with triangle and parlleagram on top, Jason Lika here",10,-2.1017704,-1.4441173
01KJP22PXRH9VYFY7Z1HZVNSMN,01KJP2RVD8SK7AN1X5EMGRM458,B,B,0.0,4.0,25.0,refgame,1.0,page9-46,2.0,big mouth left,3,0.030212598,-0.32667652
01KJP22PXRH9VYFY7Z1HZVNSMN,01KJP2SDQCR0935BS4E06A6D2G,C,C,0.0,4.0,25.0,refgame,1.0,page9-46,2.0,pyramid with rectangle cut out in the middle,8,0.72352487,-1.6407351
01KJP22PXRH9VYFY7Z1HZVNSMN,01KJP2SGRYQPGESDGRKTMMAJX4,A,A,0.0,4.0,25.0,refgame,1.0,page9-46,2.0,"paper clip remover, rectangle white hole",6,1.3033814,2.4752073
01KJP22PXRH9VYFY7Z1HZVNSMN,01KJP2Q4FMMNPG4DTS771Y4V70,A,A,0.0,3.0,18.0,refgame,1.0,page7-107,2.0,"Fireball, With diamond",3,4.333856,-3.184761
01KJP22PXRH9VYFY7Z1HZVNSMN,01KJP2RH1QNE571FNJRJ0ZHM7W,B,B,0.0,3.0,18.0,refgame,1.0,page7-107,3.0,our favorite asteroid,3,3.4265926,0.9656588
01KJP22PXRH9VYFY7Z1HZVNSMN,01KJP2SNNP4ZB6K1QMGZX5CC0T,C,C,0.0,3.0,18.0,refgame,1.0,page7-107,2.0,bird head with diamond hole in center (Jason here (Lika)),10,1.8540258,-0.7327119
01KJP22PXRH9VYFY7Z1HZVNSMN,01KJP2RVD8SK7AN1X5EMGRM458,B,B,0.0,4.0,24.0,refgame,1.0,page7-255,2.0,hood person,2,-3.2571237,1.6155884
01KJP22PXRH9VYFY7Z1HZVNSMN,01KJP2SDQCR0935BS4E06A6D2G,C,C,0.0,4.0,24.0,refgame,1.0,page7-255,2.0,bunny,1,-4.5598807,-4.8317523
01KJP22PXRH9VYFY7Z1HZVNSMN,01KJP2SGRYQPGESDGRKTMMAJX4,A,A,0.0,4.0,24.0,refgame,1.0,page7-255,2.0,bird looking one with the small triangle head on the right,11,-1.4121975,-0.0808506
01KJP22PXRH9VYFY7Z1HZVNSMN,01KJP2Q9Z7MR3VPYE4MH3SC9C8,C,C,0.0,2.0,17.0,refgame,1.0,page9-46,1.0,Pyramid shape with rectangle cut out of it,8,0.74170744,-1.75646
01KJP22PXRH9VYFY7Z1HZVNSMN,01KJP2RBVR6E36EKC8HYRAV5GF,A,A,0.0,2.0,17.0,refgame,1.0,page9-46,1.0,"Its a pyramid with the top cut off, And a rectangular hole on the left",15,0.87150294,-1.5231731
01KJP22PXRH9VYFY7Z1HZVNSMN,01KJP2RH1QNE571FNJRJ0ZHM7W,B,B,0.0,2.0,17.0,refgame,1.0,page9-46,2.0,alligator with big mouth going left,6,-0.68078434,-0.3978556
01KJP22PXRH9VYFY7Z1HZVNSMN,01KJP2Q9Z7MR3VPYE4MH3SC9C8,C,C,0.0,2.0,13.0,refgame,1.0,page-B,1.0,"This one looks like a person waving, with a square on top and triangle falling, looks kneeling",17,-6.5411916,-0.83937913
01KJP22PXRH9VYFY7Z1HZVNSMN,01KJP2RBVR6E36EKC8HYRAV5GF,A,A,0.0,2.0,13.0,refgame,1.0,page-B,1.0,"The bunny thing, Triangle for arms, Off kilter square for a head, Looks like somebody praying facing right",18,-6.900673,-0.9515956
01KJP22PXRH9VYFY7Z1HZVNSMN,01KJP2RH1QNE571FNJRJ0ZHM7W,B,B,0.0,2.0,13.0,refgame,1.0,page-B,2.0,praying person again,3,-7.240971,-0.096009284
01KJP22PXRH9VYFY7Z1HZVNSMN,01KJP2Q9Z7MR3VPYE4MH3SC9C8,C,C,0.0,2.0,16.0,refgame,1.0,page5-28,1.0,Muffler on its side,4,0.7908729,3.3265767
01KJP22PXRH9VYFY7Z1HZVNSMN,01KJP2RBVR6E36EKC8HYRAV5GF,A,A,0.0,2.0,16.0,refgame,1.0,page5-28,1.0,"Whale swimming the the left, Large rectangle head left, then a tail pointing to the right",16,-0.9001213,-0.8136732
01KJP22PXRH9VYFY7Z1HZVNSMN,01KJP2RH1QNE571FNJRJ0ZHM7W,B,B,0.0,2.0,16.0,refgame,1.0,page5-28,2.0,that cigarette one with the weird thing,7,2.1314874,2.0919378
01KJP22PXRH9VYFY7Z1HZVNSMN,01KJP2Q4FMMNPG4DTS771Y4V70,A,A,0.0,3.0,23.0,refgame,1.0,page3-35,2.0,"Ok the chalice one? Royal cup, Triangle on top with a thin middle",13,1.1887454,0.04875468
01KJP22PXRH9VYFY7Z1HZVNSMN,01KJP2RH1QNE571FNJRJ0ZHM7W,B,B,0.0,3.0,23.0,refgame,1.0,page3-35,3.0,looks kind like  a chess piece,6,1.9481577,-3.3717446
01KJP22PXRH9VYFY7Z1HZVNSMN,01KJP2SNNP4ZB6K1QMGZX5CC0T,C,C,0.0,3.0,23.0,refgame,1.0,page3-35,2.0,tall birdhouse... Jason here (Lika),5,5.45469,-6.386083
01KJP22PXRH9VYFY7Z1HZVNSMN,01KJP2Q9Z7MR3VPYE4MH3SC9C8,C,C,0.0,2.0,15.0,refgame,1.0,page7-107,1.0,The bird with a diamond in the middle / fireball shape,11,4.277795,-3.0996528
01KJP22PXRH9VYFY7Z1HZVNSMN,01KJP2RBVR6E36EKC8HYRAV5GF,A,A,0.0,2.0,15.0,refgame,1.0,page7-107,1.0,"Fireball flying to the right, DIamond in the middle",9,4.223851,-2.957628
01KJP22PXRH9VYFY7Z1HZVNSMN,01KJP2RH1QNE571FNJRJ0ZHM7W,B,B,0.0,2.0,15.0,refgame,1.0,page7-107,2.0,flaming asteroid going right again,5,3.2729483,0.94775707
01KJP22PXRH9VYFY7Z1HZVNSMN,01KJP2Q9Z7MR3VPYE4MH3SC9C8,C,C,0.0,2.0,14.0,refgame,1.0,page7-255,1.0,The bunny looking one with parallelogram ear and triangle ear,10,-1.8538398,-0.9349173
01KJP22PXRH9VYFY7Z1HZVNSMN,01KJP2RBVR6E36EKC8HYRAV5GF,A,A,0.0,2.0,14.0,refgame,1.0,page7-255,1.0,"Looks like a rooster facing right, Minu you described it as a bird earlier, Many triangles",16,-1.2780364,0.062674776
01KJP22PXRH9VYFY7Z1HZVNSMN,01KJP2RH1QNE571FNJRJ0ZHM7W,B,B,0.0,2.0,14.0,refgame,1.0,page7-255,2.0,person with hood jumping and going right,7,-3.3174949,1.6875256
01KJP22PXRH9VYFY7Z1HZVNSMN,01KJP2Q4FMMNPG4DTS771Y4V70,A,A,0.0,3.0,22.0,refgame,1.0,page5-28,2.0,"Whale with tail pointed to right, Rectangle then extending out to a two triangles",14,-0.8006013,-1.0095646
01KJP22PXRH9VYFY7Z1HZVNSMN,01KJP2RH1QNE571FNJRJ0ZHM7W,B,B,0.0,3.0,22.0,refgame,1.0,page5-28,3.0,cigarette,1,2.1211195,2.0986316
01KJP22PXRH9VYFY7Z1HZVNSMN,01KJP2SNNP4ZB6K1QMGZX5CC0T,C,C,0.0,3.0,22.0,refgame,1.0,page5-28,2.0,sideways muffler rectangle Jason here (Lika),6,0.28221458,3.2658935
01KJP22PXRH9VYFY7Z1HZVNSMN,01KJP2RVD8SK7AN1X5EMGRM458,B,B,0.0,4.0,27.0,refgame,1.0,page7-107,2.0,asteroi,1,1.3102148,0.12114866
01KJP22PXRH9VYFY7Z1HZVNSMN,01KJP2SDQCR0935BS4E06A6D2G,C,C,0.0,4.0,27.0,refgame,1.0,page7-107,2.0,fire ball with diamond,4,4.4073396,-3.0870051
01KJP22PXRH9VYFY7Z1HZVNSMN,01KJP2SGRYQPGESDGRKTMMAJX4,A,A,0.0,4.0,27.0,refgame,1.0,page7-107,2.0,"missing diamond white center, looks rather fishy to me lol",10,3.345634,-1.1030946
01KJP22PXRH9VYFY7Z1HZVNSMN,01KJP2Q4FMMNPG4DTS771Y4V70,A,C,0.0,0.0,40.0,refgame,2.0,page9-46,1.0,"Topless pyramid with rectangle taken out of left side, Slope on right with large triangle",15,0.8095377,-1.675182
01KJP22PXRH9VYFY7Z1HZVNSMN,01KJP2RH1QNE571FNJRJ0ZHM7W,B,B,0.0,0.0,40.0,refgame,2.0,page9-46,1.0,big mouth going left,4,0.06436144,-0.3660193
01KJP22PXRH9VYFY7Z1HZVNSMN,01KJP2SNNP4ZB6K1QMGZX5CC0T,C,A,0.0,0.0,40.0,refgame,2.0,page9-46,1.0,jason here hsays that it is a pyramid shape with hole,11,0.98185,-1.6478518
01KJP22PXRH9VYFY7Z1HZVNSMN,01KJP2Q9Z7MR3VPYE4MH3SC9C8,C,C,0.0,5.0,32.0,refgame,1.0,page5-28,2.0,muffler,1,0.7683162,3.3526332
01KJP22PXRH9VYFY7Z1HZVNSMN,01KJP2RBVR6E36EKC8HYRAV5GF,A,A,0.0,5.0,32.0,refgame,1.0,page5-28,2.0,Whale,1,-0.82874227,-1.055393
01KJP22PXRH9VYFY7Z1HZVNSMN,01KJP2RVD8SK7AN1X5EMGRM458,B,B,0.0,5.0,32.0,refgame,1.0,page5-28,3.0,cigarette,1,2.1098998,2.0946
01KJP22PXRH9VYFY7Z1HZVNSMN,01KJP2Q4FMMNPG4DTS771Y4V70,A,C,0.0,0.0,39.0,refgame,2.0,page-B,1.0,Person praying,2,-7.369927,-0.069778785
01KJP22PXRH9VYFY7Z1HZVNSMN,01KJP2RH1QNE571FNJRJ0ZHM7W,B,B,0.0,0.0,39.0,refgame,2.0,page-B,1.0,someone praying to the right,5,-7.32346,-0.19074428
01KJP22PXRH9VYFY7Z1HZVNSMN,01KJP2SNNP4ZB6K1QMGZX5CC0T,C,A,0.0,0.0,39.0,refgame,2.0,page-B,1.0,jason here says the shape is a vase with pieces falling off the top,14,1.1239073,0.3255165
01KJP22PXRH9VYFY7Z1HZVNSMN,01KJP2Q9Z7MR3VPYE4MH3SC9C8,C,C,0.0,5.0,31.0,refgame,1.0,page3-35,2.0,birdhouse,1,5.2338037,-5.577683
01KJP22PXRH9VYFY7Z1HZVNSMN,01KJP2RBVR6E36EKC8HYRAV5GF,A,A,0.0,5.0,31.0,refgame,1.0,page3-35,2.0,"Royal chalice, Triangle base, square stem",6,1.1126126,0.0781575
01KJP22PXRH9VYFY7Z1HZVNSMN,01KJP2RVD8SK7AN1X5EMGRM458,B,B,0.0,5.0,31.0,refgame,1.0,page3-35,3.0,chess piece,2,1.97578,-3.397423
01KJP22PXRH9VYFY7Z1HZVNSMN,01KJP2Q4FMMNPG4DTS771Y4V70,A,A,0.0,0.0,38.0,refgame,2.0,page7-255,1.0,"Rooster with triangle on top, Parrallogram on left",8,-1.13129,0.18305284
01KJP22PXRH9VYFY7Z1HZVNSMN,01KJP2RH1QNE571FNJRJ0ZHM7W,B,B,0.0,0.0,38.0,refgame,2.0,page7-255,1.0,hooded dude jumping,3,-3.3618083,1.7062571
01KJP22PXRH9VYFY7Z1HZVNSMN,01KJP2SNNP4ZB6K1QMGZX5CC0T,C,C,0.0,0.0,38.0,refgame,2.0,page7-255,1.0,Jason here says that it is a bunny rabbit shape,10,-4.3983192,-4.441099
01KJP22PXRH9VYFY7Z1HZVNSMN,01KJP2Q9Z7MR3VPYE4MH3SC9C8,C,C,0.0,5.0,30.0,refgame,1.0,page9-46,2.0,Pyramid with square cut out,5,0.799596,-1.645696
01KJP22PXRH9VYFY7Z1HZVNSMN,01KJP2RBVR6E36EKC8HYRAV5GF,A,A,0.0,5.0,30.0,refgame,1.0,page9-46,2.0,"Topless pyramid, With rectangle missing on the left, And yes that last one before, we call that the royal chalice",20,0.7911192,-1.2060236
01KJP22PXRH9VYFY7Z1HZVNSMN,01KJP2RVD8SK7AN1X5EMGRM458,B,B,0.0,5.0,30.0,refgame,1.0,page9-46,3.0,big mouth left,3,-0.020503862,-0.29459608
01KJP22PXRH9VYFY7Z1HZVNSMN,01KJP2RVD8SK7AN1X5EMGRM458,B,B,0.0,4.0,29.0,refgame,1.0,page3-35,2.0,chess piece,2,1.9576155,-3.4178045
01KJP22PXRH9VYFY7Z1HZVNSMN,01KJP2SDQCR0935BS4E06A6D2G,C,C,0.0,4.0,29.0,refgame,1.0,page3-35,2.0,tall birdhouse,2,5.5722194,-6.2096024
01KJP22PXRH9VYFY7Z1HZVNSMN,01KJP2SGRYQPGESDGRKTMMAJX4,A,A,0.0,4.0,29.0,refgame,1.0,page3-35,2.0,"big diamond head, mermaid bottom",5,2.1615305,-0.78861576
01KJP22PXRH9VYFY7Z1HZVNSMN,01KJP2Q4FMMNPG4DTS771Y4V70,A,C,0.0,0.0,37.0,refgame,2.0,page7-107,1.0,Fireball with diamond in middle,5,4.357007,-3.1552665
01KJP22PXRH9VYFY7Z1HZVNSMN,01KJP2RH1QNE571FNJRJ0ZHM7W,B,B,0.0,0.0,37.0,refgame,2.0,page7-107,1.0,asteroid going right,3,3.2891304,0.9520687
01KJP22PXRH9VYFY7Z1HZVNSMN,01KJP2SNNP4ZB6K1QMGZX5CC0T,C,A,0.0,0.0,37.0,refgame,2.0,page7-107,1.0,Jason here says that it is a bird head shape with a diamond hole in the middle,17,1.8999221,-0.83249146
01KJP22PXRH9VYFY7Z1HZVNSMN,01KJP2Q9Z7MR3VPYE4MH3SC9C8,C,B,0.0,5.0,71.0,refgame,2.0,page5-28,2.0,Sideways muffler - N,4,0.48932967,3.3994424
01KJP22PXRH9VYFY7Z1HZVNSMN,01KJP2RBVR6E36EKC8HYRAV5GF,A,A,0.0,5.0,71.0,refgame,2.0,page5-28,2.0,"Whale, Or cig i heard another say",7,-0.9323486,-0.9088389
01KJP22PXRH9VYFY7Z1HZVNSMN,01KJP2SDQCR0935BS4E06A6D2G,C,C,0.0,5.0,71.0,refgame,2.0,page5-28,3.0,muffler,1,0.71402276,3.368624
01KJP22PXRH9VYFY7Z1HZVNSMN,01KJP2Q9Z7MR3VPYE4MH3SC9C8,C,B,0.0,5.0,70.0,refgame,2.0,page9-46,2.0,pYramid with rectangle cut out the middle - n,9,0.7868924,-1.6840904
01KJP22PXRH9VYFY7Z1HZVNSMN,01KJP2RBVR6E36EKC8HYRAV5GF,A,A,0.0,5.0,70.0,refgame,2.0,page9-46,2.0,Topless pyramid,2,0.8048002,-1.6945137
01KJP22PXRH9VYFY7Z1HZVNSMN,01KJP2SGRYQPGESDGRKTMMAJX4,A,C,0.0,5.0,70.0,refgame,2.0,page9-46,3.0,staple remover,2,0.95331174,3.1365626
01KJP22PXRH9VYFY7Z1HZVNSMN,01KJP2Q9Z7MR3VPYE4MH3SC9C8,C,B,0.0,5.0,69.0,refgame,2.0,page3-35,2.0,"tall birdhouse - N, with square on top",8,5.4797297,-6.4776835
01KJP22PXRH9VYFY7Z1HZVNSMN,01KJP2RBVR6E36EKC8HYRAV5GF,A,A,0.0,5.0,69.0,refgame,2.0,page3-35,2.0,"Royal Chalice, Or chess piece I heard one say",9,1.1676801,-0.0069807037
01KJP22PXRH9VYFY7Z1HZVNSMN,01KJP2SGRYQPGESDGRKTMMAJX4,A,C,0.0,5.0,69.0,refgame,2.0,page3-35,3.0,smaller triangle head,3,-1.2881169,1.1090672
01KJP22PXRH9VYFY7Z1HZVNSMN,01KJP2Q4FMMNPG4DTS771Y4V70,A,A,0.0,0.0,2.0,refgame,1.0,page3-35,1.0,"House at the top, And like a lamp almost?",9,1.1314031,0.65516454
01KJP22PXRH9VYFY7Z1HZVNSMN,01KJP2RH1QNE571FNJRJ0ZHM7W,B,B,0.0,0.0,2.0,refgame,1.0,page3-35,1.0,an award or kind of like a helmet,8,1.8199173,0.040090118
01KJP22PXRH9VYFY7Z1HZVNSMN,01KJP2SNNP4ZB6K1QMGZX5CC0T,C,C,0.0,0.0,2.0,refgame,1.0,page3-35,1.0,Jason here.  Look for the one that looks liek a tall birdhouse on a stand.,15,5.5381365,-6.352441
01KJP22PXRH9VYFY7Z1HZVNSMN,01KJP2RVD8SK7AN1X5EMGRM458,B,C,0.0,4.0,61.0,refgame,2.0,page3-35,2.0,chess piece,2,1.9382035,-3.425632
01KJP22PXRH9VYFY7Z1HZVNSMN,01KJP2SDQCR0935BS4E06A6D2G,C,A,0.0,4.0,61.0,refgame,2.0,page3-35,2.0,tall birdhouse,2,5.4742956,-6.3463564
01KJP22PXRH9VYFY7Z1HZVNSMN,01KJP2SGRYQPGESDGRKTMMAJX4,A,B,0.0,4.0,61.0,refgame,2.0,page3-35,2.0,"smaller diamond head, mermaid looking bottom",6,2.0972147,-0.80922264
01KJP22PXRH9VYFY7Z1HZVNSMN,01KJP2Q9Z7MR3VPYE4MH3SC9C8,C,A,0.0,5.0,67.0,refgame,2.0,page7-255,2.0,Bunny Wabbit - N,4,-4.4897523,-4.8141303
01KJP22PXRH9VYFY7Z1HZVNSMN,01KJP2RBVR6E36EKC8HYRAV5GF,A,B,0.0,5.0,67.0,refgame,2.0,page7-255,2.0,Rooster,1,-1.1976268,0.09037803
01KJP22PXRH9VYFY7Z1HZVNSMN,01KJP2RVD8SK7AN1X5EMGRM458,B,C,0.0,5.0,67.0,refgame,2.0,page7-255,3.0,hooded dude jumping right,4,-3.3248541,1.6718707
01KJP22PXRH9VYFY7Z1HZVNSMN,01KJP2Q9Z7MR3VPYE4MH3SC9C8,C,A,0.0,5.0,66.0,refgame,2.0,page-B,2.0,square and triangle falling - N,6,0.6709061,1.4403006
01KJP22PXRH9VYFY7Z1HZVNSMN,01KJP2RBVR6E36EKC8HYRAV5GF,A,B,0.0,5.0,66.0,refgame,2.0,page-B,2.0,Prayer,1,-7.808531,0.32613844
01KJP22PXRH9VYFY7Z1HZVNSMN,01KJP2SDQCR0935BS4E06A6D2G,C,C,0.0,5.0,66.0,refgame,2.0,page-B,3.0,top is square and triangle falling off. bottom is like a vase,12,1.2256045,0.67467123
01KJP22PXRH9VYFY7Z1HZVNSMN,01KJP2RVD8SK7AN1X5EMGRM458,B,C,0.0,4.0,65.0,refgame,2.0,page7-107,2.0,asteroid,1,3.3828652,0.96363896
01KJP22PXRH9VYFY7Z1HZVNSMN,01KJP2SDQCR0935BS4E06A6D2G,C,B,0.0,4.0,65.0,refgame,2.0,page7-107,2.0,fireball w diamond middle,4,4.30454,-3.2502038
01KJP22PXRH9VYFY7Z1HZVNSMN,01KJP2SGRYQPGESDGRKTMMAJX4,A,A,0.0,4.0,65.0,refgame,2.0,page7-107,2.0,missing white diamond out of the center,7,3.3977761,-1.1641374
01KJP22PXRH9VYFY7Z1HZVNSMN,01KJP2RVD8SK7AN1X5EMGRM458,B,C,0.0,4.0,64.0,refgame,2.0,page7-255,2.0,hood dude,2,-3.3116994,1.6440711
01KJP22PXRH9VYFY7Z1HZVNSMN,01KJP2SDQCR0935BS4E06A6D2G,C,A,0.0,4.0,64.0,refgame,2.0,page7-255,2.0,rabbit,1,-4.3093286,-4.1993165
01KJP22PXRH9VYFY7Z1HZVNSMN,01KJP2SGRYQPGESDGRKTMMAJX4,A,B,0.0,4.0,64.0,refgame,2.0,page7-255,2.0,bird flying towards the right,5,-1.6712782,-0.099151574
01KJP22PXRH9VYFY7Z1HZVNSMN,01KJP2RVD8SK7AN1X5EMGRM458,B,B,0.0,4.0,63.0,refgame,2.0,page9-46,2.0,big mouth left topless pyramid,5,0.28848112,-0.8255943
01KJP22PXRH9VYFY7Z1HZVNSMN,01KJP2SDQCR0935BS4E06A6D2G,C,C,0.0,4.0,63.0,refgame,2.0,page9-46,2.0,pyramid with the rectangle cut out in the middle,9,0.7968378,-1.6046011
01KJP22PXRH9VYFY7Z1HZVNSMN,01KJP2SGRYQPGESDGRKTMMAJX4,A,A,0.0,4.0,63.0,refgame,2.0,page9-46,2.0,stapler remover,2,0.95493245,3.1950967
01KJP22PXRH9VYFY7Z1HZVNSMN,01KJP2RVD8SK7AN1X5EMGRM458,B,B,0.0,4.0,62.0,refgame,2.0,page5-28,2.0,cigarette rectangle,2,2.061672,2.2190022
01KJP22PXRH9VYFY7Z1HZVNSMN,01KJP2SDQCR0935BS4E06A6D2G,C,A,0.0,4.0,62.0,refgame,2.0,page5-28,2.0,muffler,1,0.7929971,3.382369
01KJP22PXRH9VYFY7Z1HZVNSMN,01KJP2SGRYQPGESDGRKTMMAJX4,A,C,0.0,4.0,62.0,refgame,2.0,page5-28,2.0,"whale, or sideways muffler",4,-0.85054016,-1.0194463
01KJP22PXRH9VYFY7Z1HZVNSMN,01KJP2Q4FMMNPG4DTS771Y4V70,A,C,0.0,2.0,52.0,refgame,2.0,page7-107,2.0,Fireball with diamond out of middle,6,4.3230743,-3.0956447
01KJP22PXRH9VYFY7Z1HZVNSMN,01KJP2Q9Z7MR3VPYE4MH3SC9C8,C,A,0.0,2.0,52.0,refgame,2.0,page7-107,1.0,Bird with diamond in middle / fireball - N,9,4.3002634,-3.1770444
01KJP22PXRH9VYFY7Z1HZVNSMN,01KJP2RBVR6E36EKC8HYRAV5GF,A,B,0.0,2.0,52.0,refgame,2.0,page7-107,1.0,"Fireball shooting to the right, Diamond in the middle",9,4.3886733,-3.1072776
01KJP22PXRH9VYFY7Z1HZVNSMN,01KJP2Q9Z7MR3VPYE4MH3SC9C8,C,B,0.0,2.0,51.0,refgame,2.0,page7-255,1.0,Bunny Wabbit - N,4,-4.487525,-4.8347187
01KJP22PXRH9VYFY7Z1HZVNSMN,01KJP2RBVR6E36EKC8HYRAV5GF,A,A,0.0,2.0,51.0,refgame,2.0,page7-255,1.0,"Rooster, Triangle for head",4,-1.1732441,0.2336015
01KJP22PXRH9VYFY7Z1HZVNSMN,01KJP2RH1QNE571FNJRJ0ZHM7W,B,C,0.0,2.0,51.0,refgame,2.0,page7-255,2.0,hooded person jumping,3,-3.273421,1.6100187
01KJP22PXRH9VYFY7Z1HZVNSMN,01KJP2Q9Z7MR3VPYE4MH3SC9C8,C,B,0.0,2.0,49.0,refgame,2.0,page-B,1.0,sQUARE AND Triangle falling - N,6,0.70464987,1.4139546
01KJP22PXRH9VYFY7Z1HZVNSMN,01KJP2RBVR6E36EKC8HYRAV5GF,A,A,0.0,2.0,49.0,refgame,2.0,page-B,1.0,Prayer,1,-7.8182626,0.32316273
01KJP22PXRH9VYFY7Z1HZVNSMN,01KJP2SNNP4ZB6K1QMGZX5CC0T,C,C,0.0,2.0,49.0,refgame,2.0,page-B,2.0,jason here says vase with pieces falling of the top,10,1.357749,0.2676773
01KJP22PXRH9VYFY7Z1HZVNSMN,01KJP2Q4FMMNPG4DTS771Y4V70,A,C,0.0,2.0,48.0,refgame,2.0,page9-46,2.0,"Topless pyramid, Rectangle taken out of side, Left side, Large triangle slope on right",14,0.7277589,-1.8097361
01KJP22PXRH9VYFY7Z1HZVNSMN,01KJP2Q9Z7MR3VPYE4MH3SC9C8,C,B,0.0,2.0,48.0,refgame,2.0,page9-46,1.0,Pyramid with rectangle cut out the middle - N,9,0.7653204,-1.6609048
01KJP22PXRH9VYFY7Z1HZVNSMN,01KJP2RBVR6E36EKC8HYRAV5GF,A,A,0.0,2.0,48.0,refgame,2.0,page9-46,1.0,"Topless pyramid, Rectangle missing from left",6,0.7047901,-1.7765602
01KJP22PXRH9VYFY7Z1HZVNSMN,01KJP2Q4FMMNPG4DTS771Y4V70,A,C,0.0,2.0,50.0,refgame,2.0,page5-28,2.0,Whale,1,-0.83669734,-1.0115565
01KJP22PXRH9VYFY7Z1HZVNSMN,01KJP2Q9Z7MR3VPYE4MH3SC9C8,C,B,0.0,2.0,50.0,refgame,2.0,page5-28,1.0,Sideways muffler - N,4,0.516497,3.4200616
01KJP22PXRH9VYFY7Z1HZVNSMN,01KJP2RBVR6E36EKC8HYRAV5GF,A,A,0.0,2.0,50.0,refgame,2.0,page5-28,1.0,"Whale pointing left, Parallelogram for tail, One person said cig, another said muffler",13,-0.7907147,-1.0218499
01KJP22PXRH9VYFY7Z1HZVNSMN,01KJP2RVD8SK7AN1X5EMGRM458,B,B,0.0,1.0,46.0,refgame,2.0,page9-46,1.0,big mouth left topless pyramid,5,0.29176244,-0.81967527
01KJP22PXRH9VYFY7Z1HZVNSMN,01KJP2SDQCR0935BS4E06A6D2G,C,C,0.0,1.0,46.0,refgame,2.0,page9-46,1.0,pyramid with a rectangle cut out,6,0.821633,-1.6721921
01KJP22PXRH9VYFY7Z1HZVNSMN,01KJP2SGRYQPGESDGRKTMMAJX4,A,A,0.0,1.0,46.0,refgame,2.0,page9-46,1.0,paper clip remover,3,1.0288613,2.9879944
01KJP22PXRH9VYFY7Z1HZVNSMN,01KJP2RVD8SK7AN1X5EMGRM458,B,A,0.0,1.0,47.0,refgame,2.0,page-B,1.0,praying dude,2,-7.114874,0.09668949
01KJP22PXRH9VYFY7Z1HZVNSMN,01KJP2SDQCR0935BS4E06A6D2G,C,C,0.0,1.0,47.0,refgame,2.0,page-B,1.0,square and triangle falling off,5,0.6475845,1.5636064
01KJP22PXRH9VYFY7Z1HZVNSMN,01KJP2SGRYQPGESDGRKTMMAJX4,A,B,0.0,1.0,47.0,refgame,2.0,page-B,1.0,prayer,1,-7.836239,0.33941507
01KJP22PXRH9VYFY7Z1HZVNSMN,01KJP2RVD8SK7AN1X5EMGRM458,B,A,0.0,1.0,45.0,refgame,2.0,page5-28,1.0,cigarette coming out of right side of rectangle,8,2.0013237,2.0268495
01KJP22PXRH9VYFY7Z1HZVNSMN,01KJP2SDQCR0935BS4E06A6D2G,C,B,0.0,1.0,45.0,refgame,2.0,page5-28,1.0,muffler so rectangle sideways,4,0.66814584,3.3763216
01KJP22PXRH9VYFY7Z1HZVNSMN,01KJP2SGRYQPGESDGRKTMMAJX4,A,C,0.0,1.0,45.0,refgame,2.0,page5-28,1.0,whale,1,-0.8299005,-1.0215713
01KJP22PXRH9VYFY7Z1HZVNSMN,01KJP2RVD8SK7AN1X5EMGRM458,B,C,0.0,1.0,43.0,refgame,2.0,page7-255,1.0,hooded dude jumping right,4,-3.3286355,1.6617043
01KJP22PXRH9VYFY7Z1HZVNSMN,01KJP2SDQCR0935BS4E06A6D2G,C,A,0.0,1.0,43.0,refgame,2.0,page7-255,1.0,bunny,1,-4.5755906,-4.9237323
01KJP22PXRH9VYFY7Z1HZVNSMN,01KJP2SGRYQPGESDGRKTMMAJX4,A,B,0.0,1.0,43.0,refgame,2.0,page7-255,1.0,bird flying with small triangle head on right,8,-1.586043,-0.0883947
01KJP22PXRH9VYFY7Z1HZVNSMN,01KJP2RVD8SK7AN1X5EMGRM458,B,C,0.0,1.0,42.0,refgame,2.0,page7-107,1.0,asteroid,1,3.376467,0.96196896
01KJP22PXRH9VYFY7Z1HZVNSMN,01KJP2SDQCR0935BS4E06A6D2G,C,B,0.0,1.0,42.0,refgame,2.0,page7-107,1.0,fire ball w diamond in the middle,7,4.178725,-2.9360921
01KJP22PXRH9VYFY7Z1HZVNSMN,01KJP2SGRYQPGESDGRKTMMAJX4,A,A,0.0,1.0,42.0,refgame,2.0,page7-107,1.0,white diamond missing from body,5,3.5054336,-1.227619
01KJP22PXRH9VYFY7Z1HZVNSMN,01KJP2Q4FMMNPG4DTS771Y4V70,A,C,0.0,0.0,41.0,refgame,2.0,page5-28,1.0,"Whale with big rectangle, And tail pointing to right, Small rectangle connecting",12,-0.9063957,-0.8973792
01KJP22PXRH9VYFY7Z1HZVNSMN,01KJP2RH1QNE571FNJRJ0ZHM7W,B,B,0.0,0.0,41.0,refgame,2.0,page5-28,1.0,pack of cigs with weird stick coming out,8,1.1116791,1.0011543
01KJP22PXRH9VYFY7Z1HZVNSMN,01KJP2SNNP4ZB6K1QMGZX5CC0T,C,A,0.0,0.0,41.0,refgame,2.0,page5-28,1.0,"jason says it is the muffler shape, sideways recatangle",9,0.37000352,3.28978
01KJP22PXRH9VYFY7Z1HZVNSMN,01KJP2Q4FMMNPG4DTS771Y4V70,A,C,0.0,3.0,59.0,refgame,2.0,page5-28,3.0,"Whale, Rectangle on left tail coming out of right, triangle tail",11,-0.7705573,-0.982249
01KJP22PXRH9VYFY7Z1HZVNSMN,01KJP2RH1QNE571FNJRJ0ZHM7W,B,A,0.0,3.0,59.0,refgame,2.0,page5-28,2.0,sideways muffler,2,0.5306241,3.4284103
01KJP22PXRH9VYFY7Z1HZVNSMN,01KJP2SNNP4ZB6K1QMGZX5CC0T,C,B,0.0,3.0,59.0,refgame,2.0,page5-28,2.0,sideways muffler says Jason,4,0.33568752,3.3505926
01KJP22PXRH9VYFY7Z1HZVNSMN,01KJP2RVD8SK7AN1X5EMGRM458,B,B,0.0,1.0,44.0,refgame,2.0,page3-35,1.0,chess piece,2,1.9461942,-3.4328904
01KJP22PXRH9VYFY7Z1HZVNSMN,01KJP2SDQCR0935BS4E06A6D2G,C,A,0.0,1.0,44.0,refgame,2.0,page3-35,1.0,tall birdhouse,2,5.497253,-6.361671
01KJP22PXRH9VYFY7Z1HZVNSMN,01KJP2SGRYQPGESDGRKTMMAJX4,A,C,0.0,1.0,44.0,refgame,2.0,page3-35,1.0,"smaller diamond block head, thinner",5,2.1386352,-0.7335981
01KJP22PXRH9VYFY7Z1HZVNSMN,01KJP2Q4FMMNPG4DTS771Y4V70,A,C,0.0,3.0,58.0,refgame,2.0,page9-46,3.0,"Topless pyramid, Rectangle taken out of side",7,0.6750333,-1.7836337
01KJP22PXRH9VYFY7Z1HZVNSMN,01KJP2RH1QNE571FNJRJ0ZHM7W,B,B,0.0,3.0,58.0,refgame,2.0,page9-46,2.0,alligator with big mouth,4,-1.0460596,-0.5040186
01KJP22PXRH9VYFY7Z1HZVNSMN,01KJP2SNNP4ZB6K1QMGZX5CC0T,C,A,0.0,3.0,58.0,refgame,2.0,page9-46,2.0,jason says it is the pyramid without a top,9,0.8683306,-1.5656296
01KJP22PXRH9VYFY7Z1HZVNSMN,01KJP2Q4FMMNPG4DTS771Y4V70,A,A,0.0,3.0,56.0,refgame,2.0,page-B,2.0,"Person praying, Square for head triangle for hands, Triangle back",10,-6.9684143,-0.7173625
01KJP22PXRH9VYFY7Z1HZVNSMN,01KJP2RH1QNE571FNJRJ0ZHM7W,B,B,0.0,3.0,56.0,refgame,2.0,page-B,2.0,looks like praying,3,-7.046794,-0.21863547
01KJP22PXRH9VYFY7Z1HZVNSMN,01KJP2SNNP4ZB6K1QMGZX5CC0T,C,C,0.0,3.0,56.0,refgame,2.0,page-B,3.0,jason says pieces falling of the vase,7,1.3289533,0.05075755
01KJP22PXRH9VYFY7Z1HZVNSMN,01KJP2Q4FMMNPG4DTS771Y4V70,A,A,0.0,3.0,57.0,refgame,2.0,page3-35,3.0,"Royal chalice, House on top",5,1.1351367,0.041321207
01KJP22PXRH9VYFY7Z1HZVNSMN,01KJP2RH1QNE571FNJRJ0ZHM7W,B,B,0.0,3.0,57.0,refgame,2.0,page3-35,2.0,chess piece,2,1.9651464,-3.428443
01KJP22PXRH9VYFY7Z1HZVNSMN,01KJP2SNNP4ZB6K1QMGZX5CC0T,C,C,0.0,3.0,57.0,refgame,2.0,page3-35,2.0,jason says it is the tall birdhouse,7,5.335195,-6.232585
01KJP22PXRH9VYFY7Z1HZVNSMN,01KJP2Q4FMMNPG4DTS771Y4V70,A,C,0.0,3.0,55.0,refgame,2.0,page7-255,2.0,"Rooster, Triangle on top, Parallelogram on left",7,-1.0383157,0.30409163
01KJP22PXRH9VYFY7Z1HZVNSMN,01KJP2RH1QNE571FNJRJ0ZHM7W,B,A,0.0,3.0,55.0,refgame,2.0,page7-255,3.0,hooded person jumping,3,-3.3905585,1.7041667
01KJP22PXRH9VYFY7Z1HZVNSMN,01KJP2SNNP4ZB6K1QMGZX5CC0T,C,B,0.0,3.0,55.0,refgame,2.0,page7-255,2.0,Jason says it was the bunny wabbit,7,-4.443965,-4.384102
01KJP22PXRH9VYFY7Z1HZVNSMN,01KJP2Q9Z7MR3VPYE4MH3SC9C8,C,B,0.0,5.0,68.0,refgame,2.0,page7-107,2.0,Bird w diamond eye / fireball - n,8,4.229176,-3.2103424
01KJP22PXRH9VYFY7Z1HZVNSMN,01KJP2RBVR6E36EKC8HYRAV5GF,A,A,0.0,5.0,68.0,refgame,2.0,page7-107,2.0,Fireball,1,4.4593744,-3.360296
01KJP22PXRH9VYFY7Z1HZVNSMN,01KJP2RVD8SK7AN1X5EMGRM458,B,C,0.0,5.0,68.0,refgame,2.0,page7-107,3.0,asteroid,1,3.3907864,0.9855736
01KJP22PXRH9VYFY7Z1HZVNSMN,01KJP2Q4FMMNPG4DTS771Y4V70,A,A,0.0,3.0,54.0,refgame,2.0,page7-107,3.0,Fireball,1,4.528444,-3.4029984
01KJP22PXRH9VYFY7Z1HZVNSMN,01KJP2RH1QNE571FNJRJ0ZHM7W,B,B,0.0,3.0,54.0,refgame,2.0,page7-107,2.0,asteroid,1,3.4217796,0.97693527
01KJP22PXRH9VYFY7Z1HZVNSMN,01KJP2SNNP4ZB6K1QMGZX5CC0T,C,C,0.0,3.0,54.0,refgame,2.0,page7-107,2.0,bird head with diamond eye hole says Jason,8,1.7725327,-0.7633357
01KJP22PXRH9VYFY7Z1HZVNSMN,01KJP2RVD8SK7AN1X5EMGRM458,B,B,0.0,1.0,7.0,refgame,1.0,page9-46,1.0,triangle with rectangle in white coming from left side,9,1.2114085,1.83644
01KJP22PXRH9VYFY7Z1HZVNSMN,01KJP2SDQCR0935BS4E06A6D2G,C,C,0.0,1.0,7.0,refgame,1.0,page9-46,1.0,it has a rectangle cut out of it so like a reverse letter c,14,1.3748254,2.9758782
01KJP22PXRH9VYFY7Z1HZVNSMN,01KJP2SGRYQPGESDGRKTMMAJX4,A,A,0.0,1.0,7.0,refgame,1.0,page9-46,1.0,"Looks like a paper clip remover, mouth facing left",9,0.98514163,3.0158613
01KJP22PXRH9VYFY7Z1HZVNSMN,01KJP2RVD8SK7AN1X5EMGRM458,B,B,0.0,1.0,6.0,refgame,1.0,page3-35,1.0,helmet looking down,3,1.76085,-0.014645082
01KJP22PXRH9VYFY7Z1HZVNSMN,01KJP2SDQCR0935BS4E06A6D2G,C,C,0.0,1.0,6.0,refgame,1.0,page3-35,1.0,pick the one that is the birdhouse,7,5.250876,-6.1301603
01KJP22PXRH9VYFY7Z1HZVNSMN,01KJP2Q4FMMNPG4DTS771Y4V70,A,C,0.0,2.0,53.0,refgame,2.0,page3-35,2.0,"Royal chalice, Triangle on top, House like",7,0.9645861,0.23243856
01KJP22PXRH9VYFY7Z1HZVNSMN,01KJP2Q9Z7MR3VPYE4MH3SC9C8,C,B,0.0,2.0,53.0,refgame,2.0,page3-35,1.0,Birdhouse - N,3,5.463183,-5.8496866
01KJP22PXRH9VYFY7Z1HZVNSMN,01KJP2RBVR6E36EKC8HYRAV5GF,A,A,0.0,2.0,53.0,refgame,2.0,page3-35,1.0,"Royal chalice, Or chess piece, i heard one say",9,1.2324234,0.02096601
01KJP22PXRH9VYFY7Z1HZVNSMN,01KJP2RVD8SK7AN1X5EMGRM458,B,A,0.0,4.0,60.0,refgame,2.0,page-B,2.0,praying dude,2,-7.081747,0.09559595
01KJP22PXRH9VYFY7Z1HZVNSMN,01KJP2SDQCR0935BS4E06A6D2G,C,C,0.0,4.0,60.0,refgame,2.0,page-B,2.0,"square and triangle falling off, they are on the top",10,0.73813325,1.2018316
01KJP22PXRH9VYFY7Z1HZVNSMN,01KJP2SGRYQPGESDGRKTMMAJX4,A,B,0.0,4.0,60.0,refgame,2.0,page-B,2.0,prayer,1,-7.84003,0.34552872
