gameId,playerId,playerName,originalGroup,currentGroup,role,blockNum,phase,phaseNum,target,clicked,clickedCorrect,roundScore,roundId,lateClick,clickedAt,tangramSelectedAt,selectionRenderedAt,socialGuessSelectedAt,selectionRt,socialGuessRt,timeout,lateSocialGuess,trialNum,reshuffleMode,tangramSet,selectionStartedAt,selectionEndedAt,selectionDurationMs,repNum,speakerId,inGroupSpeaker,groupSize,speakerReassigned,hasSpeakerMessage,responseOpportunity,serverSpeakerId,serverInGroupListener,serverGroupSize,reshuffleGroups,reshuffleTrios,reshuffleTriosOk,reshufflePairs,excluded,exclusionReason
01KJN6MMQ03KZPZN0275VZXK6R,01KJN7A44GGBE9XR412KV5BFSC,Bavi,B,B,speaker,2.0,refgame,1.0,page5-28,,,2.0,01KJN7JHZM2WM100YZYN6HXHWY,False,,,,,,,False,False,13.0,,0.0,1772387287191,1772387324321,37130,1.0,01KJN7A44GGBE9XR412KV5BFSC,,3,False,True,False,,,,,,,,False,
01KJN6MMPQTMDYRN709968YFN1,01KJN791EPN054R2NTQQ1BFXJ5,Minu,A,A,speaker,4.0,refgame,1.0,page7-107,,,2.0,01KJN7K5G2ENPCM8MXBD0JEWNB,False,,,,,,,False,False,26.0,,0.0,1772387935343,1772387955271,19928,2.0,01KJN791EPN054R2NTQQ1BFXJ5,,3,False,True,False,,,,,,,,False,
01KJN6MMPQTMDYRN709DP5DSDA,01KJN7931DXZ65NXTWK1GNEZMW,Nori,C,C,listener,3.0,refgame,2.0,page-B,page-B,True,2.0,01KJN7KZ53A9914CYGA6DKSVTE,False,,,,,,,False,False,54.0,,0.0,1772388333789,1772388353858,20069,,01KJN79ZQD1E4YD03FE5CGJY8K,True,3,False,True,True,,,,,,,,False,
01KJN6MMPQTMDYRN709968YFN1,01KJN78JVY5FN5QXW9XGGE72RG,Player,A,B,speaker,2.0,refgame,2.0,page5-28,,,2.0,01KJN7K5H5ZRHXSPNRV2ZHHSXR,False,,,,,,,False,False,50.0,,0.0,1772388673634,1772388691807,18173,1.0,01KJN78JVY5FN5QXW9XGGE72RG,,3,False,True,False,,,,,,,,False,
01KJN6MMPQTMDYRN709968YFN1,01KJN78JVY5FN5QXW9XGGE72RG,Player,A,B,listener,4.0,refgame,2.0,page7-255,page7-255,True,2.0,01KJN7K5KA3E984TAA3QPV7RDV,False,,,,,,,False,False,61.0,,0.0,1772388899495,1772388914994,15499,,01KJN791EPN054R2NTQQ1BFXJ5,True,3,False,True,True,,,,,,,,False,
01KJN6MMPQTMDYRN709968YFN1,01KJN788SPAKVVBHX9T9FDQWAF,Player,B,B,speaker,4.0,refgame,2.0,page-B,,,2.0,01KJN7K5K20BTBV5B0XHZTHSK8,False,,,,,,,False,False,64.0,,0.0,1772388962366,1772388972779,10413,2.0,01KJN788SPAKVVBHX9T9FDQWAF,,3,False,True,False,,,,,,,,False,
01KJN6MMPQTMDYRN709968YFN1,01KJN78JVY5FN5QXW9XGGE72RG,Player,A,A,speaker,5.0,refgame,2.0,page7-255,,,2.0,01KJN7K5QNDHCB49S4Q90QXRYG,False,,,,,,,False,False,67.0,,0.0,1772389025099,1772389044573,19474,2.0,01KJN78JVY5FN5QXW9XGGE72RG,,3,False,True,False,,,,,,,,False,
01KJN6MMPQTMDYRN709968YFN1,01KJN796KT7FCNV2F9QNCQDSES,Felu,C,C,listener,0.0,refgame,1.0,page7-107,,False,0.0,01KJN7K5FA1TQ33CB0SW5804S0,False,,,,,,,True,False,0.0,,0.0,1772386630486,1772386675490,45004,,01KJN78M7563R5D9TQE5G142DA,True,3,False,False,False,,,,,,,,False,
01KJN6MMQ03KZPZN0275VZXK6R,01KJN79J529BWBWTESKB6D9MB7,Lika,C,C,speaker,0.0,refgame,1.0,page5-28,,,1.0,01KJN7JHZFFFSQ6C949D4A45VQ,False,,,,,,,False,False,2.0,,0.0,1772386731115,1772386774129,43014,1.0,01KJN79J529BWBWTESKB6D9MB7,,3,False,True,False,,,,,,,,False,
01KJN6MMPQTMDYRN709968YFN1,01KJN78B0TFR8F59JDGD057XNS,Player,A,A,listener,4.0,refgame,2.0,page9-46,page9-46,True,2.0,01KJN7K5RH8WAK5SD7F93EBYXB,False,,,,,,,False,False,65.0,,0.0,1772388983249,1772388994056,10807,,01KJN788SPAKVVBHX9T9FDQWAF,False,3,False,True,True,,,,,,,,False,
01KJN6MMPQTMDYRN709DP5DSDA,01KJN79ZRTRDMY6RH8ZCYCM9NV,Minu,A,A,listener,5.0,refgame,2.0,page9-46,page9-46,True,2.0,01KJN7KZ4514C3QZK5XNERM52K,False,,,,,,,False,False,67.0,,0.0,1772388551585,1772388565781,14196,,01KJN7B32C1C5254NSG6ZK1GRK,True,3,False,True,True,,,,,,,,False,
01KJN6MMQ03KZPZN0275VZXK6R,01KJN7AZC7FAG17CY924MRTCF7,Player,A,C,speaker,2.0,refgame,2.0,page5-28,,,2.0,01KJN7JJ144X9C126M86JNY5Y5,False,,,,,,,False,False,50.0,,0.0,1772388771422,1772388791447,20025,1.0,01KJN7AZC7FAG17CY924MRTCF7,,3,False,True,False,,,,,,,,False,
01KJN6MMPQTMDYRN709968YFN1,01KJN791EPN054R2NTQQ1BFXJ5,Player,A,A,listener,3.0,refgame,2.0,page9-46,page7-255,False,0.0,01KJN7K5KSEZZTN34AR4PS7YC7,False,,,,,,,False,False,58.0,,0.0,1772388828490,1772388848484,19994,,01KJN79Y7T0VZNKHTSJRZWTDZ5,False,3,False,True,True,,,,,,,,False,
01KJN6MMPQTMDYRN709968YFN1,01KJN78M7563R5D9TQE5G142DA,Lika,C,C,speaker,0.0,refgame,1.0,page5-28,,,0.0,01KJN7K5FJH6VAH8DMSYVN52WF,False,,,,,,,False,False,1.0,,0.0,1772386685473,1772386730491,45018,1.0,01KJN78M7563R5D9TQE5G142DA,,3,False,False,False,,,,,,,,False,
01KJN6MMPQTMDYRN709DP5DSDA,01KJN7AAWT4GWKRZ7B9775509P,Zuda,B,B,listener,0.0,refgame,1.0,page3-35,page3-35,True,2.0,01KJN7KYVMH6VJC6N59GV39RY1,False,,,,,,,False,False,1.0,,0.0,1772386711287,1772386756289,45002,,01KJN7B4V2673GK7HGVSG52R2P,True,3,False,True,True,,,,,,,,False,
01KJN6MMPQTMDYRN709DP5DSDA,01KJN7B32C1C5254NSG6ZK1GRK,Laju,A,A,listener,1.0,refgame,1.0,page7-255,page7-255,True,2.0,01KJN7KZ48XCCWBNQKS0SJE7ES,False,,,,,,,False,False,10.0,,0.0,1772387170616,1772387215615,44999,,01KJN79ZRTRDMY6RH8ZCYCM9NV,True,3,False,True,True,,,,,,,,False,
01KJN6MMPQTMDYRN709DP5DSDA,01KJN7B32C1C5254NSG6ZK1GRK,Laju,A,A,listener,0.0,refgame,2.0,page5-28,page5-28,True,2.0,01KJN7KYY3G8VA1DGR0XCV0GC9,False,,,,,,,False,False,39.0,,0.0,1772388096966,1772388111396,14430,,01KJN79PCAAMFX7P2QF70Y3HJM,True,3,False,True,True,,,,,,,,False,
01KJN6MMQ03KZPZN0275VZXK6R,01KJN7A44GGBE9XR412KV5BFSC,Bavi,B,B,listener,4.0,refgame,1.0,page-B,,False,0.0,01KJN7JJ1T0XBC815C25NRSF57,False,,,,,,,True,False,29.0,,0.0,1772388018523,1772388063879,45356,,01KJN792W85XPK9QGH8A6HSYSJ,True,3,False,True,True,,,,,,,,False,
01KJN6MMQ03KZPZN0275VZXK6R,01KJN79B14FBSYSKKCG2BYVBB6,Player,A,C,speaker,0.0,refgame,2.0,page5-28,,,2.0,01KJN7JJ1VVYECS34J9NT698WM,False,,,,,,,False,False,39.0,,0.0,1772388446349,1772388466403,20054,1.0,01KJN79B14FBSYSKKCG2BYVBB6,,3,False,True,False,,,,,,,,False,
01KJN6MMPQTMDYRN709968YFN1,01KJN79ZDP3YNFFHHQA302PJDP,Nori,C,C,listener,3.0,refgame,1.0,page-B,,False,0.0,01KJN7K5J6A9SFZW6X3QF5099N,False,,,,,,,True,False,18.0,,0.0,1772387569671,1772387614705,45034,,01KJN78M7563R5D9TQE5G142DA,True,3,False,False,False,,,,,,,,False,
01KJN6MMQ03KZPZN0275VZXK6R,01KJN7C40WEQBDF48ACG18M0EV,Hera,B,B,listener,4.0,refgame,1.0,page-B,page4-15,False,0.0,01KJN7JJ1T0XBC815C25NRSF57,False,,,,,,,False,False,29.0,,0.0,1772388018523,1772388063879,45356,,01KJN792W85XPK9QGH8A6HSYSJ,True,3,False,True,True,,,,,,,,False,
01KJN6MMQ03KZPZN0275VZXK6R,01KJN7C40WEQBDF48ACG18M0EV,Hera,B,B,speaker,3.0,refgame,1.0,page9-46,,,2.0,01KJN7JJ0PJYQE826DDQJJSWAF,False,,,,,,,False,False,19.0,,0.0,1772387541417,1772387574131,32714,2.0,01KJN7C40WEQBDF48ACG18M0EV,,3,False,True,False,,,,,,,,False,
01KJN6MMQ03KZPZN0275VZXK6R,01KJN7863BFF3ZYZGVVSATZTH7,Felu,C,C,listener,3.0,refgame,1.0,page5-28,page5-28,True,2.0,01KJN7JJ4ABAFV6YM5DS9T3RJP,False,,,,,,,False,False,22.0,,0.0,1772387701843,1772387743214,41371,,01KJN79J529BWBWTESKB6D9MB7,True,3,False,True,True,,,,,,,,False,
01KJN6MMPQTMDYRN709968YFN1,01KJN79ZDP3YNFFHHQA302PJDP,Nori,C,C,listener,4.0,refgame,1.0,page9-46,page9-46,True,2.0,01KJN7K5KN8YW9VWX8RYNB7E0N,False,,,,,,,False,False,28.0,,0.0,1772388000797,1772388041511,40714,,01KJN796KT7FCNV2F9QNCQDSES,True,3,False,True,True,,,,,,,,False,
01KJN6MMQ03KZPZN0275VZXK6R,01KJN79B14FBSYSKKCG2BYVBB6,Repi,A,A,listener,5.0,refgame,1.0,page7-255,page7-255,True,2.0,01KJN7JJ1FP44XD8PJXNFE1281,False,,,,,,,False,False,34.0,,0.0,1772388219015,1772388247646,28631,,01KJN7AZC7FAG17CY924MRTCF7,True,3,False,True,True,,,,,,,,False,
01KJN6MMQ03KZPZN0275VZXK6R,01KJN7863BFF3ZYZGVVSATZTH7,Player,C,C,listener,2.0,refgame,2.0,page3-35,page3-35,True,2.0,01KJN7JJ106G1CY7M5WR0DQX8K,False,,,,,,,False,False,52.0,,0.0,1772388822410,1772388841310,18900,,01KJN78DQ6KC0F9N1HA0BPB44R,True,3,False,True,True,,,,,,,,False,
01KJN6MMPQTMDYRN709968YFN1,01KJN788SPAKVVBHX9T9FDQWAF,Zuda,B,B,speaker,4.0,refgame,1.0,page5-28,,,2.0,01KJN7K5KQ8WFY6EA4MTPDWMDN,False,,,,,,,False,False,27.0,,0.0,1772387967408,1772387993664,26256,2.0,01KJN788SPAKVVBHX9T9FDQWAF,,3,False,True,False,,,,,,,,False,
01KJN6MMPQTMDYRN709968YFN1,01KJN791EPN054R2NTQQ1BFXJ5,Player,A,A,listener,0.0,refgame,2.0,page9-46,page9-46,True,2.0,01KJN7K5JAKET26PNAKC1WNN1S,False,,,,,,,False,False,38.0,,0.0,1772388398504,1772388418620,20116,,01KJN78B0TFR8F59JDGD057XNS,True,3,False,True,True,,,,,,,,False,
01KJN6MMPQTMDYRN709DP5DSDA,01KJN79ZQD1E4YD03FE5CGJY8K,Lika,C,C,listener,5.0,refgame,2.0,page-B,page-B,True,2.0,01KJN7KZ3D0HTVJZCVXH48W7YP,False,,,,,,,False,False,69.0,,0.0,1772388579779,1772388591448,11669,,01KJN7931DXZ65NXTWK1GNEZMW,True,3,False,True,True,,,,,,,,False,
01KJN6MMQ03KZPZN0275VZXK6R,01KJN7A44GGBE9XR412KV5BFSC,Player,B,A,listener,3.0,refgame,2.0,page5-28,page5-28,True,2.0,01KJN7JJ1J5VMG06JVQK7ZJSB1,False,,,,,,,False,False,57.0,,0.0,1772388960182,1772388980183,20001,,01KJN7C40WEQBDF48ACG18M0EV,True,3,False,True,True,,,,,,,,False,
01KJN6MMPQTMDYRN709968YFN1,01KJN788SPAKVVBHX9T9FDQWAF,Player,B,B,listener,3.0,refgame,2.0,page9-46,page9-46,True,2.0,01KJN7K5KSEZZTN34AR4PS7YC7,False,,,,,,,False,False,58.0,,0.0,1772388828490,1772388848484,19994,,01KJN78B0TFR8F59JDGD057XNS,False,3,False,True,True,,,,,,,,False,
01KJN6MMQ03KZPZN0275VZXK6R,01KJN78DQ6KC0F9N1HA0BPB44R,Player,C,B,listener,3.0,refgame,2.0,page9-46,page5-63,False,0.0,01KJN7JJ1E3ET2MMDFS57Q4ATE,False,,,,,,,False,False,55.0,,0.0,1772388904023,1772388924052,20029,,01KJN7C40WEQBDF48ACG18M0EV,False,3,False,True,True,,,,,,,,False,
01KJN6MMPQTMDYRN709968YFN1,01KJN788SPAKVVBHX9T9FDQWAF,Player,B,B,listener,5.0,refgame,2.0,page7-255,page7-255,True,2.0,01KJN7K5QNDHCB49S4Q90QXRYG,False,,,,,,,False,False,67.0,,0.0,1772389025099,1772389044573,19474,,01KJN78CQJ3KY7VMGAR6F3D4S0,True,3,False,True,True,,,,,,,,False,
01KJN6MMPQTMDYRN709DP5DSDA,01KJN77XQHYQ5TVVY4HZM02E7R,Felu,C,C,listener,2.0,refgame,1.0,page7-107,page7-107,True,2.0,01KJN7KZ3TKA2G2034PKAJD3VQ,False,,,,,,,False,False,12.0,,0.0,1772387278345,1772387311206,32861,,01KJN7931DXZ65NXTWK1GNEZMW,True,3,False,True,True,,,,,,,,False,
01KJN6MMPQTMDYRN709968YFN1,01KJN79Y7T0VZNKHTSJRZWTDZ5,Hera,B,B,listener,4.0,refgame,1.0,page9-46,page9-46,True,2.0,01KJN7K5KN8YW9VWX8RYNB7E0N,False,,,,,,,False,False,28.0,,0.0,1772388000797,1772388041511,40714,,01KJN788SPAKVVBHX9T9FDQWAF,True,3,False,True,True,,,,,,,,False,
01KJN6MMQ03KZPZN0275VZXK6R,01KJN79J529BWBWTESKB6D9MB7,Player,C,A,speaker,0.0,refgame,2.0,page-B,,,2.0,01KJN7JJ1CYQGSSJG1WBPKBVA9,False,,,,,,,False,False,36.0,,0.0,1772388356520,1772388376546,20026,1.0,01KJN79J529BWBWTESKB6D9MB7,,3,False,True,False,,,,,,,,False,
01KJN6MMPQTMDYRN709DP5DSDA,01KJN7AAWT4GWKRZ7B9775509P,Zuda,B,B,listener,2.0,refgame,1.0,page7-107,page7-107,True,2.0,01KJN7KZ3TKA2G2034PKAJD3VQ,False,,,,,,,False,False,12.0,,0.0,1772387278345,1772387311206,32861,,01KJN7BYA5X3A2G30KZECRY2HY,True,3,False,True,True,,,,,,,,False,
01KJN6MMPQTMDYRN709DP5DSDA,01KJN7B32C1C5254NSG6ZK1GRK,Laju,A,A,listener,4.0,refgame,2.0,page5-28,page5-28,True,2.0,01KJN7KZ5A7Y4CEP43YBWJ659J,False,,,,,,,False,False,64.0,,0.0,1772388504343,1772388518698,14355,,01KJN79ZRTRDMY6RH8ZCYCM9NV,True,3,False,True,True,,,,,,,,False,
01KJN6MMQ03KZPZN0275VZXK6R,01KJN7A44GGBE9XR412KV5BFSC,Player,B,A,listener,1.0,refgame,2.0,page5-28,page7-26,False,0.0,01KJN7JJ16T4F6S4PFHQFRAY28,False,,,,,,,False,False,44.0,,0.0,1772388584626,1772388604653,20027,,01KJN792W85XPK9QGH8A6HSYSJ,True,3,False,True,True,,,,,,,,False,
01KJN6MMQ03KZPZN0275VZXK6R,01KJN79B14FBSYSKKCG2BYVBB6,Player,A,B,listener,5.0,refgame,2.0,page9-46,page9-46,True,2.0,01KJN7JJ4B103R31J8V9CH41TX,False,,,,,,,False,False,71.0,,0.0,1772389316097,1772389335665,19568,,01KJN78DQ6KC0F9N1HA0BPB44R,False,3,False,True,True,,,,,,,,False,
01KJN6MMPQTMDYRN709DP5DSDA,01KJN79ZRTRDMY6RH8ZCYCM9NV,Minu,A,A,speaker,1.0,refgame,1.0,page-B,,,2.0,01KJN7KZ4KY8QNP8EKAKX2FFGX,False,,,,,,,False,False,8.0,,0.0,1772387071924,1772387116592,44668,1.0,01KJN79ZRTRDMY6RH8ZCYCM9NV,,3,False,True,False,,,,,,,,False,
01KJN6MMPQTMDYRN709968YFN1,01KJN79Y7T0VZNKHTSJRZWTDZ5,Hera,B,B,listener,1.0,refgame,1.0,page9-46,page9-46,True,2.0,01KJN7K5HZEKT6FNAA9GWA4F02,False,,,,,,,False,False,9.0,,0.0,1772387125823,1772387165178,39355,,01KJN788SPAKVVBHX9T9FDQWAF,True,3,False,True,True,,,,,,,,False,
01KJN6MMQ03KZPZN0275VZXK6R,01KJN78DQ6KC0F9N1HA0BPB44R,Nori,C,C,listener,1.0,refgame,1.0,page-B,page-B,True,2.0,01KJN7JJ0T9TQHTQBPKBZMWPWF,False,,,,,,,False,False,10.0,,0.0,1772387149191,1772387184311,35120,,01KJN7863BFF3ZYZGVVSATZTH7,True,3,False,True,True,,,,,,,,False,
01KJN6MMQ03KZPZN0275VZXK6R,01KJN79B14FBSYSKKCG2BYVBB6,Repi,A,A,listener,1.0,refgame,1.0,page5-28,page5-28,True,2.0,01KJN7JHZNKNR7P7NGWFBFRP56,False,,,,,,,False,False,8.0,,0.0,1772387040356,1772387085361,45005,,01KJN7AAX1VHZ1A7ZB35BNRH8N,True,3,False,True,True,,,,,,,,False,
01KJN6MMPQTMDYRN709DP5DSDA,01KJN7BYA5X3A2G30KZECRY2HY,Bavi,B,B,listener,4.0,refgame,2.0,page-B,page-B,True,2.0,01KJN7KYZJSMEX4580M0EBGRRX,False,,,,,,,False,False,60.0,,0.0,1772388433928,1772388447118,13190,,01KJN7AAWT4GWKRZ7B9775509P,True,3,False,True,True,,,,,,,,False,
01KJN6MMQ03KZPZN0275VZXK6R,01KJN7A44GGBE9XR412KV5BFSC,Bavi,B,B,listener,0.0,refgame,1.0,page-B,page4-15,False,0.0,01KJN7JHZG39B3YEBM7VHA554N,False,,,,,,,False,False,4.0,,0.0,1772386841560,1772386883546,41986,,01KJN7C40WEQBDF48ACG18M0EV,True,3,False,True,True,,,,,,,,False,
01KJN6MMPQTMDYRN709968YFN1,01KJN78JVY5FN5QXW9XGGE72RG,Laju,A,A,listener,0.0,refgame,1.0,page9-46,page9-46,True,2.0,01KJN7K5HM3GRXQJ2R4WDZ9A25,False,,,,,,,False,False,5.0,,0.0,1772386918334,1772386963323,44989,,01KJN78B0TFR8F59JDGD057XNS,True,3,False,True,True,,,,,,,,False,
01KJN6MMQ03KZPZN0275VZXK6R,01KJN792W85XPK9QGH8A6HSYSJ,Zuda,B,B,listener,2.0,refgame,1.0,page-B,page4-15,False,0.0,01KJN7JJ0S1X2V7QFWX9C1FNPF,False,,,,,,,False,False,17.0,,0.0,1772387448618,1772387484496,35878,,01KJN7A44GGBE9XR412KV5BFSC,True,3,False,True,True,,,,,,,,False,
01KJN6MMQ03KZPZN0275VZXK6R,01KJN78DQ6KC0F9N1HA0BPB44R,Nori,C,C,listener,4.0,refgame,1.0,page-B,page-B,True,2.0,01KJN7JJ1T0XBC815C25NRSF57,False,,,,,,,False,False,29.0,,0.0,1772388018523,1772388063879,45356,,01KJN7863BFF3ZYZGVVSATZTH7,True,3,False,True,True,,,,,,,,False,
01KJN6MMPQTMDYRN709DP5DSDA,01KJN7B4V2673GK7HGVSG52R2P,Hera,B,B,speaker,0.0,refgame,1.0,page3-35,,,2.0,01KJN7KYVMH6VJC6N59GV39RY1,False,,,,,,,False,False,1.0,,0.0,1772386711287,1772386756289,45002,1.0,01KJN7B4V2673GK7HGVSG52R2P,,3,False,True,False,,,,,,,,False,
01KJN6MMPQTMDYRN709DP5DSDA,01KJN7AAWT4GWKRZ7B9775509P,Zuda,B,B,speaker,1.0,refgame,1.0,page-B,,,1.0,01KJN7KZ4KY8QNP8EKAKX2FFGX,False,,,,,,,False,False,8.0,,0.0,1772387071924,1772387116592,44668,1.0,01KJN7AAWT4GWKRZ7B9775509P,,3,False,True,False,,,,,,,,False,
01KJN6MMPQTMDYRN709968YFN1,01KJN78M7563R5D9TQE5G142DA,Lika,C,C,listener,2.0,refgame,1.0,page7-107,page7-107,True,2.0,01KJN7K5JPV4BFRM0HRJFFT23R,False,,,,,,,False,False,16.0,,0.0,1772387467532,1772387509956,42424,,01KJN79ZDP3YNFFHHQA302PJDP,True,3,False,True,True,,,,,,,,False,
01KJN6MMPQTMDYRN709DP5DSDA,01KJN7BYA5X3A2G30KZECRY2HY,Bavi,B,B,speaker,5.0,refgame,1.0,page7-107,,,1.0,01KJN7KYZCYWANNP5JHHSNDKG7,False,,,,,,,False,False,30.0,,0.0,1772387883409,1772387895628,12219,2.0,01KJN7BYA5X3A2G30KZECRY2HY,,3,False,True,False,,,,,,,,False,
01KJN6MMPQTMDYRN709DP5DSDA,01KJN79ZQD1E4YD03FE5CGJY8K,Lika,C,C,listener,2.0,refgame,2.0,page9-46,page9-46,True,2.0,01KJN7KYX9412F6D9T4P6GZVTR,False,,,,,,,False,False,48.0,,0.0,1772388246013,1772388259312,13299,,01KJN7931DXZ65NXTWK1GNEZMW,True,3,False,True,True,,,,,,,,False,
01KJN6MMPQTMDYRN709DP5DSDA,01KJN7BYA5X3A2G30KZECRY2HY,Bavi,B,B,listener,3.0,refgame,2.0,page-B,page-B,True,2.0,01KJN7KZ53A9914CYGA6DKSVTE,False,,,,,,,False,False,54.0,,0.0,1772388333789,1772388353858,20069,,01KJN7B4V2673GK7HGVSG52R2P,True,3,False,True,True,,,,,,,,False,
01KJN6MMQ03KZPZN0275VZXK6R,01KJN7A44GGBE9XR412KV5BFSC,Player,B,A,speaker,5.0,refgame,2.0,page3-35,,,1.0,01KJN7JJ4F71QKFN9HJKMN6A4E,False,,,,,,,False,False,66.0,,0.0,1772389189262,1772389209322,20060,2.0,01KJN7A44GGBE9XR412KV5BFSC,,3,False,True,False,,,,,,,,False,
01KJN6MMQ03KZPZN0275VZXK6R,01KJN792W85XPK9QGH8A6HSYSJ,Zuda,B,B,listener,0.0,refgame,1.0,page7-255,,False,0.0,01KJN7JHYXFYHN121QCJ6HRX9R,False,,,,,,,True,False,0.0,,0.0,1772386606704,1772386657466,50762,,01KJN7C40WEQBDF48ACG18M0EV,True,3,False,True,True,,,,,,,,False,
01KJN6MMPQTMDYRN709968YFN1,01KJN78CQJ3KY7VMGAR6F3D4S0,Bavi,B,B,speaker,2.0,refgame,1.0,page3-35,,,2.0,01KJN7K5JZQZB4NY8FJRJX504H,False,,,,,,,False,False,12.0,,0.0,1772387282349,1772387317911,35562,1.0,01KJN78CQJ3KY7VMGAR6F3D4S0,,3,False,True,False,,,,,,,,False,
01KJN6MMPQTMDYRN709968YFN1,01KJN788SPAKVVBHX9T9FDQWAF,Zuda,B,B,listener,3.0,refgame,1.0,page7-107,page7-107,True,2.0,01KJN7K5J4M8ZP49YPQF1AN3HY,False,,,,,,,False,False,19.0,,0.0,1772387620952,1772387665967,45015,,01KJN79Y7T0VZNKHTSJRZWTDZ5,True,3,False,True,True,,,,,,,,False,
01KJN6MMPQTMDYRN709DP5DSDA,01KJN7AAWT4GWKRZ7B9775509P,Zuda,B,B,listener,2.0,refgame,2.0,page7-255,page7-255,True,2.0,01KJN7KZ63WCMX3HHQH3QX4SWG,False,,,,,,,False,False,50.0,,0.0,1772388276008,1772388282836,6828,,01KJN7BYA5X3A2G30KZECRY2HY,True,3,False,True,True,,,,,,,,False,
01KJN6MMPQTMDYRN709DP5DSDA,01KJN79ZQD1E4YD03FE5CGJY8K,Lika,C,C,speaker,3.0,refgame,2.0,page5-28,,,2.0,01KJN7KZ3Q92SVP2Y70T8S3RW4,False,,,,,,,False,False,58.0,,0.0,1772388403986,1772388416078,12092,2.0,01KJN79ZQD1E4YD03FE5CGJY8K,,3,False,True,False,,,,,,,,False,
01KJN6MMQ03KZPZN0275VZXK6R,01KJN7AAX1VHZ1A7ZB35BNRH8N,Player,A,C,listener,0.0,refgame,2.0,page9-46,page9-46,True,2.0,01KJN7JJ1R0ZCD3D5GW7K272MC,False,,,,,,,False,False,40.0,,0.0,1772388475619,1772388495644,20025,,01KJN7C40WEQBDF48ACG18M0EV,False,3,False,True,True,,,,,,,,False,
01KJN6MMPQTMDYRN709968YFN1,01KJN79Y7T0VZNKHTSJRZWTDZ5,Player,B,B,listener,4.0,refgame,2.0,page7-255,page7-255,True,2.0,01KJN7K5KA3E984TAA3QPV7RDV,False,,,,,,,False,False,61.0,,0.0,1772388899495,1772388914994,15499,,01KJN791EPN054R2NTQQ1BFXJ5,False,3,False,True,True,,,,,,,,False,
01KJN6MMQ03KZPZN0275VZXK6R,01KJN7863BFF3ZYZGVVSATZTH7,Player,C,C,speaker,4.0,refgame,2.0,page7-107,,,1.0,01KJN7JJ4J76TV80J433JG2B0V,False,,,,,,,False,False,64.0,,0.0,1772389135659,1772389154915,19256,2.0,01KJN7863BFF3ZYZGVVSATZTH7,,3,False,True,False,,,,,,,,False,
01KJN6MMPQTMDYRN709DP5DSDA,01KJN79PCAAMFX7P2QF70Y3HJM,Repi,A,A,listener,1.0,refgame,1.0,page-B,page-B,True,2.0,01KJN7KZ4KY8QNP8EKAKX2FFGX,False,,,,,,,False,False,8.0,,0.0,1772387071924,1772387116592,44668,,01KJN79ZRTRDMY6RH8ZCYCM9NV,True,3,False,True,True,,,,,,,,False,
01KJN6MMQ03KZPZN0275VZXK6R,01KJN792W85XPK9QGH8A6HSYSJ,Zuda,B,B,listener,3.0,refgame,1.0,page7-255,page7-255,True,2.0,01KJN7JJ4B103R31J8WHVA9DX7,False,,,,,,,False,False,20.0,,0.0,1772387585916,1772387626307,40391,,01KJN7C40WEQBDF48ACG18M0EV,True,3,False,True,True,,,,,,,,False,
01KJN6MMQ03KZPZN0275VZXK6R,01KJN7AAX1VHZ1A7ZB35BNRH8N,Minu,A,A,speaker,4.0,refgame,1.0,page9-46,,,2.0,01KJN7JJ1YCSZJVTYD3GC94ZHQ,False,,,,,,,False,False,25.0,,0.0,1772387850217,1772387872088,21871,2.0,01KJN7AAX1VHZ1A7ZB35BNRH8N,,3,False,True,False,,,,,,,,False,
01KJN6MMPQTMDYRN709DP5DSDA,01KJN77XQHYQ5TVVY4HZM02E7R,Felu,C,C,listener,5.0,refgame,1.0,page3-35,page3-35,True,2.0,01KJN7KYYXHVJJDVQGT2GSWXHY,False,,,,,,,False,False,34.0,,0.0,1772387953491,1772387970074,16583,,01KJN7931DXZ65NXTWK1GNEZMW,True,3,False,True,True,,,,,,,,False,
01KJN6MMQ03KZPZN0275VZXK6R,01KJN7863BFF3ZYZGVVSATZTH7,Player,C,B,listener,5.0,refgame,2.0,page3-35,page3-35,True,2.0,01KJN7JJ4F71QKFN9HJKMN6A4E,False,,,,,,,False,False,66.0,,0.0,1772389189262,1772389209322,20060,,01KJN7AZC7FAG17CY924MRTCF7,False,3,False,True,True,,,,,,,,False,
01KJN6MMPQTMDYRN709DP5DSDA,01KJN7B32C1C5254NSG6ZK1GRK,Laju,A,A,listener,1.0,refgame,1.0,page7-107,page7-107,True,2.0,01KJN7KZ50SP860QQHX43BMD6K,False,,,,,,,False,False,6.0,,0.0,1772386983245,1772387024263,41018,,01KJN79ZRTRDMY6RH8ZCYCM9NV,True,3,False,True,True,,,,,,,,False,
01KJN6MMPQTMDYRN709968YFN1,01KJN78JVY5FN5QXW9XGGE72RG,Laju,A,A,listener,4.0,refgame,1.0,page3-35,page3-35,True,2.0,01KJN7K5G5WAEHV15ZSNYXBM25,False,,,,,,,False,False,25.0,,0.0,1772387906351,1772387927135,20784,,01KJN791EPN054R2NTQQ1BFXJ5,True,3,False,True,True,,,,,,,,False,
01KJN6MMPQTMDYRN709968YFN1,01KJN78B0TFR8F59JDGD057XNS,Player,A,B,speaker,0.0,refgame,2.0,page7-107,,,2.0,01KJN7K5JFG12NBKQPGPVB7NDW,False,,,,,,,False,False,37.0,,0.0,1772388375251,1772388393006,17755,1.0,01KJN78B0TFR8F59JDGD057XNS,,3,False,True,False,,,,,,,,False,
01KJN6MMPQTMDYRN709968YFN1,01KJN791EPN054R2NTQQ1BFXJ5,Player,A,A,listener,0.0,refgame,2.0,page3-35,page3-35,True,2.0,01KJN7K5R3HYPWVGJTVXZHHTBN,False,,,,,,,False,False,40.0,,0.0,1772388453370,1772388468333,14963,,01KJN79Y7T0VZNKHTSJRZWTDZ5,False,3,False,True,True,,,,,,,,False,
01KJN6MMQ03KZPZN0275VZXK6R,01KJN7C40WEQBDF48ACG18M0EV,Player,B,A,listener,4.0,refgame,2.0,page9-46,page9-46,True,2.0,01KJN7JJ4KG1JY79DX9WK2TCTT,False,,,,,,,False,False,61.0,,0.0,1772389065241,1772389081575,16334,,01KJN792W85XPK9QGH8A6HSYSJ,True,3,False,True,True,,,,,,,,False,
01KJN6MMQ03KZPZN0275VZXK6R,01KJN7AZC7FAG17CY924MRTCF7,Player,A,C,speaker,5.0,refgame,2.0,page7-255,,,2.0,01KJN7JJ4EG9317PS97N14VR0A,False,,,,,,,False,False,67.0,,0.0,1772389216265,1772389236271,20006,2.0,01KJN7AZC7FAG17CY924MRTCF7,,3,False,True,False,,,,,,,,False,
01KJN6MMPQTMDYRN709968YFN1,01KJN796KT7FCNV2F9QNCQDSES,Felu,C,C,listener,0.0,refgame,1.0,page-B,page-B,True,2.0,01KJN7K5R9WK49MVWHPP0N06TT,False,,,,,,,False,False,2.0,,0.0,1772386746187,1772386791211,45024,,01KJN78M7563R5D9TQE5G142DA,True,3,False,True,True,,,,,,,,False,
01KJN6MMPQTMDYRN709968YFN1,01KJN788SPAKVVBHX9T9FDQWAF,Zuda,B,B,listener,2.0,refgame,1.0,page9-46,page9-46,True,2.0,01KJN7K5HXVCRWCHH6JDWC7QS9,False,,,,,,,False,False,13.0,,0.0,1772387325214,1772387352995,27781,,01KJN78CQJ3KY7VMGAR6F3D4S0,True,3,False,True,True,,,,,,,,False,
01KJN6MMPQTMDYRN709DP5DSDA,01KJN7931DXZ65NXTWK1GNEZMW,Nori,C,C,listener,0.0,refgame,2.0,page7-107,page7-107,True,2.0,01KJN7KYXC39570NBM5M60XHPH,False,,,,,,,False,False,41.0,,0.0,1772388134092,1772388144332,10240,,01KJN79ZQD1E4YD03FE5CGJY8K,True,3,False,True,True,,,,,,,,False,
01KJN6MMQ03KZPZN0275VZXK6R,01KJN792W85XPK9QGH8A6HSYSJ,Player,B,C,listener,2.0,refgame,2.0,page-B,page-B,True,2.0,01KJN7JJ1N6V7EEQ6VZVXNRHV0,False,,,,,,,False,False,53.0,,0.0,1772388847281,1772388866268,18987,,01KJN7A44GGBE9XR412KV5BFSC,True,3,False,True,True,,,,,,,,False,
01KJN6MMPQTMDYRN709968YFN1,01KJN796KT7FCNV2F9QNCQDSES,Felu,C,C,listener,2.0,refgame,1.0,page-B,page-B,True,2.0,01KJN7K5HVTWE9Y83V53TSRDDA,False,,,,,,,False,False,14.0,,0.0,1772387363810,1772387407994,44184,,01KJN79ZDP3YNFFHHQA302PJDP,True,3,False,True,True,,,,,,,,False,
01KJN6MMQ03KZPZN0275VZXK6R,01KJN78DQ6KC0F9N1HA0BPB44R,Nori,C,C,listener,4.0,refgame,1.0,page5-28,page5-28,True,2.0,01KJN7JJ1X1NXQGFN1B0VPVF00,False,,,,,,,False,False,26.0,,0.0,1772387875887,1772387920914,45027,,01KJN7863BFF3ZYZGVVSATZTH7,True,3,False,True,True,,,,,,,,False,
01KJN6MMQ03KZPZN0275VZXK6R,01KJN79B14FBSYSKKCG2BYVBB6,Player,A,C,listener,1.0,refgame,2.0,page-B,page-B,True,2.0,01KJN7JJ106G1CY7M5XQTG2KY4,False,,,,,,,False,False,46.0,,0.0,1772388652073,1772388672170,20097,,01KJN7863BFF3ZYZGVVSATZTH7,False,3,False,True,True,,,,,,,,False,
01KJN6MMPQTMDYRN709968YFN1,01KJN788SPAKVVBHX9T9FDQWAF,Zuda,B,B,listener,0.0,refgame,1.0,page3-35,page3-35,True,2.0,01KJN7K5HHFJZXYFX14TKSFBHN,False,,,,,,,False,False,4.0,,0.0,1772386867613,1772386912635,45022,,01KJN79Y7T0VZNKHTSJRZWTDZ5,True,3,False,True,True,,,,,,,,False,
01KJN6MMPQTMDYRN709DP5DSDA,01KJN7BYA5X3A2G30KZECRY2HY,Bavi,B,B,speaker,2.0,refgame,1.0,page-B,,,2.0,01KJN7KZ33V5V719AES7EBWC0V,False,,,,,,,False,False,14.0,,0.0,1772387342438,1772387377362,34924,1.0,01KJN7BYA5X3A2G30KZECRY2HY,,3,False,True,False,,,,,,,,False,
01KJN6MMPQTMDYRN709DP5DSDA,01KJN79PCAAMFX7P2QF70Y3HJM,Repi,A,A,speaker,3.0,refgame,1.0,page9-46,,,2.0,01KJN7KYX0NA6EE02CQYEKX5QJ,False,,,,,,,False,False,20.0,,0.0,1772387587210,1772387601216,14006,2.0,01KJN79PCAAMFX7P2QF70Y3HJM,,3,False,True,False,,,,,,,,False,
01KJN6MMPQTMDYRN709DP5DSDA,01KJN7AAWT4GWKRZ7B9775509P,Zuda,B,B,listener,0.0,refgame,2.0,page7-255,page7-255,True,2.0,01KJN7KYYA4F2NERJFZQJ023GY,False,,,,,,,False,False,38.0,,0.0,1772388082220,1772388092151,9931,,01KJN7B4V2673GK7HGVSG52R2P,True,3,False,True,True,,,,,,,,False,
01KJN6MMPQTMDYRN709968YFN1,01KJN79Y7T0VZNKHTSJRZWTDZ5,Player,B,A,listener,5.0,refgame,2.0,page-B,page-B,True,2.0,01KJN7K5N09J8MC2H7WV1N1KZ3,False,,,,,,,False,False,71.0,,0.0,1772389095691,1772389105196,9505,,01KJN78CQJ3KY7VMGAR6F3D4S0,True,3,False,True,True,,,,,,,,False,
01KJN6MMPQTMDYRN709DP5DSDA,01KJN79ZQD1E4YD03FE5CGJY8K,Lika,C,C,speaker,0.0,refgame,1.0,page-B,,,0.0,01KJN7KZ574PYN6K4M6G2QP8KT,False,,,,,,,False,False,5.0,,0.0,1772386930515,1772386975529,45014,1.0,01KJN79ZQD1E4YD03FE5CGJY8K,,3,False,True,False,,,,,,,,False,
01KJN6MMQ03KZPZN0275VZXK6R,01KJN792W85XPK9QGH8A6HSYSJ,Zuda,B,B,listener,2.0,refgame,1.0,page7-107,page7-107,True,2.0,01KJN7JJ0VF0RPKW84F3EHNK6T,False,,,,,,,False,False,16.0,,0.0,1772387410361,1772387435193,24832,,01KJN7A44GGBE9XR412KV5BFSC,True,3,False,True,True,,,,,,,,False,
01KJN6MMPQTMDYRN709968YFN1,01KJN796KT7FCNV2F9QNCQDSES,Felu,C,C,listener,3.0,refgame,1.0,page-B,,False,0.0,01KJN7K5J6A9SFZW6X3QF5099N,False,,,,,,,True,False,18.0,,0.0,1772387569671,1772387614705,45034,,01KJN78M7563R5D9TQE5G142DA,True,3,False,False,False,,,,,,,,False,
01KJN6MMQ03KZPZN0275VZXK6R,01KJN7AZC7FAG17CY924MRTCF7,Laju,A,A,listener,3.0,refgame,1.0,page7-107,page7-107,True,2.0,01KJN7JJ46829SY13E2SZ3F6SZ,False,,,,,,,False,False,23.0,,0.0,1772387751836,1772387795619,43783,,01KJN79B14FBSYSKKCG2BYVBB6,True,3,False,True,True,,,,,,,,False,
01KJN6MMQ03KZPZN0275VZXK6R,01KJN79J529BWBWTESKB6D9MB7,Lika,C,C,listener,4.0,refgame,1.0,page7-255,page7-255,True,2.0,01KJN7JJ0KAZ122DZJNX1TKJ9D,False,,,,,,,False,False,28.0,,0.0,1772387968164,1772388013165,45001,,01KJN7863BFF3ZYZGVVSATZTH7,True,3,False,True,True,,,,,,,,False,
01KJN6MMPQTMDYRN709DP5DSDA,01KJN7AAWT4GWKRZ7B9775509P,Zuda,B,B,listener,2.0,refgame,2.0,page9-46,page9-46,True,2.0,01KJN7KYX9412F6D9T4P6GZVTR,False,,,,,,,False,False,48.0,,0.0,1772388246013,1772388259312,13299,,01KJN7BYA5X3A2G30KZECRY2HY,True,3,False,True,True,,,,,,,,False,
01KJN6MMQ03KZPZN0275VZXK6R,01KJN7A44GGBE9XR412KV5BFSC,Player,B,A,speaker,5.0,refgame,2.0,page7-255,,,1.0,01KJN7JJ4EG9317PS97N14VR0A,False,,,,,,,False,False,67.0,,0.0,1772389216265,1772389236271,20006,2.0,01KJN7A44GGBE9XR412KV5BFSC,,3,False,True,False,,,,,,,,False,
01KJN6MMPQTMDYRN709968YFN1,01KJN79Y7T0VZNKHTSJRZWTDZ5,Hera,B,B,speaker,0.0,refgame,1.0,page-B,,,0.0,01KJN7K5R9WK49MVWHPP0N06TT,False,,,,,,,False,False,2.0,,0.0,1772386746187,1772386791211,45024,1.0,01KJN79Y7T0VZNKHTSJRZWTDZ5,,3,False,False,False,,,,,,,,False,
01KJN6MMPQTMDYRN709DP5DSDA,01KJN79ZQD1E4YD03FE5CGJY8K,Lika,C,C,listener,1.0,refgame,2.0,page3-35,page3-35,True,2.0,01KJN7KYXWXWC5F6JA6AZJ6Q67,False,,,,,,,False,False,46.0,,0.0,1772388216887,1772388227513,10626,,01KJN77XQHYQ5TVVY4HZM02E7R,True,3,False,True,True,,,,,,,,False,
01KJN6MMQ03KZPZN0275VZXK6R,01KJN79B14FBSYSKKCG2BYVBB6,Player,A,C,speaker,3.0,refgame,2.0,page-B,,,0.0,01KJN7JJ1CYQGSSJG1XAFMYT77,False,,,,,,,False,False,54.0,,0.0,1772388877448,1772388897486,20038,2.0,01KJN79B14FBSYSKKCG2BYVBB6,,3,False,True,False,,,,,,,,False,
01KJN6MMPQTMDYRN709968YFN1,01KJN791EPN054R2NTQQ1BFXJ5,Player,A,A,listener,0.0,refgame,2.0,page-B,page-B,True,2.0,01KJN7K5QYJHXV5CARZ38T1JEN,False,,,,,,,False,False,41.0,,0.0,1772388472700,1772388487001,14301,,01KJN79Y7T0VZNKHTSJRZWTDZ5,False,3,False,True,True,,,,,,,,False,
01KJN6MMPQTMDYRN709DP5DSDA,01KJN7B4V2673GK7HGVSG52R2P,Hera,B,B,listener,4.0,refgame,2.0,page7-255,page7-255,True,2.0,01KJN7KZ5M1XWQ8FNDY900FYQM,False,,,,,,,False,False,63.0,,0.0,1772388488743,1772388499700,10957,,01KJN7AAWT4GWKRZ7B9775509P,True,3,False,True,True,,,,,,,,False,
01KJN6MMQ03KZPZN0275VZXK6R,01KJN792W85XPK9QGH8A6HSYSJ,Player,B,A,listener,5.0,refgame,2.0,page7-107,page7-107,True,2.0,01KJN7JJ4DKT23HYM95ZYF4P0X,False,,,,,,,False,False,69.0,,0.0,1772389271826,1772389285927,14101,,01KJN7A44GGBE9XR412KV5BFSC,True,3,False,True,True,,,,,,,,False,
01KJN6MMPQTMDYRN709DP5DSDA,01KJN79PCAAMFX7P2QF70Y3HJM,Repi,A,A,speaker,0.0,refgame,1.0,page-B,,,1.0,01KJN7KZ574PYN6K4M6G2QP8KT,False,,,,,,,False,False,5.0,,0.0,1772386930515,1772386975529,45014,1.0,01KJN79PCAAMFX7P2QF70Y3HJM,,3,False,True,False,,,,,,,,False,
01KJN6MMPQTMDYRN709968YFN1,01KJN788SPAKVVBHX9T9FDQWAF,Player,B,B,speaker,4.0,refgame,2.0,page3-35,,,2.0,01KJN7K5K695VY1A5FSVY4M3X0,False,,,,,,,False,False,63.0,,0.0,1772388944534,1772388952202,7668,2.0,01KJN788SPAKVVBHX9T9FDQWAF,,3,False,True,False,,,,,,,,False,
01KJN6MMPQTMDYRN709DP5DSDA,01KJN79PCAAMFX7P2QF70Y3HJM,Repi,A,A,speaker,3.0,refgame,1.0,page7-255,,,0.0,01KJN7KYZNJ3BKWKDZS9HS506H,False,,,,,,,False,False,18.0,,0.0,1772387503339,1772387541863,38524,2.0,01KJN79PCAAMFX7P2QF70Y3HJM,,3,False,True,False,,,,,,,,False,
01KJN6MMPQTMDYRN709968YFN1,01KJN79ZDP3YNFFHHQA302PJDP,Nori,C,C,speaker,5.0,refgame,1.0,page7-255,,,0.0,01KJN7K5K5Y5YKVY7Z5PH8EA1C,False,,,,,,,False,False,34.0,,0.0,1772388215821,1772388254481,38660,2.0,01KJN79ZDP3YNFFHHQA302PJDP,,3,False,True,False,,,,,,,,False,
01KJN6MMPQTMDYRN709968YFN1,01KJN788SPAKVVBHX9T9FDQWAF,Player,B,A,speaker,1.0,refgame,2.0,page5-28,,,2.0,01KJN7K5QTW7QTY2YZ2RYQ8PFC,False,,,,,,,False,False,45.0,,0.0,1772388570727,1772388584677,13950,1.0,01KJN788SPAKVVBHX9T9FDQWAF,,3,False,True,False,,,,,,,,False,
01KJN6MMPQTMDYRN709DP5DSDA,01KJN77XQHYQ5TVVY4HZM02E7R,Felu,C,C,speaker,4.0,refgame,1.0,page-B,,,2.0,01KJN7KYX36Y98PXYV7H3VMGZH,False,,,,,,,False,False,25.0,,0.0,1772387714423,1772387741324,26901,2.0,01KJN77XQHYQ5TVVY4HZM02E7R,,3,False,True,False,,,,,,,,False,
01KJN6MMPQTMDYRN709968YFN1,01KJN788SPAKVVBHX9T9FDQWAF,Zuda,B,B,speaker,4.0,refgame,1.0,page3-35,,,2.0,01KJN7K5G5WAEHV15ZSNYXBM25,False,,,,,,,False,False,25.0,,0.0,1772387906351,1772387927135,20784,2.0,01KJN788SPAKVVBHX9T9FDQWAF,,3,False,True,False,,,,,,,,False,
01KJN6MMPQTMDYRN709DP5DSDA,01KJN77XQHYQ5TVVY4HZM02E7R,Felu,C,C,listener,0.0,refgame,1.0,page7-107,page7-107,True,2.0,01KJN7KYV6KEYGF7WX6G0BANR9,False,,,,,,,False,False,0.0,,0.0,1772386657822,1772386702827,45005,,01KJN79ZQD1E4YD03FE5CGJY8K,True,3,False,True,True,,,,,,,,False,
01KJN6MMPQTMDYRN709DP5DSDA,01KJN7931DXZ65NXTWK1GNEZMW,Nori,C,C,listener,3.0,refgame,1.0,page7-107,page7-107,True,2.0,01KJN7KYZF6WBFK0HY3WZWJTDJ,False,,,,,,,False,False,23.0,,0.0,1772387661755,1772387678433,16678,,01KJN79ZQD1E4YD03FE5CGJY8K,True,3,False,True,True,,,,,,,,False,
01KJN6MMQ03KZPZN0275VZXK6R,01KJN792W85XPK9QGH8A6HSYSJ,Zuda,B,B,speaker,4.0,refgame,1.0,page7-107,,,2.0,01KJN7JJ1X1NXQGFN1A23D587W,False,,,,,,,False,False,27.0,,0.0,1772387933662,1772387957443,23781,2.0,01KJN792W85XPK9QGH8A6HSYSJ,,3,False,True,False,,,,,,,,False,
01KJN6MMPQTMDYRN709968YFN1,01KJN78CQJ3KY7VMGAR6F3D4S0,Bavi,B,B,speaker,5.0,refgame,1.0,page9-46,,,1.0,01KJN7K5JWFN5D8CSNKKGAEAS0,False,,,,,,,False,False,35.0,,0.0,1772388261446,1772388306475,45029,2.0,01KJN78CQJ3KY7VMGAR6F3D4S0,,3,False,True,False,,,,,,,,False,
01KJN6MMQ03KZPZN0275VZXK6R,01KJN7C40WEQBDF48ACG18M0EV,Hera,B,B,listener,1.0,refgame,1.0,page9-46,page9-46,True,2.0,01KJN7JHZQSRK24Z41VVEYNBPE,False,,,,,,,False,False,7.0,,0.0,1772386990498,1772387026658,36160,,01KJN792W85XPK9QGH8A6HSYSJ,True,3,False,True,True,,,,,,,,False,
01KJN6MMQ03KZPZN0275VZXK6R,01KJN79B14FBSYSKKCG2BYVBB6,Repi,A,A,listener,5.0,refgame,1.0,page3-35,page3-35,True,2.0,01KJN7JJ1FP44XD8PJWTZX3FH2,False,,,,,,,False,False,35.0,,0.0,1772388255722,1772388289959,34237,,01KJN7AZC7FAG17CY924MRTCF7,True,3,False,True,True,,,,,,,,False,
01KJN6MMQ03KZPZN0275VZXK6R,01KJN7AAX1VHZ1A7ZB35BNRH8N,Player,A,A,listener,5.0,refgame,2.0,page3-35,page3-35,True,2.0,01KJN7JJ4F71QKFN9HJKMN6A4E,False,,,,,,,False,False,66.0,,0.0,1772389189262,1772389209322,20060,,01KJN7A44GGBE9XR412KV5BFSC,False,3,False,True,True,,,,,,,,False,
01KJN6MMQ03KZPZN0275VZXK6R,01KJN7AZC7FAG17CY924MRTCF7,Laju,A,A,listener,1.0,refgame,1.0,page7-255,page7-255,True,2.0,01KJN7JJ0XW9B6G59FFDBG8AT1,False,,,,,,,False,False,6.0,,0.0,1772386940062,1772386985080,45018,,01KJN7AAX1VHZ1A7ZB35BNRH8N,True,3,False,True,True,,,,,,,,False,
01KJN6MMPQTMDYRN709968YFN1,01KJN78B0TFR8F59JDGD057XNS,Repi,A,A,listener,1.0,refgame,1.0,page9-46,page9-46,True,2.0,01KJN7K5HZEKT6FNAA9GWA4F02,False,,,,,,,False,False,9.0,,0.0,1772387125823,1772387165178,39355,,01KJN791EPN054R2NTQQ1BFXJ5,True,3,False,True,True,,,,,,,,False,
01KJN6MMPQTMDYRN709DP5DSDA,01KJN7BYA5X3A2G30KZECRY2HY,Bavi,B,B,speaker,2.0,refgame,1.0,page9-46,,,2.0,01KJN7KYZVF0MZ734PHRTBKCFB,False,,,,,,,False,False,17.0,,0.0,1772387460255,1772387497754,37499,1.0,01KJN7BYA5X3A2G30KZECRY2HY,,3,False,True,False,,,,,,,,False,
01KJN6MMPQTMDYRN709968YFN1,01KJN79ZDP3YNFFHHQA302PJDP,Nori,C,C,speaker,5.0,refgame,1.0,page5-28,,,2.0,01KJN7K5KHS8NZF1KQV836M65V,False,,,,,,,False,False,32.0,,0.0,1772388150885,1772388181824,30939,2.0,01KJN79ZDP3YNFFHHQA302PJDP,,3,False,True,False,,,,,,,,False,
01KJN6MMQ03KZPZN0275VZXK6R,01KJN7AAX1VHZ1A7ZB35BNRH8N,Player,A,B,listener,3.0,refgame,2.0,page7-107,page7-107,True,2.0,01KJN7JJ4GCT1AQ6A0X5YF4F5Y,False,,,,,,,False,False,58.0,,0.0,1772388985091,1772389005095,20004,,01KJN79J529BWBWTESKB6D9MB7,False,3,False,True,True,,,,,,,,False,
01KJN6MMPQTMDYRN709DP5DSDA,01KJN79PCAAMFX7P2QF70Y3HJM,Repi,A,A,speaker,0.0,refgame,1.0,page7-255,,,0.0,01KJN7KYY7ZXJQFEB6A26GX86K,False,,,,,,,False,False,3.0,,0.0,1772386819116,1772386858961,39845,1.0,01KJN79PCAAMFX7P2QF70Y3HJM,,3,False,True,False,,,,,,,,False,
01KJN6MMPQTMDYRN709968YFN1,01KJN788SPAKVVBHX9T9FDQWAF,Zuda,B,B,listener,3.0,refgame,1.0,page3-35,page3-35,True,2.0,01KJN7K5J1ZRGX1V6B624J4KWP,False,,,,,,,False,False,21.0,,0.0,1772387727233,1772387763463,36230,,01KJN79Y7T0VZNKHTSJRZWTDZ5,True,3,False,True,True,,,,,,,,False,
01KJN6MMPQTMDYRN709DP5DSDA,01KJN7BYA5X3A2G30KZECRY2HY,Bavi,B,B,listener,4.0,refgame,1.0,page9-46,page9-46,True,2.0,01KJN7KYWH7DW8R8C7QY0ZK5NG,False,,,,,,,False,False,29.0,,0.0,1772387857212,1772387876093,18881,,01KJN7AAWT4GWKRZ7B9775509P,True,3,False,True,True,,,,,,,,False,
01KJN6MMPQTMDYRN709968YFN1,01KJN788SPAKVVBHX9T9FDQWAF,Zuda,B,B,listener,5.0,refgame,1.0,page5-28,page5-28,True,2.0,01KJN7K5KHS8NZF1KQV836M65V,False,,,,,,,False,False,32.0,,0.0,1772388150885,1772388181824,30939,,01KJN78CQJ3KY7VMGAR6F3D4S0,True,3,False,True,True,,,,,,,,False,
01KJN6MMPQTMDYRN709968YFN1,01KJN788SPAKVVBHX9T9FDQWAF,Player,B,B,listener,0.0,refgame,2.0,page5-28,page5-28,True,2.0,01KJN7K5JHH03N9GJWQ4QNWTP8,False,,,,,,,False,False,36.0,,0.0,1772388344987,1772388366474,21487,,01KJN78B0TFR8F59JDGD057XNS,False,3,False,True,True,,,,,,,,False,
01KJN6MMPQTMDYRN709DP5DSDA,01KJN79ZRTRDMY6RH8ZCYCM9NV,Minu,A,A,speaker,4.0,refgame,1.0,page5-28,,,2.0,01KJN7KYWFXTPDV5GRYPW63TV1,False,,,,,,,False,False,24.0,,0.0,1772387688519,1772387709099,20580,2.0,01KJN79ZRTRDMY6RH8ZCYCM9NV,,3,False,True,False,,,,,,,,False,
01KJN6MMPQTMDYRN709DP5DSDA,01KJN7BYA5X3A2G30KZECRY2HY,Bavi,B,B,listener,0.0,refgame,2.0,page3-35,page3-35,True,2.0,01KJN7KYYEBVY8X95NHX4BR4FV,False,,,,,,,False,False,37.0,,0.0,1772388064178,1772388076151,11973,,01KJN7B4V2673GK7HGVSG52R2P,True,3,False,True,True,,,,,,,,False,
01KJN6MMQ03KZPZN0275VZXK6R,01KJN7C40WEQBDF48ACG18M0EV,Player,B,A,speaker,0.0,refgame,2.0,page7-107,,,2.0,01KJN7JJ1A9ED4KAF42WD7ANR8,False,,,,,,,False,False,37.0,,0.0,1772388388706,1772388408142,19436,1.0,01KJN7C40WEQBDF48ACG18M0EV,,3,False,True,False,,,,,,,,False,
01KJN6MMPQTMDYRN709DP5DSDA,01KJN79PCAAMFX7P2QF70Y3HJM,Repi,A,A,listener,4.0,refgame,2.0,page7-255,page7-255,True,2.0,01KJN7KZ5M1XWQ8FNDY900FYQM,False,,,,,,,False,False,63.0,,0.0,1772388488743,1772388499700,10957,,01KJN79ZRTRDMY6RH8ZCYCM9NV,True,3,False,True,True,,,,,,,,False,
01KJN6MMQ03KZPZN0275VZXK6R,01KJN7AAX1VHZ1A7ZB35BNRH8N,Player,A,A,listener,5.0,refgame,2.0,page9-46,page9-46,True,2.0,01KJN7JJ4B103R31J8V9CH41TX,False,,,,,,,False,False,71.0,,0.0,1772389316097,1772389335665,19568,,01KJN7AZC7FAG17CY924MRTCF7,True,3,False,True,True,,,,,,,,False,
01KJN6MMQ03KZPZN0275VZXK6R,01KJN79B14FBSYSKKCG2BYVBB6,Repi,A,A,listener,1.0,refgame,1.0,page3-35,page3-35,True,2.0,01KJN7JJ0MB1FQKFF8CTGJPYKN,False,,,,,,,False,False,9.0,,0.0,1772387096074,1772387140295,44221,,01KJN7AAX1VHZ1A7ZB35BNRH8N,True,3,False,True,True,,,,,,,,False,
01KJN6MMPQTMDYRN709DP5DSDA,01KJN7AAWT4GWKRZ7B9775509P,Zuda,B,B,speaker,4.0,refgame,1.0,page7-255,,,2.0,01KJN7KYWTHVP18XWA27WSJNEC,False,,,,,,,False,False,27.0,,0.0,1772387770894,1772387815936,45042,2.0,01KJN7AAWT4GWKRZ7B9775509P,,3,False,True,False,,,,,,,,False,
01KJN6MMQ03KZPZN0275VZXK6R,01KJN7AAX1VHZ1A7ZB35BNRH8N,Minu,A,A,speaker,4.0,refgame,1.0,page7-107,,,2.0,01KJN7JJ1X1NXQGFN1A23D587W,False,,,,,,,False,False,27.0,,0.0,1772387933662,1772387957443,23781,2.0,01KJN7AAX1VHZ1A7ZB35BNRH8N,,3,False,True,False,,,,,,,,False,
01KJN6MMQ03KZPZN0275VZXK6R,01KJN7A44GGBE9XR412KV5BFSC,Player,B,C,listener,0.0,refgame,2.0,page9-46,,False,0.0,01KJN7JJ1R0ZCD3D5GW7K272MC,False,,,,,,,True,False,40.0,,0.0,1772388475619,1772388495644,20025,,01KJN7C40WEQBDF48ACG18M0EV,True,3,False,True,True,,,,,,,,False,
01KJN6MMPQTMDYRN709968YFN1,01KJN79Y7T0VZNKHTSJRZWTDZ5,Player,B,B,listener,1.0,refgame,2.0,page-B,page-B,True,2.0,01KJN7K5R000K64SZACMCPEMWA,False,,,,,,,False,False,46.0,,0.0,1772388591304,1772388606901,15597,,01KJN788SPAKVVBHX9T9FDQWAF,True,3,False,True,True,,,,,,,,False,
01KJN6MMPQTMDYRN709968YFN1,01KJN79Y7T0VZNKHTSJRZWTDZ5,Hera,B,B,listener,1.0,refgame,1.0,page7-255,,False,0.0,01KJN7K5HSCQA43VSFADGE0Q2T,False,,,,,,,True,False,10.0,,0.0,1772387173083,1772387218062,44979,,01KJN788SPAKVVBHX9T9FDQWAF,True,3,False,True,True,,,,,,,,False,
01KJN6MMPQTMDYRN709DP5DSDA,01KJN7B32C1C5254NSG6ZK1GRK,Laju,A,A,speaker,2.0,refgame,2.0,page-B,,,2.0,01KJN7KZ5EPEYHDMQ29DK9VY0Z,False,,,,,,,False,False,53.0,,0.0,1772388316505,1772388330049,13544,1.0,01KJN7B32C1C5254NSG6ZK1GRK,,3,False,True,False,,,,,,,,False,
01KJN6MMQ03KZPZN0275VZXK6R,01KJN7C40WEQBDF48ACG18M0EV,Player,B,A,listener,1.0,refgame,2.0,page3-35,page3-35,True,2.0,01KJN7JJ1820G44H819DQJ8GMD,False,,,,,,,False,False,43.0,,0.0,1772388552835,1772388572920,20085,,01KJN792W85XPK9QGH8A6HSYSJ,True,3,False,True,True,,,,,,,,False,
01KJN6MMPQTMDYRN709968YFN1,01KJN788SPAKVVBHX9T9FDQWAF,Player,B,B,speaker,1.0,refgame,2.0,page7-107,,,2.0,01KJN7K5HCEVM6Q4JCTG9KFQNS,False,,,,,,,False,False,47.0,,0.0,1772388612593,1772388622602,10009,1.0,01KJN788SPAKVVBHX9T9FDQWAF,,3,False,True,False,,,,,,,,False,
01KJN6MMQ03KZPZN0275VZXK6R,01KJN79B14FBSYSKKCG2BYVBB6,Player,A,A,listener,4.0,refgame,2.0,page-B,page-B,True,2.0,01KJN7JJ4HZG5Q1EBE6H435ZZY,False,,,,,,,False,False,63.0,,0.0,1772389106854,1772389126859,20005,,01KJN7AAX1VHZ1A7ZB35BNRH8N,True,3,False,True,True,,,,,,,,False,
01KJN6MMPQTMDYRN709968YFN1,01KJN79Y7T0VZNKHTSJRZWTDZ5,Hera,B,B,speaker,3.0,refgame,1.0,page7-255,,,2.0,01KJN7K5QG4CHFGPDNXVD1PEDF,False,,,,,,,False,False,22.0,,0.0,1772387769859,1772387810656,40797,2.0,01KJN79Y7T0VZNKHTSJRZWTDZ5,,3,False,True,False,,,,,,,,False,
01KJN6MMPQTMDYRN709DP5DSDA,01KJN7B4V2673GK7HGVSG52R2P,Hera,B,B,listener,5.0,refgame,2.0,page-B,page-B,True,2.0,01KJN7KZ3D0HTVJZCVXH48W7YP,False,,,,,,,False,False,69.0,,0.0,1772388579779,1772388591448,11669,,01KJN7BYA5X3A2G30KZECRY2HY,True,3,False,True,True,,,,,,,,False,
01KJN6MMQ03KZPZN0275VZXK6R,01KJN7863BFF3ZYZGVVSATZTH7,Player,C,A,listener,2.0,refgame,2.0,page-B,page-B,True,2.0,01KJN7JJ1N6V7EEQ6VZVXNRHV0,False,,,,,,,False,False,53.0,,0.0,1772388847281,1772388866268,18987,,01KJN78DQ6KC0F9N1HA0BPB44R,True,3,False,True,True,,,,,,,,False,
01KJN6MMPQTMDYRN709DP5DSDA,01KJN77XQHYQ5TVVY4HZM02E7R,Felu,C,C,speaker,1.0,refgame,1.0,page7-255,,,1.0,01KJN7KZ48XCCWBNQKS0SJE7ES,False,,,,,,,False,False,10.0,,0.0,1772387170616,1772387215615,44999,1.0,01KJN77XQHYQ5TVVY4HZM02E7R,,3,False,True,False,,,,,,,,False,
01KJN6MMPQTMDYRN709DP5DSDA,01KJN79ZQD1E4YD03FE5CGJY8K,Lika,C,C,listener,1.0,refgame,2.0,page7-107,page7-107,True,2.0,01KJN7KYXFQRPB40W6RYE3EFWM,False,,,,,,,False,False,47.0,,0.0,1772388231673,1772388242723,11050,,01KJN77XQHYQ5TVVY4HZM02E7R,True,3,False,True,True,,,,,,,,False,
01KJN6MMPQTMDYRN709DP5DSDA,01KJN77XQHYQ5TVVY4HZM02E7R,Felu,C,C,listener,2.0,refgame,1.0,page-B,page-B,True,2.0,01KJN7KZ33V5V719AES7EBWC0V,False,,,,,,,False,False,14.0,,0.0,1772387342438,1772387377362,34924,,01KJN7931DXZ65NXTWK1GNEZMW,True,3,False,True,True,,,,,,,,False,
01KJN6MMQ03KZPZN0275VZXK6R,01KJN79J529BWBWTESKB6D9MB7,Lika,C,C,listener,4.0,refgame,1.0,page7-107,page7-107,True,2.0,01KJN7JJ1X1NXQGFN1A23D587W,False,,,,,,,False,False,27.0,,0.0,1772387933662,1772387957443,23781,,01KJN7863BFF3ZYZGVVSATZTH7,True,3,False,True,True,,,,,,,,False,
01KJN6MMPQTMDYRN709DP5DSDA,01KJN79ZQD1E4YD03FE5CGJY8K,Lika,C,C,speaker,0.0,refgame,2.0,page3-35,,,2.0,01KJN7KYYEBVY8X95NHX4BR4FV,False,,,,,,,False,False,37.0,,0.0,1772388064178,1772388076151,11973,1.0,01KJN79ZQD1E4YD03FE5CGJY8K,,3,False,True,False,,,,,,,,False,
01KJN6MMPQTMDYRN709968YFN1,01KJN78B0TFR8F59JDGD057XNS,Player,A,B,speaker,0.0,refgame,2.0,page7-255,,,1.0,01KJN7K5J8EB4VZG9V4BB06TEV,False,,,,,,,False,False,39.0,,0.0,1772388428055,1772388446438,18383,1.0,01KJN78B0TFR8F59JDGD057XNS,,3,False,True,False,,,,,,,,False,
01KJN6MMPQTMDYRN709968YFN1,01KJN78CQJ3KY7VMGAR6F3D4S0,Player,B,A,listener,4.0,refgame,2.0,page7-255,page7-255,True,2.0,01KJN7K5KA3E984TAA3QPV7RDV,False,,,,,,,False,False,61.0,,0.0,1772388899495,1772388914994,15499,,01KJN788SPAKVVBHX9T9FDQWAF,True,3,False,True,True,,,,,,,,False,
01KJN6MMQ03KZPZN0275VZXK6R,01KJN78DQ6KC0F9N1HA0BPB44R,Nori,C,C,listener,1.0,refgame,1.0,page7-255,page7-255,True,2.0,01KJN7JJ0XW9B6G59FFDBG8AT1,False,,,,,,,False,False,6.0,,0.0,1772386940062,1772386985080,45018,,01KJN7863BFF3ZYZGVVSATZTH7,True,3,False,True,True,,,,,,,,False,
01KJN6MMPQTMDYRN709DP5DSDA,01KJN7B4V2673GK7HGVSG52R2P,Hera,B,B,listener,5.0,refgame,1.0,page9-46,page9-46,True,2.0,01KJN7KYWCG0VSA4BGP1BA4VRQ,False,,,,,,,False,False,31.0,,0.0,1772387903476,1772387912499,9023,,01KJN7BYA5X3A2G30KZECRY2HY,True,3,False,True,True,,,,,,,,False,
01KJN6MMQ03KZPZN0275VZXK6R,01KJN7C40WEQBDF48ACG18M0EV,Player,B,A,speaker,0.0,refgame,2.0,page5-28,,,2.0,01KJN7JJ1VVYECS34J9NT698WM,False,,,,,,,False,False,39.0,,0.0,1772388446349,1772388466403,20054,1.0,01KJN7C40WEQBDF48ACG18M0EV,,3,False,True,False,,,,,,,,False,
01KJN6MMQ03KZPZN0275VZXK6R,01KJN7A44GGBE9XR412KV5BFSC,Player,B,A,listener,4.0,refgame,2.0,page5-28,page5-28,True,2.0,01KJN7JJ4EG9317PS98S3CCXVS,False,,,,,,,False,False,65.0,,0.0,1772389164100,1772389184121,20021,,01KJN792W85XPK9QGH8A6HSYSJ,True,3,False,True,True,,,,,,,,False,
01KJN6MMPQTMDYRN709968YFN1,01KJN78JVY5FN5QXW9XGGE72RG,Laju,A,A,listener,0.0,refgame,1.0,page3-35,page3-35,True,2.0,01KJN7K5HHFJZXYFX14TKSFBHN,False,,,,,,,False,False,4.0,,0.0,1772386867613,1772386912635,45022,,01KJN78B0TFR8F59JDGD057XNS,True,3,False,True,True,,,,,,,,False,
01KJN6MMPQTMDYRN709968YFN1,01KJN79ZDP3YNFFHHQA302PJDP,Nori,C,C,speaker,2.0,refgame,1.0,page7-255,,,0.0,01KJN7K5JTNJB1AXC03H4SWV8M,False,,,,,,,False,False,15.0,,0.0,1772387416630,1772387456025,39395,1.0,01KJN79ZDP3YNFFHHQA302PJDP,,3,False,True,False,,,,,,,,False,
01KJN6MMPQTMDYRN709DP5DSDA,01KJN7BYA5X3A2G30KZECRY2HY,Bavi,B,B,listener,1.0,refgame,2.0,page7-107,page7-107,True,2.0,01KJN7KYXFQRPB40W6RYE3EFWM,False,,,,,,,False,False,47.0,,0.0,1772388231673,1772388242723,11050,,01KJN7AAWT4GWKRZ7B9775509P,True,3,False,True,True,,,,,,,,False,
01KJN6MMPQTMDYRN709DP5DSDA,01KJN7BYA5X3A2G30KZECRY2HY,Bavi,B,B,speaker,2.0,refgame,2.0,page5-28,,,2.0,01KJN7KZ5TVXAD2SF4H87WAT8G,False,,,,,,,False,False,52.0,,0.0,1772388301163,1772388312752,11589,1.0,01KJN7BYA5X3A2G30KZECRY2HY,,3,False,True,False,,,,,,,,False,
01KJN6MMPQTMDYRN709DP5DSDA,01KJN79PCAAMFX7P2QF70Y3HJM,Repi,A,A,speaker,3.0,refgame,2.0,page9-46,,,2.0,01KJN7KZ4QMNMSWDESPF7REVXV,False,,,,,,,False,False,55.0,,0.0,1772388358226,1772388367836,9610,2.0,01KJN79PCAAMFX7P2QF70Y3HJM,,3,False,True,False,,,,,,,,False,
01KJN6MMPQTMDYRN709968YFN1,01KJN788SPAKVVBHX9T9FDQWAF,Player,B,B,listener,2.0,refgame,2.0,page7-107,page7-107,True,2.0,01KJN7K5KWYEW2XHWSPH3S9Q47,False,,,,,,,False,False,49.0,,0.0,1772388657038,1772388669026,11988,,01KJN78JVY5FN5QXW9XGGE72RG,False,3,False,True,True,,,,,,,,False,
01KJN6MMQ03KZPZN0275VZXK6R,01KJN7AAX1VHZ1A7ZB35BNRH8N,Player,A,B,listener,3.0,refgame,2.0,page3-35,page3-35,True,2.0,01KJN7JJ0NZ29KXJEZX39HD183,False,,,,,,,False,False,59.0,,0.0,1772389012806,1772389032810,20004,,01KJN79B14FBSYSKKCG2BYVBB6,True,3,False,True,True,,,,,,,,False,
01KJN6MMPQTMDYRN709DP5DSDA,01KJN77XQHYQ5TVVY4HZM02E7R,Felu,C,C,listener,0.0,refgame,2.0,page3-35,page3-35,True,2.0,01KJN7KYYEBVY8X95NHX4BR4FV,False,,,,,,,False,False,37.0,,0.0,1772388064178,1772388076151,11973,,01KJN79ZQD1E4YD03FE5CGJY8K,True,3,False,True,True,,,,,,,,False,
01KJN6MMPQTMDYRN709DP5DSDA,01KJN77XQHYQ5TVVY4HZM02E7R,Felu,C,C,speaker,1.0,refgame,2.0,page5-28,,,2.0,01KJN7KYX76441G4MZVKJSBPHS,False,,,,,,,False,False,42.0,,0.0,1772388151863,1772388163936,12073,1.0,01KJN77XQHYQ5TVVY4HZM02E7R,,3,False,True,False,,,,,,,,False,
01KJN6MMPQTMDYRN709968YFN1,01KJN78CQJ3KY7VMGAR6F3D4S0,Player,B,A,speaker,2.0,refgame,2.0,page7-107,,,2.0,01KJN7K5KWYEW2XHWSPH3S9Q47,False,,,,,,,False,False,49.0,,0.0,1772388657038,1772388669026,11988,1.0,01KJN78CQJ3KY7VMGAR6F3D4S0,,3,False,True,False,,,,,,,,False,
01KJN6MMPQTMDYRN709968YFN1,01KJN78JVY5FN5QXW9XGGE72RG,Laju,A,A,speaker,5.0,refgame,1.0,page3-35,,,2.0,01KJN7K5KC833F28YJV6E0BER7,False,,,,,,,False,False,33.0,,0.0,1772388187845,1772388209421,21576,2.0,01KJN78JVY5FN5QXW9XGGE72RG,,3,False,True,False,,,,,,,,False,
01KJN6MMPQTMDYRN709968YFN1,01KJN78B0TFR8F59JDGD057XNS,Player,A,A,listener,2.0,refgame,2.0,page5-28,page3-35,False,0.0,01KJN7K5H5ZRHXSPNRV2ZHHSXR,False,,,,,,,False,False,50.0,,0.0,1772388673634,1772388691807,18173,,01KJN78CQJ3KY7VMGAR6F3D4S0,False,3,False,True,True,,,,,,,,False,
01KJN6MMQ03KZPZN0275VZXK6R,01KJN7863BFF3ZYZGVVSATZTH7,Felu,C,C,listener,5.0,refgame,1.0,page5-28,page5-28,True,2.0,01KJN7JJ1SMVGMC6BAWX0QWSAN,False,,,,,,,False,False,30.0,,0.0,1772388071482,1772388097743,26261,,01KJN78DQ6KC0F9N1HA0BPB44R,True,3,False,True,True,,,,,,,,False,
01KJN6MMQ03KZPZN0275VZXK6R,01KJN79J529BWBWTESKB6D9MB7,Player,C,C,speaker,0.0,refgame,2.0,page3-35,,,2.0,01KJN7JJ1PF41J166TSJBZWQBB,False,,,,,,,False,False,41.0,,0.0,1772388502377,1772388519944,17567,1.0,01KJN79J529BWBWTESKB6D9MB7,,3,False,True,False,,,,,,,,False,
01KJN6MMPQTMDYRN709968YFN1,01KJN791EPN054R2NTQQ1BFXJ5,Player,A,A,listener,2.0,refgame,2.0,page9-46,page9-46,True,2.0,01KJN7K5KGSV4XEV8JEA43KKXE,False,,,,,,,False,False,52.0,,0.0,1772388712405,1772388726564,14159,,01KJN78CQJ3KY7VMGAR6F3D4S0,False,3,False,True,True,,,,,,,,False,
01KJN6MMPQTMDYRN709968YFN1,01KJN78M7563R5D9TQE5G142DA,Lika,C,C,speaker,3.0,refgame,1.0,page7-255,,,1.0,01KJN7K5QG4CHFGPDNXVD1PEDF,False,,,,,,,False,False,22.0,,0.0,1772387769859,1772387810656,40797,2.0,01KJN78M7563R5D9TQE5G142DA,,3,False,True,False,,,,,,,,False,
01KJN6MMPQTMDYRN709968YFN1,01KJN79Y7T0VZNKHTSJRZWTDZ5,Player,B,A,speaker,0.0,refgame,2.0,page-B,,,2.0,01KJN7K5QYJHXV5CARZ38T1JEN,False,,,,,,,False,False,41.0,,0.0,1772388472700,1772388487001,14301,1.0,01KJN79Y7T0VZNKHTSJRZWTDZ5,,3,False,True,False,,,,,,,,False,
01KJN6MMQ03KZPZN0275VZXK6R,01KJN78DQ6KC0F9N1HA0BPB44R,Player,C,C,speaker,5.0,refgame,2.0,page5-28,,,2.0,01KJN7JJ4CKNN14ST5YRKZ4T18,False,,,,,,,False,False,68.0,,0.0,1772389244705,1772389263979,19274,2.0,01KJN78DQ6KC0F9N1HA0BPB44R,,3,False,True,False,,,,,,,,False,
01KJN6MMPQTMDYRN709DP5DSDA,01KJN79ZRTRDMY6RH8ZCYCM9NV,Minu,A,A,listener,0.0,refgame,2.0,page7-107,page7-107,True,2.0,01KJN7KYXC39570NBM5M60XHPH,False,,,,,,,False,False,41.0,,0.0,1772388134092,1772388144332,10240,,01KJN79PCAAMFX7P2QF70Y3HJM,True,3,False,True,True,,,,,,,,False,
01KJN6MMPQTMDYRN709DP5DSDA,01KJN7B32C1C5254NSG6ZK1GRK,Laju,A,A,listener,1.0,refgame,2.0,page7-107,page7-107,True,2.0,01KJN7KYXFQRPB40W6RYE3EFWM,False,,,,,,,False,False,47.0,,0.0,1772388231673,1772388242723,11050,,01KJN79ZRTRDMY6RH8ZCYCM9NV,True,3,False,True,True,,,,,,,,False,
01KJN6MMPQTMDYRN709DP5DSDA,01KJN7B32C1C5254NSG6ZK1GRK,Laju,A,A,listener,3.0,refgame,1.0,page-B,page-B,True,2.0,01KJN7KYWVG5D3PX554T4PG812,False,,,,,,,False,False,21.0,,0.0,1772387605450,1772387631251,25801,,01KJN79PCAAMFX7P2QF70Y3HJM,True,3,False,True,True,,,,,,,,False,
01KJN6MMPQTMDYRN709DP5DSDA,01KJN7BYA5X3A2G30KZECRY2HY,Bavi,B,B,listener,0.0,refgame,2.0,page-B,page-B,True,2.0,01KJN7KYYKG4J0XFNGWMZ2451X,False,,,,,,,False,False,36.0,,0.0,1772388039295,1772388059290,19995,,01KJN7B4V2673GK7HGVSG52R2P,True,3,False,True,True,,,,,,,,False,
01KJN6MMQ03KZPZN0275VZXK6R,01KJN7C40WEQBDF48ACG18M0EV,Player,B,B,listener,2.0,refgame,2.0,page7-107,page7-107,True,2.0,01KJN7JJ0XW9B6G59FG765GH27,False,,,,,,,False,False,48.0,,0.0,1772388713668,1772388732477,18809,,01KJN78DQ6KC0F9N1HA0BPB44R,False,3,False,True,True,,,,,,,,False,
01KJN6MMQ03KZPZN0275VZXK6R,01KJN792W85XPK9QGH8A6HSYSJ,Zuda,B,B,listener,0.0,refgame,1.0,page3-35,page5-142,False,0.0,01KJN7JJ1A9ED4KAF41TVNW0W6,False,,,,,,,False,False,1.0,,0.0,1772386673383,1772386718389,45006,,01KJN7C40WEQBDF48ACG18M0EV,True,3,False,True,True,,,,,,,,False,
01KJN6MMPQTMDYRN709968YFN1,01KJN78JVY5FN5QXW9XGGE72RG,Laju,A,A,listener,1.0,refgame,1.0,page3-35,,False,0.0,01KJN7K5HFQ0YWS0B8B4TY02DQ,False,,,,,,,True,False,6.0,,0.0,1772386972417,1772387017438,45021,,01KJN791EPN054R2NTQQ1BFXJ5,True,3,False,True,True,,,,,,,,False,
01KJN6MMPQTMDYRN709DP5DSDA,01KJN79ZRTRDMY6RH8ZCYCM9NV,Minu,A,A,speaker,1.0,refgame,1.0,page5-28,,,1.0,01KJN7KZ409T5ZHRW9SE4CM2P9,False,,,,,,,False,False,11.0,,0.0,1772387222771,1772387265429,42658,1.0,01KJN79ZRTRDMY6RH8ZCYCM9NV,,3,False,True,False,,,,,,,,False,
01KJN6MMQ03KZPZN0275VZXK6R,01KJN7863BFF3ZYZGVVSATZTH7,Player,C,C,listener,0.0,refgame,2.0,page7-107,page7-107,True,2.0,01KJN7JJ1A9ED4KAF42WD7ANR8,False,,,,,,,False,False,37.0,,0.0,1772388388706,1772388408142,19436,,01KJN79B14FBSYSKKCG2BYVBB6,False,3,False,True,True,,,,,,,,False,
01KJN6MMPQTMDYRN709968YFN1,01KJN791EPN054R2NTQQ1BFXJ5,Player,A,B,listener,2.0,refgame,2.0,page5-28,page5-28,True,2.0,01KJN7K5H5ZRHXSPNRV2ZHHSXR,False,,,,,,,False,False,50.0,,0.0,1772388673634,1772388691807,18173,,01KJN78JVY5FN5QXW9XGGE72RG,True,3,False,True,True,,,,,,,,False,
01KJN6MMQ03KZPZN0275VZXK6R,01KJN792W85XPK9QGH8A6HSYSJ,Zuda,B,B,listener,0.0,refgame,1.0,page5-28,page5-28,True,2.0,01KJN7JHZFFFSQ6C949D4A45VQ,False,,,,,,,False,False,2.0,,0.0,1772386731115,1772386774129,43014,,01KJN7C40WEQBDF48ACG18M0EV,True,3,False,True,True,,,,,,,,False,
01KJN6MMPQTMDYRN709DP5DSDA,01KJN7B4V2673GK7HGVSG52R2P,Hera,B,B,speaker,3.0,refgame,2.0,page7-255,,,2.0,01KJN7KZ2WME7KZMKY7BATVWYX,False,,,,,,,False,False,59.0,,0.0,1772388421080,1772388430273,9193,2.0,01KJN7B4V2673GK7HGVSG52R2P,,3,False,True,False,,,,,,,,False,
01KJN6MMQ03KZPZN0275VZXK6R,01KJN7C40WEQBDF48ACG18M0EV,Player,B,A,listener,5.0,refgame,2.0,page3-35,page3-193,False,0.0,01KJN7JJ4F71QKFN9HJKMN6A4E,False,,,,,,,False,False,66.0,,0.0,1772389189262,1772389209322,20060,,01KJN7A44GGBE9XR412KV5BFSC,True,3,False,True,True,,,,,,,,False,
01KJN6MMQ03KZPZN0275VZXK6R,01KJN7A44GGBE9XR412KV5BFSC,Bavi,B,B,listener,1.0,refgame,1.0,page-B,page-B,True,2.0,01KJN7JJ0T9TQHTQBPKBZMWPWF,False,,,,,,,False,False,10.0,,0.0,1772387149191,1772387184311,35120,,01KJN792W85XPK9QGH8A6HSYSJ,True,3,False,True,True,,,,,,,,False,
01KJN6MMPQTMDYRN709968YFN1,01KJN78CQJ3KY7VMGAR6F3D4S0,Bavi,B,B,listener,4.0,refgame,1.0,page7-255,page7-255,True,2.0,01KJN7K5H8BSX37JV3WZMKDDX9,False,,,,,,,False,False,29.0,,0.0,1772388048043,1772388073516,25473,,01KJN788SPAKVVBHX9T9FDQWAF,True,3,False,True,True,,,,,,,,False,
01KJN6MMQ03KZPZN0275VZXK6R,01KJN78DQ6KC0F9N1HA0BPB44R,Nori,C,C,speaker,5.0,refgame,1.0,page7-255,,,2.0,01KJN7JJ1FP44XD8PJXNFE1281,False,,,,,,,False,False,34.0,,0.0,1772388219015,1772388247646,28631,2.0,01KJN78DQ6KC0F9N1HA0BPB44R,,3,False,True,False,,,,,,,,False,
01KJN6MMPQTMDYRN709DP5DSDA,01KJN7B4V2673GK7HGVSG52R2P,Hera,B,B,speaker,3.0,refgame,2.0,page3-35,,,2.0,01KJN7KZ431YCMQ4BZRNENZDQR,False,,,,,,,False,False,57.0,,0.0,1772388389690,1772388398556,8866,2.0,01KJN7B4V2673GK7HGVSG52R2P,,3,False,True,False,,,,,,,,False,
01KJN6MMQ03KZPZN0275VZXK6R,01KJN79J529BWBWTESKB6D9MB7,Player,C,B,speaker,3.0,refgame,2.0,page-B,,,2.0,01KJN7JJ1CYQGSSJG1XAFMYT77,False,,,,,,,False,False,54.0,,0.0,1772388877448,1772388897486,20038,2.0,01KJN79J529BWBWTESKB6D9MB7,,3,False,True,False,,,,,,,,False,
01KJN6MMPQTMDYRN709968YFN1,01KJN78CQJ3KY7VMGAR6F3D4S0,Bavi,B,B,listener,1.0,refgame,1.0,page7-107,page7-107,True,2.0,01KJN7K5FPBRARD9EVC2PVD07Q,False,,,,,,,False,False,8.0,,0.0,1772387081275,1772387110069,28794,,01KJN788SPAKVVBHX9T9FDQWAF,True,3,False,True,True,,,,,,,,False,
01KJN6MMQ03KZPZN0275VZXK6R,01KJN79B14FBSYSKKCG2BYVBB6,Repi,A,A,speaker,3.0,refgame,1.0,page3-35,,,2.0,01KJN7JJ49X2EQESMMJM9CKKQQ,False,,,,,,,False,False,21.0,,0.0,1772387640673,1772387685705,45032,2.0,01KJN79B14FBSYSKKCG2BYVBB6,,3,False,True,False,,,,,,,,False,
01KJN6MMPQTMDYRN709DP5DSDA,01KJN7B4V2673GK7HGVSG52R2P,Hera,B,B,listener,5.0,refgame,2.0,page7-255,page7-255,True,2.0,01KJN7KZ2A7Y374PXRWXKQH250,False,,,,,,,False,False,70.0,,0.0,1772388596183,1772388603168,6985,,01KJN7BYA5X3A2G30KZECRY2HY,True,3,False,True,True,,,,,,,,False,
01KJN6MMPQTMDYRN709968YFN1,01KJN78JVY5FN5QXW9XGGE72RG,Laju,A,A,listener,1.0,refgame,1.0,page7-255,page7-255,True,2.0,01KJN7K5HSCQA43VSFADGE0Q2T,False,,,,,,,False,False,10.0,,0.0,1772387173083,1772387218062,44979,,01KJN791EPN054R2NTQQ1BFXJ5,True,3,False,True,True,,,,,,,,False,
01KJN6MMPQTMDYRN709DP5DSDA,01KJN7BYA5X3A2G30KZECRY2HY,Bavi,B,B,listener,4.0,refgame,1.0,page7-107,page7-107,True,2.0,01KJN7KYWYTD5D3M21S2X8P0AA,False,,,,,,,False,False,26.0,,0.0,1772387745826,1772387764604,18778,,01KJN7AAWT4GWKRZ7B9775509P,True,3,False,True,True,,,,,,,,False,
01KJN6MMPQTMDYRN709DP5DSDA,01KJN79PCAAMFX7P2QF70Y3HJM,Repi,A,A,speaker,3.0,refgame,1.0,page5-28,,,2.0,01KJN7KYVX2YBMH8VCCFFKA25A,False,,,,,,,False,False,19.0,,0.0,1772387552131,1772387580313,28182,2.0,01KJN79PCAAMFX7P2QF70Y3HJM,,3,False,True,False,,,,,,,,False,
01KJN6MMPQTMDYRN709DP5DSDA,01KJN7AAWT4GWKRZ7B9775509P,Zuda,B,B,speaker,4.0,refgame,1.0,page3-35,,,2.0,01KJN7KYWQFV3P23NSADGCXAHG,False,,,,,,,False,False,28.0,,0.0,1772387820802,1772387842921,22119,2.0,01KJN7AAWT4GWKRZ7B9775509P,,3,False,True,False,,,,,,,,False,
01KJN6MMQ03KZPZN0275VZXK6R,01KJN78DQ6KC0F9N1HA0BPB44R,Nori,C,C,listener,4.0,refgame,1.0,page7-255,page7-255,True,2.0,01KJN7JJ0KAZ122DZJNX1TKJ9D,False,,,,,,,False,False,28.0,,0.0,1772387968164,1772388013165,45001,,01KJN7863BFF3ZYZGVVSATZTH7,True,3,False,True,True,,,,,,,,False,
01KJN6MMPQTMDYRN709DP5DSDA,01KJN79ZRTRDMY6RH8ZCYCM9NV,Minu,A,A,speaker,1.0,refgame,2.0,page9-46,,,2.0,01KJN7KYW7CVYKM5SHMJ89SKKM,False,,,,,,,False,False,45.0,,0.0,1772388203492,1772388213909,10417,1.0,01KJN79ZRTRDMY6RH8ZCYCM9NV,,3,False,True,False,,,,,,,,False,
01KJN6MMPQTMDYRN709DP5DSDA,01KJN77XQHYQ5TVVY4HZM02E7R,Felu,C,C,speaker,4.0,refgame,2.0,page9-46,,,2.0,01KJN7KZ4W10W8D9F17K7QA5ZZ,False,,,,,,,False,False,65.0,,0.0,1772388524053,1772388532195,8142,2.0,01KJN77XQHYQ5TVVY4HZM02E7R,,3,False,True,False,,,,,,,,False,
01KJN6MMQ03KZPZN0275VZXK6R,01KJN7C40WEQBDF48ACG18M0EV,Hera,B,B,speaker,0.0,refgame,1.0,page5-28,,,1.0,01KJN7JHZFFFSQ6C949D4A45VQ,False,,,,,,,False,False,2.0,,0.0,1772386731115,1772386774129,43014,1.0,01KJN7C40WEQBDF48ACG18M0EV,,3,False,True,False,,,,,,,,False,
01KJN6MMPQTMDYRN709DP5DSDA,01KJN7AAWT4GWKRZ7B9775509P,Zuda,B,B,speaker,1.0,refgame,1.0,page7-107,,,2.0,01KJN7KZ50SP860QQHX43BMD6K,False,,,,,,,False,False,6.0,,0.0,1772386983245,1772387024263,41018,1.0,01KJN7AAWT4GWKRZ7B9775509P,,3,False,True,False,,,,,,,,False,
01KJN6MMPQTMDYRN709968YFN1,01KJN78CQJ3KY7VMGAR6F3D4S0,Bavi,B,B,speaker,2.0,refgame,1.0,page7-255,,,2.0,01KJN7K5JTNJB1AXC03H4SWV8M,False,,,,,,,False,False,15.0,,0.0,1772387416630,1772387456025,39395,1.0,01KJN78CQJ3KY7VMGAR6F3D4S0,,3,False,True,False,,,,,,,,False,
01KJN6MMPQTMDYRN709DP5DSDA,01KJN7B4V2673GK7HGVSG52R2P,Hera,B,B,speaker,3.0,refgame,1.0,page5-28,,,2.0,01KJN7KYVX2YBMH8VCCFFKA25A,False,,,,,,,False,False,19.0,,0.0,1772387552131,1772387580313,28182,2.0,01KJN7B4V2673GK7HGVSG52R2P,,3,False,True,False,,,,,,,,False,
01KJN6MMPQTMDYRN709968YFN1,01KJN78CQJ3KY7VMGAR6F3D4S0,Bavi,B,B,listener,4.0,refgame,1.0,page7-107,page7-107,True,2.0,01KJN7K5G2ENPCM8MXBD0JEWNB,False,,,,,,,False,False,26.0,,0.0,1772387935343,1772387955271,19928,,01KJN788SPAKVVBHX9T9FDQWAF,True,3,False,True,True,,,,,,,,False,
01KJN6MMPQTMDYRN709968YFN1,01KJN79Y7T0VZNKHTSJRZWTDZ5,Hera,B,B,speaker,0.0,refgame,1.0,page9-46,,,1.0,01KJN7K5HM3GRXQJ2R4WDZ9A25,False,,,,,,,False,False,5.0,,0.0,1772386918334,1772386963323,44989,1.0,01KJN79Y7T0VZNKHTSJRZWTDZ5,,3,False,True,False,,,,,,,,False,
01KJN6MMPQTMDYRN709DP5DSDA,01KJN7B4V2673GK7HGVSG52R2P,Hera,B,B,listener,1.0,refgame,1.0,page9-46,page9-46,True,2.0,01KJN7KZ4DBDW3YBYDCHQRBRVZ,False,,,,,,,False,False,9.0,,0.0,1772387132400,1772387164842,32442,,01KJN7AAWT4GWKRZ7B9775509P,True,3,False,True,True,,,,,,,,False,
01KJN6MMQ03KZPZN0275VZXK6R,01KJN7AZC7FAG17CY924MRTCF7,Laju,A,A,speaker,2.0,refgame,1.0,page9-46,,,0.0,01KJN7JJ0VF0RPKW84FVTJC6FZ,False,,,,,,,False,False,15.0,,0.0,1772387357377,1772387402392,45015,1.0,01KJN7AZC7FAG17CY924MRTCF7,,3,False,True,False,,,,,,,,False,
01KJN6MMPQTMDYRN709DP5DSDA,01KJN7AAWT4GWKRZ7B9775509P,Zuda,B,B,speaker,1.0,refgame,2.0,page-B,,,2.0,01KJN7KYZ8JEEX9EFFC2G9SFJ0,False,,,,,,,False,False,44.0,,0.0,1772388184620,1772388200047,15427,1.0,01KJN7AAWT4GWKRZ7B9775509P,,3,False,True,False,,,,,,,,False,
01KJN6MMPQTMDYRN709968YFN1,01KJN78CQJ3KY7VMGAR6F3D4S0,Player,B,A,listener,0.0,refgame,2.0,page5-28,page5-28,True,2.0,01KJN7K5JHH03N9GJWQ4QNWTP8,False,,,,,,,False,False,36.0,,0.0,1772388344987,1772388366474,21487,,01KJN79Y7T0VZNKHTSJRZWTDZ5,True,3,False,True,True,,,,,,,,False,
01KJN6MMPQTMDYRN709968YFN1,01KJN79Y7T0VZNKHTSJRZWTDZ5,Player,B,A,speaker,0.0,refgame,2.0,page7-107,,,2.0,01KJN7K5JFG12NBKQPGPVB7NDW,False,,,,,,,False,False,37.0,,0.0,1772388375251,1772388393006,17755,1.0,01KJN79Y7T0VZNKHTSJRZWTDZ5,,3,False,True,False,,,,,,,,False,
01KJN6MMPQTMDYRN709968YFN1,01KJN791EPN054R2NTQQ1BFXJ5,Player,A,A,speaker,1.0,refgame,2.0,page7-107,,,2.0,01KJN7K5HCEVM6Q4JCTG9KFQNS,False,,,,,,,False,False,47.0,,0.0,1772388612593,1772388622602,10009,1.0,01KJN791EPN054R2NTQQ1BFXJ5,,3,False,True,False,,,,,,,,False,
01KJN6MMPQTMDYRN709968YFN1,01KJN791EPN054R2NTQQ1BFXJ5,Player,A,A,listener,2.0,refgame,2.0,page-B,,False,0.0,01KJN7K5MY9H32YKAM8HZYE4TJ,False,,,,,,,True,False,48.0,,0.0,1772388630580,1772388650609,20029,,01KJN78CQJ3KY7VMGAR6F3D4S0,False,3,False,False,False,,,,,,,,False,
01KJN6MMQ03KZPZN0275VZXK6R,01KJN7A44GGBE9XR412KV5BFSC,Player,B,A,listener,3.0,refgame,2.0,page-B,page-B,True,2.0,01KJN7JJ1CYQGSSJG1XAFMYT77,False,,,,,,,False,False,54.0,,0.0,1772388877448,1772388897486,20038,,01KJN7C40WEQBDF48ACG18M0EV,True,3,False,True,True,,,,,,,,False,
01KJN6MMPQTMDYRN709968YFN1,01KJN78JVY5FN5QXW9XGGE72RG,Player,A,B,speaker,5.0,refgame,2.0,page-B,,,2.0,01KJN7K5N09J8MC2H7WV1N1KZ3,False,,,,,,,False,False,71.0,,0.0,1772389095691,1772389105196,9505,2.0,01KJN78JVY5FN5QXW9XGGE72RG,,3,False,True,False,,,,,,,,False,
01KJN6MMPQTMDYRN709968YFN1,01KJN788SPAKVVBHX9T9FDQWAF,Zuda,B,B,listener,0.0,refgame,1.0,page7-107,,False,0.0,01KJN7K5FA1TQ33CB0SW5804S0,False,,,,,,,True,False,0.0,,0.0,1772386630486,1772386675490,45004,,01KJN79Y7T0VZNKHTSJRZWTDZ5,True,3,False,True,True,,,,,,,,False,
01KJN6MMQ03KZPZN0275VZXK6R,01KJN7AZC7FAG17CY924MRTCF7,Laju,A,A,listener,0.0,refgame,1.0,page3-35,page3-121,False,0.0,01KJN7JJ1A9ED4KAF41TVNW0W6,False,,,,,,,False,False,1.0,,0.0,1772386673383,1772386718389,45006,,01KJN79B14FBSYSKKCG2BYVBB6,True,3,False,True,True,,,,,,,,False,
01KJN6MMPQTMDYRN709968YFN1,01KJN788SPAKVVBHX9T9FDQWAF,Zuda,B,B,listener,2.0,refgame,1.0,page7-107,page7-107,True,2.0,01KJN7K5JPV4BFRM0HRJFFT23R,False,,,,,,,False,False,16.0,,0.0,1772387467532,1772387509956,42424,,01KJN78CQJ3KY7VMGAR6F3D4S0,True,3,False,True,True,,,,,,,,False,
01KJN6MMPQTMDYRN709DP5DSDA,01KJN79PCAAMFX7P2QF70Y3HJM,Repi,A,A,speaker,3.0,refgame,2.0,page7-107,,,2.0,01KJN7KZ4AQMTPYG5CPW2RCWSG,False,,,,,,,False,False,56.0,,0.0,1772388372542,1772388384910,12368,2.0,01KJN79PCAAMFX7P2QF70Y3HJM,,3,False,True,False,,,,,,,,False,
01KJN6MMQ03KZPZN0275VZXK6R,01KJN792W85XPK9QGH8A6HSYSJ,Zuda,B,B,listener,2.0,refgame,1.0,page9-46,page9-46,True,2.0,01KJN7JJ0VF0RPKW84FVTJC6FZ,False,,,,,,,False,False,15.0,,0.0,1772387357377,1772387402392,45015,,01KJN7A44GGBE9XR412KV5BFSC,True,3,False,True,True,,,,,,,,False,
01KJN6MMPQTMDYRN709DP5DSDA,01KJN7AAWT4GWKRZ7B9775509P,Zuda,B,B,listener,3.0,refgame,1.0,page7-107,page7-107,True,2.0,01KJN7KYZF6WBFK0HY3WZWJTDJ,False,,,,,,,False,False,23.0,,0.0,1772387661755,1772387678433,16678,,01KJN7B4V2673GK7HGVSG52R2P,True,3,False,True,True,,,,,,,,False,
01KJN6MMPQTMDYRN709968YFN1,01KJN79ZDP3YNFFHHQA302PJDP,Nori,C,C,listener,3.0,refgame,1.0,page7-255,page9-7,False,0.0,01KJN7K5QG4CHFGPDNXVD1PEDF,False,,,,,,,False,False,22.0,,0.0,1772387769859,1772387810656,40797,,01KJN78M7563R5D9TQE5G142DA,True,3,False,True,True,,,,,,,,False,
01KJN6MMPQTMDYRN709DP5DSDA,01KJN79PCAAMFX7P2QF70Y3HJM,Repi,A,A,listener,4.0,refgame,1.0,page3-35,page3-35,True,2.0,01KJN7KYWQFV3P23NSADGCXAHG,False,,,,,,,False,False,28.0,,0.0,1772387820802,1772387842921,22119,,01KJN79ZRTRDMY6RH8ZCYCM9NV,True,3,False,True,True,,,,,,,,False,
01KJN6MMPQTMDYRN709DP5DSDA,01KJN7B4V2673GK7HGVSG52R2P,Hera,B,B,listener,5.0,refgame,1.0,page-B,page-B,True,2.0,01KJN7KYZ4BR3PV6SVPD7F89EN,False,,,,,,,False,False,33.0,,0.0,1772387934640,1772387950421,15781,,01KJN7BYA5X3A2G30KZECRY2HY,True,3,False,True,True,,,,,,,,False,
01KJN6MMQ03KZPZN0275VZXK6R,01KJN7AAX1VHZ1A7ZB35BNRH8N,Player,A,A,listener,0.0,refgame,2.0,page7-107,page7-107,True,2.0,01KJN7JJ1A9ED4KAF42WD7ANR8,False,,,,,,,False,False,37.0,,0.0,1772388388706,1772388408142,19436,,01KJN7C40WEQBDF48ACG18M0EV,False,3,False,True,True,,,,,,,,False,
01KJN6MMPQTMDYRN709968YFN1,01KJN79Y7T0VZNKHTSJRZWTDZ5,Player,B,B,speaker,0.0,refgame,2.0,page9-46,,,1.0,01KJN7K5JAKET26PNAKC1WNN1S,False,,,,,,,False,False,38.0,,0.0,1772388398504,1772388418620,20116,1.0,01KJN79Y7T0VZNKHTSJRZWTDZ5,,3,False,True,False,,,,,,,,False,
01KJN6MMQ03KZPZN0275VZXK6R,01KJN79J529BWBWTESKB6D9MB7,Lika,C,C,listener,1.0,refgame,1.0,page7-255,page7-255,True,2.0,01KJN7JJ0XW9B6G59FFDBG8AT1,False,,,,,,,False,False,6.0,,0.0,1772386940062,1772386985080,45018,,01KJN7863BFF3ZYZGVVSATZTH7,True,3,False,True,True,,,,,,,,False,
01KJN6MMPQTMDYRN709DP5DSDA,01KJN7B32C1C5254NSG6ZK1GRK,Laju,A,A,speaker,5.0,refgame,1.0,page5-28,,,2.0,01KJN7KYZA3BRY3D1F5P0C9MSA,False,,,,,,,False,False,32.0,,0.0,1772387915811,1772387930604,14793,2.0,01KJN7B32C1C5254NSG6ZK1GRK,,3,False,True,False,,,,,,,,False,
01KJN6MMPQTMDYRN709968YFN1,01KJN78CQJ3KY7VMGAR6F3D4S0,Player,B,B,listener,0.0,refgame,2.0,page7-255,page7-255,True,2.0,01KJN7K5J8EB4VZG9V4BB06TEV,False,,,,,,,False,False,39.0,,0.0,1772388428055,1772388446438,18383,,01KJN78B0TFR8F59JDGD057XNS,False,3,False,True,True,,,,,,,,False,
01KJN6MMPQTMDYRN709DP5DSDA,01KJN7931DXZ65NXTWK1GNEZMW,Nori,C,C,listener,4.0,refgame,2.0,page7-107,page7-107,True,2.0,01KJN7KZ6AHC28MWRG7T2V9Z51,False,,,,,,,False,False,61.0,,0.0,1772388450895,1772388465106,14211,,01KJN77XQHYQ5TVVY4HZM02E7R,True,3,False,True,True,,,,,,,,False,
01KJN6MMPQTMDYRN709DP5DSDA,01KJN7B4V2673GK7HGVSG52R2P,Hera,B,B,listener,4.0,refgame,2.0,page3-35,page3-35,True,2.0,01KJN7KZ5X7KJG8NWSNPRZKCCR,False,,,,,,,False,False,62.0,,0.0,1772388469790,1772388484269,14479,,01KJN7AAWT4GWKRZ7B9775509P,True,3,False,True,True,,,,,,,,False,
01KJN6MMQ03KZPZN0275VZXK6R,01KJN79J529BWBWTESKB6D9MB7,Player,C,A,listener,2.0,refgame,2.0,page3-35,page3-35,True,2.0,01KJN7JJ106G1CY7M5WR0DQX8K,False,,,,,,,False,False,52.0,,0.0,1772388822410,1772388841310,18900,,01KJN7A44GGBE9XR412KV5BFSC,False,3,False,True,True,,,,,,,,False,
01KJN6MMQ03KZPZN0275VZXK6R,01KJN792W85XPK9QGH8A6HSYSJ,Player,B,B,listener,3.0,refgame,2.0,page7-255,page7-255,True,2.0,01KJN7JJ1820G44H81ADMFG2AV,False,,,,,,,False,False,56.0,,0.0,1772388933170,1772388953175,20005,,01KJN79J529BWBWTESKB6D9MB7,False,3,False,True,True,,,,,,,,False,
01KJN6MMQ03KZPZN0275VZXK6R,01KJN792W85XPK9QGH8A6HSYSJ,Player,B,A,speaker,4.0,refgame,2.0,page5-28,,,2.0,01KJN7JJ4EG9317PS98S3CCXVS,False,,,,,,,False,False,65.0,,0.0,1772389164100,1772389184121,20021,2.0,01KJN792W85XPK9QGH8A6HSYSJ,,3,False,True,False,,,,,,,,False,
01KJN6MMPQTMDYRN709968YFN1,01KJN788SPAKVVBHX9T9FDQWAF,Zuda,B,B,listener,0.0,refgame,1.0,page7-255,page5-64,False,0.0,01KJN7K5JCNXJGPF3SH23VVTP4,False,,,,,,,False,False,3.0,,0.0,1772386806901,1772386851896,44995,,01KJN79Y7T0VZNKHTSJRZWTDZ5,True,3,False,True,True,,,,,,,,False,
01KJN6MMPQTMDYRN709DP5DSDA,01KJN7B4V2673GK7HGVSG52R2P,Hera,B,B,listener,1.0,refgame,1.0,page-B,page-B,True,2.0,01KJN7KZ4KY8QNP8EKAKX2FFGX,False,,,,,,,False,False,8.0,,0.0,1772387071924,1772387116592,44668,,01KJN7AAWT4GWKRZ7B9775509P,True,3,False,True,True,,,,,,,,False,
01KJN6MMQ03KZPZN0275VZXK6R,01KJN7AAX1VHZ1A7ZB35BNRH8N,Minu,A,A,speaker,1.0,refgame,1.0,page-B,,,2.0,01KJN7JJ0T9TQHTQBPKBZMWPWF,False,,,,,,,False,False,10.0,,0.0,1772387149191,1772387184311,35120,1.0,01KJN7AAX1VHZ1A7ZB35BNRH8N,,3,False,True,False,,,,,,,,False,
01KJN6MMQ03KZPZN0275VZXK6R,01KJN7AAX1VHZ1A7ZB35BNRH8N,Player,A,C,speaker,1.0,refgame,2.0,page5-28,,,2.0,01KJN7JJ16T4F6S4PFHQFRAY28,False,,,,,,,False,False,44.0,,0.0,1772388584626,1772388604653,20027,1.0,01KJN7AAX1VHZ1A7ZB35BNRH8N,,3,False,True,False,,,,,,,,False,
01KJN6MMPQTMDYRN709DP5DSDA,01KJN77XQHYQ5TVVY4HZM02E7R,Felu,C,C,listener,0.0,refgame,1.0,page3-35,,False,0.0,01KJN7KYVMH6VJC6N59GV39RY1,False,,,,,,,True,False,1.0,,0.0,1772386711287,1772386756289,45002,,01KJN79ZQD1E4YD03FE5CGJY8K,True,3,False,True,True,,,,,,,,False,
01KJN6MMPQTMDYRN709DP5DSDA,01KJN7931DXZ65NXTWK1GNEZMW,Nori,C,C,listener,0.0,refgame,1.0,page-B,page7-26,False,0.0,01KJN7KZ574PYN6K4M6G2QP8KT,False,,,,,,,False,False,5.0,,0.0,1772386930515,1772386975529,45014,,01KJN79ZQD1E4YD03FE5CGJY8K,True,3,False,True,True,,,,,,,,False,
01KJN6MMPQTMDYRN709968YFN1,01KJN79Y7T0VZNKHTSJRZWTDZ5,Hera,B,B,listener,4.0,refgame,1.0,page7-255,page7-255,True,2.0,01KJN7K5H8BSX37JV3WZMKDDX9,False,,,,,,,False,False,29.0,,0.0,1772388048043,1772388073516,25473,,01KJN788SPAKVVBHX9T9FDQWAF,True,3,False,True,True,,,,,,,,False,
01KJN6MMPQTMDYRN709968YFN1,01KJN78JVY5FN5QXW9XGGE72RG,Player,A,B,listener,3.0,refgame,2.0,page7-107,page7-107,True,2.0,01KJN7K5JRJN9SQSEXHP0BHV6E,False,,,,,,,False,False,56.0,,0.0,1772388793036,1772388804530,11494,,01KJN79Y7T0VZNKHTSJRZWTDZ5,False,3,False,True,True,,,,,,,,False,
01KJN6MMQ03KZPZN0275VZXK6R,01KJN792W85XPK9QGH8A6HSYSJ,Player,B,C,listener,5.0,refgame,2.0,page3-35,page3-193,False,0.0,01KJN7JJ4F71QKFN9HJKMN6A4E,False,,,,,,,False,False,66.0,,0.0,1772389189262,1772389209322,20060,,01KJN78DQ6KC0F9N1HA0BPB44R,False,3,False,True,True,,,,,,,,False,
01KJN6MMPQTMDYRN709DP5DSDA,01KJN79ZRTRDMY6RH8ZCYCM9NV,Minu,A,A,listener,0.0,refgame,2.0,page-B,page-B,True,2.0,01KJN7KYYKG4J0XFNGWMZ2451X,False,,,,,,,False,False,36.0,,0.0,1772388039295,1772388059290,19995,,01KJN79PCAAMFX7P2QF70Y3HJM,True,3,False,True,True,,,,,,,,False,
01KJN6MMPQTMDYRN709DP5DSDA,01KJN7BYA5X3A2G30KZECRY2HY,Bavi,B,B,speaker,5.0,refgame,2.0,page7-107,,,2.0,01KJN7KYZYF9F6E5Z5YS0W94HW,False,,,,,,,False,False,71.0,,0.0,1772388610371,1772388617882,7511,2.0,01KJN7BYA5X3A2G30KZECRY2HY,,3,False,True,False,,,,,,,,False,
01KJN6MMQ03KZPZN0275VZXK6R,01KJN7863BFF3ZYZGVVSATZTH7,Felu,C,C,listener,0.0,refgame,1.0,page7-255,,False,0.0,01KJN7JHYXFYHN121QCJ6HRX9R,False,,,,,,,True,False,0.0,,0.0,1772386606704,1772386657466,50762,,01KJN79J529BWBWTESKB6D9MB7,True,3,False,True,True,,,,,,,,False,
01KJN6MMQ03KZPZN0275VZXK6R,01KJN7A44GGBE9XR412KV5BFSC,Player,B,C,listener,1.0,refgame,2.0,page7-255,,False,0.0,01KJN7JJ196KV3QWCGEJ4WFSSY,False,,,,,,,True,False,42.0,,0.0,1772388525929,1772388545961,20032,,01KJN7863BFF3ZYZGVVSATZTH7,False,3,False,True,True,,,,,,,,False,
01KJN6MMQ03KZPZN0275VZXK6R,01KJN7AAX1VHZ1A7ZB35BNRH8N,Player,A,B,speaker,1.0,refgame,2.0,page9-46,,,1.0,01KJN7JJ13QJT8W0QKT01PY95R,False,,,,,,,False,False,45.0,,0.0,1772388615173,1772388635199,20026,1.0,01KJN7AAX1VHZ1A7ZB35BNRH8N,,3,False,True,False,,,,,,,,False,
01KJN6MMQ03KZPZN0275VZXK6R,01KJN792W85XPK9QGH8A6HSYSJ,Zuda,B,B,speaker,1.0,refgame,1.0,page-B,,,2.0,01KJN7JJ0T9TQHTQBPKBZMWPWF,False,,,,,,,False,False,10.0,,0.0,1772387149191,1772387184311,35120,1.0,01KJN792W85XPK9QGH8A6HSYSJ,,3,False,True,False,,,,,,,,False,
01KJN6MMPQTMDYRN709968YFN1,01KJN78JVY5FN5QXW9XGGE72RG,Player,A,B,listener,1.0,refgame,2.0,page-B,page-B,True,2.0,01KJN7K5R000K64SZACMCPEMWA,False,,,,,,,False,False,46.0,,0.0,1772388591304,1772388606901,15597,,01KJN788SPAKVVBHX9T9FDQWAF,False,3,False,True,True,,,,,,,,False,
01KJN6MMPQTMDYRN709DP5DSDA,01KJN79ZRTRDMY6RH8ZCYCM9NV,Minu,A,A,listener,3.0,refgame,1.0,page9-46,page9-46,True,2.0,01KJN7KYX0NA6EE02CQYEKX5QJ,False,,,,,,,False,False,20.0,,0.0,1772387587210,1772387601216,14006,,01KJN79PCAAMFX7P2QF70Y3HJM,True,3,False,True,True,,,,,,,,False,
01KJN6MMPQTMDYRN709DP5DSDA,01KJN77XQHYQ5TVVY4HZM02E7R,Felu,C,C,listener,2.0,refgame,2.0,page-B,page-B,True,2.0,01KJN7KZ5EPEYHDMQ29DK9VY0Z,False,,,,,,,False,False,53.0,,0.0,1772388316505,1772388330049,13544,,01KJN7931DXZ65NXTWK1GNEZMW,True,3,False,True,True,,,,,,,,False,
01KJN6MMPQTMDYRN709968YFN1,01KJN788SPAKVVBHX9T9FDQWAF,Player,B,A,listener,0.0,refgame,2.0,page7-255,page7-255,True,2.0,01KJN7K5J8EB4VZG9V4BB06TEV,False,,,,,,,False,False,39.0,,0.0,1772388428055,1772388446438,18383,,01KJN79Y7T0VZNKHTSJRZWTDZ5,True,3,False,True,True,,,,,,,,False,
01KJN6MMPQTMDYRN709DP5DSDA,01KJN7B32C1C5254NSG6ZK1GRK,Laju,A,A,speaker,5.0,refgame,2.0,page9-46,,,2.0,01KJN7KZ4514C3QZK5XNERM52K,False,,,,,,,False,False,67.0,,0.0,1772388551585,1772388565781,14196,2.0,01KJN7B32C1C5254NSG6ZK1GRK,,3,False,True,False,,,,,,,,False,
01KJN6MMQ03KZPZN0275VZXK6R,01KJN7AZC7FAG17CY924MRTCF7,Player,A,C,listener,4.0,refgame,2.0,page-B,page-B,True,2.0,01KJN7JJ4HZG5Q1EBE6H435ZZY,False,,,,,,,False,False,63.0,,0.0,1772389106854,1772389126859,20005,,01KJN7863BFF3ZYZGVVSATZTH7,False,3,False,True,True,,,,,,,,False,
01KJN6MMQ03KZPZN0275VZXK6R,01KJN79B14FBSYSKKCG2BYVBB6,Repi,A,A,listener,1.0,refgame,1.0,page7-255,page7-255,True,2.0,01KJN7JJ0XW9B6G59FFDBG8AT1,False,,,,,,,False,False,6.0,,0.0,1772386940062,1772386985080,45018,,01KJN7AAX1VHZ1A7ZB35BNRH8N,True,3,False,True,True,,,,,,,,False,
01KJN6MMQ03KZPZN0275VZXK6R,01KJN7863BFF3ZYZGVVSATZTH7,Felu,C,C,speaker,1.0,refgame,1.0,page7-107,,,2.0,01KJN7JJ0RSHHPHCY0J0NJ4AA1,False,,,,,,,False,False,11.0,,0.0,1772387200129,1772387231040,30911,1.0,01KJN7863BFF3ZYZGVVSATZTH7,,3,False,True,False,,,,,,,,False,
01KJN6MMPQTMDYRN709968YFN1,01KJN79Y7T0VZNKHTSJRZWTDZ5,Player,B,B,speaker,3.0,refgame,2.0,page7-255,,,1.0,01KJN7K5JXNPZMH507T2DK64DM,False,,,,,,,False,False,55.0,,0.0,1772388774638,1772388787791,13153,2.0,01KJN79Y7T0VZNKHTSJRZWTDZ5,,3,False,True,False,,,,,,,,False,
01KJN6MMQ03KZPZN0275VZXK6R,01KJN79J529BWBWTESKB6D9MB7,Lika,C,C,listener,2.0,refgame,1.0,page9-46,page9-46,True,2.0,01KJN7JJ0VF0RPKW84FVTJC6FZ,False,,,,,,,False,False,15.0,,0.0,1772387357377,1772387402392,45015,,01KJN78DQ6KC0F9N1HA0BPB44R,True,3,False,True,True,,,,,,,,False,
01KJN6MMPQTMDYRN709968YFN1,01KJN78B0TFR8F59JDGD057XNS,Repi,A,A,speaker,3.0,refgame,1.0,page9-46,,,2.0,01KJN7K5J3HZW6MM8NGDQP6NN7,False,,,,,,,False,False,20.0,,0.0,1772387676121,1772387720266,44145,2.0,01KJN78B0TFR8F59JDGD057XNS,,3,False,True,False,,,,,,,,False,
01KJN6MMPQTMDYRN709968YFN1,01KJN78M7563R5D9TQE5G142DA,Lika,C,C,listener,2.0,refgame,1.0,page3-35,page3-35,True,2.0,01KJN7K5JZQZB4NY8FJRJX504H,False,,,,,,,False,False,12.0,,0.0,1772387282349,1772387317911,35562,,01KJN79ZDP3YNFFHHQA302PJDP,True,3,False,True,True,,,,,,,,False,
01KJN6MMPQTMDYRN709968YFN1,01KJN78B0TFR8F59JDGD057XNS,Repi,A,A,listener,2.0,refgame,1.0,page7-107,page7-107,True,2.0,01KJN7K5JPV4BFRM0HRJFFT23R,False,,,,,,,False,False,16.0,,0.0,1772387467532,1772387509956,42424,,01KJN78JVY5FN5QXW9XGGE72RG,True,3,False,True,True,,,,,,,,False,
01KJN6MMPQTMDYRN709DP5DSDA,01KJN7B32C1C5254NSG6ZK1GRK,Laju,A,A,listener,4.0,refgame,2.0,page7-107,page7-107,True,2.0,01KJN7KZ6AHC28MWRG7T2V9Z51,False,,,,,,,False,False,61.0,,0.0,1772388450895,1772388465106,14211,,01KJN79ZRTRDMY6RH8ZCYCM9NV,True,3,False,True,True,,,,,,,,False,
01KJN6MMQ03KZPZN0275VZXK6R,01KJN79B14FBSYSKKCG2BYVBB6,Repi,A,A,speaker,0.0,refgame,1.0,page3-35,,,0.0,01KJN7JJ1A9ED4KAF41TVNW0W6,False,,,,,,,False,False,1.0,,0.0,1772386673383,1772386718389,45006,1.0,01KJN79B14FBSYSKKCG2BYVBB6,,3,False,True,False,,,,,,,,False,
01KJN6MMQ03KZPZN0275VZXK6R,01KJN7AAX1VHZ1A7ZB35BNRH8N,Minu,A,A,listener,5.0,refgame,1.0,page3-35,page3-35,True,2.0,01KJN7JJ1FP44XD8PJWTZX3FH2,False,,,,,,,False,False,35.0,,0.0,1772388255722,1772388289959,34237,,01KJN7AZC7FAG17CY924MRTCF7,True,3,False,True,True,,,,,,,,False,
01KJN6MMPQTMDYRN709968YFN1,01KJN788SPAKVVBHX9T9FDQWAF,Zuda,B,B,listener,5.0,refgame,1.0,page9-46,page9-46,True,2.0,01KJN7K5JWFN5D8CSNKKGAEAS0,False,,,,,,,False,False,35.0,,0.0,1772388261446,1772388306475,45029,,01KJN78CQJ3KY7VMGAR6F3D4S0,True,3,False,True,True,,,,,,,,False,
01KJN6MMPQTMDYRN709968YFN1,01KJN791EPN054R2NTQQ1BFXJ5,Player,A,A,speaker,1.0,refgame,2.0,page7-255,,,1.0,01KJN7K5H1PH5ESEXBMX7QYY9Q,False,,,,,,,False,False,44.0,,0.0,1772388543100,1772388563020,19920,1.0,01KJN791EPN054R2NTQQ1BFXJ5,,3,False,True,False,,,,,,,,False,
01KJN6MMQ03KZPZN0275VZXK6R,01KJN7863BFF3ZYZGVVSATZTH7,Player,C,B,listener,2.0,refgame,2.0,page7-255,page7-255,True,2.0,01KJN7JJ17ZTZ9QC0YBJF7F8VH,False,,,,,,,False,False,49.0,,0.0,1772388742925,1772388762952,20027,,01KJN78DQ6KC0F9N1HA0BPB44R,True,3,False,True,True,,,,,,,,False,
01KJN6MMQ03KZPZN0275VZXK6R,01KJN792W85XPK9QGH8A6HSYSJ,Player,B,B,listener,3.0,refgame,2.0,page-B,page-B,True,2.0,01KJN7JJ1CYQGSSJG1XAFMYT77,False,,,,,,,False,False,54.0,,0.0,1772388877448,1772388897486,20038,,01KJN79J529BWBWTESKB6D9MB7,False,3,False,True,True,,,,,,,,False,
01KJN6MMQ03KZPZN0275VZXK6R,01KJN7AZC7FAG17CY924MRTCF7,Player,A,C,listener,3.0,refgame,2.0,page9-46,page9-46,True,2.0,01KJN7JJ1E3ET2MMDFS57Q4ATE,False,,,,,,,False,False,55.0,,0.0,1772388904023,1772388924052,20029,,01KJN79J529BWBWTESKB6D9MB7,False,3,False,True,True,,,,,,,,False,
01KJN6MMQ03KZPZN0275VZXK6R,01KJN79J529BWBWTESKB6D9MB7,Player,C,A,listener,5.0,refgame,2.0,page7-255,page7-255,True,2.0,01KJN7JJ4EG9317PS97N14VR0A,False,,,,,,,False,False,67.0,,0.0,1772389216265,1772389236271,20006,,01KJN7A44GGBE9XR412KV5BFSC,False,3,False,True,True,,,,,,,,False,
01KJN6MMQ03KZPZN0275VZXK6R,01KJN79B14FBSYSKKCG2BYVBB6,Repi,A,A,listener,4.0,refgame,1.0,page9-46,page9-46,True,2.0,01KJN7JJ1YCSZJVTYD3GC94ZHQ,False,,,,,,,False,False,25.0,,0.0,1772387850217,1772387872088,21871,,01KJN7AAX1VHZ1A7ZB35BNRH8N,True,3,False,True,True,,,,,,,,False,
01KJN6MMPQTMDYRN709DP5DSDA,01KJN79ZRTRDMY6RH8ZCYCM9NV,Minu,A,A,listener,2.0,refgame,2.0,page5-28,page5-28,True,2.0,01KJN7KZ5TVXAD2SF4H87WAT8G,False,,,,,,,False,False,52.0,,0.0,1772388301163,1772388312752,11589,,01KJN7B32C1C5254NSG6ZK1GRK,True,3,False,True,True,,,,,,,,False,
01KJN6MMPQTMDYRN709968YFN1,01KJN78JVY5FN5QXW9XGGE72RG,Player,A,B,listener,0.0,refgame,2.0,page-B,page-B,True,2.0,01KJN7K5QYJHXV5CARZ38T1JEN,False,,,,,,,False,False,41.0,,0.0,1772388472700,1772388487001,14301,,01KJN78B0TFR8F59JDGD057XNS,True,3,False,True,True,,,,,,,,False,
01KJN6MMPQTMDYRN709968YFN1,01KJN791EPN054R2NTQQ1BFXJ5,Minu,A,A,speaker,1.0,refgame,1.0,page7-255,,,2.0,01KJN7K5HSCQA43VSFADGE0Q2T,False,,,,,,,False,False,10.0,,0.0,1772387173083,1772387218062,44979,1.0,01KJN791EPN054R2NTQQ1BFXJ5,,3,False,True,False,,,,,,,,False,
01KJN6MMPQTMDYRN709DP5DSDA,01KJN7B32C1C5254NSG6ZK1GRK,Laju,A,A,listener,4.0,refgame,1.0,page7-255,,False,0.0,01KJN7KYWTHVP18XWA27WSJNEC,False,,,,,,,True,False,27.0,,0.0,1772387770894,1772387815936,45042,,01KJN79ZRTRDMY6RH8ZCYCM9NV,True,3,False,True,True,,,,,,,,False,
01KJN6MMPQTMDYRN709968YFN1,01KJN791EPN054R2NTQQ1BFXJ5,Minu,A,A,speaker,4.0,refgame,1.0,page9-46,,,2.0,01KJN7K5KN8YW9VWX8RYNB7E0N,False,,,,,,,False,False,28.0,,0.0,1772388000797,1772388041511,40714,2.0,01KJN791EPN054R2NTQQ1BFXJ5,,3,False,True,False,,,,,,,,False,
01KJN6MMPQTMDYRN709DP5DSDA,01KJN79ZRTRDMY6RH8ZCYCM9NV,Minu,A,A,speaker,1.0,refgame,2.0,page7-107,,,2.0,01KJN7KYXFQRPB40W6RYE3EFWM,False,,,,,,,False,False,47.0,,0.0,1772388231673,1772388242723,11050,1.0,01KJN79ZRTRDMY6RH8ZCYCM9NV,,3,False,True,False,,,,,,,,False,
01KJN6MMPQTMDYRN709968YFN1,01KJN78CQJ3KY7VMGAR6F3D4S0,Player,B,B,listener,3.0,refgame,2.0,page7-255,page7-255,True,2.0,01KJN7K5JXNPZMH507T2DK64DM,False,,,,,,,False,False,55.0,,0.0,1772388774638,1772388787791,13153,,01KJN79Y7T0VZNKHTSJRZWTDZ5,True,3,False,True,True,,,,,,,,False,
01KJN6MMQ03KZPZN0275VZXK6R,01KJN7AAX1VHZ1A7ZB35BNRH8N,Minu,A,A,listener,2.0,refgame,1.0,page7-107,page7-107,True,2.0,01KJN7JJ0VF0RPKW84F3EHNK6T,False,,,,,,,False,False,16.0,,0.0,1772387410361,1772387435193,24832,,01KJN7AZC7FAG17CY924MRTCF7,True,3,False,True,True,,,,,,,,False,
01KJN6MMQ03KZPZN0275VZXK6R,01KJN7A44GGBE9XR412KV5BFSC,Player,B,A,speaker,2.0,refgame,2.0,page3-35,,,2.0,01KJN7JJ106G1CY7M5WR0DQX8K,False,,,,,,,False,False,52.0,,0.0,1772388822410,1772388841310,18900,1.0,01KJN7A44GGBE9XR412KV5BFSC,,3,False,True,False,,,,,,,,False,
01KJN6MMQ03KZPZN0275VZXK6R,01KJN79J529BWBWTESKB6D9MB7,Player,C,C,speaker,3.0,refgame,2.0,page5-28,,,2.0,01KJN7JJ1J5VMG06JVQK7ZJSB1,False,,,,,,,False,False,57.0,,0.0,1772388960182,1772388980183,20001,2.0,01KJN79J529BWBWTESKB6D9MB7,,3,False,True,False,,,,,,,,False,
01KJN6MMPQTMDYRN709DP5DSDA,01KJN7931DXZ65NXTWK1GNEZMW,Nori,C,C,listener,3.0,refgame,1.0,page7-255,page7-255,True,2.0,01KJN7KYZNJ3BKWKDZS9HS506H,False,,,,,,,False,False,18.0,,0.0,1772387503339,1772387541863,38524,,01KJN79ZQD1E4YD03FE5CGJY8K,True,3,False,True,True,,,,,,,,False,
01KJN6MMPQTMDYRN709DP5DSDA,01KJN79PCAAMFX7P2QF70Y3HJM,Repi,A,A,listener,4.0,refgame,1.0,page-B,page-B,True,2.0,01KJN7KYX36Y98PXYV7H3VMGZH,False,,,,,,,False,False,25.0,,0.0,1772387714423,1772387741324,26901,,01KJN79ZRTRDMY6RH8ZCYCM9NV,True,3,False,True,True,,,,,,,,False,
01KJN6MMPQTMDYRN709DP5DSDA,01KJN79ZRTRDMY6RH8ZCYCM9NV,Minu,A,A,listener,5.0,refgame,1.0,page7-107,page7-107,True,2.0,01KJN7KYZCYWANNP5JHHSNDKG7,False,,,,,,,False,False,30.0,,0.0,1772387883409,1772387895628,12219,,01KJN7B32C1C5254NSG6ZK1GRK,True,3,False,True,True,,,,,,,,False,
01KJN6MMPQTMDYRN709968YFN1,01KJN79Y7T0VZNKHTSJRZWTDZ5,Hera,B,B,listener,4.0,refgame,1.0,page3-35,page3-35,True,2.0,01KJN7K5G5WAEHV15ZSNYXBM25,False,,,,,,,False,False,25.0,,0.0,1772387906351,1772387927135,20784,,01KJN788SPAKVVBHX9T9FDQWAF,True,3,False,True,True,,,,,,,,False,
01KJN6MMPQTMDYRN709968YFN1,01KJN79Y7T0VZNKHTSJRZWTDZ5,Player,B,A,speaker,0.0,refgame,2.0,page7-255,,,2.0,01KJN7K5J8EB4VZG9V4BB06TEV,False,,,,,,,False,False,39.0,,0.0,1772388428055,1772388446438,18383,1.0,01KJN79Y7T0VZNKHTSJRZWTDZ5,,3,False,True,False,,,,,,,,False,
01KJN6MMPQTMDYRN709968YFN1,01KJN788SPAKVVBHX9T9FDQWAF,Player,B,A,listener,3.0,refgame,2.0,page3-35,page3-35,True,2.0,01KJN7K5K45BCWNA8BDRPBEDWX,False,,,,,,,False,False,54.0,,0.0,1772388755473,1772388769836,14363,,01KJN78B0TFR8F59JDGD057XNS,False,3,False,True,True,,,,,,,,False,
01KJN6MMPQTMDYRN709DP5DSDA,01KJN79PCAAMFX7P2QF70Y3HJM,Repi,A,A,listener,5.0,refgame,2.0,page9-46,page9-46,True,2.0,01KJN7KZ4514C3QZK5XNERM52K,False,,,,,,,False,False,67.0,,0.0,1772388551585,1772388565781,14196,,01KJN7B32C1C5254NSG6ZK1GRK,True,3,False,True,True,,,,,,,,False,
01KJN6MMPQTMDYRN709DP5DSDA,01KJN77XQHYQ5TVVY4HZM02E7R,Felu,C,C,speaker,1.0,refgame,1.0,page5-28,,,2.0,01KJN7KZ409T5ZHRW9SE4CM2P9,False,,,,,,,False,False,11.0,,0.0,1772387222771,1772387265429,42658,1.0,01KJN77XQHYQ5TVVY4HZM02E7R,,3,False,True,False,,,,,,,,False,
01KJN6MMPQTMDYRN709DP5DSDA,01KJN7AAWT4GWKRZ7B9775509P,Zuda,B,B,speaker,1.0,refgame,2.0,page3-35,,,2.0,01KJN7KYXWXWC5F6JA6AZJ6Q67,False,,,,,,,False,False,46.0,,0.0,1772388216887,1772388227513,10626,1.0,01KJN7AAWT4GWKRZ7B9775509P,,3,False,True,False,,,,,,,,False,
01KJN6MMPQTMDYRN709968YFN1,01KJN788SPAKVVBHX9T9FDQWAF,Player,B,B,listener,2.0,refgame,2.0,page9-46,page9-46,True,2.0,01KJN7K5KGSV4XEV8JEA43KKXE,False,,,,,,,False,False,52.0,,0.0,1772388712405,1772388726564,14159,,01KJN78JVY5FN5QXW9XGGE72RG,False,3,False,True,True,,,,,,,,False,
01KJN6MMQ03KZPZN0275VZXK6R,01KJN7863BFF3ZYZGVVSATZTH7,Player,C,B,listener,5.0,refgame,2.0,page7-255,page7-255,True,2.0,01KJN7JJ4EG9317PS97N14VR0A,False,,,,,,,False,False,67.0,,0.0,1772389216265,1772389236271,20006,,01KJN78DQ6KC0F9N1HA0BPB44R,True,3,False,True,True,,,,,,,,False,
01KJN6MMQ03KZPZN0275VZXK6R,01KJN7863BFF3ZYZGVVSATZTH7,Felu,C,C,listener,2.0,refgame,1.0,page7-107,page7-107,True,2.0,01KJN7JJ0VF0RPKW84F3EHNK6T,False,,,,,,,False,False,16.0,,0.0,1772387410361,1772387435193,24832,,01KJN78DQ6KC0F9N1HA0BPB44R,True,3,False,True,True,,,,,,,,False,
01KJN6MMQ03KZPZN0275VZXK6R,01KJN79B14FBSYSKKCG2BYVBB6,Repi,A,A,listener,4.0,refgame,1.0,page7-255,page7-255,True,2.0,01KJN7JJ0KAZ122DZJNX1TKJ9D,False,,,,,,,False,False,28.0,,0.0,1772387968164,1772388013165,45001,,01KJN7AAX1VHZ1A7ZB35BNRH8N,True,3,False,True,True,,,,,,,,False,
01KJN6MMPQTMDYRN709968YFN1,01KJN79Y7T0VZNKHTSJRZWTDZ5,Player,B,B,listener,5.0,refgame,2.0,page9-46,page9-46,True,2.0,01KJN7K5RC8BZJV5TJYJRTSV77,False,,,,,,,False,False,66.0,,0.0,1772389002437,1772389020841,18404,,01KJN78JVY5FN5QXW9XGGE72RG,False,3,False,True,True,,,,,,,,False,
01KJN6MMQ03KZPZN0275VZXK6R,01KJN7AAX1VHZ1A7ZB35BNRH8N,Minu,A,A,speaker,1.0,refgame,1.0,page3-35,,,2.0,01KJN7JJ0MB1FQKFF8CTGJPYKN,False,,,,,,,False,False,9.0,,0.0,1772387096074,1772387140295,44221,1.0,01KJN7AAX1VHZ1A7ZB35BNRH8N,,3,False,True,False,,,,,,,,False,
01KJN6MMQ03KZPZN0275VZXK6R,01KJN79J529BWBWTESKB6D9MB7,Lika,C,C,speaker,3.0,refgame,1.0,page3-35,,,2.0,01KJN7JJ49X2EQESMMJM9CKKQQ,False,,,,,,,False,False,21.0,,0.0,1772387640673,1772387685705,45032,2.0,01KJN79J529BWBWTESKB6D9MB7,,3,False,True,False,,,,,,,,False,
01KJN6MMPQTMDYRN709DP5DSDA,01KJN7B32C1C5254NSG6ZK1GRK,Laju,A,A,speaker,2.0,refgame,2.0,page7-255,,,2.0,01KJN7KZ63WCMX3HHQH3QX4SWG,False,,,,,,,False,False,50.0,,0.0,1772388276008,1772388282836,6828,1.0,01KJN7B32C1C5254NSG6ZK1GRK,,3,False,True,False,,,,,,,,False,
01KJN6MMPQTMDYRN709968YFN1,01KJN78JVY5FN5QXW9XGGE72RG,Player,A,B,listener,4.0,refgame,2.0,page3-35,page3-35,True,2.0,01KJN7K5K695VY1A5FSVY4M3X0,False,,,,,,,False,False,63.0,,0.0,1772388944534,1772388952202,7668,,01KJN788SPAKVVBHX9T9FDQWAF,False,3,False,True,True,,,,,,,,False,
01KJN6MMQ03KZPZN0275VZXK6R,01KJN792W85XPK9QGH8A6HSYSJ,Player,B,A,speaker,4.0,refgame,2.0,page7-255,,,1.0,01KJN7JJ4MVHVY4E5F7G465MK8,False,,,,,,,False,False,60.0,,0.0,1772389039235,1772389059240,20005,2.0,01KJN792W85XPK9QGH8A6HSYSJ,,3,False,True,False,,,,,,,,False,
01KJN6MMPQTMDYRN709DP5DSDA,01KJN79ZQD1E4YD03FE5CGJY8K,Lika,C,C,speaker,0.0,refgame,1.0,page7-107,,,2.0,01KJN7KYV6KEYGF7WX6G0BANR9,False,,,,,,,False,False,0.0,,0.0,1772386657822,1772386702827,45005,1.0,01KJN79ZQD1E4YD03FE5CGJY8K,,3,False,True,False,,,,,,,,False,
01KJN6MMPQTMDYRN709DP5DSDA,01KJN7B32C1C5254NSG6ZK1GRK,Laju,A,A,speaker,2.0,refgame,2.0,page3-35,,,2.0,01KJN7KZ675C4DZYAWX412DRNF,False,,,,,,,False,False,49.0,,0.0,1772388265292,1772388271918,6626,1.0,01KJN7B32C1C5254NSG6ZK1GRK,,3,False,True,False,,,,,,,,False,
01KJN6MMPQTMDYRN709968YFN1,01KJN78B0TFR8F59JDGD057XNS,Repi,A,A,listener,4.0,refgame,1.0,page7-255,page7-255,True,2.0,01KJN7K5H8BSX37JV3WZMKDDX9,False,,,,,,,False,False,29.0,,0.0,1772388048043,1772388073516,25473,,01KJN791EPN054R2NTQQ1BFXJ5,True,3,False,True,True,,,,,,,,False,
01KJN6MMPQTMDYRN709DP5DSDA,01KJN77XQHYQ5TVVY4HZM02E7R,Felu,C,C,speaker,1.0,refgame,2.0,page3-35,,,2.0,01KJN7KYXWXWC5F6JA6AZJ6Q67,False,,,,,,,False,False,46.0,,0.0,1772388216887,1772388227513,10626,1.0,01KJN77XQHYQ5TVVY4HZM02E7R,,3,False,True,False,,,,,,,,False,
01KJN6MMPQTMDYRN709968YFN1,01KJN78JVY5FN5QXW9XGGE72RG,Player,A,B,listener,0.0,refgame,2.0,page9-46,,False,0.0,01KJN7K5JAKET26PNAKC1WNN1S,False,,,,,,,True,False,38.0,,0.0,1772388398504,1772388418620,20116,,01KJN79Y7T0VZNKHTSJRZWTDZ5,False,3,False,True,True,,,,,,,,False,
01KJN6MMPQTMDYRN709DP5DSDA,01KJN79ZQD1E4YD03FE5CGJY8K,Lika,C,C,listener,4.0,refgame,2.0,page9-46,page9-46,True,2.0,01KJN7KZ4W10W8D9F17K7QA5ZZ,False,,,,,,,False,False,65.0,,0.0,1772388524053,1772388532195,8142,,01KJN77XQHYQ5TVVY4HZM02E7R,True,3,False,True,True,,,,,,,,False,
01KJN6MMPQTMDYRN709DP5DSDA,01KJN79ZQD1E4YD03FE5CGJY8K,Lika,C,C,listener,2.0,refgame,1.0,page7-107,page7-107,True,2.0,01KJN7KZ3TKA2G2034PKAJD3VQ,False,,,,,,,False,False,12.0,,0.0,1772387278345,1772387311206,32861,,01KJN7931DXZ65NXTWK1GNEZMW,True,3,False,True,True,,,,,,,,False,
01KJN6MMPQTMDYRN709968YFN1,01KJN796KT7FCNV2F9QNCQDSES,Felu,C,C,listener,2.0,refgame,1.0,page5-28,page5-28,True,2.0,01KJN7K5JK17KT4QXX6TA90JSY,False,,,,,,,False,False,17.0,,0.0,1772387520964,1772387561058,40094,,01KJN79ZDP3YNFFHHQA302PJDP,True,3,False,True,True,,,,,,,,False,
01KJN6MMQ03KZPZN0275VZXK6R,01KJN7AZC7FAG17CY924MRTCF7,Player,A,B,listener,0.0,refgame,2.0,page9-46,page9-46,True,2.0,01KJN7JJ1R0ZCD3D5GW7K272MC,False,,,,,,,False,False,40.0,,0.0,1772388475619,1772388495644,20025,,01KJN79B14FBSYSKKCG2BYVBB6,True,3,False,True,True,,,,,,,,False,
01KJN6MMPQTMDYRN709968YFN1,01KJN78CQJ3KY7VMGAR6F3D4S0,Player,B,A,speaker,2.0,refgame,2.0,page9-46,,,2.0,01KJN7K5KGSV4XEV8JEA43KKXE,False,,,,,,,False,False,52.0,,0.0,1772388712405,1772388726564,14159,1.0,01KJN78CQJ3KY7VMGAR6F3D4S0,,3,False,True,False,,,,,,,,False,
01KJN6MMPQTMDYRN709968YFN1,01KJN78JVY5FN5QXW9XGGE72RG,Player,A,B,speaker,2.0,refgame,2.0,page9-46,,,2.0,01KJN7K5KGSV4XEV8JEA43KKXE,False,,,,,,,False,False,52.0,,0.0,1772388712405,1772388726564,14159,1.0,01KJN78JVY5FN5QXW9XGGE72RG,,3,False,True,False,,,,,,,,False,
01KJN6MMQ03KZPZN0275VZXK6R,01KJN79J529BWBWTESKB6D9MB7,Player,C,C,listener,4.0,refgame,2.0,page7-255,page7-255,True,2.0,01KJN7JJ4MVHVY4E5F7G465MK8,False,,,,,,,False,False,60.0,,0.0,1772389039235,1772389059240,20005,,01KJN7863BFF3ZYZGVVSATZTH7,True,3,False,True,True,,,,,,,,False,
01KJN6MMQ03KZPZN0275VZXK6R,01KJN7863BFF3ZYZGVVSATZTH7,Felu,C,C,speaker,1.0,refgame,1.0,page-B,,,2.0,01KJN7JJ0T9TQHTQBPKBZMWPWF,False,,,,,,,False,False,10.0,,0.0,1772387149191,1772387184311,35120,1.0,01KJN7863BFF3ZYZGVVSATZTH7,,3,False,True,False,,,,,,,,False,
01KJN6MMPQTMDYRN709DP5DSDA,01KJN7B32C1C5254NSG6ZK1GRK,Laju,A,A,listener,0.0,refgame,2.0,page7-107,page7-107,True,2.0,01KJN7KYXC39570NBM5M60XHPH,False,,,,,,,False,False,41.0,,0.0,1772388134092,1772388144332,10240,,01KJN79PCAAMFX7P2QF70Y3HJM,True,3,False,True,True,,,,,,,,False,
01KJN6MMPQTMDYRN709968YFN1,01KJN79Y7T0VZNKHTSJRZWTDZ5,Player,B,A,listener,2.0,refgame,2.0,page3-35,page3-35,True,2.0,01KJN7K5G03ASRSWR507S1E4ZN,False,,,,,,,False,False,51.0,,0.0,1772388698776,1772388708362,9586,,01KJN78CQJ3KY7VMGAR6F3D4S0,True,3,False,True,True,,,,,,,,False,
01KJN6MMQ03KZPZN0275VZXK6R,01KJN7863BFF3ZYZGVVSATZTH7,Felu,C,C,listener,0.0,refgame,1.0,page7-107,page6-149,False,0.0,01KJN7JJ1Z3Q1ZDKVBSP3H1EH5,False,,,,,,,False,False,3.0,,0.0,1772386783120,1772386825904,42784,,01KJN79J529BWBWTESKB6D9MB7,True,3,False,True,True,,,,,,,,False,
01KJN6MMPQTMDYRN709DP5DSDA,01KJN79ZRTRDMY6RH8ZCYCM9NV,Minu,A,A,speaker,4.0,refgame,1.0,page7-255,,,1.0,01KJN7KYWTHVP18XWA27WSJNEC,False,,,,,,,False,False,27.0,,0.0,1772387770894,1772387815936,45042,2.0,01KJN79ZRTRDMY6RH8ZCYCM9NV,,3,False,True,False,,,,,,,,False,
01KJN6MMPQTMDYRN709968YFN1,01KJN79ZDP3YNFFHHQA302PJDP,Nori,C,C,listener,4.0,refgame,1.0,page-B,page3-193,False,0.0,01KJN7K5N24QKEVGWFQFH8SHND,False,,,,,,,False,False,24.0,,0.0,1772387859403,1772387894789,35386,,01KJN796KT7FCNV2F9QNCQDSES,True,3,False,True,True,,,,,,,,False,
01KJN6MMPQTMDYRN709DP5DSDA,01KJN79ZQD1E4YD03FE5CGJY8K,Lika,C,C,speaker,0.0,refgame,1.0,page7-255,,,1.0,01KJN7KYY7ZXJQFEB6A26GX86K,False,,,,,,,False,False,3.0,,0.0,1772386819116,1772386858961,39845,1.0,01KJN79ZQD1E4YD03FE5CGJY8K,,3,False,True,False,,,,,,,,False,
01KJN6MMPQTMDYRN709968YFN1,01KJN79ZDP3YNFFHHQA302PJDP,Nori,C,C,listener,0.0,refgame,1.0,page3-35,page3-35,True,2.0,01KJN7K5HHFJZXYFX14TKSFBHN,False,,,,,,,False,False,4.0,,0.0,1772386867613,1772386912635,45022,,01KJN78M7563R5D9TQE5G142DA,True,3,False,True,True,,,,,,,,False,
01KJN6MMPQTMDYRN709968YFN1,01KJN78JVY5FN5QXW9XGGE72RG,Laju,A,A,listener,1.0,refgame,1.0,page5-28,page5-28,True,2.0,01KJN7K5FN5PPN5PJKQY110P3Z,False,,,,,,,False,False,7.0,,0.0,1772387033134,1772387073532,40398,,01KJN791EPN054R2NTQQ1BFXJ5,True,3,False,True,True,,,,,,,,False,
01KJN6MMQ03KZPZN0275VZXK6R,01KJN79J529BWBWTESKB6D9MB7,Lika,C,C,listener,1.0,refgame,1.0,page-B,page-B,True,2.0,01KJN7JJ0T9TQHTQBPKBZMWPWF,False,,,,,,,False,False,10.0,,0.0,1772387149191,1772387184311,35120,,01KJN7863BFF3ZYZGVVSATZTH7,True,3,False,True,True,,,,,,,,False,
01KJN6MMPQTMDYRN709DP5DSDA,01KJN79PCAAMFX7P2QF70Y3HJM,Repi,A,A,listener,2.0,refgame,1.0,page5-28,page5-28,True,2.0,01KJN7KZ01302DTXHE0RJAA5M7,False,,,,,,,False,False,16.0,,0.0,1772387428738,1772387456895,28157,,01KJN7B32C1C5254NSG6ZK1GRK,True,3,False,True,True,,,,,,,,False,
01KJN6MMQ03KZPZN0275VZXK6R,01KJN7AZC7FAG17CY924MRTCF7,Laju,A,A,speaker,2.0,refgame,1.0,page7-255,,,2.0,01KJN7JJ0YKPRCT8KSF0KQWF0X,False,,,,,,,False,False,14.0,,0.0,1772387327727,1772387351607,23880,1.0,01KJN7AZC7FAG17CY924MRTCF7,,3,False,True,False,,,,,,,,False,
01KJN6MMQ03KZPZN0275VZXK6R,01KJN79J529BWBWTESKB6D9MB7,Lika,C,C,listener,4.0,refgame,1.0,page3-35,page3-35,True,2.0,01KJN7JJ4HZG5Q1EBE5FNHKG1D,False,,,,,,,False,False,24.0,,0.0,1772387807706,1772387836077,28371,,01KJN7863BFF3ZYZGVVSATZTH7,True,3,False,True,True,,,,,,,,False,
01KJN6MMPQTMDYRN709968YFN1,01KJN78M7563R5D9TQE5G142DA,Lika,C,C,listener,5.0,refgame,1.0,page3-35,page3-35,True,2.0,01KJN7K5KC833F28YJV6E0BER7,False,,,,,,,False,False,33.0,,0.0,1772388187845,1772388209421,21576,,01KJN79ZDP3YNFFHHQA302PJDP,True,3,False,True,True,,,,,,,,False,
01KJN6MMPQTMDYRN709DP5DSDA,01KJN7BYA5X3A2G30KZECRY2HY,Bavi,B,B,speaker,2.0,refgame,2.0,page-B,,,2.0,01KJN7KZ5EPEYHDMQ29DK9VY0Z,False,,,,,,,False,False,53.0,,0.0,1772388316505,1772388330049,13544,1.0,01KJN7BYA5X3A2G30KZECRY2HY,,3,False,True,False,,,,,,,,False,
01KJN6MMPQTMDYRN709DP5DSDA,01KJN7AAWT4GWKRZ7B9775509P,Zuda,B,B,listener,3.0,refgame,2.0,page3-35,page3-35,True,2.0,01KJN7KZ431YCMQ4BZRNENZDQR,False,,,,,,,False,False,57.0,,0.0,1772388389690,1772388398556,8866,,01KJN7B4V2673GK7HGVSG52R2P,True,3,False,True,True,,,,,,,,False,
01KJN6MMPQTMDYRN709DP5DSDA,01KJN79ZRTRDMY6RH8ZCYCM9NV,Minu,A,A,listener,2.0,refgame,1.0,page5-28,page5-28,True,2.0,01KJN7KZ01302DTXHE0RJAA5M7,False,,,,,,,False,False,16.0,,0.0,1772387428738,1772387456895,28157,,01KJN7B32C1C5254NSG6ZK1GRK,True,3,False,True,True,,,,,,,,False,
01KJN6MMPQTMDYRN709968YFN1,01KJN791EPN054R2NTQQ1BFXJ5,Minu,A,A,listener,3.0,refgame,1.0,page9-46,page9-46,True,2.0,01KJN7K5J3HZW6MM8NGDQP6NN7,False,,,,,,,False,False,20.0,,0.0,1772387676121,1772387720266,44145,,01KJN78B0TFR8F59JDGD057XNS,True,3,False,True,True,,,,,,,,False,
01KJN6MMQ03KZPZN0275VZXK6R,01KJN79J529BWBWTESKB6D9MB7,Player,C,A,listener,2.0,refgame,2.0,page7-255,page5-63,False,0.0,01KJN7JJ17ZTZ9QC0YBJF7F8VH,False,,,,,,,False,False,49.0,,0.0,1772388742925,1772388762952,20027,,01KJN7A44GGBE9XR412KV5BFSC,False,3,False,True,True,,,,,,,,False,
01KJN6MMQ03KZPZN0275VZXK6R,01KJN7A44GGBE9XR412KV5BFSC,Player,B,B,speaker,5.0,refgame,2.0,page-B,,,2.0,01KJN7JJ4CKNN14ST5Y145D20Z,False,,,,,,,False,False,70.0,,0.0,1772389290904,1772389309182,18278,2.0,01KJN7A44GGBE9XR412KV5BFSC,,3,False,True,False,,,,,,,,False,
01KJN6MMQ03KZPZN0275VZXK6R,01KJN7A44GGBE9XR412KV5BFSC,Bavi,B,B,listener,1.0,refgame,1.0,page7-107,page7-107,True,2.0,01KJN7JJ0RSHHPHCY0J0NJ4AA1,False,,,,,,,False,False,11.0,,0.0,1772387200129,1772387231040,30911,,01KJN792W85XPK9QGH8A6HSYSJ,True,3,False,True,True,,,,,,,,False,
01KJN6MMPQTMDYRN709DP5DSDA,01KJN79ZRTRDMY6RH8ZCYCM9NV,Minu,A,A,listener,2.0,refgame,1.0,page-B,page-B,True,2.0,01KJN7KZ33V5V719AES7EBWC0V,False,,,,,,,False,False,14.0,,0.0,1772387342438,1772387377362,34924,,01KJN7B32C1C5254NSG6ZK1GRK,True,3,False,True,True,,,,,,,,False,
01KJN6MMPQTMDYRN709968YFN1,01KJN78B0TFR8F59JDGD057XNS,Repi,A,A,listener,2.0,refgame,1.0,page-B,page7-255,False,0.0,01KJN7K5HVTWE9Y83V53TSRDDA,False,,,,,,,False,False,14.0,,0.0,1772387363810,1772387407994,44184,,01KJN78JVY5FN5QXW9XGGE72RG,True,3,False,True,True,,,,,,,,False,
01KJN6MMPQTMDYRN709DP5DSDA,01KJN79PCAAMFX7P2QF70Y3HJM,Repi,A,A,speaker,3.0,refgame,1.0,page7-107,,,2.0,01KJN7KYZF6WBFK0HY3WZWJTDJ,False,,,,,,,False,False,23.0,,0.0,1772387661755,1772387678433,16678,2.0,01KJN79PCAAMFX7P2QF70Y3HJM,,3,False,True,False,,,,,,,,False,
01KJN6MMQ03KZPZN0275VZXK6R,01KJN7A44GGBE9XR412KV5BFSC,Player,B,B,listener,0.0,refgame,2.0,page7-255,page7-255,True,2.0,01KJN7JJ05JV700GGZABPCJM90,False,,,,,,,False,False,38.0,,0.0,1772388419803,1772388439818,20015,,01KJN7C40WEQBDF48ACG18M0EV,True,3,False,True,True,,,,,,,,False,
01KJN6MMPQTMDYRN709968YFN1,01KJN796KT7FCNV2F9QNCQDSES,Felu,C,C,speaker,1.0,refgame,1.0,page7-255,,,1.0,01KJN7K5HSCQA43VSFADGE0Q2T,False,,,,,,,False,False,10.0,,0.0,1772387173083,1772387218062,44979,1.0,01KJN796KT7FCNV2F9QNCQDSES,,3,False,True,False,,,,,,,,False,
01KJN6MMQ03KZPZN0275VZXK6R,01KJN79B14FBSYSKKCG2BYVBB6,Repi,A,A,listener,2.0,refgame,1.0,page3-35,page3-35,True,2.0,01KJN7JJ0PJYQE826DEW5XH116,False,,,,,,,False,False,12.0,,0.0,1772387236366,1772387281380,45014,,01KJN7AZC7FAG17CY924MRTCF7,True,3,False,True,True,,,,,,,,False,
01KJN6MMPQTMDYRN709968YFN1,01KJN791EPN054R2NTQQ1BFXJ5,Minu,A,A,listener,2.0,refgame,1.0,page7-255,page7-255,True,2.0,01KJN7K5JTNJB1AXC03H4SWV8M,False,,,,,,,False,False,15.0,,0.0,1772387416630,1772387456025,39395,,01KJN78JVY5FN5QXW9XGGE72RG,True,3,False,True,True,,,,,,,,False,
01KJN6MMQ03KZPZN0275VZXK6R,01KJN792W85XPK9QGH8A6HSYSJ,Zuda,B,B,speaker,4.0,refgame,1.0,page7-255,,,1.0,01KJN7JJ0KAZ122DZJNX1TKJ9D,False,,,,,,,False,False,28.0,,0.0,1772387968164,1772388013165,45001,2.0,01KJN792W85XPK9QGH8A6HSYSJ,,3,False,True,False,,,,,,,,False,
01KJN6MMPQTMDYRN709DP5DSDA,01KJN79ZRTRDMY6RH8ZCYCM9NV,Minu,A,A,speaker,1.0,refgame,2.0,page-B,,,2.0,01KJN7KYZ8JEEX9EFFC2G9SFJ0,False,,,,,,,False,False,44.0,,0.0,1772388184620,1772388200047,15427,1.0,01KJN79ZRTRDMY6RH8ZCYCM9NV,,3,False,True,False,,,,,,,,False,
01KJN6MMQ03KZPZN0275VZXK6R,01KJN7C40WEQBDF48ACG18M0EV,Player,B,C,listener,4.0,refgame,2.0,page3-35,page3-35,True,2.0,01KJN7JJ4KG1JY79DXAW7HB1X7,False,,,,,,,False,False,62.0,,0.0,1772389088043,1772389101379,13336,,01KJN792W85XPK9QGH8A6HSYSJ,True,3,False,True,True,,,,,,,,False,
01KJN6MMPQTMDYRN709DP5DSDA,01KJN7B4V2673GK7HGVSG52R2P,Hera,B,B,listener,2.0,refgame,1.0,page-B,page-B,True,2.0,01KJN7KZ33V5V719AES7EBWC0V,False,,,,,,,False,False,14.0,,0.0,1772387342438,1772387377362,34924,,01KJN7BYA5X3A2G30KZECRY2HY,True,3,False,True,True,,,,,,,,False,
01KJN6MMPQTMDYRN709968YFN1,01KJN796KT7FCNV2F9QNCQDSES,Felu,C,C,listener,3.0,refgame,1.0,page7-255,page7-255,True,2.0,01KJN7K5QG4CHFGPDNXVD1PEDF,False,,,,,,,False,False,22.0,,0.0,1772387769859,1772387810656,40797,,01KJN78M7563R5D9TQE5G142DA,True,3,False,True,True,,,,,,,,False,
01KJN6MMPQTMDYRN709968YFN1,01KJN796KT7FCNV2F9QNCQDSES,Felu,C,C,speaker,4.0,refgame,1.0,page7-255,,,2.0,01KJN7K5H8BSX37JV3WZMKDDX9,False,,,,,,,False,False,29.0,,0.0,1772388048043,1772388073516,25473,2.0,01KJN796KT7FCNV2F9QNCQDSES,,3,False,True,False,,,,,,,,False,
01KJN6MMQ03KZPZN0275VZXK6R,01KJN7AZC7FAG17CY924MRTCF7,Player,A,B,listener,3.0,refgame,2.0,page5-28,page5-28,True,2.0,01KJN7JJ1J5VMG06JVQK7ZJSB1,False,,,,,,,False,False,57.0,,0.0,1772388960182,1772388980183,20001,,01KJN79B14FBSYSKKCG2BYVBB6,True,3,False,True,True,,,,,,,,False,
01KJN6MMQ03KZPZN0275VZXK6R,01KJN79J529BWBWTESKB6D9MB7,Player,C,A,speaker,3.0,refgame,2.0,page3-35,,,1.0,01KJN7JJ0NZ29KXJEZX39HD183,False,,,,,,,False,False,59.0,,0.0,1772389012806,1772389032810,20004,2.0,01KJN79J529BWBWTESKB6D9MB7,,3,False,True,False,,,,,,,,False,
01KJN6MMQ03KZPZN0275VZXK6R,01KJN78DQ6KC0F9N1HA0BPB44R,Nori,C,C,listener,3.0,refgame,1.0,page9-46,page9-46,True,2.0,01KJN7JJ0PJYQE826DDQJJSWAF,False,,,,,,,False,False,19.0,,0.0,1772387541417,1772387574131,32714,,01KJN79J529BWBWTESKB6D9MB7,True,3,False,True,True,,,,,,,,False,
01KJN6MMPQTMDYRN709968YFN1,01KJN79Y7T0VZNKHTSJRZWTDZ5,Hera,B,B,speaker,3.0,refgame,1.0,page9-46,,,2.0,01KJN7K5J3HZW6MM8NGDQP6NN7,False,,,,,,,False,False,20.0,,0.0,1772387676121,1772387720266,44145,2.0,01KJN79Y7T0VZNKHTSJRZWTDZ5,,3,False,True,False,,,,,,,,False,
01KJN6MMQ03KZPZN0275VZXK6R,01KJN792W85XPK9QGH8A6HSYSJ,Player,B,A,listener,0.0,refgame,2.0,page7-255,page5-64,False,0.0,01KJN7JJ05JV700GGZABPCJM90,False,,,,,,,False,False,38.0,,0.0,1772388419803,1772388439818,20015,,01KJN79B14FBSYSKKCG2BYVBB6,False,3,False,True,True,,,,,,,,False,
01KJN6MMPQTMDYRN709DP5DSDA,01KJN7931DXZ65NXTWK1GNEZMW,Nori,C,C,speaker,5.0,refgame,2.0,page7-255,,,2.0,01KJN7KZ2A7Y374PXRWXKQH250,False,,,,,,,False,False,70.0,,0.0,1772388596183,1772388603168,6985,2.0,01KJN7931DXZ65NXTWK1GNEZMW,,3,False,True,False,,,,,,,,False,
01KJN6MMPQTMDYRN709968YFN1,01KJN78B0TFR8F59JDGD057XNS,Player,A,B,listener,5.0,refgame,2.0,page7-107,page7-107,True,2.0,01KJN7K5R50JQ6DN8DECK17DTE,False,,,,,,,False,False,68.0,,0.0,1772389049638,1772389061860,12222,,01KJN78JVY5FN5QXW9XGGE72RG,True,3,False,True,True,,,,,,,,False,
01KJN6MMQ03KZPZN0275VZXK6R,01KJN79J529BWBWTESKB6D9MB7,Lika,C,C,listener,2.0,refgame,1.0,page3-35,page3-35,True,2.0,01KJN7JJ0PJYQE826DEW5XH116,False,,,,,,,False,False,12.0,,0.0,1772387236366,1772387281380,45014,,01KJN78DQ6KC0F9N1HA0BPB44R,True,3,False,True,True,,,,,,,,False,
01KJN6MMPQTMDYRN709DP5DSDA,01KJN77XQHYQ5TVVY4HZM02E7R,Felu,C,C,speaker,4.0,refgame,1.0,page7-107,,,2.0,01KJN7KYWYTD5D3M21S2X8P0AA,False,,,,,,,False,False,26.0,,0.0,1772387745826,1772387764604,18778,2.0,01KJN77XQHYQ5TVVY4HZM02E7R,,3,False,True,False,,,,,,,,False,
01KJN6MMPQTMDYRN709968YFN1,01KJN78CQJ3KY7VMGAR6F3D4S0,Bavi,B,B,speaker,5.0,refgame,1.0,page-B,,,2.0,01KJN7K5KKDNJS2ZHY8A7BH7EB,False,,,,,,,False,False,31.0,,0.0,1772388107860,1772388143179,35319,2.0,01KJN78CQJ3KY7VMGAR6F3D4S0,,3,False,True,False,,,,,,,,False,
01KJN6MMPQTMDYRN709DP5DSDA,01KJN7AAWT4GWKRZ7B9775509P,Zuda,B,B,listener,0.0,refgame,2.0,page7-107,page7-107,True,2.0,01KJN7KYXC39570NBM5M60XHPH,False,,,,,,,False,False,41.0,,0.0,1772388134092,1772388144332,10240,,01KJN7B4V2673GK7HGVSG52R2P,True,3,False,True,True,,,,,,,,False,
01KJN6MMQ03KZPZN0275VZXK6R,01KJN7A44GGBE9XR412KV5BFSC,Bavi,B,B,speaker,5.0,refgame,1.0,page9-46,,,2.0,01KJN7JJ1GTZ14GD5SHH1T9KDQ,False,,,,,,,False,False,33.0,,0.0,1772388186835,1772388202360,15525,2.0,01KJN7A44GGBE9XR412KV5BFSC,,3,False,True,False,,,,,,,,False,
01KJN6MMPQTMDYRN709968YFN1,01KJN78JVY5FN5QXW9XGGE72RG,Laju,A,A,speaker,5.0,refgame,1.0,page9-46,,,2.0,01KJN7K5JWFN5D8CSNKKGAEAS0,False,,,,,,,False,False,35.0,,0.0,1772388261446,1772388306475,45029,2.0,01KJN78JVY5FN5QXW9XGGE72RG,,3,False,True,False,,,,,,,,False,
01KJN6MMPQTMDYRN709DP5DSDA,01KJN7BYA5X3A2G30KZECRY2HY,Bavi,B,B,listener,0.0,refgame,1.0,page5-28,,False,0.0,01KJN7KZ5HH7NR0ZCH3MQS757H,False,,,,,,,True,False,4.0,,0.0,1772386874658,1772386919662,45004,,01KJN7B4V2673GK7HGVSG52R2P,True,3,False,True,True,,,,,,,,False,
01KJN6MMQ03KZPZN0275VZXK6R,01KJN79B14FBSYSKKCG2BYVBB6,Repi,A,A,speaker,3.0,refgame,1.0,page7-107,,,2.0,01KJN7JJ46829SY13E2SZ3F6SZ,False,,,,,,,False,False,23.0,,0.0,1772387751836,1772387795619,43783,2.0,01KJN79B14FBSYSKKCG2BYVBB6,,3,False,True,False,,,,,,,,False,
01KJN6MMPQTMDYRN709DP5DSDA,01KJN7B32C1C5254NSG6ZK1GRK,Laju,A,A,listener,3.0,refgame,1.0,page9-46,page9-46,True,2.0,01KJN7KYX0NA6EE02CQYEKX5QJ,False,,,,,,,False,False,20.0,,0.0,1772387587210,1772387601216,14006,,01KJN79PCAAMFX7P2QF70Y3HJM,True,3,False,True,True,,,,,,,,False,
01KJN6MMPQTMDYRN709968YFN1,01KJN791EPN054R2NTQQ1BFXJ5,Minu,A,A,listener,3.0,refgame,1.0,page7-107,page7-107,True,2.0,01KJN7K5J4M8ZP49YPQF1AN3HY,False,,,,,,,False,False,19.0,,0.0,1772387620952,1772387665967,45015,,01KJN78B0TFR8F59JDGD057XNS,True,3,False,True,True,,,,,,,,False,
01KJN6MMPQTMDYRN709968YFN1,01KJN796KT7FCNV2F9QNCQDSES,Felu,C,C,speaker,4.0,refgame,1.0,page-B,,,0.0,01KJN7K5N24QKEVGWFQFH8SHND,False,,,,,,,False,False,24.0,,0.0,1772387859403,1772387894789,35386,2.0,01KJN796KT7FCNV2F9QNCQDSES,,3,False,True,False,,,,,,,,False,
01KJN6MMQ03KZPZN0275VZXK6R,01KJN7AZC7FAG17CY924MRTCF7,Player,A,B,speaker,2.0,refgame,2.0,page-B,,,2.0,01KJN7JJ1N6V7EEQ6VZVXNRHV0,False,,,,,,,False,False,53.0,,0.0,1772388847281,1772388866268,18987,1.0,01KJN7AZC7FAG17CY924MRTCF7,,3,False,True,False,,,,,,,,False,
01KJN6MMPQTMDYRN709DP5DSDA,01KJN79ZQD1E4YD03FE5CGJY8K,Lika,C,C,listener,2.0,refgame,2.0,page-B,page-B,True,2.0,01KJN7KZ5EPEYHDMQ29DK9VY0Z,False,,,,,,,False,False,53.0,,0.0,1772388316505,1772388330049,13544,,01KJN7931DXZ65NXTWK1GNEZMW,True,3,False,True,True,,,,,,,,False,
01KJN6MMPQTMDYRN709968YFN1,01KJN791EPN054R2NTQQ1BFXJ5,Minu,A,A,speaker,1.0,refgame,1.0,page3-35,,,1.0,01KJN7K5HFQ0YWS0B8B4TY02DQ,False,,,,,,,False,False,6.0,,0.0,1772386972417,1772387017438,45021,1.0,01KJN791EPN054R2NTQQ1BFXJ5,,3,False,True,False,,,,,,,,False,
01KJN6MMQ03KZPZN0275VZXK6R,01KJN79B14FBSYSKKCG2BYVBB6,Repi,A,A,listener,2.0,refgame,1.0,page5-28,page5-28,True,2.0,01KJN7JHZM2WM100YZYN6HXHWY,False,,,,,,,False,False,13.0,,0.0,1772387287191,1772387324321,37130,,01KJN7AZC7FAG17CY924MRTCF7,True,3,False,True,True,,,,,,,,False,
01KJN6MMQ03KZPZN0275VZXK6R,01KJN78DQ6KC0F9N1HA0BPB44R,Nori,C,C,speaker,5.0,refgame,1.0,page-B,,,2.0,01KJN7JJ1MRR84KNB9E0DAG180,False,,,,,,,False,False,32.0,,0.0,1772388138113,1772388181120,43007,2.0,01KJN78DQ6KC0F9N1HA0BPB44R,,3,False,True,False,,,,,,,,False,
01KJN6MMPQTMDYRN709DP5DSDA,01KJN79ZQD1E4YD03FE5CGJY8K,Lika,C,C,speaker,3.0,refgame,2.0,page7-255,,,2.0,01KJN7KZ2WME7KZMKY7BATVWYX,False,,,,,,,False,False,59.0,,0.0,1772388421080,1772388430273,9193,2.0,01KJN79ZQD1E4YD03FE5CGJY8K,,3,False,True,False,,,,,,,,False,
01KJN6MMQ03KZPZN0275VZXK6R,01KJN7C40WEQBDF48ACG18M0EV,Player,B,A,speaker,3.0,refgame,2.0,page5-28,,,2.0,01KJN7JJ1J5VMG06JVQK7ZJSB1,False,,,,,,,False,False,57.0,,0.0,1772388960182,1772388980183,20001,2.0,01KJN7C40WEQBDF48ACG18M0EV,,3,False,True,False,,,,,,,,False,
01KJN6MMPQTMDYRN709DP5DSDA,01KJN79PCAAMFX7P2QF70Y3HJM,Repi,A,A,listener,1.0,refgame,2.0,page-B,page-B,True,2.0,01KJN7KYZ8JEEX9EFFC2G9SFJ0,False,,,,,,,False,False,44.0,,0.0,1772388184620,1772388200047,15427,,01KJN79ZRTRDMY6RH8ZCYCM9NV,True,3,False,True,True,,,,,,,,False,
01KJN6MMQ03KZPZN0275VZXK6R,01KJN7C40WEQBDF48ACG18M0EV,Player,B,B,listener,5.0,refgame,2.0,page-B,page-B,True,2.0,01KJN7JJ4CKNN14ST5Y145D20Z,False,,,,,,,False,False,70.0,,0.0,1772389290904,1772389309182,18278,,01KJN7A44GGBE9XR412KV5BFSC,True,3,False,True,True,,,,,,,,False,
01KJN6MMPQTMDYRN709968YFN1,01KJN79ZDP3YNFFHHQA302PJDP,Nori,C,C,listener,0.0,refgame,1.0,page9-46,page7-107,False,0.0,01KJN7K5HM3GRXQJ2R4WDZ9A25,False,,,,,,,False,False,5.0,,0.0,1772386918334,1772386963323,44989,,01KJN78M7563R5D9TQE5G142DA,True,3,False,True,True,,,,,,,,False,
01KJN6MMPQTMDYRN709DP5DSDA,01KJN7B32C1C5254NSG6ZK1GRK,Laju,A,A,listener,0.0,refgame,2.0,page7-255,page7-255,True,2.0,01KJN7KYYA4F2NERJFZQJ023GY,False,,,,,,,False,False,38.0,,0.0,1772388082220,1772388092151,9931,,01KJN79PCAAMFX7P2QF70Y3HJM,True,3,False,True,True,,,,,,,,False,
01KJN6MMQ03KZPZN0275VZXK6R,01KJN7863BFF3ZYZGVVSATZTH7,Felu,C,C,speaker,1.0,refgame,1.0,page3-35,,,2.0,01KJN7JJ0MB1FQKFF8CTGJPYKN,False,,,,,,,False,False,9.0,,0.0,1772387096074,1772387140295,44221,1.0,01KJN7863BFF3ZYZGVVSATZTH7,,3,False,True,False,,,,,,,,False,
01KJN6MMQ03KZPZN0275VZXK6R,01KJN79J529BWBWTESKB6D9MB7,Lika,C,C,speaker,3.0,refgame,1.0,page7-107,,,2.0,01KJN7JJ46829SY13E2SZ3F6SZ,False,,,,,,,False,False,23.0,,0.0,1772387751836,1772387795619,43783,2.0,01KJN79J529BWBWTESKB6D9MB7,,3,False,True,False,,,,,,,,False,
01KJN6MMPQTMDYRN709DP5DSDA,01KJN7931DXZ65NXTWK1GNEZMW,Nori,C,C,listener,1.0,refgame,2.0,page5-28,page5-28,True,2.0,01KJN7KYX76441G4MZVKJSBPHS,False,,,,,,,False,False,42.0,,0.0,1772388151863,1772388163936,12073,,01KJN77XQHYQ5TVVY4HZM02E7R,True,3,False,True,True,,,,,,,,False,
01KJN6MMQ03KZPZN0275VZXK6R,01KJN7863BFF3ZYZGVVSATZTH7,Player,C,A,listener,2.0,refgame,2.0,page5-28,,False,0.0,01KJN7JJ144X9C126M86JNY5Y5,False,,,,,,,True,False,50.0,,0.0,1772388771422,1772388791447,20025,,01KJN7A44GGBE9XR412KV5BFSC,False,3,False,True,True,,,,,,,,False,
01KJN6MMPQTMDYRN709968YFN1,01KJN788SPAKVVBHX9T9FDQWAF,Player,B,A,speaker,4.0,refgame,2.0,page7-255,,,2.0,01KJN7K5KA3E984TAA3QPV7RDV,False,,,,,,,False,False,61.0,,0.0,1772388899495,1772388914994,15499,2.0,01KJN788SPAKVVBHX9T9FDQWAF,,3,False,True,False,,,,,,,,False,
01KJN6MMPQTMDYRN709968YFN1,01KJN788SPAKVVBHX9T9FDQWAF,Zuda,B,B,listener,3.0,refgame,1.0,page9-46,page9-46,True,2.0,01KJN7K5J3HZW6MM8NGDQP6NN7,False,,,,,,,False,False,20.0,,0.0,1772387676121,1772387720266,44145,,01KJN79Y7T0VZNKHTSJRZWTDZ5,True,3,False,True,True,,,,,,,,False,
01KJN6MMPQTMDYRN709968YFN1,01KJN78B0TFR8F59JDGD057XNS,Repi,A,A,listener,4.0,refgame,1.0,page3-35,page3-35,True,2.0,01KJN7K5G5WAEHV15ZSNYXBM25,False,,,,,,,False,False,25.0,,0.0,1772387906351,1772387927135,20784,,01KJN791EPN054R2NTQQ1BFXJ5,True,3,False,True,True,,,,,,,,False,
01KJN6MMPQTMDYRN709968YFN1,01KJN788SPAKVVBHX9T9FDQWAF,Zuda,B,B,listener,5.0,refgame,1.0,page3-35,page3-35,True,2.0,01KJN7K5KC833F28YJV6E0BER7,False,,,,,,,False,False,33.0,,0.0,1772388187845,1772388209421,21576,,01KJN78CQJ3KY7VMGAR6F3D4S0,True,3,False,True,True,,,,,,,,False,
01KJN6MMPQTMDYRN709968YFN1,01KJN78CQJ3KY7VMGAR6F3D4S0,Player,B,A,listener,4.0,refgame,2.0,page9-46,page9-46,True,2.0,01KJN7K5RH8WAK5SD7F93EBYXB,False,,,,,,,False,False,65.0,,0.0,1772388983249,1772388994056,10807,,01KJN788SPAKVVBHX9T9FDQWAF,True,3,False,True,True,,,,,,,,False,
01KJN6MMPQTMDYRN709968YFN1,01KJN796KT7FCNV2F9QNCQDSES,Felu,C,C,speaker,1.0,refgame,1.0,page-B,,,0.0,01KJN7K5HQTXFWBF1AJA81RK0D,False,,,,,,,False,False,11.0,,0.0,1772387228685,1772387273691,45006,1.0,01KJN796KT7FCNV2F9QNCQDSES,,3,False,True,False,,,,,,,,False,
01KJN6MMPQTMDYRN709968YFN1,01KJN791EPN054R2NTQQ1BFXJ5,Minu,A,A,listener,2.0,refgame,1.0,page3-35,page3-35,True,2.0,01KJN7K5JZQZB4NY8FJRJX504H,False,,,,,,,False,False,12.0,,0.0,1772387282349,1772387317911,35562,,01KJN78JVY5FN5QXW9XGGE72RG,True,3,False,True,True,,,,,,,,False,
01KJN6MMPQTMDYRN709DP5DSDA,01KJN7BYA5X3A2G30KZECRY2HY,Bavi,B,B,listener,4.0,refgame,1.0,page7-255,page7-255,True,2.0,01KJN7KYWTHVP18XWA27WSJNEC,False,,,,,,,False,False,27.0,,0.0,1772387770894,1772387815936,45042,,01KJN7AAWT4GWKRZ7B9775509P,True,3,False,True,True,,,,,,,,False,
01KJN6MMPQTMDYRN709DP5DSDA,01KJN7B32C1C5254NSG6ZK1GRK,Laju,A,A,speaker,2.0,refgame,2.0,page9-46,,,2.0,01KJN7KYX9412F6D9T4P6GZVTR,False,,,,,,,False,False,48.0,,0.0,1772388246013,1772388259312,13299,1.0,01KJN7B32C1C5254NSG6ZK1GRK,,3,False,True,False,,,,,,,,False,
01KJN6MMPQTMDYRN709DP5DSDA,01KJN77XQHYQ5TVVY4HZM02E7R,Felu,C,C,listener,5.0,refgame,2.0,page5-28,page5-28,True,2.0,01KJN7KZ4GGBX7W2AQKMGYBFMR,False,,,,,,,False,False,66.0,,0.0,1772388537478,1772388547714,10236,,01KJN7931DXZ65NXTWK1GNEZMW,True,3,False,True,True,,,,,,,,False,
01KJN6MMQ03KZPZN0275VZXK6R,01KJN7863BFF3ZYZGVVSATZTH7,Player,C,C,speaker,1.0,refgame,2.0,page-B,,,2.0,01KJN7JJ106G1CY7M5XQTG2KY4,False,,,,,,,False,False,46.0,,0.0,1772388652073,1772388672170,20097,1.0,01KJN7863BFF3ZYZGVVSATZTH7,,3,False,True,False,,,,,,,,False,
01KJN6MMQ03KZPZN0275VZXK6R,01KJN7AZC7FAG17CY924MRTCF7,Laju,A,A,listener,0.0,refgame,1.0,page-B,page5-142,False,0.0,01KJN7JHZG39B3YEBM7VHA554N,False,,,,,,,False,False,4.0,,0.0,1772386841560,1772386883546,41986,,01KJN79B14FBSYSKKCG2BYVBB6,True,3,False,True,True,,,,,,,,False,
01KJN6MMPQTMDYRN709DP5DSDA,01KJN7B4V2673GK7HGVSG52R2P,Hera,B,B,listener,4.0,refgame,1.0,page-B,page-B,True,2.0,01KJN7KYX36Y98PXYV7H3VMGZH,False,,,,,,,False,False,25.0,,0.0,1772387714423,1772387741324,26901,,01KJN7AAWT4GWKRZ7B9775509P,True,3,False,True,True,,,,,,,,False,
01KJN6MMPQTMDYRN709DP5DSDA,01KJN7AAWT4GWKRZ7B9775509P,Zuda,B,B,listener,0.0,refgame,2.0,page-B,page-B,True,2.0,01KJN7KYYKG4J0XFNGWMZ2451X,False,,,,,,,False,False,36.0,,0.0,1772388039295,1772388059290,19995,,01KJN7B4V2673GK7HGVSG52R2P,True,3,False,True,True,,,,,,,,False,
01KJN6MMQ03KZPZN0275VZXK6R,01KJN78DQ6KC0F9N1HA0BPB44R,Nori,C,C,listener,0.0,refgame,1.0,page7-107,page7-107,True,2.0,01KJN7JJ1Z3Q1ZDKVBSP3H1EH5,False,,,,,,,False,False,3.0,,0.0,1772386783120,1772386825904,42784,,01KJN79J529BWBWTESKB6D9MB7,True,3,False,True,True,,,,,,,,False,
01KJN6MMPQTMDYRN709DP5DSDA,01KJN7B4V2673GK7HGVSG52R2P,Hera,B,B,listener,1.0,refgame,1.0,page7-107,page7-107,True,2.0,01KJN7KZ50SP860QQHX43BMD6K,False,,,,,,,False,False,6.0,,0.0,1772386983245,1772387024263,41018,,01KJN7AAWT4GWKRZ7B9775509P,True,3,False,True,True,,,,,,,,False,
01KJN6MMPQTMDYRN709DP5DSDA,01KJN77XQHYQ5TVVY4HZM02E7R,Felu,C,C,speaker,1.0,refgame,1.0,page9-46,,,1.0,01KJN7KZ4DBDW3YBYDCHQRBRVZ,False,,,,,,,False,False,9.0,,0.0,1772387132400,1772387164842,32442,1.0,01KJN77XQHYQ5TVVY4HZM02E7R,,3,False,True,False,,,,,,,,False,
01KJN6MMPQTMDYRN709968YFN1,01KJN78CQJ3KY7VMGAR6F3D4S0,Bavi,B,B,speaker,5.0,refgame,1.0,page7-107,,,2.0,01KJN7K5FY9W5FE9ETY2P4WBNM,False,,,,,,,False,False,30.0,,0.0,1772388079202,1772388103303,24101,2.0,01KJN78CQJ3KY7VMGAR6F3D4S0,,3,False,True,False,,,,,,,,False,
01KJN6MMPQTMDYRN709DP5DSDA,01KJN79PCAAMFX7P2QF70Y3HJM,Repi,A,A,speaker,0.0,refgame,2.0,page7-255,,,1.0,01KJN7KYYA4F2NERJFZQJ023GY,False,,,,,,,False,False,38.0,,0.0,1772388082220,1772388092151,9931,1.0,01KJN79PCAAMFX7P2QF70Y3HJM,,3,False,True,False,,,,,,,,False,
01KJN6MMPQTMDYRN709DP5DSDA,01KJN7931DXZ65NXTWK1GNEZMW,Nori,C,C,listener,1.0,refgame,2.0,page3-35,page3-35,True,2.0,01KJN7KYXWXWC5F6JA6AZJ6Q67,False,,,,,,,False,False,46.0,,0.0,1772388216887,1772388227513,10626,,01KJN77XQHYQ5TVVY4HZM02E7R,True,3,False,True,True,,,,,,,,False,
01KJN6MMPQTMDYRN709968YFN1,01KJN78B0TFR8F59JDGD057XNS,Player,A,B,speaker,0.0,refgame,2.0,page3-35,,,2.0,01KJN7K5R3HYPWVGJTVXZHHTBN,False,,,,,,,False,False,40.0,,0.0,1772388453370,1772388468333,14963,1.0,01KJN78B0TFR8F59JDGD057XNS,,3,False,True,False,,,,,,,,False,
01KJN6MMQ03KZPZN0275VZXK6R,01KJN79B14FBSYSKKCG2BYVBB6,Player,A,B,listener,4.0,refgame,2.0,page5-28,page5-28,True,2.0,01KJN7JJ4EG9317PS98S3CCXVS,False,,,,,,,False,False,65.0,,0.0,1772389164100,1772389184121,20021,,01KJN7863BFF3ZYZGVVSATZTH7,False,3,False,True,True,,,,,,,,False,
01KJN6MMPQTMDYRN709DP5DSDA,01KJN7B32C1C5254NSG6ZK1GRK,Laju,A,A,listener,0.0,refgame,1.0,page7-107,,False,0.0,01KJN7KYV6KEYGF7WX6G0BANR9,False,,,,,,,True,False,0.0,,0.0,1772386657822,1772386702827,45005,,01KJN79PCAAMFX7P2QF70Y3HJM,True,3,False,True,True,,,,,,,,False,
01KJN6MMPQTMDYRN709DP5DSDA,01KJN7AAWT4GWKRZ7B9775509P,Zuda,B,B,listener,5.0,refgame,2.0,page-B,page-B,True,2.0,01KJN7KZ3D0HTVJZCVXH48W7YP,False,,,,,,,False,False,69.0,,0.0,1772388579779,1772388591448,11669,,01KJN7BYA5X3A2G30KZECRY2HY,True,3,False,True,True,,,,,,,,False,
01KJN6MMQ03KZPZN0275VZXK6R,01KJN7AZC7FAG17CY924MRTCF7,Player,A,C,listener,3.0,refgame,2.0,page7-107,page7-107,True,2.0,01KJN7JJ4GCT1AQ6A0X5YF4F5Y,False,,,,,,,False,False,58.0,,0.0,1772388985091,1772389005095,20004,,01KJN79B14FBSYSKKCG2BYVBB6,True,3,False,True,True,,,,,,,,False,
01KJN6MMPQTMDYRN709DP5DSDA,01KJN7B4V2673GK7HGVSG52R2P,Hera,B,B,listener,4.0,refgame,2.0,page5-28,page5-28,True,2.0,01KJN7KZ5A7Y4CEP43YBWJ659J,False,,,,,,,False,False,64.0,,0.0,1772388504343,1772388518698,14355,,01KJN7AAWT4GWKRZ7B9775509P,True,3,False,True,True,,,,,,,,False,
01KJN6MMPQTMDYRN709968YFN1,01KJN78B0TFR8F59JDGD057XNS,Player,A,B,listener,2.0,refgame,2.0,page7-255,page7-255,True,2.0,01KJN7K5K80HK3VGDQE5RKG8VX,False,,,,,,,False,False,53.0,,0.0,1772388730747,1772388750777,20030,,01KJN78CQJ3KY7VMGAR6F3D4S0,False,3,False,True,True,,,,,,,,False,
01KJN6MMPQTMDYRN709DP5DSDA,01KJN7BYA5X3A2G30KZECRY2HY,Bavi,B,B,listener,0.0,refgame,1.0,page7-107,page7-107,True,2.0,01KJN7KYV6KEYGF7WX6G0BANR9,False,,,,,,,False,False,0.0,,0.0,1772386657822,1772386702827,45005,,01KJN7B4V2673GK7HGVSG52R2P,True,3,False,True,True,,,,,,,,False,
01KJN6MMPQTMDYRN709968YFN1,01KJN79Y7T0VZNKHTSJRZWTDZ5,Hera,B,B,listener,2.0,refgame,1.0,page9-46,page9-46,True,2.0,01KJN7K5HXVCRWCHH6JDWC7QS9,False,,,,,,,False,False,13.0,,0.0,1772387325214,1772387352995,27781,,01KJN78CQJ3KY7VMGAR6F3D4S0,True,3,False,True,True,,,,,,,,False,
01KJN6MMPQTMDYRN709968YFN1,01KJN791EPN054R2NTQQ1BFXJ5,Player,A,B,speaker,1.0,refgame,2.0,page5-28,,,2.0,01KJN7K5QTW7QTY2YZ2RYQ8PFC,False,,,,,,,False,False,45.0,,0.0,1772388570727,1772388584677,13950,1.0,01KJN791EPN054R2NTQQ1BFXJ5,,3,False,True,False,,,,,,,,False,
01KJN6MMQ03KZPZN0275VZXK6R,01KJN78DQ6KC0F9N1HA0BPB44R,Player,C,B,listener,3.0,refgame,2.0,page3-35,page3-35,True,2.0,01KJN7JJ0NZ29KXJEZX39HD183,False,,,,,,,False,False,59.0,,0.0,1772389012806,1772389032810,20004,,01KJN79B14FBSYSKKCG2BYVBB6,False,3,False,True,True,,,,,,,,False,
01KJN6MMQ03KZPZN0275VZXK6R,01KJN7A44GGBE9XR412KV5BFSC,Player,B,A,listener,4.0,refgame,2.0,page3-35,page3-35,True,2.0,01KJN7JJ4KG1JY79DXAW7HB1X7,False,,,,,,,False,False,62.0,,0.0,1772389088043,1772389101379,13336,,01KJN7AAX1VHZ1A7ZB35BNRH8N,False,3,False,True,True,,,,,,,,False,
01KJN6MMQ03KZPZN0275VZXK6R,01KJN79J529BWBWTESKB6D9MB7,Lika,C,C,listener,5.0,refgame,1.0,page7-107,page7-107,True,2.0,01KJN7JJ1QAVBM4RS4B0A8K9MV,False,,,,,,,False,False,31.0,,0.0,1772388113268,1772388133523,20255,,01KJN78DQ6KC0F9N1HA0BPB44R,True,3,False,True,True,,,,,,,,False,
01KJN6MMPQTMDYRN709DP5DSDA,01KJN79ZQD1E4YD03FE5CGJY8K,Lika,C,C,listener,1.0,refgame,2.0,page9-46,page9-46,True,2.0,01KJN7KYW7CVYKM5SHMJ89SKKM,False,,,,,,,False,False,45.0,,0.0,1772388203492,1772388213909,10417,,01KJN77XQHYQ5TVVY4HZM02E7R,True,3,False,True,True,,,,,,,,False,
01KJN6MMPQTMDYRN709DP5DSDA,01KJN7B4V2673GK7HGVSG52R2P,Hera,B,B,listener,4.0,refgame,2.0,page7-107,page7-107,True,2.0,01KJN7KZ6AHC28MWRG7T2V9Z51,False,,,,,,,False,False,61.0,,0.0,1772388450895,1772388465106,14211,,01KJN7AAWT4GWKRZ7B9775509P,True,3,False,True,True,,,,,,,,False,
01KJN6MMPQTMDYRN709DP5DSDA,01KJN79ZRTRDMY6RH8ZCYCM9NV,Minu,A,A,listener,5.0,refgame,2.0,page7-107,page7-107,True,2.0,01KJN7KYZYF9F6E5Z5YS0W94HW,False,,,,,,,False,False,71.0,,0.0,1772388610371,1772388617882,7511,,01KJN7B32C1C5254NSG6ZK1GRK,True,3,False,True,True,,,,,,,,False,
01KJN6MMQ03KZPZN0275VZXK6R,01KJN78DQ6KC0F9N1HA0BPB44R,Player,C,C,listener,1.0,refgame,2.0,page9-46,page9-46,True,2.0,01KJN7JJ13QJT8W0QKT01PY95R,False,,,,,,,False,False,45.0,,0.0,1772388615173,1772388635199,20026,,01KJN7863BFF3ZYZGVVSATZTH7,True,3,False,True,True,,,,,,,,False,
01KJN6MMPQTMDYRN709DP5DSDA,01KJN7931DXZ65NXTWK1GNEZMW,Nori,C,C,listener,0.0,refgame,1.0,page7-255,page5-142,False,0.0,01KJN7KYY7ZXJQFEB6A26GX86K,False,,,,,,,False,False,3.0,,0.0,1772386819116,1772386858961,39845,,01KJN79ZQD1E4YD03FE5CGJY8K,True,3,False,True,True,,,,,,,,False,
01KJN6MMPQTMDYRN709968YFN1,01KJN791EPN054R2NTQQ1BFXJ5,Minu,A,A,listener,5.0,refgame,1.0,page-B,page-B,True,2.0,01KJN7K5KKDNJS2ZHY8A7BH7EB,False,,,,,,,False,False,31.0,,0.0,1772388107860,1772388143179,35319,,01KJN78JVY5FN5QXW9XGGE72RG,True,3,False,True,True,,,,,,,,False,
01KJN6MMPQTMDYRN709968YFN1,01KJN78JVY5FN5QXW9XGGE72RG,Laju,A,A,speaker,5.0,refgame,1.0,page7-255,,,2.0,01KJN7K5K5Y5YKVY7Z5PH8EA1C,False,,,,,,,False,False,34.0,,0.0,1772388215821,1772388254481,38660,2.0,01KJN78JVY5FN5QXW9XGGE72RG,,3,False,True,False,,,,,,,,False,
01KJN6MMPQTMDYRN709968YFN1,01KJN78CQJ3KY7VMGAR6F3D4S0,Player,B,A,listener,0.0,refgame,2.0,page9-46,,False,0.0,01KJN7K5JAKET26PNAKC1WNN1S,False,,,,,,,True,False,38.0,,0.0,1772388398504,1772388418620,20116,,01KJN78B0TFR8F59JDGD057XNS,False,3,False,True,True,,,,,,,,False,
01KJN6MMPQTMDYRN709DP5DSDA,01KJN7B4V2673GK7HGVSG52R2P,Hera,B,B,listener,5.0,refgame,2.0,page9-46,page9-46,True,2.0,01KJN7KZ4514C3QZK5XNERM52K,False,,,,,,,False,False,67.0,,0.0,1772388551585,1772388565781,14196,,01KJN7BYA5X3A2G30KZECRY2HY,True,3,False,True,True,,,,,,,,False,
01KJN6MMPQTMDYRN709DP5DSDA,01KJN79ZRTRDMY6RH8ZCYCM9NV,Minu,A,A,listener,0.0,refgame,1.0,page3-35,page5-142,False,0.0,01KJN7KYVMH6VJC6N59GV39RY1,False,,,,,,,False,False,1.0,,0.0,1772386711287,1772386756289,45002,,01KJN79PCAAMFX7P2QF70Y3HJM,True,3,False,True,True,,,,,,,,False,
01KJN6MMPQTMDYRN709DP5DSDA,01KJN79ZQD1E4YD03FE5CGJY8K,Lika,C,C,listener,2.0,refgame,2.0,page7-255,page7-255,True,2.0,01KJN7KZ63WCMX3HHQH3QX4SWG,False,,,,,,,False,False,50.0,,0.0,1772388276008,1772388282836,6828,,01KJN7931DXZ65NXTWK1GNEZMW,True,3,False,True,True,,,,,,,,False,
01KJN6MMPQTMDYRN709968YFN1,01KJN78JVY5FN5QXW9XGGE72RG,Player,A,B,listener,0.0,refgame,2.0,page5-28,page5-28,True,2.0,01KJN7K5JHH03N9GJWQ4QNWTP8,False,,,,,,,False,False,36.0,,0.0,1772388344987,1772388366474,21487,,01KJN78B0TFR8F59JDGD057XNS,True,3,False,True,True,,,,,,,,False,
01KJN6MMPQTMDYRN709DP5DSDA,01KJN77XQHYQ5TVVY4HZM02E7R,Felu,C,C,listener,3.0,refgame,2.0,page3-35,page3-35,True,2.0,01KJN7KZ431YCMQ4BZRNENZDQR,False,,,,,,,False,False,57.0,,0.0,1772388389690,1772388398556,8866,,01KJN79ZQD1E4YD03FE5CGJY8K,True,3,False,True,True,,,,,,,,False,
01KJN6MMPQTMDYRN709968YFN1,01KJN788SPAKVVBHX9T9FDQWAF,Player,B,B,listener,0.0,refgame,2.0,page3-35,page3-35,True,2.0,01KJN7K5R3HYPWVGJTVXZHHTBN,False,,,,,,,False,False,40.0,,0.0,1772388453370,1772388468333,14963,,01KJN78B0TFR8F59JDGD057XNS,False,3,False,True,True,,,,,,,,False,
01KJN6MMPQTMDYRN709968YFN1,01KJN791EPN054R2NTQQ1BFXJ5,Player,A,B,listener,3.0,refgame,2.0,page3-35,page3-35,True,2.0,01KJN7K5K45BCWNA8BDRPBEDWX,False,,,,,,,False,False,54.0,,0.0,1772388755473,1772388769836,14363,,01KJN79Y7T0VZNKHTSJRZWTDZ5,False,3,False,True,True,,,,,,,,False,
01KJN6MMQ03KZPZN0275VZXK6R,01KJN7863BFF3ZYZGVVSATZTH7,Player,C,C,listener,3.0,refgame,2.0,page9-46,page9-46,True,2.0,01KJN7JJ1E3ET2MMDFS57Q4ATE,False,,,,,,,False,False,55.0,,0.0,1772388904023,1772388924052,20029,,01KJN79J529BWBWTESKB6D9MB7,True,3,False,True,True,,,,,,,,False,
01KJN6MMPQTMDYRN709DP5DSDA,01KJN79ZQD1E4YD03FE5CGJY8K,Lika,C,C,listener,2.0,refgame,1.0,page3-35,page3-35,True,2.0,01KJN7KZ3M8KXQP0VQS1EMDAYN,False,,,,,,,False,False,13.0,,0.0,1772387315644,1772387338498,22854,,01KJN7931DXZ65NXTWK1GNEZMW,True,3,False,True,True,,,,,,,,False,
01KJN6MMQ03KZPZN0275VZXK6R,01KJN7863BFF3ZYZGVVSATZTH7,Felu,C,C,listener,2.0,refgame,1.0,page9-46,page9-46,True,2.0,01KJN7JJ0VF0RPKW84FVTJC6FZ,False,,,,,,,False,False,15.0,,0.0,1772387357377,1772387402392,45015,,01KJN78DQ6KC0F9N1HA0BPB44R,True,3,False,True,True,,,,,,,,False,
01KJN6MMPQTMDYRN709968YFN1,01KJN78M7563R5D9TQE5G142DA,Lika,C,C,listener,2.0,refgame,1.0,page7-255,page3-121,False,0.0,01KJN7K5JTNJB1AXC03H4SWV8M,False,,,,,,,False,False,15.0,,0.0,1772387416630,1772387456025,39395,,01KJN79ZDP3YNFFHHQA302PJDP,True,3,False,True,True,,,,,,,,False,
01KJN6MMPQTMDYRN709968YFN1,01KJN78CQJ3KY7VMGAR6F3D4S0,Bavi,B,B,listener,3.0,refgame,1.0,page7-255,page7-255,True,2.0,01KJN7K5QG4CHFGPDNXVD1PEDF,False,,,,,,,False,False,22.0,,0.0,1772387769859,1772387810656,40797,,01KJN79Y7T0VZNKHTSJRZWTDZ5,True,3,False,True,True,,,,,,,,False,
01KJN6MMPQTMDYRN709DP5DSDA,01KJN79ZQD1E4YD03FE5CGJY8K,Lika,C,C,listener,1.0,refgame,1.0,page-B,page7-255,False,0.0,01KJN7KZ4KY8QNP8EKAKX2FFGX,False,,,,,,,False,False,8.0,,0.0,1772387071924,1772387116592,44668,,01KJN77XQHYQ5TVVY4HZM02E7R,True,3,False,True,True,,,,,,,,False,
01KJN6MMQ03KZPZN0275VZXK6R,01KJN7A44GGBE9XR412KV5BFSC,Bavi,B,B,listener,3.0,refgame,1.0,page9-46,page9-46,True,2.0,01KJN7JJ0PJYQE826DDQJJSWAF,False,,,,,,,False,False,19.0,,0.0,1772387541417,1772387574131,32714,,01KJN7C40WEQBDF48ACG18M0EV,True,3,False,True,True,,,,,,,,False,
01KJN6MMPQTMDYRN709968YFN1,01KJN78CQJ3KY7VMGAR6F3D4S0,Bavi,B,B,speaker,5.0,refgame,1.0,page3-35,,,2.0,01KJN7K5KC833F28YJV6E0BER7,False,,,,,,,False,False,33.0,,0.0,1772388187845,1772388209421,21576,2.0,01KJN78CQJ3KY7VMGAR6F3D4S0,,3,False,True,False,,,,,,,,False,
01KJN6MMQ03KZPZN0275VZXK6R,01KJN79J529BWBWTESKB6D9MB7,Player,C,C,listener,4.0,refgame,2.0,page-B,page-B,True,2.0,01KJN7JJ4HZG5Q1EBE6H435ZZY,False,,,,,,,False,False,63.0,,0.0,1772389106854,1772389126859,20005,,01KJN7863BFF3ZYZGVVSATZTH7,True,3,False,True,True,,,,,,,,False,
01KJN6MMQ03KZPZN0275VZXK6R,01KJN792W85XPK9QGH8A6HSYSJ,Zuda,B,B,speaker,1.0,refgame,1.0,page3-35,,,0.0,01KJN7JJ0MB1FQKFF8CTGJPYKN,False,,,,,,,False,False,9.0,,0.0,1772387096074,1772387140295,44221,1.0,01KJN792W85XPK9QGH8A6HSYSJ,,3,False,True,False,,,,,,,,False,
01KJN6MMPQTMDYRN709968YFN1,01KJN78M7563R5D9TQE5G142DA,Lika,C,C,listener,2.0,refgame,1.0,page-B,page-B,True,2.0,01KJN7K5HVTWE9Y83V53TSRDDA,False,,,,,,,False,False,14.0,,0.0,1772387363810,1772387407994,44184,,01KJN79ZDP3YNFFHHQA302PJDP,True,3,False,True,True,,,,,,,,False,
01KJN6MMQ03KZPZN0275VZXK6R,01KJN7AAX1VHZ1A7ZB35BNRH8N,Minu,A,A,listener,3.0,refgame,1.0,page7-107,page7-107,True,2.0,01KJN7JJ46829SY13E2SZ3F6SZ,False,,,,,,,False,False,23.0,,0.0,1772387751836,1772387795619,43783,,01KJN79B14FBSYSKKCG2BYVBB6,True,3,False,True,True,,,,,,,,False,
01KJN6MMQ03KZPZN0275VZXK6R,01KJN7A44GGBE9XR412KV5BFSC,Bavi,B,B,listener,0.0,refgame,1.0,page9-46,page9-46,True,2.0,01KJN7JJ0WM538Q7726PW4BTD2,False,,,,,,,False,False,5.0,,0.0,1772386890514,1772386933734,43220,,01KJN7C40WEQBDF48ACG18M0EV,True,3,False,True,True,,,,,,,,False,
01KJN6MMPQTMDYRN709DP5DSDA,01KJN7BYA5X3A2G30KZECRY2HY,Bavi,B,B,listener,1.0,refgame,1.0,page9-46,page5-63,False,0.0,01KJN7KZ4DBDW3YBYDCHQRBRVZ,False,,,,,,,False,False,9.0,,0.0,1772387132400,1772387164842,32442,,01KJN7AAWT4GWKRZ7B9775509P,True,3,False,True,True,,,,,,,,False,
01KJN6MMPQTMDYRN709968YFN1,01KJN78JVY5FN5QXW9XGGE72RG,Player,A,A,listener,1.0,refgame,2.0,page7-255,page7-255,True,2.0,01KJN7K5H1PH5ESEXBMX7QYY9Q,False,,,,,,,False,False,44.0,,0.0,1772388543100,1772388563020,19920,,01KJN791EPN054R2NTQQ1BFXJ5,True,3,False,True,True,,,,,,,,False,
01KJN6MMPQTMDYRN709968YFN1,01KJN79Y7T0VZNKHTSJRZWTDZ5,Player,B,A,listener,2.0,refgame,2.0,page-B,,False,0.0,01KJN7K5MY9H32YKAM8HZYE4TJ,False,,,,,,,True,False,48.0,,0.0,1772388630580,1772388650609,20029,,01KJN78CQJ3KY7VMGAR6F3D4S0,True,3,False,False,False,,,,,,,,False,
01KJN6MMQ03KZPZN0275VZXK6R,01KJN79J529BWBWTESKB6D9MB7,Player,C,B,listener,2.0,refgame,2.0,page9-46,page9-46,True,2.0,01KJN7JJ123XE0WCHG834D1V4V,False,,,,,,,False,False,51.0,,0.0,1772388798958,1772388816891,17933,,01KJN7AZC7FAG17CY924MRTCF7,False,3,False,True,True,,,,,,,,False,
01KJN6MMPQTMDYRN709968YFN1,01KJN78CQJ3KY7VMGAR6F3D4S0,Bavi,B,B,listener,0.0,refgame,1.0,page5-28,page5-28,True,2.0,01KJN7K5FJH6VAH8DMSYVN52WF,False,,,,,,,False,False,1.0,,0.0,1772386685473,1772386730491,45018,,01KJN79Y7T0VZNKHTSJRZWTDZ5,True,3,False,True,True,,,,,,,,False,
01KJN6MMQ03KZPZN0275VZXK6R,01KJN792W85XPK9QGH8A6HSYSJ,Zuda,B,B,listener,0.0,refgame,1.0,page7-107,page7-107,True,2.0,01KJN7JJ1Z3Q1ZDKVBSP3H1EH5,False,,,,,,,False,False,3.0,,0.0,1772386783120,1772386825904,42784,,01KJN7C40WEQBDF48ACG18M0EV,True,3,False,True,True,,,,,,,,False,
01KJN6MMPQTMDYRN709DP5DSDA,01KJN7BYA5X3A2G30KZECRY2HY,Bavi,B,B,listener,3.0,refgame,1.0,page7-107,page7-107,True,2.0,01KJN7KYZF6WBFK0HY3WZWJTDJ,False,,,,,,,False,False,23.0,,0.0,1772387661755,1772387678433,16678,,01KJN7B4V2673GK7HGVSG52R2P,True,3,False,True,True,,,,,,,,False,
01KJN6MMPQTMDYRN709DP5DSDA,01KJN7B32C1C5254NSG6ZK1GRK,Laju,A,A,listener,4.0,refgame,2.0,page7-255,page7-255,True,2.0,01KJN7KZ5M1XWQ8FNDY900FYQM,False,,,,,,,False,False,63.0,,0.0,1772388488743,1772388499700,10957,,01KJN79ZRTRDMY6RH8ZCYCM9NV,True,3,False,True,True,,,,,,,,False,
01KJN6MMPQTMDYRN709968YFN1,01KJN791EPN054R2NTQQ1BFXJ5,Player,A,A,listener,2.0,refgame,2.0,page3-35,page3-35,True,2.0,01KJN7K5G03ASRSWR507S1E4ZN,False,,,,,,,False,False,51.0,,0.0,1772388698776,1772388708362,9586,,01KJN78CQJ3KY7VMGAR6F3D4S0,False,3,False,True,True,,,,,,,,False,
01KJN6MMPQTMDYRN709968YFN1,01KJN788SPAKVVBHX9T9FDQWAF,Zuda,B,B,speaker,1.0,refgame,1.0,page-B,,,2.0,01KJN7K5HQTXFWBF1AJA81RK0D,False,,,,,,,False,False,11.0,,0.0,1772387228685,1772387273691,45006,1.0,01KJN788SPAKVVBHX9T9FDQWAF,,3,False,True,False,,,,,,,,False,
01KJN6MMQ03KZPZN0275VZXK6R,01KJN7A44GGBE9XR412KV5BFSC,Bavi,B,B,listener,3.0,refgame,1.0,page7-107,page7-107,True,2.0,01KJN7JJ46829SY13E2SZ3F6SZ,False,,,,,,,False,False,23.0,,0.0,1772387751836,1772387795619,43783,,01KJN7C40WEQBDF48ACG18M0EV,True,3,False,True,True,,,,,,,,False,
01KJN6MMPQTMDYRN709968YFN1,01KJN78B0TFR8F59JDGD057XNS,Repi,A,A,listener,1.0,refgame,1.0,page7-255,page7-255,True,2.0,01KJN7K5HSCQA43VSFADGE0Q2T,False,,,,,,,False,False,10.0,,0.0,1772387173083,1772387218062,44979,,01KJN791EPN054R2NTQQ1BFXJ5,True,3,False,True,True,,,,,,,,False,
01KJN6MMPQTMDYRN709DP5DSDA,01KJN7B32C1C5254NSG6ZK1GRK,Laju,A,A,speaker,2.0,refgame,1.0,page5-28,,,2.0,01KJN7KZ01302DTXHE0RJAA5M7,False,,,,,,,False,False,16.0,,0.0,1772387428738,1772387456895,28157,1.0,01KJN7B32C1C5254NSG6ZK1GRK,,3,False,True,False,,,,,,,,False,
01KJN6MMPQTMDYRN709DP5DSDA,01KJN7B4V2673GK7HGVSG52R2P,Hera,B,B,listener,2.0,refgame,2.0,page-B,page-B,True,2.0,01KJN7KZ5EPEYHDMQ29DK9VY0Z,False,,,,,,,False,False,53.0,,0.0,1772388316505,1772388330049,13544,,01KJN7BYA5X3A2G30KZECRY2HY,True,3,False,True,True,,,,,,,,False,
01KJN6MMPQTMDYRN709968YFN1,01KJN791EPN054R2NTQQ1BFXJ5,Player,A,B,listener,0.0,refgame,2.0,page7-255,page-B,False,0.0,01KJN7K5J8EB4VZG9V4BB06TEV,False,,,,,,,False,False,39.0,,0.0,1772388428055,1772388446438,18383,,01KJN78B0TFR8F59JDGD057XNS,True,3,False,True,True,,,,,,,,False,
01KJN6MMPQTMDYRN709DP5DSDA,01KJN7BYA5X3A2G30KZECRY2HY,Bavi,B,B,listener,4.0,refgame,2.0,page5-28,page5-28,True,2.0,01KJN7KZ5A7Y4CEP43YBWJ659J,False,,,,,,,False,False,64.0,,0.0,1772388504343,1772388518698,14355,,01KJN7AAWT4GWKRZ7B9775509P,True,3,False,True,True,,,,,,,,False,
01KJN6MMPQTMDYRN709968YFN1,01KJN791EPN054R2NTQQ1BFXJ5,Minu,A,A,listener,0.0,refgame,1.0,page3-35,page3-35,True,2.0,01KJN7K5HHFJZXYFX14TKSFBHN,False,,,,,,,False,False,4.0,,0.0,1772386867613,1772386912635,45022,,01KJN78B0TFR8F59JDGD057XNS,True,3,False,True,True,,,,,,,,False,
01KJN6MMPQTMDYRN709DP5DSDA,01KJN79ZRTRDMY6RH8ZCYCM9NV,Minu,A,A,listener,2.0,refgame,1.0,page9-46,page9-46,True,2.0,01KJN7KYZVF0MZ734PHRTBKCFB,False,,,,,,,False,False,17.0,,0.0,1772387460255,1772387497754,37499,,01KJN7B32C1C5254NSG6ZK1GRK,True,3,False,True,True,,,,,,,,False,
01KJN6MMQ03KZPZN0275VZXK6R,01KJN7863BFF3ZYZGVVSATZTH7,Felu,C,C,listener,3.0,refgame,1.0,page9-46,page9-46,True,2.0,01KJN7JJ0PJYQE826DDQJJSWAF,False,,,,,,,False,False,19.0,,0.0,1772387541417,1772387574131,32714,,01KJN79J529BWBWTESKB6D9MB7,True,3,False,True,True,,,,,,,,False,
01KJN6MMPQTMDYRN709968YFN1,01KJN78M7563R5D9TQE5G142DA,Lika,C,C,listener,4.0,refgame,1.0,page5-28,page5-28,True,2.0,01KJN7K5KQ8WFY6EA4MTPDWMDN,False,,,,,,,False,False,27.0,,0.0,1772387967408,1772387993664,26256,,01KJN796KT7FCNV2F9QNCQDSES,True,3,False,True,True,,,,,,,,False,
01KJN6MMPQTMDYRN709DP5DSDA,01KJN7B32C1C5254NSG6ZK1GRK,Laju,A,A,listener,3.0,refgame,2.0,page9-46,page9-46,True,2.0,01KJN7KZ4QMNMSWDESPF7REVXV,False,,,,,,,False,False,55.0,,0.0,1772388358226,1772388367836,9610,,01KJN79PCAAMFX7P2QF70Y3HJM,True,3,False,True,True,,,,,,,,False,
01KJN6MMPQTMDYRN709968YFN1,01KJN78CQJ3KY7VMGAR6F3D4S0,Player,B,A,listener,0.0,refgame,2.0,page7-107,page7-107,True,2.0,01KJN7K5JFG12NBKQPGPVB7NDW,False,,,,,,,False,False,37.0,,0.0,1772388375251,1772388393006,17755,,01KJN79Y7T0VZNKHTSJRZWTDZ5,True,3,False,True,True,,,,,,,,False,
01KJN6MMQ03KZPZN0275VZXK6R,01KJN7863BFF3ZYZGVVSATZTH7,Player,C,B,listener,5.0,refgame,2.0,page-B,page-B,True,2.0,01KJN7JJ4CKNN14ST5Y145D20Z,False,,,,,,,False,False,70.0,,0.0,1772389290904,1772389309182,18278,,01KJN7A44GGBE9XR412KV5BFSC,False,3,False,True,True,,,,,,,,False,
01KJN6MMPQTMDYRN709968YFN1,01KJN796KT7FCNV2F9QNCQDSES,Felu,C,C,listener,3.0,refgame,1.0,page7-107,,False,0.0,01KJN7K5J4M8ZP49YPQF1AN3HY,False,,,,,,,True,False,19.0,,0.0,1772387620952,1772387665967,45015,,01KJN78M7563R5D9TQE5G142DA,True,3,False,True,True,,,,,,,,False,
01KJN6MMPQTMDYRN709968YFN1,01KJN78CQJ3KY7VMGAR6F3D4S0,Player,B,A,speaker,2.0,refgame,2.0,page5-28,,,1.0,01KJN7K5H5ZRHXSPNRV2ZHHSXR,False,,,,,,,False,False,50.0,,0.0,1772388673634,1772388691807,18173,1.0,01KJN78CQJ3KY7VMGAR6F3D4S0,,3,False,True,False,,,,,,,,False,
01KJN6MMQ03KZPZN0275VZXK6R,01KJN7AZC7FAG17CY924MRTCF7,Player,A,C,listener,3.0,refgame,2.0,page3-35,page6-149,False,0.0,01KJN7JJ0NZ29KXJEZX39HD183,False,,,,,,,False,False,59.0,,0.0,1772389012806,1772389032810,20004,,01KJN7C40WEQBDF48ACG18M0EV,False,3,False,True,True,,,,,,,,False,
01KJN6MMQ03KZPZN0275VZXK6R,01KJN7AZC7FAG17CY924MRTCF7,Player,A,B,speaker,5.0,refgame,2.0,page3-35,,,2.0,01KJN7JJ4F71QKFN9HJKMN6A4E,False,,,,,,,False,False,66.0,,0.0,1772389189262,1772389209322,20060,2.0,01KJN7AZC7FAG17CY924MRTCF7,,3,False,True,False,,,,,,,,False,
01KJN6MMQ03KZPZN0275VZXK6R,01KJN78DQ6KC0F9N1HA0BPB44R,Nori,C,C,speaker,2.0,refgame,1.0,page5-28,,,2.0,01KJN7JHZM2WM100YZYN6HXHWY,False,,,,,,,False,False,13.0,,0.0,1772387287191,1772387324321,37130,1.0,01KJN78DQ6KC0F9N1HA0BPB44R,,3,False,True,False,,,,,,,,False,
01KJN6MMQ03KZPZN0275VZXK6R,01KJN7863BFF3ZYZGVVSATZTH7,Felu,C,C,speaker,4.0,refgame,1.0,page9-46,,,2.0,01KJN7JJ1YCSZJVTYD3GC94ZHQ,False,,,,,,,False,False,25.0,,0.0,1772387850217,1772387872088,21871,2.0,01KJN7863BFF3ZYZGVVSATZTH7,,3,False,True,False,,,,,,,,False,
01KJN6MMPQTMDYRN709DP5DSDA,01KJN79PCAAMFX7P2QF70Y3HJM,Repi,A,A,speaker,3.0,refgame,2.0,page7-255,,,2.0,01KJN7KZ2WME7KZMKY7BATVWYX,False,,,,,,,False,False,59.0,,0.0,1772388421080,1772388430273,9193,2.0,01KJN79PCAAMFX7P2QF70Y3HJM,,3,False,True,False,,,,,,,,False,
01KJN6MMPQTMDYRN709968YFN1,01KJN788SPAKVVBHX9T9FDQWAF,Player,B,B,listener,5.0,refgame,2.0,page-B,page-B,True,2.0,01KJN7K5N09J8MC2H7WV1N1KZ3,False,,,,,,,False,False,71.0,,0.0,1772389095691,1772389105196,9505,,01KJN78JVY5FN5QXW9XGGE72RG,False,3,False,True,True,,,,,,,,False,
01KJN6MMPQTMDYRN709968YFN1,01KJN78M7563R5D9TQE5G142DA,Lika,C,C,speaker,3.0,refgame,1.0,page-B,,,0.0,01KJN7K5J6A9SFZW6X3QF5099N,False,,,,,,,False,False,18.0,,0.0,1772387569671,1772387614705,45034,2.0,01KJN78M7563R5D9TQE5G142DA,,3,False,False,False,,,,,,,,False,
01KJN6MMPQTMDYRN709968YFN1,01KJN78B0TFR8F59JDGD057XNS,Player,A,A,listener,1.0,refgame,2.0,page-B,page-B,True,2.0,01KJN7K5R000K64SZACMCPEMWA,False,,,,,,,False,False,46.0,,0.0,1772388591304,1772388606901,15597,,01KJN791EPN054R2NTQQ1BFXJ5,True,3,False,True,True,,,,,,,,False,
01KJN6MMPQTMDYRN709DP5DSDA,01KJN7B32C1C5254NSG6ZK1GRK,Laju,A,A,listener,3.0,refgame,1.0,page7-107,page7-107,True,2.0,01KJN7KYZF6WBFK0HY3WZWJTDJ,False,,,,,,,False,False,23.0,,0.0,1772387661755,1772387678433,16678,,01KJN79PCAAMFX7P2QF70Y3HJM,True,3,False,True,True,,,,,,,,False,
01KJN6MMPQTMDYRN709968YFN1,01KJN79ZDP3YNFFHHQA302PJDP,Nori,C,C,listener,4.0,refgame,1.0,page3-35,page3-35,True,2.0,01KJN7K5G5WAEHV15ZSNYXBM25,False,,,,,,,False,False,25.0,,0.0,1772387906351,1772387927135,20784,,01KJN796KT7FCNV2F9QNCQDSES,True,3,False,True,True,,,,,,,,False,
01KJN6MMPQTMDYRN709DP5DSDA,01KJN7AAWT4GWKRZ7B9775509P,Zuda,B,B,listener,5.0,refgame,2.0,page7-255,page7-255,True,2.0,01KJN7KZ2A7Y374PXRWXKQH250,False,,,,,,,False,False,70.0,,0.0,1772388596183,1772388603168,6985,,01KJN7BYA5X3A2G30KZECRY2HY,True,3,False,True,True,,,,,,,,False,
01KJN6MMQ03KZPZN0275VZXK6R,01KJN7C40WEQBDF48ACG18M0EV,Hera,B,B,listener,2.0,refgame,1.0,page7-107,page7-107,True,2.0,01KJN7JJ0VF0RPKW84F3EHNK6T,False,,,,,,,False,False,16.0,,0.0,1772387410361,1772387435193,24832,,01KJN7A44GGBE9XR412KV5BFSC,True,3,False,True,True,,,,,,,,False,
01KJN6MMPQTMDYRN709968YFN1,01KJN78M7563R5D9TQE5G142DA,Lika,C,C,listener,4.0,refgame,1.0,page7-107,page7-107,True,2.0,01KJN7K5G2ENPCM8MXBD0JEWNB,False,,,,,,,False,False,26.0,,0.0,1772387935343,1772387955271,19928,,01KJN796KT7FCNV2F9QNCQDSES,True,3,False,True,True,,,,,,,,False,
01KJN6MMPQTMDYRN709DP5DSDA,01KJN7931DXZ65NXTWK1GNEZMW,Nori,C,C,listener,1.0,refgame,2.0,page7-255,page7-255,True,2.0,01KJN7KYX5K9668G0J8VAVZ5YF,False,,,,,,,False,False,43.0,,0.0,1772388168595,1772388178913,10318,,01KJN77XQHYQ5TVVY4HZM02E7R,True,3,False,True,True,,,,,,,,False,
01KJN6MMPQTMDYRN709DP5DSDA,01KJN7AAWT4GWKRZ7B9775509P,Zuda,B,B,speaker,4.0,refgame,2.0,page7-255,,,2.0,01KJN7KZ5M1XWQ8FNDY900FYQM,False,,,,,,,False,False,63.0,,0.0,1772388488743,1772388499700,10957,2.0,01KJN7AAWT4GWKRZ7B9775509P,,3,False,True,False,,,,,,,,False,
01KJN6MMPQTMDYRN709968YFN1,01KJN78JVY5FN5QXW9XGGE72RG,Player,A,A,listener,1.0,refgame,2.0,page5-28,page5-28,True,2.0,01KJN7K5QTW7QTY2YZ2RYQ8PFC,False,,,,,,,False,False,45.0,,0.0,1772388570727,1772388584677,13950,,01KJN788SPAKVVBHX9T9FDQWAF,False,3,False,True,True,,,,,,,,False,
01KJN6MMPQTMDYRN709968YFN1,01KJN796KT7FCNV2F9QNCQDSES,Felu,C,C,listener,0.0,refgame,1.0,page3-35,page3-35,True,2.0,01KJN7K5HHFJZXYFX14TKSFBHN,False,,,,,,,False,False,4.0,,0.0,1772386867613,1772386912635,45022,,01KJN78M7563R5D9TQE5G142DA,True,3,False,True,True,,,,,,,,False,
01KJN6MMQ03KZPZN0275VZXK6R,01KJN7AAX1VHZ1A7ZB35BNRH8N,Minu,A,A,speaker,1.0,refgame,1.0,page7-255,,,2.0,01KJN7JJ0XW9B6G59FFDBG8AT1,False,,,,,,,False,False,6.0,,0.0,1772386940062,1772386985080,45018,1.0,01KJN7AAX1VHZ1A7ZB35BNRH8N,,3,False,True,False,,,,,,,,False,
01KJN6MMPQTMDYRN709DP5DSDA,01KJN7931DXZ65NXTWK1GNEZMW,Nori,C,C,speaker,5.0,refgame,2.0,page9-46,,,2.0,01KJN7KZ4514C3QZK5XNERM52K,False,,,,,,,False,False,67.0,,0.0,1772388551585,1772388565781,14196,2.0,01KJN7931DXZ65NXTWK1GNEZMW,,3,False,True,False,,,,,,,,False,
01KJN6MMPQTMDYRN709DP5DSDA,01KJN77XQHYQ5TVVY4HZM02E7R,Felu,C,C,listener,5.0,refgame,1.0,page9-46,page9-46,True,2.0,01KJN7KYWCG0VSA4BGP1BA4VRQ,False,,,,,,,False,False,31.0,,0.0,1772387903476,1772387912499,9023,,01KJN7931DXZ65NXTWK1GNEZMW,True,3,False,True,True,,,,,,,,False,
01KJN6MMQ03KZPZN0275VZXK6R,01KJN78DQ6KC0F9N1HA0BPB44R,Player,C,B,listener,1.0,refgame,2.0,page5-28,page5-28,True,2.0,01KJN7JJ16T4F6S4PFHQFRAY28,False,,,,,,,False,False,44.0,,0.0,1772388584626,1772388604653,20027,,01KJN7863BFF3ZYZGVVSATZTH7,True,3,False,True,True,,,,,,,,False,
01KJN6MMPQTMDYRN709968YFN1,01KJN791EPN054R2NTQQ1BFXJ5,Player,A,A,speaker,4.0,refgame,2.0,page-B,,,2.0,01KJN7K5K20BTBV5B0XHZTHSK8,False,,,,,,,False,False,64.0,,0.0,1772388962366,1772388972779,10413,2.0,01KJN791EPN054R2NTQQ1BFXJ5,,3,False,True,False,,,,,,,,False,
01KJN6MMQ03KZPZN0275VZXK6R,01KJN79B14FBSYSKKCG2BYVBB6,Repi,A,A,speaker,0.0,refgame,1.0,page7-255,,,0.0,01KJN7JHYXFYHN121QCJ6HRX9R,False,,,,,,,False,False,0.0,,0.0,1772386606704,1772386657466,50762,1.0,01KJN79B14FBSYSKKCG2BYVBB6,,3,False,True,False,,,,,,,,False,
01KJN6MMQ03KZPZN0275VZXK6R,01KJN7C40WEQBDF48ACG18M0EV,Hera,B,B,listener,1.0,refgame,1.0,page3-35,page4-15,False,0.0,01KJN7JJ0MB1FQKFF8CTGJPYKN,False,,,,,,,False,False,9.0,,0.0,1772387096074,1772387140295,44221,,01KJN792W85XPK9QGH8A6HSYSJ,True,3,False,True,True,,,,,,,,False,
01KJN6MMQ03KZPZN0275VZXK6R,01KJN792W85XPK9QGH8A6HSYSJ,Player,B,B,listener,0.0,refgame,2.0,page-B,,False,0.0,01KJN7JJ1CYQGSSJG1WBPKBVA9,False,,,,,,,True,False,36.0,,0.0,1772388356520,1772388376546,20026,,01KJN79B14FBSYSKKCG2BYVBB6,False,3,False,True,True,,,,,,,,False,
01KJN6MMPQTMDYRN709968YFN1,01KJN788SPAKVVBHX9T9FDQWAF,Player,B,A,listener,3.0,refgame,2.0,page7-255,page7-255,True,2.0,01KJN7K5JXNPZMH507T2DK64DM,False,,,,,,,False,False,55.0,,0.0,1772388774638,1772388787791,13153,,01KJN78B0TFR8F59JDGD057XNS,False,3,False,True,True,,,,,,,,False,
01KJN6MMQ03KZPZN0275VZXK6R,01KJN792W85XPK9QGH8A6HSYSJ,Zuda,B,B,listener,3.0,refgame,1.0,page9-46,page9-46,True,2.0,01KJN7JJ0PJYQE826DDQJJSWAF,False,,,,,,,False,False,19.0,,0.0,1772387541417,1772387574131,32714,,01KJN7C40WEQBDF48ACG18M0EV,True,3,False,True,True,,,,,,,,False,
01KJN6MMPQTMDYRN709968YFN1,01KJN788SPAKVVBHX9T9FDQWAF,Player,B,A,listener,2.0,refgame,2.0,page5-28,page5-28,True,2.0,01KJN7K5H5ZRHXSPNRV2ZHHSXR,False,,,,,,,False,False,50.0,,0.0,1772388673634,1772388691807,18173,,01KJN78CQJ3KY7VMGAR6F3D4S0,True,3,False,True,True,,,,,,,,False,
01KJN6MMPQTMDYRN709968YFN1,01KJN78CQJ3KY7VMGAR6F3D4S0,Player,B,A,listener,3.0,refgame,2.0,page5-28,page5-28,True,2.0,01KJN7K5KEK1TQNG8SEZSQCCXK,False,,,,,,,False,False,59.0,,0.0,1772388852279,1772388868305,16026,,01KJN78B0TFR8F59JDGD057XNS,False,3,False,True,True,,,,,,,,False,
01KJN6MMPQTMDYRN709DP5DSDA,01KJN7AAWT4GWKRZ7B9775509P,Zuda,B,B,listener,5.0,refgame,1.0,page7-255,page7-255,True,2.0,01KJN7KYWAX41N5G0QPJ1GRFCF,False,,,,,,,False,False,35.0,,0.0,1772387974863,1772388005860,30997,,01KJN7BYA5X3A2G30KZECRY2HY,True,3,False,True,True,,,,,,,,False,
01KJN6MMPQTMDYRN709DP5DSDA,01KJN77XQHYQ5TVVY4HZM02E7R,Felu,C,C,speaker,1.0,refgame,2.0,page-B,,,2.0,01KJN7KYZ8JEEX9EFFC2G9SFJ0,False,,,,,,,False,False,44.0,,0.0,1772388184620,1772388200047,15427,1.0,01KJN77XQHYQ5TVVY4HZM02E7R,,3,False,True,False,,,,,,,,False,
01KJN6MMPQTMDYRN709DP5DSDA,01KJN7AAWT4GWKRZ7B9775509P,Zuda,B,B,listener,5.0,refgame,2.0,page3-35,page3-35,True,2.0,01KJN7KZ3WZY96681Q55PTJZKP,False,,,,,,,False,False,68.0,,0.0,1772388569519,1772388575608,6089,,01KJN7BYA5X3A2G30KZECRY2HY,True,3,False,True,True,,,,,,,,False,
01KJN6MMQ03KZPZN0275VZXK6R,01KJN78DQ6KC0F9N1HA0BPB44R,Player,C,B,listener,3.0,refgame,2.0,page7-107,,False,0.0,01KJN7JJ4GCT1AQ6A0X5YF4F5Y,False,,,,,,,True,False,58.0,,0.0,1772388985091,1772389005095,20004,,01KJN79J529BWBWTESKB6D9MB7,True,3,False,True,True,,,,,,,,False,
01KJN6MMPQTMDYRN709968YFN1,01KJN78M7563R5D9TQE5G142DA,Lika,C,C,listener,1.0,refgame,1.0,page7-255,,False,0.0,01KJN7K5HSCQA43VSFADGE0Q2T,False,,,,,,,True,False,10.0,,0.0,1772387173083,1772387218062,44979,,01KJN796KT7FCNV2F9QNCQDSES,True,3,False,True,True,,,,,,,,False,
01KJN6MMQ03KZPZN0275VZXK6R,01KJN7A44GGBE9XR412KV5BFSC,Bavi,B,B,listener,3.0,refgame,1.0,page3-35,page3-35,True,2.0,01KJN7JJ49X2EQESMMJM9CKKQQ,False,,,,,,,False,False,21.0,,0.0,1772387640673,1772387685705,45032,,01KJN7C40WEQBDF48ACG18M0EV,True,3,False,True,True,,,,,,,,False,
01KJN6MMPQTMDYRN709968YFN1,01KJN791EPN054R2NTQQ1BFXJ5,Minu,A,A,listener,5.0,refgame,1.0,page9-46,page9-46,True,2.0,01KJN7K5JWFN5D8CSNKKGAEAS0,False,,,,,,,False,False,35.0,,0.0,1772388261446,1772388306475,45029,,01KJN78JVY5FN5QXW9XGGE72RG,True,3,False,True,True,,,,,,,,False,
01KJN6MMPQTMDYRN709968YFN1,01KJN78B0TFR8F59JDGD057XNS,Player,A,A,listener,4.0,refgame,2.0,page7-255,page7-255,True,2.0,01KJN7K5KA3E984TAA3QPV7RDV,False,,,,,,,False,False,61.0,,0.0,1772388899495,1772388914994,15499,,01KJN788SPAKVVBHX9T9FDQWAF,False,3,False,True,True,,,,,,,,False,
01KJN6MMPQTMDYRN709968YFN1,01KJN78M7563R5D9TQE5G142DA,Lika,C,C,speaker,0.0,refgame,1.0,page-B,,,2.0,01KJN7K5R9WK49MVWHPP0N06TT,False,,,,,,,False,False,2.0,,0.0,1772386746187,1772386791211,45024,1.0,01KJN78M7563R5D9TQE5G142DA,,3,False,True,False,,,,,,,,False,
01KJN6MMPQTMDYRN709968YFN1,01KJN78CQJ3KY7VMGAR6F3D4S0,Bavi,B,B,speaker,2.0,refgame,1.0,page-B,,,2.0,01KJN7K5HVTWE9Y83V53TSRDDA,False,,,,,,,False,False,14.0,,0.0,1772387363810,1772387407994,44184,1.0,01KJN78CQJ3KY7VMGAR6F3D4S0,,3,False,True,False,,,,,,,,False,
01KJN6MMPQTMDYRN709968YFN1,01KJN79Y7T0VZNKHTSJRZWTDZ5,Player,B,B,listener,5.0,refgame,2.0,page3-35,page3-35,True,2.0,01KJN7K5NRR9A1HQWEJ86W9HKW,False,,,,,,,False,False,69.0,,0.0,1772389066515,1772389075504,8989,,01KJN78JVY5FN5QXW9XGGE72RG,False,3,False,True,True,,,,,,,,False,
01KJN6MMQ03KZPZN0275VZXK6R,01KJN7A44GGBE9XR412KV5BFSC,Bavi,B,B,listener,0.0,refgame,1.0,page3-35,page5-142,False,0.0,01KJN7JJ1A9ED4KAF41TVNW0W6,False,,,,,,,False,False,1.0,,0.0,1772386673383,1772386718389,45006,,01KJN7C40WEQBDF48ACG18M0EV,True,3,False,True,True,,,,,,,,False,
01KJN6MMPQTMDYRN709DP5DSDA,01KJN77XQHYQ5TVVY4HZM02E7R,Felu,C,C,listener,5.0,refgame,2.0,page7-107,page7-107,True,2.0,01KJN7KYZYF9F6E5Z5YS0W94HW,False,,,,,,,False,False,71.0,,0.0,1772388610371,1772388617882,7511,,01KJN7931DXZ65NXTWK1GNEZMW,True,3,False,True,True,,,,,,,,False,
01KJN6MMPQTMDYRN709968YFN1,01KJN78JVY5FN5QXW9XGGE72RG,Player,A,A,listener,4.0,refgame,2.0,page-B,page-B,True,2.0,01KJN7K5K20BTBV5B0XHZTHSK8,False,,,,,,,False,False,64.0,,0.0,1772388962366,1772388972779,10413,,01KJN791EPN054R2NTQQ1BFXJ5,True,3,False,True,True,,,,,,,,False,
01KJN6MMPQTMDYRN709968YFN1,01KJN78CQJ3KY7VMGAR6F3D4S0,Player,B,A,speaker,5.0,refgame,2.0,page9-46,,,2.0,01KJN7K5RC8BZJV5TJYJRTSV77,False,,,,,,,False,False,66.0,,0.0,1772389002437,1772389020841,18404,2.0,01KJN78CQJ3KY7VMGAR6F3D4S0,,3,False,True,False,,,,,,,,False,
01KJN6MMQ03KZPZN0275VZXK6R,01KJN792W85XPK9QGH8A6HSYSJ,Player,B,B,speaker,4.0,refgame,2.0,page7-107,,,2.0,01KJN7JJ4J76TV80J433JG2B0V,False,,,,,,,False,False,64.0,,0.0,1772389135659,1772389154915,19256,2.0,01KJN792W85XPK9QGH8A6HSYSJ,,3,False,True,False,,,,,,,,False,
01KJN6MMQ03KZPZN0275VZXK6R,01KJN7A44GGBE9XR412KV5BFSC,Bavi,B,B,listener,0.0,refgame,1.0,page5-28,page5-63,False,0.0,01KJN7JHZFFFSQ6C949D4A45VQ,False,,,,,,,False,False,2.0,,0.0,1772386731115,1772386774129,43014,,01KJN7C40WEQBDF48ACG18M0EV,True,3,False,True,True,,,,,,,,False,
01KJN6MMQ03KZPZN0275VZXK6R,01KJN79B14FBSYSKKCG2BYVBB6,Repi,A,A,listener,1.0,refgame,1.0,page-B,page-B,True,2.0,01KJN7JJ0T9TQHTQBPKBZMWPWF,False,,,,,,,False,False,10.0,,0.0,1772387149191,1772387184311,35120,,01KJN7AAX1VHZ1A7ZB35BNRH8N,True,3,False,True,True,,,,,,,,False,
01KJN6MMPQTMDYRN709DP5DSDA,01KJN79ZRTRDMY6RH8ZCYCM9NV,Minu,A,A,listener,3.0,refgame,1.0,page5-28,page5-28,True,2.0,01KJN7KYVX2YBMH8VCCFFKA25A,False,,,,,,,False,False,19.0,,0.0,1772387552131,1772387580313,28182,,01KJN79PCAAMFX7P2QF70Y3HJM,True,3,False,True,True,,,,,,,,False,
01KJN6MMQ03KZPZN0275VZXK6R,01KJN79J529BWBWTESKB6D9MB7,Lika,C,C,speaker,3.0,refgame,1.0,page7-255,,,2.0,01KJN7JJ4B103R31J8WHVA9DX7,False,,,,,,,False,False,20.0,,0.0,1772387585916,1772387626307,40391,2.0,01KJN79J529BWBWTESKB6D9MB7,,3,False,True,False,,,,,,,,False,
01KJN6MMPQTMDYRN709DP5DSDA,01KJN7931DXZ65NXTWK1GNEZMW,Nori,C,C,listener,1.0,refgame,2.0,page-B,page-B,True,2.0,01KJN7KYZ8JEEX9EFFC2G9SFJ0,False,,,,,,,False,False,44.0,,0.0,1772388184620,1772388200047,15427,,01KJN77XQHYQ5TVVY4HZM02E7R,True,3,False,True,True,,,,,,,,False,
01KJN6MMQ03KZPZN0275VZXK6R,01KJN7C40WEQBDF48ACG18M0EV,Player,B,B,speaker,0.0,refgame,2.0,page7-255,,,2.0,01KJN7JJ05JV700GGZABPCJM90,False,,,,,,,False,False,38.0,,0.0,1772388419803,1772388439818,20015,1.0,01KJN7C40WEQBDF48ACG18M0EV,,3,False,True,False,,,,,,,,False,
01KJN6MMPQTMDYRN709968YFN1,01KJN79Y7T0VZNKHTSJRZWTDZ5,Player,B,A,speaker,3.0,refgame,2.0,page9-46,,,1.0,01KJN7K5KSEZZTN34AR4PS7YC7,False,,,,,,,False,False,58.0,,0.0,1772388828490,1772388848484,19994,2.0,01KJN79Y7T0VZNKHTSJRZWTDZ5,,3,False,True,False,,,,,,,,False,
01KJN6MMQ03KZPZN0275VZXK6R,01KJN7AAX1VHZ1A7ZB35BNRH8N,Minu,A,A,listener,2.0,refgame,1.0,page5-28,page5-28,True,2.0,01KJN7JHZM2WM100YZYN6HXHWY,False,,,,,,,False,False,13.0,,0.0,1772387287191,1772387324321,37130,,01KJN7AZC7FAG17CY924MRTCF7,True,3,False,True,True,,,,,,,,False,
01KJN6MMPQTMDYRN709DP5DSDA,01KJN7B32C1C5254NSG6ZK1GRK,Laju,A,A,speaker,2.0,refgame,1.0,page3-35,,,2.0,01KJN7KZ3M8KXQP0VQS1EMDAYN,False,,,,,,,False,False,13.0,,0.0,1772387315644,1772387338498,22854,1.0,01KJN7B32C1C5254NSG6ZK1GRK,,3,False,True,False,,,,,,,,False,
01KJN6MMQ03KZPZN0275VZXK6R,01KJN7863BFF3ZYZGVVSATZTH7,Player,C,B,listener,0.0,refgame,2.0,page9-46,page5-28,False,0.0,01KJN7JJ1R0ZCD3D5GW7K272MC,False,,,,,,,False,False,40.0,,0.0,1772388475619,1772388495644,20025,,01KJN79B14FBSYSKKCG2BYVBB6,False,3,False,True,True,,,,,,,,False,
01KJN6MMPQTMDYRN709968YFN1,01KJN791EPN054R2NTQQ1BFXJ5,Player,A,B,listener,5.0,refgame,2.0,page3-35,page3-35,True,2.0,01KJN7K5NRR9A1HQWEJ86W9HKW,False,,,,,,,False,False,69.0,,0.0,1772389066515,1772389075504,8989,,01KJN78JVY5FN5QXW9XGGE72RG,True,3,False,True,True,,,,,,,,False,
01KJN6MMPQTMDYRN709968YFN1,01KJN78CQJ3KY7VMGAR6F3D4S0,Bavi,B,B,listener,1.0,refgame,1.0,page3-35,page3-35,True,2.0,01KJN7K5HFQ0YWS0B8B4TY02DQ,False,,,,,,,False,False,6.0,,0.0,1772386972417,1772387017438,45021,,01KJN788SPAKVVBHX9T9FDQWAF,True,3,False,True,True,,,,,,,,False,
01KJN6MMPQTMDYRN709DP5DSDA,01KJN77XQHYQ5TVVY4HZM02E7R,Felu,C,C,listener,2.0,refgame,1.0,page9-46,page9-46,True,2.0,01KJN7KYZVF0MZ734PHRTBKCFB,False,,,,,,,False,False,17.0,,0.0,1772387460255,1772387497754,37499,,01KJN7931DXZ65NXTWK1GNEZMW,True,3,False,True,True,,,,,,,,False,
01KJN6MMPQTMDYRN709968YFN1,01KJN791EPN054R2NTQQ1BFXJ5,Player,A,B,listener,3.0,refgame,2.0,page7-255,page-B,False,0.0,01KJN7K5JXNPZMH507T2DK64DM,False,,,,,,,False,False,55.0,,0.0,1772388774638,1772388787791,13153,,01KJN79Y7T0VZNKHTSJRZWTDZ5,False,3,False,True,True,,,,,,,,False,
01KJN6MMPQTMDYRN709968YFN1,01KJN79Y7T0VZNKHTSJRZWTDZ5,Hera,B,B,listener,1.0,refgame,1.0,page5-28,page5-28,True,2.0,01KJN7K5FN5PPN5PJKQY110P3Z,False,,,,,,,False,False,7.0,,0.0,1772387033134,1772387073532,40398,,01KJN788SPAKVVBHX9T9FDQWAF,True,3,False,True,True,,,,,,,,False,
01KJN6MMPQTMDYRN709DP5DSDA,01KJN7BYA5X3A2G30KZECRY2HY,Bavi,B,B,listener,3.0,refgame,1.0,page-B,page-B,True,2.0,01KJN7KYWVG5D3PX554T4PG812,False,,,,,,,False,False,21.0,,0.0,1772387605450,1772387631251,25801,,01KJN7B4V2673GK7HGVSG52R2P,True,3,False,True,True,,,,,,,,False,
01KJN6MMPQTMDYRN709DP5DSDA,01KJN7B4V2673GK7HGVSG52R2P,Hera,B,B,listener,5.0,refgame,1.0,page5-28,page5-28,True,2.0,01KJN7KYZA3BRY3D1F5P0C9MSA,False,,,,,,,False,False,32.0,,0.0,1772387915811,1772387930604,14793,,01KJN7BYA5X3A2G30KZECRY2HY,True,3,False,True,True,,,,,,,,False,
01KJN6MMQ03KZPZN0275VZXK6R,01KJN7863BFF3ZYZGVVSATZTH7,Felu,C,C,listener,0.0,refgame,1.0,page3-35,,False,0.0,01KJN7JJ1A9ED4KAF41TVNW0W6,False,,,,,,,True,False,1.0,,0.0,1772386673383,1772386718389,45006,,01KJN79J529BWBWTESKB6D9MB7,True,3,False,True,True,,,,,,,,False,
01KJN6MMPQTMDYRN709DP5DSDA,01KJN7BYA5X3A2G30KZECRY2HY,Bavi,B,B,listener,1.0,refgame,1.0,page7-255,page7-255,True,2.0,01KJN7KZ48XCCWBNQKS0SJE7ES,False,,,,,,,False,False,10.0,,0.0,1772387170616,1772387215615,44999,,01KJN7AAWT4GWKRZ7B9775509P,True,3,False,True,True,,,,,,,,False,
01KJN6MMPQTMDYRN709968YFN1,01KJN78CQJ3KY7VMGAR6F3D4S0,Bavi,B,B,listener,3.0,refgame,1.0,page-B,page-B,True,2.0,01KJN7K5J6A9SFZW6X3QF5099N,False,,,,,,,False,False,18.0,,0.0,1772387569671,1772387614705,45034,,01KJN79Y7T0VZNKHTSJRZWTDZ5,True,3,False,True,True,,,,,,,,False,
01KJN6MMQ03KZPZN0275VZXK6R,01KJN7A44GGBE9XR412KV5BFSC,Player,B,A,listener,3.0,refgame,2.0,page7-255,page7-255,True,2.0,01KJN7JJ1820G44H81ADMFG2AV,False,,,,,,,False,False,56.0,,0.0,1772388933170,1772388953175,20005,,01KJN7C40WEQBDF48ACG18M0EV,True,3,False,True,True,,,,,,,,False,
01KJN6MMPQTMDYRN709968YFN1,01KJN796KT7FCNV2F9QNCQDSES,Felu,C,C,listener,2.0,refgame,1.0,page7-255,page3-121,False,0.0,01KJN7K5JTNJB1AXC03H4SWV8M,False,,,,,,,False,False,15.0,,0.0,1772387416630,1772387456025,39395,,01KJN79ZDP3YNFFHHQA302PJDP,True,3,False,True,True,,,,,,,,False,
01KJN6MMPQTMDYRN709DP5DSDA,01KJN79ZQD1E4YD03FE5CGJY8K,Lika,C,C,speaker,3.0,refgame,1.0,page-B,,,2.0,01KJN7KYWVG5D3PX554T4PG812,False,,,,,,,False,False,21.0,,0.0,1772387605450,1772387631251,25801,2.0,01KJN79ZQD1E4YD03FE5CGJY8K,,3,False,True,False,,,,,,,,False,
01KJN6MMQ03KZPZN0275VZXK6R,01KJN78DQ6KC0F9N1HA0BPB44R,Player,C,A,listener,0.0,refgame,2.0,page-B,page-B,True,2.0,01KJN7JJ1CYQGSSJG1WBPKBVA9,False,,,,,,,False,False,36.0,,0.0,1772388356520,1772388376546,20026,,01KJN79J529BWBWTESKB6D9MB7,True,3,False,True,True,,,,,,,,False,
01KJN6MMQ03KZPZN0275VZXK6R,01KJN78DQ6KC0F9N1HA0BPB44R,Player,C,B,speaker,2.0,refgame,2.0,page7-107,,,2.0,01KJN7JJ0XW9B6G59FG765GH27,False,,,,,,,False,False,48.0,,0.0,1772388713668,1772388732477,18809,1.0,01KJN78DQ6KC0F9N1HA0BPB44R,,3,False,True,False,,,,,,,,False,
01KJN6MMQ03KZPZN0275VZXK6R,01KJN79B14FBSYSKKCG2BYVBB6,Player,A,A,speaker,3.0,refgame,2.0,page9-46,,,2.0,01KJN7JJ1E3ET2MMDFS57Q4ATE,False,,,,,,,False,False,55.0,,0.0,1772388904023,1772388924052,20029,2.0,01KJN79B14FBSYSKKCG2BYVBB6,,3,False,True,False,,,,,,,,False,
01KJN6MMQ03KZPZN0275VZXK6R,01KJN7A44GGBE9XR412KV5BFSC,Player,B,A,listener,3.0,refgame,2.0,page3-35,page4-15,False,0.0,01KJN7JJ0NZ29KXJEZX39HD183,False,,,,,,,False,False,59.0,,0.0,1772389012806,1772389032810,20004,,01KJN79J529BWBWTESKB6D9MB7,False,3,False,True,True,,,,,,,,False,
01KJN6MMQ03KZPZN0275VZXK6R,01KJN7AAX1VHZ1A7ZB35BNRH8N,Minu,A,A,listener,2.0,refgame,1.0,page9-46,page3-121,False,0.0,01KJN7JJ0VF0RPKW84FVTJC6FZ,False,,,,,,,False,False,15.0,,0.0,1772387357377,1772387402392,45015,,01KJN7AZC7FAG17CY924MRTCF7,True,3,False,True,True,,,,,,,,False,
01KJN6MMPQTMDYRN709968YFN1,01KJN78JVY5FN5QXW9XGGE72RG,Laju,A,A,listener,0.0,refgame,1.0,page-B,page-B,True,2.0,01KJN7K5R9WK49MVWHPP0N06TT,False,,,,,,,False,False,2.0,,0.0,1772386746187,1772386791211,45024,,01KJN78B0TFR8F59JDGD057XNS,True,3,False,True,True,,,,,,,,False,
01KJN6MMQ03KZPZN0275VZXK6R,01KJN7AAX1VHZ1A7ZB35BNRH8N,Minu,A,A,listener,2.0,refgame,1.0,page-B,page-B,True,2.0,01KJN7JJ0S1X2V7QFWX9C1FNPF,False,,,,,,,False,False,17.0,,0.0,1772387448618,1772387484496,35878,,01KJN7AZC7FAG17CY924MRTCF7,True,3,False,True,True,,,,,,,,False,
01KJN6MMPQTMDYRN709DP5DSDA,01KJN7B4V2673GK7HGVSG52R2P,Hera,B,B,listener,1.0,refgame,2.0,page9-46,page9-46,True,2.0,01KJN7KYW7CVYKM5SHMJ89SKKM,False,,,,,,,False,False,45.0,,0.0,1772388203492,1772388213909,10417,,01KJN7AAWT4GWKRZ7B9775509P,True,3,False,True,True,,,,,,,,False,
01KJN6MMPQTMDYRN709DP5DSDA,01KJN7BYA5X3A2G30KZECRY2HY,Bavi,B,B,speaker,2.0,refgame,1.0,page5-28,,,2.0,01KJN7KZ01302DTXHE0RJAA5M7,False,,,,,,,False,False,16.0,,0.0,1772387428738,1772387456895,28157,1.0,01KJN7BYA5X3A2G30KZECRY2HY,,3,False,True,False,,,,,,,,False,
01KJN6MMPQTMDYRN709DP5DSDA,01KJN7BYA5X3A2G30KZECRY2HY,Bavi,B,B,speaker,5.0,refgame,2.0,page3-35,,,2.0,01KJN7KZ3WZY96681Q55PTJZKP,False,,,,,,,False,False,68.0,,0.0,1772388569519,1772388575608,6089,2.0,01KJN7BYA5X3A2G30KZECRY2HY,,3,False,True,False,,,,,,,,False,
01KJN6MMQ03KZPZN0275VZXK6R,01KJN792W85XPK9QGH8A6HSYSJ,Player,B,A,listener,5.0,refgame,2.0,page-B,page5-64,False,0.0,01KJN7JJ4CKNN14ST5Y145D20Z,False,,,,,,,False,False,70.0,,0.0,1772389290904,1772389309182,18278,,01KJN7AZC7FAG17CY924MRTCF7,False,3,False,True,True,,,,,,,,False,
01KJN6MMPQTMDYRN709DP5DSDA,01KJN7B32C1C5254NSG6ZK1GRK,Laju,A,A,listener,1.0,refgame,1.0,page-B,page-B,True,2.0,01KJN7KZ4KY8QNP8EKAKX2FFGX,False,,,,,,,False,False,8.0,,0.0,1772387071924,1772387116592,44668,,01KJN79ZRTRDMY6RH8ZCYCM9NV,True,3,False,True,True,,,,,,,,False,
01KJN6MMPQTMDYRN709DP5DSDA,01KJN7B32C1C5254NSG6ZK1GRK,Laju,A,A,speaker,5.0,refgame,1.0,page3-35,,,2.0,01KJN7KYYXHVJJDVQGT2GSWXHY,False,,,,,,,False,False,34.0,,0.0,1772387953491,1772387970074,16583,2.0,01KJN7B32C1C5254NSG6ZK1GRK,,3,False,True,False,,,,,,,,False,
01KJN6MMPQTMDYRN709DP5DSDA,01KJN7B32C1C5254NSG6ZK1GRK,Laju,A,A,listener,0.0,refgame,1.0,page7-255,page9-7,False,0.0,01KJN7KYY7ZXJQFEB6A26GX86K,False,,,,,,,False,False,3.0,,0.0,1772386819116,1772386858961,39845,,01KJN79PCAAMFX7P2QF70Y3HJM,True,3,False,True,True,,,,,,,,False,
01KJN6MMPQTMDYRN709DP5DSDA,01KJN7B32C1C5254NSG6ZK1GRK,Laju,A,A,listener,4.0,refgame,2.0,page3-35,page3-35,True,2.0,01KJN7KZ5X7KJG8NWSNPRZKCCR,False,,,,,,,False,False,62.0,,0.0,1772388469790,1772388484269,14479,,01KJN79ZRTRDMY6RH8ZCYCM9NV,True,3,False,True,True,,,,,,,,False,
01KJN6MMQ03KZPZN0275VZXK6R,01KJN7A44GGBE9XR412KV5BFSC,Player,B,B,listener,4.0,refgame,2.0,page9-46,page9-46,True,2.0,01KJN7JJ4KG1JY79DX9WK2TCTT,False,,,,,,,False,False,61.0,,0.0,1772389065241,1772389081575,16334,,01KJN7AAX1VHZ1A7ZB35BNRH8N,False,3,False,True,True,,,,,,,,False,
01KJN6MMPQTMDYRN709968YFN1,01KJN78B0TFR8F59JDGD057XNS,Repi,A,A,speaker,0.0,refgame,1.0,page-B,,,2.0,01KJN7K5R9WK49MVWHPP0N06TT,False,,,,,,,False,False,2.0,,0.0,1772386746187,1772386791211,45024,1.0,01KJN78B0TFR8F59JDGD057XNS,,3,False,True,False,,,,,,,,False,
01KJN6MMPQTMDYRN709DP5DSDA,01KJN7AAWT4GWKRZ7B9775509P,Zuda,B,B,speaker,4.0,refgame,2.0,page-B,,,2.0,01KJN7KYZJSMEX4580M0EBGRRX,False,,,,,,,False,False,60.0,,0.0,1772388433928,1772388447118,13190,2.0,01KJN7AAWT4GWKRZ7B9775509P,,3,False,True,False,,,,,,,,False,
01KJN6MMQ03KZPZN0275VZXK6R,01KJN792W85XPK9QGH8A6HSYSJ,Player,B,B,listener,3.0,refgame,2.0,page5-28,page5-28,True,2.0,01KJN7JJ1J5VMG06JVQK7ZJSB1,False,,,,,,,False,False,57.0,,0.0,1772388960182,1772388980183,20001,,01KJN79B14FBSYSKKCG2BYVBB6,False,3,False,True,True,,,,,,,,False,
01KJN6MMPQTMDYRN709968YFN1,01KJN78CQJ3KY7VMGAR6F3D4S0,Player,B,A,speaker,5.0,refgame,2.0,page5-28,,,2.0,01KJN7K5N4ST52DKC6PJKDD43H,False,,,,,,,False,False,70.0,,0.0,1772389079989,1772389089080,9091,2.0,01KJN78CQJ3KY7VMGAR6F3D4S0,,3,False,True,False,,,,,,,,False,
01KJN6MMQ03KZPZN0275VZXK6R,01KJN7863BFF3ZYZGVVSATZTH7,Felu,C,C,listener,0.0,refgame,1.0,page9-46,page9-46,True,2.0,01KJN7JJ0WM538Q7726PW4BTD2,False,,,,,,,False,False,5.0,,0.0,1772386890514,1772386933734,43220,,01KJN79J529BWBWTESKB6D9MB7,True,3,False,True,True,,,,,,,,False,
01KJN6MMQ03KZPZN0275VZXK6R,01KJN7A44GGBE9XR412KV5BFSC,Bavi,B,B,listener,3.0,refgame,1.0,page5-28,page5-64,False,0.0,01KJN7JJ4ABAFV6YM5DS9T3RJP,False,,,,,,,False,False,22.0,,0.0,1772387701843,1772387743214,41371,,01KJN7C40WEQBDF48ACG18M0EV,True,3,False,True,True,,,,,,,,False,
01KJN6MMQ03KZPZN0275VZXK6R,01KJN792W85XPK9QGH8A6HSYSJ,Zuda,B,B,speaker,4.0,refgame,1.0,page5-28,,,1.0,01KJN7JJ1X1NXQGFN1B0VPVF00,False,,,,,,,False,False,26.0,,0.0,1772387875887,1772387920914,45027,2.0,01KJN792W85XPK9QGH8A6HSYSJ,,3,False,True,False,,,,,,,,False,
01KJN6MMQ03KZPZN0275VZXK6R,01KJN7A44GGBE9XR412KV5BFSC,Player,B,C,speaker,2.0,refgame,2.0,page-B,,,1.0,01KJN7JJ1N6V7EEQ6VZVXNRHV0,False,,,,,,,False,False,53.0,,0.0,1772388847281,1772388866268,18987,1.0,01KJN7A44GGBE9XR412KV5BFSC,,3,False,True,False,,,,,,,,False,
01KJN6MMPQTMDYRN709968YFN1,01KJN791EPN054R2NTQQ1BFXJ5,Minu,A,A,listener,0.0,refgame,1.0,page7-107,,False,0.0,01KJN7K5FA1TQ33CB0SW5804S0,False,,,,,,,True,False,0.0,,0.0,1772386630486,1772386675490,45004,,01KJN78B0TFR8F59JDGD057XNS,True,3,False,True,True,,,,,,,,False,
01KJN6MMQ03KZPZN0275VZXK6R,01KJN79B14FBSYSKKCG2BYVBB6,Repi,A,A,listener,2.0,refgame,1.0,page7-255,page7-255,True,2.0,01KJN7JJ0YKPRCT8KSF0KQWF0X,False,,,,,,,False,False,14.0,,0.0,1772387327727,1772387351607,23880,,01KJN7AZC7FAG17CY924MRTCF7,True,3,False,True,True,,,,,,,,False,
01KJN6MMPQTMDYRN709968YFN1,01KJN79ZDP3YNFFHHQA302PJDP,Nori,C,C,listener,3.0,refgame,1.0,page9-46,page3-121,False,0.0,01KJN7K5J3HZW6MM8NGDQP6NN7,False,,,,,,,False,False,20.0,,0.0,1772387676121,1772387720266,44145,,01KJN78M7563R5D9TQE5G142DA,True,3,False,True,True,,,,,,,,False,
01KJN6MMQ03KZPZN0275VZXK6R,01KJN7AZC7FAG17CY924MRTCF7,Laju,A,A,listener,4.0,refgame,1.0,page5-28,page5-28,True,2.0,01KJN7JJ1X1NXQGFN1B0VPVF00,False,,,,,,,False,False,26.0,,0.0,1772387875887,1772387920914,45027,,01KJN7AAX1VHZ1A7ZB35BNRH8N,True,3,False,True,True,,,,,,,,False,
01KJN6MMPQTMDYRN709DP5DSDA,01KJN79ZQD1E4YD03FE5CGJY8K,Lika,C,C,speaker,3.0,refgame,2.0,page-B,,,1.0,01KJN7KZ53A9914CYGA6DKSVTE,False,,,,,,,False,False,54.0,,0.0,1772388333789,1772388353858,20069,2.0,01KJN79ZQD1E4YD03FE5CGJY8K,,3,False,True,False,,,,,,,,False,
01KJN6MMPQTMDYRN709DP5DSDA,01KJN7BYA5X3A2G30KZECRY2HY,Bavi,B,B,listener,1.0,refgame,1.0,page-B,page7-255,False,0.0,01KJN7KZ4KY8QNP8EKAKX2FFGX,False,,,,,,,False,False,8.0,,0.0,1772387071924,1772387116592,44668,,01KJN7AAWT4GWKRZ7B9775509P,True,3,False,True,True,,,,,,,,False,
01KJN6MMQ03KZPZN0275VZXK6R,01KJN7AZC7FAG17CY924MRTCF7,Laju,A,A,listener,3.0,refgame,1.0,page-B,page-B,True,2.0,01KJN7JJ0QKQ5P6F29RGF08AK3,False,,,,,,,False,False,18.0,,0.0,1772387500305,1772387527911,27606,,01KJN79B14FBSYSKKCG2BYVBB6,True,3,False,True,True,,,,,,,,False,
01KJN6MMPQTMDYRN709968YFN1,01KJN78JVY5FN5QXW9XGGE72RG,Laju,A,A,listener,4.0,refgame,1.0,page-B,page-B,True,2.0,01KJN7K5N24QKEVGWFQFH8SHND,False,,,,,,,False,False,24.0,,0.0,1772387859403,1772387894789,35386,,01KJN791EPN054R2NTQQ1BFXJ5,True,3,False,True,True,,,,,,,,False,
01KJN6MMPQTMDYRN709DP5DSDA,01KJN79PCAAMFX7P2QF70Y3HJM,Repi,A,A,listener,5.0,refgame,1.0,page3-35,page3-35,True,2.0,01KJN7KYYXHVJJDVQGT2GSWXHY,False,,,,,,,False,False,34.0,,0.0,1772387953491,1772387970074,16583,,01KJN7B32C1C5254NSG6ZK1GRK,True,3,False,True,True,,,,,,,,False,
01KJN6MMQ03KZPZN0275VZXK6R,01KJN7AZC7FAG17CY924MRTCF7,Laju,A,A,listener,4.0,refgame,1.0,page-B,page-B,True,2.0,01KJN7JJ1T0XBC815C25NRSF57,False,,,,,,,False,False,29.0,,0.0,1772388018523,1772388063879,45356,,01KJN7AAX1VHZ1A7ZB35BNRH8N,True,3,False,True,True,,,,,,,,False,
01KJN6MMQ03KZPZN0275VZXK6R,01KJN79B14FBSYSKKCG2BYVBB6,Player,A,B,listener,1.0,refgame,2.0,page3-35,page3-35,True,2.0,01KJN7JJ1820G44H819DQJ8GMD,False,,,,,,,False,False,43.0,,0.0,1772388552835,1772388572920,20085,,01KJN7AAX1VHZ1A7ZB35BNRH8N,True,3,False,True,True,,,,,,,,False,
01KJN6MMQ03KZPZN0275VZXK6R,01KJN7AZC7FAG17CY924MRTCF7,Player,A,C,listener,4.0,refgame,2.0,page9-46,page9-46,True,2.0,01KJN7JJ4KG1JY79DX9WK2TCTT,False,,,,,,,False,False,61.0,,0.0,1772389065241,1772389081575,16334,,01KJN7863BFF3ZYZGVVSATZTH7,False,3,False,True,True,,,,,,,,False,
01KJN6MMPQTMDYRN709968YFN1,01KJN78CQJ3KY7VMGAR6F3D4S0,Bavi,B,B,listener,0.0,refgame,1.0,page9-46,page9-46,True,2.0,01KJN7K5HM3GRXQJ2R4WDZ9A25,False,,,,,,,False,False,5.0,,0.0,1772386918334,1772386963323,44989,,01KJN79Y7T0VZNKHTSJRZWTDZ5,True,3,False,True,True,,,,,,,,False,
01KJN6MMQ03KZPZN0275VZXK6R,01KJN78DQ6KC0F9N1HA0BPB44R,Nori,C,C,speaker,2.0,refgame,1.0,page3-35,,,2.0,01KJN7JJ0PJYQE826DEW5XH116,False,,,,,,,False,False,12.0,,0.0,1772387236366,1772387281380,45014,1.0,01KJN78DQ6KC0F9N1HA0BPB44R,,3,False,True,False,,,,,,,,False,
01KJN6MMQ03KZPZN0275VZXK6R,01KJN78DQ6KC0F9N1HA0BPB44R,Nori,C,C,speaker,2.0,refgame,1.0,page9-46,,,2.0,01KJN7JJ0VF0RPKW84FVTJC6FZ,False,,,,,,,False,False,15.0,,0.0,1772387357377,1772387402392,45015,1.0,01KJN78DQ6KC0F9N1HA0BPB44R,,3,False,True,False,,,,,,,,False,
01KJN6MMPQTMDYRN709DP5DSDA,01KJN79ZQD1E4YD03FE5CGJY8K,Lika,C,C,listener,1.0,refgame,2.0,page7-255,page7-255,True,2.0,01KJN7KYX5K9668G0J8VAVZ5YF,False,,,,,,,False,False,43.0,,0.0,1772388168595,1772388178913,10318,,01KJN77XQHYQ5TVVY4HZM02E7R,True,3,False,True,True,,,,,,,,False,
01KJN6MMPQTMDYRN709968YFN1,01KJN78CQJ3KY7VMGAR6F3D4S0,Player,B,A,listener,0.0,refgame,2.0,page3-35,page3-35,True,2.0,01KJN7K5R3HYPWVGJTVXZHHTBN,False,,,,,,,False,False,40.0,,0.0,1772388453370,1772388468333,14963,,01KJN79Y7T0VZNKHTSJRZWTDZ5,True,3,False,True,True,,,,,,,,False,
01KJN6MMQ03KZPZN0275VZXK6R,01KJN7C40WEQBDF48ACG18M0EV,Hera,B,B,listener,2.0,refgame,1.0,page5-28,page5-28,True,2.0,01KJN7JHZM2WM100YZYN6HXHWY,False,,,,,,,False,False,13.0,,0.0,1772387287191,1772387324321,37130,,01KJN7A44GGBE9XR412KV5BFSC,True,3,False,True,True,,,,,,,,False,
01KJN6MMPQTMDYRN709968YFN1,01KJN788SPAKVVBHX9T9FDQWAF,Zuda,B,B,speaker,4.0,refgame,1.0,page9-46,,,2.0,01KJN7K5KN8YW9VWX8RYNB7E0N,False,,,,,,,False,False,28.0,,0.0,1772388000797,1772388041511,40714,2.0,01KJN788SPAKVVBHX9T9FDQWAF,,3,False,True,False,,,,,,,,False,
01KJN6MMPQTMDYRN709DP5DSDA,01KJN7B32C1C5254NSG6ZK1GRK,Laju,A,A,listener,1.0,refgame,2.0,page9-46,page9-46,True,2.0,01KJN7KYW7CVYKM5SHMJ89SKKM,False,,,,,,,False,False,45.0,,0.0,1772388203492,1772388213909,10417,,01KJN79ZRTRDMY6RH8ZCYCM9NV,True,3,False,True,True,,,,,,,,False,
01KJN6MMQ03KZPZN0275VZXK6R,01KJN7AAX1VHZ1A7ZB35BNRH8N,Player,A,C,listener,0.0,refgame,2.0,page7-255,page7-255,True,2.0,01KJN7JJ05JV700GGZABPCJM90,False,,,,,,,False,False,38.0,,0.0,1772388419803,1772388439818,20015,,01KJN79J529BWBWTESKB6D9MB7,False,3,False,True,True,,,,,,,,False,
01KJN6MMPQTMDYRN709968YFN1,01KJN796KT7FCNV2F9QNCQDSES,Felu,C,C,listener,5.0,refgame,1.0,page7-107,page7-107,True,2.0,01KJN7K5FY9W5FE9ETY2P4WBNM,False,,,,,,,False,False,30.0,,0.0,1772388079202,1772388103303,24101,,01KJN79ZDP3YNFFHHQA302PJDP,True,3,False,True,True,,,,,,,,False,
01KJN6MMPQTMDYRN709DP5DSDA,01KJN7B4V2673GK7HGVSG52R2P,Hera,B,B,speaker,3.0,refgame,2.0,page-B,,,2.0,01KJN7KZ53A9914CYGA6DKSVTE,False,,,,,,,False,False,54.0,,0.0,1772388333789,1772388353858,20069,2.0,01KJN7B4V2673GK7HGVSG52R2P,,3,False,True,False,,,,,,,,False,
01KJN6MMPQTMDYRN709DP5DSDA,01KJN7B4V2673GK7HGVSG52R2P,Hera,B,B,speaker,3.0,refgame,2.0,page5-28,,,2.0,01KJN7KZ3Q92SVP2Y70T8S3RW4,False,,,,,,,False,False,58.0,,0.0,1772388403986,1772388416078,12092,2.0,01KJN7B4V2673GK7HGVSG52R2P,,3,False,True,False,,,,,,,,False,
01KJN6MMQ03KZPZN0275VZXK6R,01KJN78DQ6KC0F9N1HA0BPB44R,Nori,C,C,listener,0.0,refgame,1.0,page7-255,page4-15,False,0.0,01KJN7JHYXFYHN121QCJ6HRX9R,False,,,,,,,False,False,0.0,,0.0,1772386606704,1772386657466,50762,,01KJN79J529BWBWTESKB6D9MB7,True,3,False,True,True,,,,,,,,False,
01KJN6MMPQTMDYRN709968YFN1,01KJN78JVY5FN5QXW9XGGE72RG,Laju,A,A,speaker,2.0,refgame,1.0,page3-35,,,2.0,01KJN7K5JZQZB4NY8FJRJX504H,False,,,,,,,False,False,12.0,,0.0,1772387282349,1772387317911,35562,1.0,01KJN78JVY5FN5QXW9XGGE72RG,,3,False,True,False,,,,,,,,False,
01KJN6MMPQTMDYRN709DP5DSDA,01KJN79ZQD1E4YD03FE5CGJY8K,Lika,C,C,listener,1.0,refgame,2.0,page-B,page-B,True,2.0,01KJN7KYZ8JEEX9EFFC2G9SFJ0,False,,,,,,,False,False,44.0,,0.0,1772388184620,1772388200047,15427,,01KJN77XQHYQ5TVVY4HZM02E7R,True,3,False,True,True,,,,,,,,False,
01KJN6MMQ03KZPZN0275VZXK6R,01KJN78DQ6KC0F9N1HA0BPB44R,Player,C,B,speaker,5.0,refgame,2.0,page7-255,,,2.0,01KJN7JJ4EG9317PS97N14VR0A,False,,,,,,,False,False,67.0,,0.0,1772389216265,1772389236271,20006,2.0,01KJN78DQ6KC0F9N1HA0BPB44R,,3,False,True,False,,,,,,,,False,
01KJN6MMPQTMDYRN709DP5DSDA,01KJN7B4V2673GK7HGVSG52R2P,Hera,B,B,speaker,0.0,refgame,1.0,page5-28,,,1.0,01KJN7KZ5HH7NR0ZCH3MQS757H,False,,,,,,,False,False,4.0,,0.0,1772386874658,1772386919662,45004,1.0,01KJN7B4V2673GK7HGVSG52R2P,,3,False,True,False,,,,,,,,False,
01KJN6MMPQTMDYRN709968YFN1,01KJN79Y7T0VZNKHTSJRZWTDZ5,Hera,B,B,listener,1.0,refgame,1.0,page7-107,page7-107,True,2.0,01KJN7K5FPBRARD9EVC2PVD07Q,False,,,,,,,False,False,8.0,,0.0,1772387081275,1772387110069,28794,,01KJN788SPAKVVBHX9T9FDQWAF,True,3,False,True,True,,,,,,,,False,
01KJN6MMPQTMDYRN709DP5DSDA,01KJN79ZRTRDMY6RH8ZCYCM9NV,Minu,A,A,listener,3.0,refgame,2.0,page7-255,page7-255,True,2.0,01KJN7KZ2WME7KZMKY7BATVWYX,False,,,,,,,False,False,59.0,,0.0,1772388421080,1772388430273,9193,,01KJN79PCAAMFX7P2QF70Y3HJM,True,3,False,True,True,,,,,,,,False,
01KJN6MMPQTMDYRN709968YFN1,01KJN78B0TFR8F59JDGD057XNS,Repi,A,A,speaker,3.0,refgame,1.0,page-B,,,2.0,01KJN7K5J6A9SFZW6X3QF5099N,False,,,,,,,False,False,18.0,,0.0,1772387569671,1772387614705,45034,2.0,01KJN78B0TFR8F59JDGD057XNS,,3,False,True,False,,,,,,,,False,
01KJN6MMQ03KZPZN0275VZXK6R,01KJN7C40WEQBDF48ACG18M0EV,Hera,B,B,listener,2.0,refgame,1.0,page-B,page9-7,False,0.0,01KJN7JJ0S1X2V7QFWX9C1FNPF,False,,,,,,,False,False,17.0,,0.0,1772387448618,1772387484496,35878,,01KJN7A44GGBE9XR412KV5BFSC,True,3,False,True,True,,,,,,,,False,
01KJN6MMPQTMDYRN709968YFN1,01KJN791EPN054R2NTQQ1BFXJ5,Minu,A,A,listener,3.0,refgame,1.0,page-B,page-B,True,2.0,01KJN7K5J6A9SFZW6X3QF5099N,False,,,,,,,False,False,18.0,,0.0,1772387569671,1772387614705,45034,,01KJN78B0TFR8F59JDGD057XNS,True,3,False,True,True,,,,,,,,False,
01KJN6MMPQTMDYRN709DP5DSDA,01KJN7B32C1C5254NSG6ZK1GRK,Laju,A,A,listener,0.0,refgame,2.0,page-B,page-B,True,2.0,01KJN7KYYKG4J0XFNGWMZ2451X,False,,,,,,,False,False,36.0,,0.0,1772388039295,1772388059290,19995,,01KJN79PCAAMFX7P2QF70Y3HJM,True,3,False,True,True,,,,,,,,False,
01KJN6MMPQTMDYRN709968YFN1,01KJN78M7563R5D9TQE5G142DA,Lika,C,C,listener,5.0,refgame,1.0,page-B,page7-255,False,0.0,01KJN7K5KKDNJS2ZHY8A7BH7EB,False,,,,,,,False,False,31.0,,0.0,1772388107860,1772388143179,35319,,01KJN79ZDP3YNFFHHQA302PJDP,True,3,False,True,True,,,,,,,,False,
01KJN6MMPQTMDYRN709968YFN1,01KJN78JVY5FN5QXW9XGGE72RG,Player,A,A,listener,3.0,refgame,2.0,page7-255,page7-255,True,2.0,01KJN7K5JXNPZMH507T2DK64DM,False,,,,,,,False,False,55.0,,0.0,1772388774638,1772388787791,13153,,01KJN78B0TFR8F59JDGD057XNS,True,3,False,True,True,,,,,,,,False,
01KJN6MMPQTMDYRN709968YFN1,01KJN78B0TFR8F59JDGD057XNS,Player,A,A,speaker,3.0,refgame,2.0,page5-28,,,2.0,01KJN7K5KEK1TQNG8SEZSQCCXK,False,,,,,,,False,False,59.0,,0.0,1772388852279,1772388868305,16026,2.0,01KJN78B0TFR8F59JDGD057XNS,,3,False,True,False,,,,,,,,False,
01KJN6MMPQTMDYRN709968YFN1,01KJN78M7563R5D9TQE5G142DA,Lika,C,C,listener,1.0,refgame,1.0,page-B,page9-7,False,0.0,01KJN7K5HQTXFWBF1AJA81RK0D,False,,,,,,,False,False,11.0,,0.0,1772387228685,1772387273691,45006,,01KJN796KT7FCNV2F9QNCQDSES,True,3,False,True,True,,,,,,,,False,
01KJN6MMPQTMDYRN709DP5DSDA,01KJN7931DXZ65NXTWK1GNEZMW,Nori,C,C,speaker,2.0,refgame,1.0,page3-35,,,2.0,01KJN7KZ3M8KXQP0VQS1EMDAYN,False,,,,,,,False,False,13.0,,0.0,1772387315644,1772387338498,22854,1.0,01KJN7931DXZ65NXTWK1GNEZMW,,3,False,True,False,,,,,,,,False,
01KJN6MMPQTMDYRN709DP5DSDA,01KJN7BYA5X3A2G30KZECRY2HY,Bavi,B,B,listener,3.0,refgame,2.0,page7-255,page7-255,True,2.0,01KJN7KZ2WME7KZMKY7BATVWYX,False,,,,,,,False,False,59.0,,0.0,1772388421080,1772388430273,9193,,01KJN7B4V2673GK7HGVSG52R2P,True,3,False,True,True,,,,,,,,False,
01KJN6MMPQTMDYRN709968YFN1,01KJN78JVY5FN5QXW9XGGE72RG,Player,A,A,listener,0.0,refgame,2.0,page7-255,page7-255,True,2.0,01KJN7K5J8EB4VZG9V4BB06TEV,False,,,,,,,False,False,39.0,,0.0,1772388428055,1772388446438,18383,,01KJN79Y7T0VZNKHTSJRZWTDZ5,False,3,False,True,True,,,,,,,,False,
01KJN6MMPQTMDYRN709968YFN1,01KJN791EPN054R2NTQQ1BFXJ5,Player,A,A,speaker,1.0,refgame,2.0,page-B,,,2.0,01KJN7K5R000K64SZACMCPEMWA,False,,,,,,,False,False,46.0,,0.0,1772388591304,1772388606901,15597,1.0,01KJN791EPN054R2NTQQ1BFXJ5,,3,False,True,False,,,,,,,,False,
01KJN6MMQ03KZPZN0275VZXK6R,01KJN79B14FBSYSKKCG2BYVBB6,Repi,A,A,speaker,3.0,refgame,1.0,page5-28,,,1.0,01KJN7JJ4ABAFV6YM5DS9T3RJP,False,,,,,,,False,False,22.0,,0.0,1772387701843,1772387743214,41371,2.0,01KJN79B14FBSYSKKCG2BYVBB6,,3,False,True,False,,,,,,,,False,
01KJN6MMQ03KZPZN0275VZXK6R,01KJN79J529BWBWTESKB6D9MB7,Player,C,C,speaker,3.0,refgame,2.0,page9-46,,,2.0,01KJN7JJ1E3ET2MMDFS57Q4ATE,False,,,,,,,False,False,55.0,,0.0,1772388904023,1772388924052,20029,2.0,01KJN79J529BWBWTESKB6D9MB7,,3,False,True,False,,,,,,,,False,
01KJN6MMPQTMDYRN709968YFN1,01KJN78CQJ3KY7VMGAR6F3D4S0,Player,B,A,listener,4.0,refgame,2.0,page5-28,page5-28,True,2.0,01KJN7K5R759VFQZX7GK4PSP44,False,,,,,,,False,False,62.0,,0.0,1772388918371,1772388927960,9589,,01KJN788SPAKVVBHX9T9FDQWAF,True,3,False,True,True,,,,,,,,False,
01KJN6MMQ03KZPZN0275VZXK6R,01KJN79B14FBSYSKKCG2BYVBB6,Player,A,C,listener,4.0,refgame,2.0,page7-107,page7-26,False,0.0,01KJN7JJ4J76TV80J433JG2B0V,False,,,,,,,False,False,64.0,,0.0,1772389135659,1772389154915,19256,,01KJN7863BFF3ZYZGVVSATZTH7,False,3,False,True,True,,,,,,,,False,
01KJN6MMPQTMDYRN709968YFN1,01KJN796KT7FCNV2F9QNCQDSES,Felu,C,C,listener,0.0,refgame,1.0,page5-28,,False,0.0,01KJN7K5FJH6VAH8DMSYVN52WF,False,,,,,,,True,False,1.0,,0.0,1772386685473,1772386730491,45018,,01KJN78M7563R5D9TQE5G142DA,True,3,False,False,False,,,,,,,,False,
01KJN6MMPQTMDYRN709DP5DSDA,01KJN7931DXZ65NXTWK1GNEZMW,Nori,C,C,speaker,2.0,refgame,1.0,page7-107,,,2.0,01KJN7KZ3TKA2G2034PKAJD3VQ,False,,,,,,,False,False,12.0,,0.0,1772387278345,1772387311206,32861,1.0,01KJN7931DXZ65NXTWK1GNEZMW,,3,False,True,False,,,,,,,,False,
01KJN6MMQ03KZPZN0275VZXK6R,01KJN79J529BWBWTESKB6D9MB7,Lika,C,C,listener,5.0,refgame,1.0,page7-255,page7-255,True,2.0,01KJN7JJ1FP44XD8PJXNFE1281,False,,,,,,,False,False,34.0,,0.0,1772388219015,1772388247646,28631,,01KJN78DQ6KC0F9N1HA0BPB44R,True,3,False,True,True,,,,,,,,False,
01KJN6MMQ03KZPZN0275VZXK6R,01KJN7A44GGBE9XR412KV5BFSC,Bavi,B,B,speaker,2.0,refgame,1.0,page3-35,,,0.0,01KJN7JJ0PJYQE826DEW5XH116,False,,,,,,,False,False,12.0,,0.0,1772387236366,1772387281380,45014,1.0,01KJN7A44GGBE9XR412KV5BFSC,,3,False,True,False,,,,,,,,False,
01KJN6MMPQTMDYRN709DP5DSDA,01KJN7BYA5X3A2G30KZECRY2HY,Bavi,B,B,listener,3.0,refgame,1.0,page3-35,page3-35,True,2.0,01KJN7KYWMSRM1063TCQEJ1X20,False,,,,,,,False,False,22.0,,0.0,1772387637778,1772387658166,20388,,01KJN7B4V2673GK7HGVSG52R2P,True,3,False,True,True,,,,,,,,False,
01KJN6MMQ03KZPZN0275VZXK6R,01KJN7AZC7FAG17CY924MRTCF7,Laju,A,A,listener,4.0,refgame,1.0,page9-46,page9-46,True,2.0,01KJN7JJ1YCSZJVTYD3GC94ZHQ,False,,,,,,,False,False,25.0,,0.0,1772387850217,1772387872088,21871,,01KJN7AAX1VHZ1A7ZB35BNRH8N,True,3,False,True,True,,,,,,,,False,
01KJN6MMPQTMDYRN709DP5DSDA,01KJN79ZQD1E4YD03FE5CGJY8K,Lika,C,C,listener,4.0,refgame,1.0,page-B,page-B,True,2.0,01KJN7KYX36Y98PXYV7H3VMGZH,False,,,,,,,False,False,25.0,,0.0,1772387714423,1772387741324,26901,,01KJN77XQHYQ5TVVY4HZM02E7R,True,3,False,True,True,,,,,,,,False,
01KJN6MMPQTMDYRN709968YFN1,01KJN78B0TFR8F59JDGD057XNS,Repi,A,A,listener,5.0,refgame,1.0,page9-46,page9-46,True,2.0,01KJN7K5JWFN5D8CSNKKGAEAS0,False,,,,,,,False,False,35.0,,0.0,1772388261446,1772388306475,45029,,01KJN78JVY5FN5QXW9XGGE72RG,True,3,False,True,True,,,,,,,,False,
01KJN6MMQ03KZPZN0275VZXK6R,01KJN79B14FBSYSKKCG2BYVBB6,Player,A,A,listener,2.0,refgame,2.0,page7-107,page7-107,True,2.0,01KJN7JJ0XW9B6G59FG765GH27,False,,,,,,,False,False,48.0,,0.0,1772388713668,1772388732477,18809,,01KJN7A44GGBE9XR412KV5BFSC,False,3,False,True,True,,,,,,,,False,
01KJN6MMPQTMDYRN709DP5DSDA,01KJN7B32C1C5254NSG6ZK1GRK,Laju,A,A,speaker,2.0,refgame,2.0,page7-107,,,2.0,01KJN7KZ60KJRH45NA3K8P60R3,False,,,,,,,False,False,51.0,,0.0,1772388286950,1772388295678,8728,1.0,01KJN7B32C1C5254NSG6ZK1GRK,,3,False,True,False,,,,,,,,False,
01KJN6MMPQTMDYRN709DP5DSDA,01KJN79ZRTRDMY6RH8ZCYCM9NV,Minu,A,A,speaker,4.0,refgame,2.0,page9-46,,,2.0,01KJN7KZ4W10W8D9F17K7QA5ZZ,False,,,,,,,False,False,65.0,,0.0,1772388524053,1772388532195,8142,2.0,01KJN79ZRTRDMY6RH8ZCYCM9NV,,3,False,True,False,,,,,,,,False,
01KJN6MMPQTMDYRN709DP5DSDA,01KJN7AAWT4GWKRZ7B9775509P,Zuda,B,B,listener,5.0,refgame,2.0,page5-28,page5-28,True,2.0,01KJN7KZ4GGBX7W2AQKMGYBFMR,False,,,,,,,False,False,66.0,,0.0,1772388537478,1772388547714,10236,,01KJN7BYA5X3A2G30KZECRY2HY,True,3,False,True,True,,,,,,,,False,
01KJN6MMPQTMDYRN709968YFN1,01KJN78CQJ3KY7VMGAR6F3D4S0,Player,B,A,listener,3.0,refgame,2.0,page7-107,page7-107,True,2.0,01KJN7K5JRJN9SQSEXHP0BHV6E,False,,,,,,,False,False,56.0,,0.0,1772388793036,1772388804530,11494,,01KJN78B0TFR8F59JDGD057XNS,False,3,False,True,True,,,,,,,,False,
01KJN6MMPQTMDYRN709DP5DSDA,01KJN79PCAAMFX7P2QF70Y3HJM,Repi,A,A,speaker,0.0,refgame,1.0,page7-107,,,0.0,01KJN7KYV6KEYGF7WX6G0BANR9,False,,,,,,,False,False,0.0,,0.0,1772386657822,1772386702827,45005,1.0,01KJN79PCAAMFX7P2QF70Y3HJM,,3,False,True,False,,,,,,,,False,
01KJN6MMPQTMDYRN709DP5DSDA,01KJN79ZRTRDMY6RH8ZCYCM9NV,Minu,A,A,listener,0.0,refgame,1.0,page-B,page-B,True,2.0,01KJN7KZ574PYN6K4M6G2QP8KT,False,,,,,,,False,False,5.0,,0.0,1772386930515,1772386975529,45014,,01KJN79PCAAMFX7P2QF70Y3HJM,True,3,False,True,True,,,,,,,,False,
01KJN6MMPQTMDYRN709968YFN1,01KJN788SPAKVVBHX9T9FDQWAF,Player,B,B,listener,0.0,refgame,2.0,page-B,page-B,True,2.0,01KJN7K5QYJHXV5CARZ38T1JEN,False,,,,,,,False,False,41.0,,0.0,1772388472700,1772388487001,14301,,01KJN78B0TFR8F59JDGD057XNS,False,3,False,True,True,,,,,,,,False,
01KJN6MMPQTMDYRN709DP5DSDA,01KJN79ZQD1E4YD03FE5CGJY8K,Lika,C,C,listener,1.0,refgame,1.0,page7-255,page7-255,False,0.0,01KJN7KZ48XCCWBNQKS0SJE7ES,False,,,,,,,False,False,10.0,,0.0,1772387170616,1772387215615,44999,,01KJN77XQHYQ5TVVY4HZM02E7R,True,3,False,True,True,,,,,,,,False,
01KJN6MMQ03KZPZN0275VZXK6R,01KJN7A44GGBE9XR412KV5BFSC,Bavi,B,B,speaker,5.0,refgame,1.0,page7-107,,,2.0,01KJN7JJ1QAVBM4RS4B0A8K9MV,False,,,,,,,False,False,31.0,,0.0,1772388113268,1772388133523,20255,2.0,01KJN7A44GGBE9XR412KV5BFSC,,3,False,True,False,,,,,,,,False,
01KJN6MMPQTMDYRN709DP5DSDA,01KJN79PCAAMFX7P2QF70Y3HJM,Repi,A,A,speaker,3.0,refgame,2.0,page3-35,,,2.0,01KJN7KZ431YCMQ4BZRNENZDQR,False,,,,,,,False,False,57.0,,0.0,1772388389690,1772388398556,8866,2.0,01KJN79PCAAMFX7P2QF70Y3HJM,,3,False,True,False,,,,,,,,False,
01KJN6MMQ03KZPZN0275VZXK6R,01KJN792W85XPK9QGH8A6HSYSJ,Zuda,B,B,speaker,1.0,refgame,1.0,page9-46,,,2.0,01KJN7JHZQSRK24Z41VVEYNBPE,False,,,,,,,False,False,7.0,,0.0,1772386990498,1772387026658,36160,1.0,01KJN792W85XPK9QGH8A6HSYSJ,,3,False,True,False,,,,,,,,False,
01KJN6MMPQTMDYRN709DP5DSDA,01KJN79ZQD1E4YD03FE5CGJY8K,Lika,C,C,listener,5.0,refgame,2.0,page5-28,page5-28,True,2.0,01KJN7KZ4GGBX7W2AQKMGYBFMR,False,,,,,,,False,False,66.0,,0.0,1772388537478,1772388547714,10236,,01KJN7931DXZ65NXTWK1GNEZMW,True,3,False,True,True,,,,,,,,False,
01KJN6MMQ03KZPZN0275VZXK6R,01KJN7A44GGBE9XR412KV5BFSC,Player,B,A,speaker,2.0,refgame,2.0,page5-28,,,0.0,01KJN7JJ144X9C126M86JNY5Y5,False,,,,,,,False,False,50.0,,0.0,1772388771422,1772388791447,20025,1.0,01KJN7A44GGBE9XR412KV5BFSC,,3,False,True,False,,,,,,,,False,
01KJN6MMPQTMDYRN709968YFN1,01KJN788SPAKVVBHX9T9FDQWAF,Player,B,B,listener,5.0,refgame,2.0,page7-107,page7-107,True,2.0,01KJN7K5R50JQ6DN8DECK17DTE,False,,,,,,,False,False,68.0,,0.0,1772389049638,1772389061860,12222,,01KJN78JVY5FN5QXW9XGGE72RG,False,3,False,True,True,,,,,,,,False,
01KJN6MMPQTMDYRN709DP5DSDA,01KJN79PCAAMFX7P2QF70Y3HJM,Repi,A,A,speaker,0.0,refgame,1.0,page3-35,,,1.0,01KJN7KYVMH6VJC6N59GV39RY1,False,,,,,,,False,False,1.0,,0.0,1772386711287,1772386756289,45002,1.0,01KJN79PCAAMFX7P2QF70Y3HJM,,3,False,True,False,,,,,,,,False,
01KJN6MMQ03KZPZN0275VZXK6R,01KJN7C40WEQBDF48ACG18M0EV,Hera,B,B,listener,1.0,refgame,1.0,page7-255,page7-255,True,2.0,01KJN7JJ0XW9B6G59FFDBG8AT1,False,,,,,,,False,False,6.0,,0.0,1772386940062,1772386985080,45018,,01KJN792W85XPK9QGH8A6HSYSJ,True,3,False,True,True,,,,,,,,False,
01KJN6MMQ03KZPZN0275VZXK6R,01KJN7C40WEQBDF48ACG18M0EV,Hera,B,B,speaker,3.0,refgame,1.0,page3-35,,,2.0,01KJN7JJ49X2EQESMMJM9CKKQQ,False,,,,,,,False,False,21.0,,0.0,1772387640673,1772387685705,45032,2.0,01KJN7C40WEQBDF48ACG18M0EV,,3,False,True,False,,,,,,,,False,
01KJN6MMPQTMDYRN709968YFN1,01KJN78M7563R5D9TQE5G142DA,Lika,C,C,listener,5.0,refgame,1.0,page7-107,page7-107,True,2.0,01KJN7K5FY9W5FE9ETY2P4WBNM,False,,,,,,,False,False,30.0,,0.0,1772388079202,1772388103303,24101,,01KJN79ZDP3YNFFHHQA302PJDP,True,3,False,True,True,,,,,,,,False,
01KJN6MMPQTMDYRN709968YFN1,01KJN791EPN054R2NTQQ1BFXJ5,Player,A,A,listener,5.0,refgame,2.0,page-B,page-B,True,2.0,01KJN7K5N09J8MC2H7WV1N1KZ3,False,,,,,,,False,False,71.0,,0.0,1772389095691,1772389105196,9505,,01KJN78CQJ3KY7VMGAR6F3D4S0,False,3,False,True,True,,,,,,,,False,
01KJN6MMPQTMDYRN709968YFN1,01KJN79ZDP3YNFFHHQA302PJDP,Nori,C,C,listener,0.0,refgame,1.0,page7-107,,False,0.0,01KJN7K5FA1TQ33CB0SW5804S0,False,,,,,,,True,False,0.0,,0.0,1772386630486,1772386675490,45004,,01KJN78M7563R5D9TQE5G142DA,True,3,False,False,False,,,,,,,,False,
01KJN6MMPQTMDYRN709968YFN1,01KJN78B0TFR8F59JDGD057XNS,Repi,A,A,listener,2.0,refgame,1.0,page3-35,page3-35,True,2.0,01KJN7K5JZQZB4NY8FJRJX504H,False,,,,,,,False,False,12.0,,0.0,1772387282349,1772387317911,35562,,01KJN78JVY5FN5QXW9XGGE72RG,True,3,False,True,True,,,,,,,,False,
01KJN6MMPQTMDYRN709DP5DSDA,01KJN79PCAAMFX7P2QF70Y3HJM,Repi,A,A,listener,5.0,refgame,1.0,page5-28,page5-28,True,2.0,01KJN7KYZA3BRY3D1F5P0C9MSA,False,,,,,,,False,False,32.0,,0.0,1772387915811,1772387930604,14793,,01KJN7B32C1C5254NSG6ZK1GRK,True,3,False,True,True,,,,,,,,False,
01KJN6MMPQTMDYRN709DP5DSDA,01KJN7AAWT4GWKRZ7B9775509P,Zuda,B,B,speaker,4.0,refgame,2.0,page3-35,,,2.0,01KJN7KZ5X7KJG8NWSNPRZKCCR,False,,,,,,,False,False,62.0,,0.0,1772388469790,1772388484269,14479,2.0,01KJN7AAWT4GWKRZ7B9775509P,,3,False,True,False,,,,,,,,False,
01KJN6MMQ03KZPZN0275VZXK6R,01KJN79B14FBSYSKKCG2BYVBB6,Player,A,B,speaker,0.0,refgame,2.0,page9-46,,,1.0,01KJN7JJ1R0ZCD3D5GW7K272MC,False,,,,,,,False,False,40.0,,0.0,1772388475619,1772388495644,20025,1.0,01KJN79B14FBSYSKKCG2BYVBB6,,3,False,True,False,,,,,,,,False,
01KJN6MMPQTMDYRN709968YFN1,01KJN79Y7T0VZNKHTSJRZWTDZ5,Player,B,A,listener,1.0,refgame,2.0,page7-107,page7-107,True,2.0,01KJN7K5HCEVM6Q4JCTG9KFQNS,False,,,,,,,False,False,47.0,,0.0,1772388612593,1772388622602,10009,,01KJN791EPN054R2NTQQ1BFXJ5,False,3,False,True,True,,,,,,,,False,
01KJN6MMPQTMDYRN709968YFN1,01KJN78M7563R5D9TQE5G142DA,Lika,C,C,listener,4.0,refgame,1.0,page9-46,page4-15,False,0.0,01KJN7K5KN8YW9VWX8RYNB7E0N,False,,,,,,,False,False,28.0,,0.0,1772388000797,1772388041511,40714,,01KJN796KT7FCNV2F9QNCQDSES,True,3,False,True,True,,,,,,,,False,
01KJN6MMQ03KZPZN0275VZXK6R,01KJN7863BFF3ZYZGVVSATZTH7,Player,C,C,speaker,1.0,refgame,2.0,page7-255,,,1.0,01KJN7JJ196KV3QWCGEJ4WFSSY,False,,,,,,,False,False,42.0,,0.0,1772388525929,1772388545961,20032,1.0,01KJN7863BFF3ZYZGVVSATZTH7,,3,False,True,False,,,,,,,,False,
01KJN6MMPQTMDYRN709DP5DSDA,01KJN7B32C1C5254NSG6ZK1GRK,Laju,A,A,speaker,5.0,refgame,2.0,page-B,,,2.0,01KJN7KZ3D0HTVJZCVXH48W7YP,False,,,,,,,False,False,69.0,,0.0,1772388579779,1772388591448,11669,2.0,01KJN7B32C1C5254NSG6ZK1GRK,,3,False,True,False,,,,,,,,False,
01KJN6MMQ03KZPZN0275VZXK6R,01KJN79J529BWBWTESKB6D9MB7,Lika,C,C,speaker,0.0,refgame,1.0,page7-255,,,0.0,01KJN7JHYXFYHN121QCJ6HRX9R,False,,,,,,,False,False,0.0,,0.0,1772386606704,1772386657466,50762,1.0,01KJN79J529BWBWTESKB6D9MB7,,3,False,True,False,,,,,,,,False,
01KJN6MMQ03KZPZN0275VZXK6R,01KJN78DQ6KC0F9N1HA0BPB44R,Nori,C,C,listener,1.0,refgame,1.0,page7-107,page7-107,True,2.0,01KJN7JJ0RSHHPHCY0J0NJ4AA1,False,,,,,,,False,False,11.0,,0.0,1772387200129,1772387231040,30911,,01KJN7863BFF3ZYZGVVSATZTH7,True,3,False,True,True,,,,,,,,False,
01KJN6MMPQTMDYRN709DP5DSDA,01KJN7AAWT4GWKRZ7B9775509P,Zuda,B,B,listener,3.0,refgame,1.0,page9-46,page9-46,True,2.0,01KJN7KYX0NA6EE02CQYEKX5QJ,False,,,,,,,False,False,20.0,,0.0,1772387587210,1772387601216,14006,,01KJN7B4V2673GK7HGVSG52R2P,True,3,False,True,True,,,,,,,,False,
01KJN6MMPQTMDYRN709DP5DSDA,01KJN7AAWT4GWKRZ7B9775509P,Zuda,B,B,listener,3.0,refgame,1.0,page3-35,page3-35,True,2.0,01KJN7KYWMSRM1063TCQEJ1X20,False,,,,,,,False,False,22.0,,0.0,1772387637778,1772387658166,20388,,01KJN7B4V2673GK7HGVSG52R2P,True,3,False,True,True,,,,,,,,False,
01KJN6MMPQTMDYRN709DP5DSDA,01KJN7B32C1C5254NSG6ZK1GRK,Laju,A,A,listener,0.0,refgame,2.0,page9-46,page9-46,True,2.0,01KJN7KYXP8T26GV24HNFMQXQP,False,,,,,,,False,False,40.0,,0.0,1772388115447,1772388127379,11932,,01KJN79PCAAMFX7P2QF70Y3HJM,True,3,False,True,True,,,,,,,,False,
01KJN6MMPQTMDYRN709DP5DSDA,01KJN7B4V2673GK7HGVSG52R2P,Hera,B,B,speaker,3.0,refgame,1.0,page-B,,,2.0,01KJN7KYWVG5D3PX554T4PG812,False,,,,,,,False,False,21.0,,0.0,1772387605450,1772387631251,25801,2.0,01KJN7B4V2673GK7HGVSG52R2P,,3,False,True,False,,,,,,,,False,
01KJN6MMQ03KZPZN0275VZXK6R,01KJN7863BFF3ZYZGVVSATZTH7,Felu,C,C,listener,5.0,refgame,1.0,page9-46,page9-46,True,2.0,01KJN7JJ1GTZ14GD5SHH1T9KDQ,False,,,,,,,False,False,33.0,,0.0,1772388186835,1772388202360,15525,,01KJN78DQ6KC0F9N1HA0BPB44R,True,3,False,True,True,,,,,,,,False,
01KJN6MMQ03KZPZN0275VZXK6R,01KJN7C40WEQBDF48ACG18M0EV,Player,B,C,listener,2.0,refgame,2.0,page9-46,page9-46,True,2.0,01KJN7JJ123XE0WCHG834D1V4V,False,,,,,,,False,False,51.0,,0.0,1772388798958,1772388816891,17933,,01KJN78DQ6KC0F9N1HA0BPB44R,False,3,False,True,True,,,,,,,,False,
01KJN6MMPQTMDYRN709968YFN1,01KJN78CQJ3KY7VMGAR6F3D4S0,Player,B,B,speaker,5.0,refgame,2.0,page7-255,,,2.0,01KJN7K5QNDHCB49S4Q90QXRYG,False,,,,,,,False,False,67.0,,0.0,1772389025099,1772389044573,19474,2.0,01KJN78CQJ3KY7VMGAR6F3D4S0,,3,False,True,False,,,,,,,,False,
01KJN6MMPQTMDYRN709968YFN1,01KJN796KT7FCNV2F9QNCQDSES,Felu,C,C,listener,2.0,refgame,1.0,page7-107,page9-7,False,0.0,01KJN7K5JPV4BFRM0HRJFFT23R,False,,,,,,,False,False,16.0,,0.0,1772387467532,1772387509956,42424,,01KJN79ZDP3YNFFHHQA302PJDP,True,3,False,True,True,,,,,,,,False,
01KJN6MMPQTMDYRN709968YFN1,01KJN788SPAKVVBHX9T9FDQWAF,Zuda,B,B,listener,3.0,refgame,1.0,page5-28,page5-28,True,2.0,01KJN7K5NP3KHGDZYWKZZ35KWP,False,,,,,,,False,False,23.0,,0.0,1772387820081,1772387851750,31669,,01KJN79Y7T0VZNKHTSJRZWTDZ5,True,3,False,True,True,,,,,,,,False,
01KJN6MMQ03KZPZN0275VZXK6R,01KJN78DQ6KC0F9N1HA0BPB44R,Player,C,C,listener,4.0,refgame,2.0,page3-35,page3-35,True,2.0,01KJN7JJ4KG1JY79DXAW7HB1X7,False,,,,,,,False,False,62.0,,0.0,1772389088043,1772389101379,13336,,01KJN792W85XPK9QGH8A6HSYSJ,False,3,False,True,True,,,,,,,,False,
01KJN6MMQ03KZPZN0275VZXK6R,01KJN7C40WEQBDF48ACG18M0EV,Player,B,C,listener,4.0,refgame,2.0,page5-28,page5-28,True,2.0,01KJN7JJ4EG9317PS98S3CCXVS,False,,,,,,,False,False,65.0,,0.0,1772389164100,1772389184121,20021,,01KJN7AAX1VHZ1A7ZB35BNRH8N,False,3,False,True,True,,,,,,,,False,
01KJN6MMPQTMDYRN709DP5DSDA,01KJN7931DXZ65NXTWK1GNEZMW,Nori,C,C,listener,1.0,refgame,1.0,page5-28,page5-28,True,2.0,01KJN7KZ409T5ZHRW9SE4CM2P9,False,,,,,,,False,False,11.0,,0.0,1772387222771,1772387265429,42658,,01KJN77XQHYQ5TVVY4HZM02E7R,True,3,False,True,True,,,,,,,,False,
01KJN6MMQ03KZPZN0275VZXK6R,01KJN7C40WEQBDF48ACG18M0EV,Hera,B,B,speaker,3.0,refgame,1.0,page-B,,,2.0,01KJN7JJ0QKQ5P6F29RGF08AK3,False,,,,,,,False,False,18.0,,0.0,1772387500305,1772387527911,27606,2.0,01KJN7C40WEQBDF48ACG18M0EV,,3,False,True,False,,,,,,,,False,
01KJN6MMPQTMDYRN709DP5DSDA,01KJN79ZRTRDMY6RH8ZCYCM9NV,Minu,A,A,listener,3.0,refgame,2.0,page7-107,page7-107,True,2.0,01KJN7KZ4AQMTPYG5CPW2RCWSG,False,,,,,,,False,False,56.0,,0.0,1772388372542,1772388384910,12368,,01KJN79PCAAMFX7P2QF70Y3HJM,True,3,False,True,True,,,,,,,,False,
01KJN6MMPQTMDYRN709DP5DSDA,01KJN79ZQD1E4YD03FE5CGJY8K,Lika,C,C,listener,1.0,refgame,1.0,page3-35,page5-28,False,0.0,01KJN7KZ4SZP3K0F01DSDYSY4B,False,,,,,,,False,False,7.0,,0.0,1772387028378,1772387064882,36504,,01KJN77XQHYQ5TVVY4HZM02E7R,True,3,False,True,True,,,,,,,,False,
01KJN6MMQ03KZPZN0275VZXK6R,01KJN792W85XPK9QGH8A6HSYSJ,Zuda,B,B,speaker,4.0,refgame,1.0,page3-35,,,2.0,01KJN7JJ4HZG5Q1EBE5FNHKG1D,False,,,,,,,False,False,24.0,,0.0,1772387807706,1772387836077,28371,2.0,01KJN792W85XPK9QGH8A6HSYSJ,,3,False,True,False,,,,,,,,False,
01KJN6MMPQTMDYRN709968YFN1,01KJN78M7563R5D9TQE5G142DA,Lika,C,C,listener,4.0,refgame,1.0,page7-255,page7-255,True,2.0,01KJN7K5H8BSX37JV3WZMKDDX9,False,,,,,,,False,False,29.0,,0.0,1772388048043,1772388073516,25473,,01KJN796KT7FCNV2F9QNCQDSES,True,3,False,True,True,,,,,,,,False,
01KJN6MMPQTMDYRN709968YFN1,01KJN78B0TFR8F59JDGD057XNS,Player,A,A,speaker,3.0,refgame,2.0,page7-107,,,2.0,01KJN7K5JRJN9SQSEXHP0BHV6E,False,,,,,,,False,False,56.0,,0.0,1772388793036,1772388804530,11494,2.0,01KJN78B0TFR8F59JDGD057XNS,,3,False,True,False,,,,,,,,False,
01KJN6MMQ03KZPZN0275VZXK6R,01KJN7A44GGBE9XR412KV5BFSC,Player,B,A,listener,4.0,refgame,2.0,page-B,page7-255,False,0.0,01KJN7JJ4HZG5Q1EBE6H435ZZY,False,,,,,,,False,False,63.0,,0.0,1772389106854,1772389126859,20005,,01KJN7AAX1VHZ1A7ZB35BNRH8N,False,3,False,True,True,,,,,,,,False,
01KJN6MMQ03KZPZN0275VZXK6R,01KJN7C40WEQBDF48ACG18M0EV,Player,B,C,listener,5.0,refgame,2.0,page7-255,page7-255,True,2.0,01KJN7JJ4EG9317PS97N14VR0A,False,,,,,,,False,False,67.0,,0.0,1772389216265,1772389236271,20006,,01KJN7AZC7FAG17CY924MRTCF7,False,3,False,True,True,,,,,,,,False,
01KJN6MMPQTMDYRN709DP5DSDA,01KJN7B4V2673GK7HGVSG52R2P,Hera,B,B,speaker,3.0,refgame,2.0,page9-46,,,2.0,01KJN7KZ4QMNMSWDESPF7REVXV,False,,,,,,,False,False,55.0,,0.0,1772388358226,1772388367836,9610,2.0,01KJN7B4V2673GK7HGVSG52R2P,,3,False,True,False,,,,,,,,False,
01KJN6MMQ03KZPZN0275VZXK6R,01KJN79B14FBSYSKKCG2BYVBB6,Player,A,B,listener,5.0,refgame,2.0,page7-107,page7-107,True,2.0,01KJN7JJ4DKT23HYM95ZYF4P0X,False,,,,,,,False,False,69.0,,0.0,1772389271826,1772389285927,14101,,01KJN78DQ6KC0F9N1HA0BPB44R,False,3,False,True,True,,,,,,,,False,
01KJN6MMQ03KZPZN0275VZXK6R,01KJN7AAX1VHZ1A7ZB35BNRH8N,Minu,A,A,listener,5.0,refgame,1.0,page-B,page-B,True,2.0,01KJN7JJ1MRR84KNB9E0DAG180,False,,,,,,,False,False,32.0,,0.0,1772388138113,1772388181120,43007,,01KJN7AZC7FAG17CY924MRTCF7,True,3,False,True,True,,,,,,,,False,
01KJN6MMPQTMDYRN709DP5DSDA,01KJN7B32C1C5254NSG6ZK1GRK,Laju,A,A,speaker,5.0,refgame,2.0,page7-255,,,2.0,01KJN7KZ2A7Y374PXRWXKQH250,False,,,,,,,False,False,70.0,,0.0,1772388596183,1772388603168,6985,2.0,01KJN7B32C1C5254NSG6ZK1GRK,,3,False,True,False,,,,,,,,False,
01KJN6MMQ03KZPZN0275VZXK6R,01KJN79J529BWBWTESKB6D9MB7,Player,C,B,listener,4.0,refgame,2.0,page7-107,page7-107,True,2.0,01KJN7JJ4J76TV80J433JG2B0V,False,,,,,,,False,False,64.0,,0.0,1772389135659,1772389154915,19256,,01KJN792W85XPK9QGH8A6HSYSJ,False,3,False,True,True,,,,,,,,False,
01KJN6MMQ03KZPZN0275VZXK6R,01KJN78DQ6KC0F9N1HA0BPB44R,Nori,C,C,listener,3.0,refgame,1.0,page3-35,page3-35,True,2.0,01KJN7JJ49X2EQESMMJM9CKKQQ,False,,,,,,,False,False,21.0,,0.0,1772387640673,1772387685705,45032,,01KJN79J529BWBWTESKB6D9MB7,True,3,False,True,True,,,,,,,,False,
01KJN6MMPQTMDYRN709DP5DSDA,01KJN79PCAAMFX7P2QF70Y3HJM,Repi,A,A,speaker,0.0,refgame,2.0,page3-35,,,2.0,01KJN7KYYEBVY8X95NHX4BR4FV,False,,,,,,,False,False,37.0,,0.0,1772388064178,1772388076151,11973,1.0,01KJN79PCAAMFX7P2QF70Y3HJM,,3,False,True,False,,,,,,,,False,
01KJN6MMQ03KZPZN0275VZXK6R,01KJN78DQ6KC0F9N1HA0BPB44R,Nori,C,C,speaker,5.0,refgame,1.0,page3-35,,,2.0,01KJN7JJ1FP44XD8PJWTZX3FH2,False,,,,,,,False,False,35.0,,0.0,1772388255722,1772388289959,34237,2.0,01KJN78DQ6KC0F9N1HA0BPB44R,,3,False,True,False,,,,,,,,False,
01KJN6MMPQTMDYRN709DP5DSDA,01KJN77XQHYQ5TVVY4HZM02E7R,Felu,C,C,speaker,1.0,refgame,1.0,page-B,,,1.0,01KJN7KZ4KY8QNP8EKAKX2FFGX,False,,,,,,,False,False,8.0,,0.0,1772387071924,1772387116592,44668,1.0,01KJN77XQHYQ5TVVY4HZM02E7R,,3,False,True,False,,,,,,,,False,
01KJN6MMQ03KZPZN0275VZXK6R,01KJN79B14FBSYSKKCG2BYVBB6,Repi,A,A,listener,2.0,refgame,1.0,page9-46,,False,0.0,01KJN7JJ0VF0RPKW84FVTJC6FZ,False,,,,,,,True,False,15.0,,0.0,1772387357377,1772387402392,45015,,01KJN7AZC7FAG17CY924MRTCF7,True,3,False,True,True,,,,,,,,False,
01KJN6MMPQTMDYRN709DP5DSDA,01KJN79PCAAMFX7P2QF70Y3HJM,Repi,A,A,listener,2.0,refgame,1.0,page9-46,page9-46,True,2.0,01KJN7KYZVF0MZ734PHRTBKCFB,False,,,,,,,False,False,17.0,,0.0,1772387460255,1772387497754,37499,,01KJN7B32C1C5254NSG6ZK1GRK,True,3,False,True,True,,,,,,,,False,
01KJN6MMQ03KZPZN0275VZXK6R,01KJN78DQ6KC0F9N1HA0BPB44R,Player,C,B,listener,0.0,refgame,2.0,page3-35,page3-35,True,2.0,01KJN7JJ1PF41J166TSJBZWQBB,False,,,,,,,False,False,41.0,,0.0,1772388502377,1772388519944,17567,,01KJN7C40WEQBDF48ACG18M0EV,False,3,False,True,True,,,,,,,,False,
01KJN6MMPQTMDYRN709968YFN1,01KJN79ZDP3YNFFHHQA302PJDP,Nori,C,C,listener,1.0,refgame,1.0,page-B,page3-193,False,0.0,01KJN7K5HQTXFWBF1AJA81RK0D,False,,,,,,,False,False,11.0,,0.0,1772387228685,1772387273691,45006,,01KJN796KT7FCNV2F9QNCQDSES,True,3,False,True,True,,,,,,,,False,
01KJN6MMPQTMDYRN709DP5DSDA,01KJN7BYA5X3A2G30KZECRY2HY,Bavi,B,B,listener,1.0,refgame,1.0,page7-107,page7-107,True,2.0,01KJN7KZ50SP860QQHX43BMD6K,False,,,,,,,False,False,6.0,,0.0,1772386983245,1772387024263,41018,,01KJN7AAWT4GWKRZ7B9775509P,True,3,False,True,True,,,,,,,,False,
01KJN6MMPQTMDYRN709968YFN1,01KJN79Y7T0VZNKHTSJRZWTDZ5,Hera,B,B,speaker,3.0,refgame,1.0,page3-35,,,2.0,01KJN7K5J1ZRGX1V6B624J4KWP,False,,,,,,,False,False,21.0,,0.0,1772387727233,1772387763463,36230,2.0,01KJN79Y7T0VZNKHTSJRZWTDZ5,,3,False,True,False,,,,,,,,False,
01KJN6MMPQTMDYRN709DP5DSDA,01KJN79PCAAMFX7P2QF70Y3HJM,Repi,A,A,listener,1.0,refgame,2.0,page7-107,page7-107,True,2.0,01KJN7KYXFQRPB40W6RYE3EFWM,False,,,,,,,False,False,47.0,,0.0,1772388231673,1772388242723,11050,,01KJN79ZRTRDMY6RH8ZCYCM9NV,True,3,False,True,True,,,,,,,,False,
01KJN6MMQ03KZPZN0275VZXK6R,01KJN7AZC7FAG17CY924MRTCF7,Player,A,B,listener,0.0,refgame,2.0,page-B,,False,0.0,01KJN7JJ1CYQGSSJG1WBPKBVA9,False,,,,,,,True,False,36.0,,0.0,1772388356520,1772388376546,20026,,01KJN79B14FBSYSKKCG2BYVBB6,True,3,False,True,True,,,,,,,,False,
01KJN6MMQ03KZPZN0275VZXK6R,01KJN7863BFF3ZYZGVVSATZTH7,Player,C,C,listener,3.0,refgame,2.0,page7-255,page-B,False,0.0,01KJN7JJ1820G44H81ADMFG2AV,False,,,,,,,False,False,56.0,,0.0,1772388933170,1772388953175,20005,,01KJN79B14FBSYSKKCG2BYVBB6,False,3,False,True,True,,,,,,,,False,
01KJN6MMQ03KZPZN0275VZXK6R,01KJN79J529BWBWTESKB6D9MB7,Player,C,C,listener,5.0,refgame,2.0,page9-46,page9-46,True,2.0,01KJN7JJ4B103R31J8V9CH41TX,False,,,,,,,False,False,71.0,,0.0,1772389316097,1772389335665,19568,,01KJN7A44GGBE9XR412KV5BFSC,False,3,False,True,True,,,,,,,,False,
01KJN6MMPQTMDYRN709DP5DSDA,01KJN7931DXZ65NXTWK1GNEZMW,Nori,C,C,listener,1.0,refgame,1.0,page7-255,page7-255,True,2.0,01KJN7KZ48XCCWBNQKS0SJE7ES,False,,,,,,,False,False,10.0,,0.0,1772387170616,1772387215615,44999,,01KJN77XQHYQ5TVVY4HZM02E7R,True,3,False,True,True,,,,,,,,False,
01KJN6MMQ03KZPZN0275VZXK6R,01KJN7AAX1VHZ1A7ZB35BNRH8N,Minu,A,A,listener,3.0,refgame,1.0,page7-255,page7-255,True,2.0,01KJN7JJ4B103R31J8WHVA9DX7,False,,,,,,,False,False,20.0,,0.0,1772387585916,1772387626307,40391,,01KJN79B14FBSYSKKCG2BYVBB6,True,3,False,True,True,,,,,,,,False,
01KJN6MMPQTMDYRN709968YFN1,01KJN79ZDP3YNFFHHQA302PJDP,Nori,C,C,listener,3.0,refgame,1.0,page7-107,,False,0.0,01KJN7K5J4M8ZP49YPQF1AN3HY,False,,,,,,,True,False,19.0,,0.0,1772387620952,1772387665967,45015,,01KJN78M7563R5D9TQE5G142DA,True,3,False,True,True,,,,,,,,False,
01KJN6MMQ03KZPZN0275VZXK6R,01KJN7AZC7FAG17CY924MRTCF7,Laju,A,A,listener,3.0,refgame,1.0,page5-28,page7-26,False,0.0,01KJN7JJ4ABAFV6YM5DS9T3RJP,False,,,,,,,False,False,22.0,,0.0,1772387701843,1772387743214,41371,,01KJN79B14FBSYSKKCG2BYVBB6,True,3,False,True,True,,,,,,,,False,
01KJN6MMPQTMDYRN709DP5DSDA,01KJN77XQHYQ5TVVY4HZM02E7R,Felu,C,C,listener,5.0,refgame,1.0,page7-107,page7-107,True,2.0,01KJN7KYZCYWANNP5JHHSNDKG7,False,,,,,,,False,False,30.0,,0.0,1772387883409,1772387895628,12219,,01KJN7931DXZ65NXTWK1GNEZMW,True,3,False,True,True,,,,,,,,False,
01KJN6MMPQTMDYRN709DP5DSDA,01KJN79ZRTRDMY6RH8ZCYCM9NV,Minu,A,A,speaker,4.0,refgame,2.0,page-B,,,2.0,01KJN7KYZJSMEX4580M0EBGRRX,False,,,,,,,False,False,60.0,,0.0,1772388433928,1772388447118,13190,2.0,01KJN79ZRTRDMY6RH8ZCYCM9NV,,3,False,True,False,,,,,,,,False,
01KJN6MMPQTMDYRN709DP5DSDA,01KJN7B32C1C5254NSG6ZK1GRK,Laju,A,A,listener,1.0,refgame,1.0,page9-46,page9-46,True,2.0,01KJN7KZ4DBDW3YBYDCHQRBRVZ,False,,,,,,,False,False,9.0,,0.0,1772387132400,1772387164842,32442,,01KJN79ZRTRDMY6RH8ZCYCM9NV,True,3,False,True,True,,,,,,,,False,
01KJN6MMPQTMDYRN709DP5DSDA,01KJN79ZQD1E4YD03FE5CGJY8K,Lika,C,C,listener,2.0,refgame,2.0,page5-28,page5-28,True,2.0,01KJN7KZ5TVXAD2SF4H87WAT8G,False,,,,,,,False,False,52.0,,0.0,1772388301163,1772388312752,11589,,01KJN7931DXZ65NXTWK1GNEZMW,True,3,False,True,True,,,,,,,,False,
01KJN6MMPQTMDYRN709968YFN1,01KJN788SPAKVVBHX9T9FDQWAF,Player,B,A,listener,3.0,refgame,2.0,page-B,page-B,True,2.0,01KJN7K5KV1DMM3M0MZ8H6JHST,False,,,,,,,False,False,57.0,,0.0,1772388811463,1772388820940,9477,,01KJN79Y7T0VZNKHTSJRZWTDZ5,True,3,False,True,True,,,,,,,,False,
01KJN6MMQ03KZPZN0275VZXK6R,01KJN7AZC7FAG17CY924MRTCF7,Laju,A,A,listener,0.0,refgame,1.0,page7-107,page7-107,True,2.0,01KJN7JJ1Z3Q1ZDKVBSP3H1EH5,False,,,,,,,False,False,3.0,,0.0,1772386783120,1772386825904,42784,,01KJN79B14FBSYSKKCG2BYVBB6,True,3,False,True,True,,,,,,,,False,
01KJN6MMPQTMDYRN709DP5DSDA,01KJN77XQHYQ5TVVY4HZM02E7R,Felu,C,C,listener,2.0,refgame,2.0,page3-35,page3-35,True,2.0,01KJN7KZ675C4DZYAWX412DRNF,False,,,,,,,False,False,49.0,,0.0,1772388265292,1772388271918,6626,,01KJN7931DXZ65NXTWK1GNEZMW,True,3,False,True,True,,,,,,,,False,
01KJN6MMQ03KZPZN0275VZXK6R,01KJN7A44GGBE9XR412KV5BFSC,Player,B,B,listener,1.0,refgame,2.0,page-B,,False,0.0,01KJN7JJ106G1CY7M5XQTG2KY4,False,,,,,,,True,False,46.0,,0.0,1772388652073,1772388672170,20097,,01KJN792W85XPK9QGH8A6HSYSJ,True,3,False,True,True,,,,,,,,False,
01KJN6MMQ03KZPZN0275VZXK6R,01KJN792W85XPK9QGH8A6HSYSJ,Player,B,B,listener,3.0,refgame,2.0,page9-46,page9-46,True,2.0,01KJN7JJ1E3ET2MMDFS57Q4ATE,False,,,,,,,False,False,55.0,,0.0,1772388904023,1772388924052,20029,,01KJN7C40WEQBDF48ACG18M0EV,True,3,False,True,True,,,,,,,,False,
01KJN6MMPQTMDYRN709DP5DSDA,01KJN79ZQD1E4YD03FE5CGJY8K,Lika,C,C,listener,4.0,refgame,1.0,page5-28,page5-28,True,2.0,01KJN7KYWFXTPDV5GRYPW63TV1,False,,,,,,,False,False,24.0,,0.0,1772387688519,1772387709099,20580,,01KJN77XQHYQ5TVVY4HZM02E7R,True,3,False,True,True,,,,,,,,False,
01KJN6MMQ03KZPZN0275VZXK6R,01KJN79J529BWBWTESKB6D9MB7,Lika,C,C,listener,5.0,refgame,1.0,page3-35,page3-35,True,2.0,01KJN7JJ1FP44XD8PJWTZX3FH2,False,,,,,,,False,False,35.0,,0.0,1772388255722,1772388289959,34237,,01KJN78DQ6KC0F9N1HA0BPB44R,True,3,False,True,True,,,,,,,,False,
01KJN6MMQ03KZPZN0275VZXK6R,01KJN7C40WEQBDF48ACG18M0EV,Player,B,A,listener,1.0,refgame,2.0,page-B,page5-64,False,0.0,01KJN7JJ106G1CY7M5XQTG2KY4,False,,,,,,,False,False,46.0,,0.0,1772388652073,1772388672170,20097,,01KJN7AAX1VHZ1A7ZB35BNRH8N,False,3,False,True,True,,,,,,,,False,
01KJN6MMPQTMDYRN709968YFN1,01KJN78B0TFR8F59JDGD057XNS,Player,A,B,listener,2.0,refgame,2.0,page9-46,page9-46,True,2.0,01KJN7K5KGSV4XEV8JEA43KKXE,False,,,,,,,False,False,52.0,,0.0,1772388712405,1772388726564,14159,,01KJN78JVY5FN5QXW9XGGE72RG,True,3,False,True,True,,,,,,,,False,
01KJN6MMQ03KZPZN0275VZXK6R,01KJN78DQ6KC0F9N1HA0BPB44R,Player,C,B,listener,4.0,refgame,2.0,page5-28,page5-28,True,2.0,01KJN7JJ4EG9317PS98S3CCXVS,False,,,,,,,False,False,65.0,,0.0,1772389164100,1772389184121,20021,,01KJN7863BFF3ZYZGVVSATZTH7,True,3,False,True,True,,,,,,,,False,
01KJN6MMPQTMDYRN709968YFN1,01KJN791EPN054R2NTQQ1BFXJ5,Minu,A,A,listener,2.0,refgame,1.0,page9-46,page9-46,True,2.0,01KJN7K5HXVCRWCHH6JDWC7QS9,False,,,,,,,False,False,13.0,,0.0,1772387325214,1772387352995,27781,,01KJN78JVY5FN5QXW9XGGE72RG,True,3,False,True,True,,,,,,,,False,
01KJN6MMPQTMDYRN709DP5DSDA,01KJN79PCAAMFX7P2QF70Y3HJM,Repi,A,A,listener,4.0,refgame,2.0,page9-46,page9-46,True,2.0,01KJN7KZ4W10W8D9F17K7QA5ZZ,False,,,,,,,False,False,65.0,,0.0,1772388524053,1772388532195,8142,,01KJN79ZRTRDMY6RH8ZCYCM9NV,True,3,False,True,True,,,,,,,,False,
01KJN6MMQ03KZPZN0275VZXK6R,01KJN7863BFF3ZYZGVVSATZTH7,Player,C,C,speaker,1.0,refgame,2.0,page7-107,,,1.0,01KJN7JJ0ZHPHTDK0XMJNPQY31,False,,,,,,,False,False,47.0,,0.0,1772388682955,1772388702993,20038,1.0,01KJN7863BFF3ZYZGVVSATZTH7,,3,False,True,False,,,,,,,,False,
01KJN6MMPQTMDYRN709DP5DSDA,01KJN79ZRTRDMY6RH8ZCYCM9NV,Minu,A,A,speaker,1.0,refgame,1.0,page3-35,,,2.0,01KJN7KZ4SZP3K0F01DSDYSY4B,False,,,,,,,False,False,7.0,,0.0,1772387028378,1772387064882,36504,1.0,01KJN79ZRTRDMY6RH8ZCYCM9NV,,3,False,True,False,,,,,,,,False,
01KJN6MMQ03KZPZN0275VZXK6R,01KJN7AZC7FAG17CY924MRTCF7,Laju,A,A,listener,3.0,refgame,1.0,page9-46,page9-46,True,2.0,01KJN7JJ0PJYQE826DDQJJSWAF,False,,,,,,,False,False,19.0,,0.0,1772387541417,1772387574131,32714,,01KJN79B14FBSYSKKCG2BYVBB6,True,3,False,True,True,,,,,,,,False,
01KJN6MMQ03KZPZN0275VZXK6R,01KJN79B14FBSYSKKCG2BYVBB6,Repi,A,A,listener,5.0,refgame,1.0,page5-28,page5-28,True,2.0,01KJN7JJ1SMVGMC6BAWX0QWSAN,False,,,,,,,False,False,30.0,,0.0,1772388071482,1772388097743,26261,,01KJN7AZC7FAG17CY924MRTCF7,True,3,False,True,True,,,,,,,,False,
01KJN6MMPQTMDYRN709DP5DSDA,01KJN7B4V2673GK7HGVSG52R2P,Hera,B,B,listener,1.0,refgame,2.0,page3-35,page3-35,True,2.0,01KJN7KYXWXWC5F6JA6AZJ6Q67,False,,,,,,,False,False,46.0,,0.0,1772388216887,1772388227513,10626,,01KJN7AAWT4GWKRZ7B9775509P,True,3,False,True,True,,,,,,,,False,
01KJN6MMQ03KZPZN0275VZXK6R,01KJN79J529BWBWTESKB6D9MB7,Lika,C,C,listener,1.0,refgame,1.0,page9-46,page9-46,True,2.0,01KJN7JHZQSRK24Z41VVEYNBPE,False,,,,,,,False,False,7.0,,0.0,1772386990498,1772387026658,36160,,01KJN7863BFF3ZYZGVVSATZTH7,True,3,False,True,True,,,,,,,,False,
01KJN6MMQ03KZPZN0275VZXK6R,01KJN7863BFF3ZYZGVVSATZTH7,Felu,C,C,listener,2.0,refgame,1.0,page7-255,page4-15,False,0.0,01KJN7JJ0YKPRCT8KSF0KQWF0X,False,,,,,,,False,False,14.0,,0.0,1772387327727,1772387351607,23880,,01KJN78DQ6KC0F9N1HA0BPB44R,True,3,False,True,True,,,,,,,,False,
01KJN6MMPQTMDYRN709DP5DSDA,01KJN7931DXZ65NXTWK1GNEZMW,Nori,C,C,listener,0.0,refgame,2.0,page5-28,page5-28,True,2.0,01KJN7KYY3G8VA1DGR0XCV0GC9,False,,,,,,,False,False,39.0,,0.0,1772388096966,1772388111396,14430,,01KJN79ZQD1E4YD03FE5CGJY8K,True,3,False,True,True,,,,,,,,False,
01KJN6MMQ03KZPZN0275VZXK6R,01KJN7A44GGBE9XR412KV5BFSC,Bavi,B,B,speaker,5.0,refgame,1.0,page3-35,,,2.0,01KJN7JJ1FP44XD8PJWTZX3FH2,False,,,,,,,False,False,35.0,,0.0,1772388255722,1772388289959,34237,2.0,01KJN7A44GGBE9XR412KV5BFSC,,3,False,True,False,,,,,,,,False,
01KJN6MMQ03KZPZN0275VZXK6R,01KJN7AZC7FAG17CY924MRTCF7,Player,A,B,listener,1.0,refgame,2.0,page7-255,,False,0.0,01KJN7JJ196KV3QWCGEJ4WFSSY,False,,,,,,,True,False,42.0,,0.0,1772388525929,1772388545961,20032,,01KJN792W85XPK9QGH8A6HSYSJ,False,3,False,True,True,,,,,,,,False,
01KJN6MMPQTMDYRN709968YFN1,01KJN79ZDP3YNFFHHQA302PJDP,Nori,C,C,speaker,2.0,refgame,1.0,page-B,,,2.0,01KJN7K5HVTWE9Y83V53TSRDDA,False,,,,,,,False,False,14.0,,0.0,1772387363810,1772387407994,44184,1.0,01KJN79ZDP3YNFFHHQA302PJDP,,3,False,True,False,,,,,,,,False,
01KJN6MMPQTMDYRN709DP5DSDA,01KJN79PCAAMFX7P2QF70Y3HJM,Repi,A,A,listener,5.0,refgame,1.0,page9-46,page9-46,True,2.0,01KJN7KYWCG0VSA4BGP1BA4VRQ,False,,,,,,,False,False,31.0,,0.0,1772387903476,1772387912499,9023,,01KJN7B32C1C5254NSG6ZK1GRK,True,3,False,True,True,,,,,,,,False,
01KJN6MMQ03KZPZN0275VZXK6R,01KJN79B14FBSYSKKCG2BYVBB6,Player,A,C,speaker,0.0,refgame,2.0,page7-107,,,2.0,01KJN7JJ1A9ED4KAF42WD7ANR8,False,,,,,,,False,False,37.0,,0.0,1772388388706,1772388408142,19436,1.0,01KJN79B14FBSYSKKCG2BYVBB6,,3,False,True,False,,,,,,,,False,
01KJN6MMQ03KZPZN0275VZXK6R,01KJN78DQ6KC0F9N1HA0BPB44R,Nori,C,C,listener,4.0,refgame,1.0,page3-35,page3-35,True,2.0,01KJN7JJ4HZG5Q1EBE5FNHKG1D,False,,,,,,,False,False,24.0,,0.0,1772387807706,1772387836077,28371,,01KJN7863BFF3ZYZGVVSATZTH7,True,3,False,True,True,,,,,,,,False,
01KJN6MMPQTMDYRN709DP5DSDA,01KJN79ZRTRDMY6RH8ZCYCM9NV,Minu,A,A,listener,0.0,refgame,2.0,page3-35,page3-35,True,2.0,01KJN7KYYEBVY8X95NHX4BR4FV,False,,,,,,,False,False,37.0,,0.0,1772388064178,1772388076151,11973,,01KJN79PCAAMFX7P2QF70Y3HJM,True,3,False,True,True,,,,,,,,False,
01KJN6MMPQTMDYRN709DP5DSDA,01KJN79ZRTRDMY6RH8ZCYCM9NV,Minu,A,A,listener,2.0,refgame,1.0,page3-35,page3-35,True,2.0,01KJN7KZ3M8KXQP0VQS1EMDAYN,False,,,,,,,False,False,13.0,,0.0,1772387315644,1772387338498,22854,,01KJN7B32C1C5254NSG6ZK1GRK,True,3,False,True,True,,,,,,,,False,
01KJN6MMPQTMDYRN709DP5DSDA,01KJN7BYA5X3A2G30KZECRY2HY,Bavi,B,B,listener,0.0,refgame,2.0,page9-46,page9-46,True,2.0,01KJN7KYXP8T26GV24HNFMQXQP,False,,,,,,,False,False,40.0,,0.0,1772388115447,1772388127379,11932,,01KJN7B4V2673GK7HGVSG52R2P,True,3,False,True,True,,,,,,,,False,
01KJN6MMPQTMDYRN709DP5DSDA,01KJN79ZRTRDMY6RH8ZCYCM9NV,Minu,A,A,listener,5.0,refgame,1.0,page3-35,page3-35,True,2.0,01KJN7KYYXHVJJDVQGT2GSWXHY,False,,,,,,,False,False,34.0,,0.0,1772387953491,1772387970074,16583,,01KJN7B32C1C5254NSG6ZK1GRK,True,3,False,True,True,,,,,,,,False,
01KJN6MMPQTMDYRN709968YFN1,01KJN79Y7T0VZNKHTSJRZWTDZ5,Hera,B,B,listener,5.0,refgame,1.0,page3-35,page3-35,True,2.0,01KJN7K5KC833F28YJV6E0BER7,False,,,,,,,False,False,33.0,,0.0,1772388187845,1772388209421,21576,,01KJN78CQJ3KY7VMGAR6F3D4S0,True,3,False,True,True,,,,,,,,False,
01KJN6MMPQTMDYRN709DP5DSDA,01KJN79ZRTRDMY6RH8ZCYCM9NV,Minu,A,A,listener,3.0,refgame,2.0,page-B,page-B,True,2.0,01KJN7KZ53A9914CYGA6DKSVTE,False,,,,,,,False,False,54.0,,0.0,1772388333789,1772388353858,20069,,01KJN79PCAAMFX7P2QF70Y3HJM,True,3,False,True,True,,,,,,,,False,
01KJN6MMPQTMDYRN709DP5DSDA,01KJN77XQHYQ5TVVY4HZM02E7R,Felu,C,C,listener,0.0,refgame,1.0,page5-28,page5-28,False,0.0,01KJN7KZ5HH7NR0ZCH3MQS757H,False,,,,,,,False,False,4.0,,0.0,1772386874658,1772386919662,45004,,01KJN79ZQD1E4YD03FE5CGJY8K,True,3,False,True,True,,,,,,,,False,
01KJN6MMPQTMDYRN709968YFN1,01KJN79ZDP3YNFFHHQA302PJDP,Nori,C,C,listener,1.0,refgame,1.0,page9-46,page5-64,False,0.0,01KJN7K5HZEKT6FNAA9GWA4F02,False,,,,,,,False,False,9.0,,0.0,1772387125823,1772387165178,39355,,01KJN796KT7FCNV2F9QNCQDSES,True,3,False,True,True,,,,,,,,False,
01KJN6MMPQTMDYRN709DP5DSDA,01KJN79ZRTRDMY6RH8ZCYCM9NV,Minu,A,A,speaker,1.0,refgame,2.0,page7-255,,,2.0,01KJN7KYX5K9668G0J8VAVZ5YF,False,,,,,,,False,False,43.0,,0.0,1772388168595,1772388178913,10318,1.0,01KJN79ZRTRDMY6RH8ZCYCM9NV,,3,False,True,False,,,,,,,,False,
01KJN6MMPQTMDYRN709DP5DSDA,01KJN7B4V2673GK7HGVSG52R2P,Hera,B,B,listener,2.0,refgame,2.0,page7-107,page7-107,True,2.0,01KJN7KZ60KJRH45NA3K8P60R3,False,,,,,,,False,False,51.0,,0.0,1772388286950,1772388295678,8728,,01KJN7BYA5X3A2G30KZECRY2HY,True,3,False,True,True,,,,,,,,False,
01KJN6MMPQTMDYRN709968YFN1,01KJN791EPN054R2NTQQ1BFXJ5,Player,A,A,listener,2.0,refgame,2.0,page7-255,page7-255,True,2.0,01KJN7K5K80HK3VGDQE5RKG8VX,False,,,,,,,False,False,53.0,,0.0,1772388730747,1772388750777,20030,,01KJN78JVY5FN5QXW9XGGE72RG,True,3,False,True,True,,,,,,,,False,
01KJN6MMQ03KZPZN0275VZXK6R,01KJN7AZC7FAG17CY924MRTCF7,Player,A,C,listener,4.0,refgame,2.0,page5-28,page5-28,True,2.0,01KJN7JJ4EG9317PS98S3CCXVS,False,,,,,,,False,False,65.0,,0.0,1772389164100,1772389184121,20021,,01KJN7AAX1VHZ1A7ZB35BNRH8N,True,3,False,True,True,,,,,,,,False,
01KJN6MMQ03KZPZN0275VZXK6R,01KJN79J529BWBWTESKB6D9MB7,Lika,C,C,speaker,0.0,refgame,1.0,page-B,,,2.0,01KJN7JHZG39B3YEBM7VHA554N,False,,,,,,,False,False,4.0,,0.0,1772386841560,1772386883546,41986,1.0,01KJN79J529BWBWTESKB6D9MB7,,3,False,True,False,,,,,,,,False,
01KJN6MMPQTMDYRN709DP5DSDA,01KJN7B4V2673GK7HGVSG52R2P,Hera,B,B,listener,1.0,refgame,1.0,page5-28,page5-28,True,2.0,01KJN7KZ409T5ZHRW9SE4CM2P9,False,,,,,,,False,False,11.0,,0.0,1772387222771,1772387265429,42658,,01KJN7AAWT4GWKRZ7B9775509P,True,3,False,True,True,,,,,,,,False,
01KJN6MMPQTMDYRN709DP5DSDA,01KJN79ZRTRDMY6RH8ZCYCM9NV,Minu,A,A,speaker,4.0,refgame,1.0,page7-107,,,2.0,01KJN7KYWYTD5D3M21S2X8P0AA,False,,,,,,,False,False,26.0,,0.0,1772387745826,1772387764604,18778,2.0,01KJN79ZRTRDMY6RH8ZCYCM9NV,,3,False,True,False,,,,,,,,False,
01KJN6MMPQTMDYRN709DP5DSDA,01KJN7B4V2673GK7HGVSG52R2P,Hera,B,B,listener,4.0,refgame,1.0,page9-46,page9-46,True,2.0,01KJN7KYWH7DW8R8C7QY0ZK5NG,False,,,,,,,False,False,29.0,,0.0,1772387857212,1772387876093,18881,,01KJN7AAWT4GWKRZ7B9775509P,True,3,False,True,True,,,,,,,,False,
01KJN6MMPQTMDYRN709968YFN1,01KJN791EPN054R2NTQQ1BFXJ5,Minu,A,A,listener,5.0,refgame,1.0,page7-107,page7-107,True,2.0,01KJN7K5FY9W5FE9ETY2P4WBNM,False,,,,,,,False,False,30.0,,0.0,1772388079202,1772388103303,24101,,01KJN78JVY5FN5QXW9XGGE72RG,True,3,False,True,True,,,,,,,,False,
01KJN6MMPQTMDYRN709DP5DSDA,01KJN7931DXZ65NXTWK1GNEZMW,Nori,C,C,speaker,2.0,refgame,2.0,page7-255,,,2.0,01KJN7KZ63WCMX3HHQH3QX4SWG,False,,,,,,,False,False,50.0,,0.0,1772388276008,1772388282836,6828,1.0,01KJN7931DXZ65NXTWK1GNEZMW,,3,False,True,False,,,,,,,,False,
01KJN6MMQ03KZPZN0275VZXK6R,01KJN7C40WEQBDF48ACG18M0EV,Player,B,A,listener,5.0,refgame,2.0,page9-46,page9-46,True,2.0,01KJN7JJ4B103R31J8V9CH41TX,False,,,,,,,False,False,71.0,,0.0,1772389316097,1772389335665,19568,,01KJN7AZC7FAG17CY924MRTCF7,False,3,False,True,True,,,,,,,,False,
01KJN6MMPQTMDYRN709DP5DSDA,01KJN79ZQD1E4YD03FE5CGJY8K,Lika,C,C,speaker,3.0,refgame,1.0,page3-35,,,2.0,01KJN7KYWMSRM1063TCQEJ1X20,False,,,,,,,False,False,22.0,,0.0,1772387637778,1772387658166,20388,2.0,01KJN79ZQD1E4YD03FE5CGJY8K,,3,False,True,False,,,,,,,,False,
01KJN6MMPQTMDYRN709DP5DSDA,01KJN79PCAAMFX7P2QF70Y3HJM,Repi,A,A,listener,1.0,refgame,2.0,page3-35,page3-35,True,2.0,01KJN7KYXWXWC5F6JA6AZJ6Q67,False,,,,,,,False,False,46.0,,0.0,1772388216887,1772388227513,10626,,01KJN79ZRTRDMY6RH8ZCYCM9NV,True,3,False,True,True,,,,,,,,False,
01KJN6MMQ03KZPZN0275VZXK6R,01KJN7A44GGBE9XR412KV5BFSC,Player,B,A,listener,1.0,refgame,2.0,page9-46,page9-46,True,2.0,01KJN7JJ13QJT8W0QKT01PY95R,False,,,,,,,False,False,45.0,,0.0,1772388615173,1772388635199,20026,,01KJN792W85XPK9QGH8A6HSYSJ,True,3,False,True,True,,,,,,,,False,
01KJN6MMQ03KZPZN0275VZXK6R,01KJN78DQ6KC0F9N1HA0BPB44R,Player,C,C,listener,1.0,refgame,2.0,page-B,page-B,True,2.0,01KJN7JJ106G1CY7M5XQTG2KY4,False,,,,,,,False,False,46.0,,0.0,1772388652073,1772388672170,20097,,01KJN7863BFF3ZYZGVVSATZTH7,True,3,False,True,True,,,,,,,,False,
01KJN6MMQ03KZPZN0275VZXK6R,01KJN78DQ6KC0F9N1HA0BPB44R,Player,C,B,listener,3.0,refgame,2.0,page-B,page-B,True,2.0,01KJN7JJ1CYQGSSJG1XAFMYT77,False,,,,,,,False,False,54.0,,0.0,1772388877448,1772388897486,20038,,01KJN79J529BWBWTESKB6D9MB7,True,3,False,True,True,,,,,,,,False,
01KJN6MMQ03KZPZN0275VZXK6R,01KJN7A44GGBE9XR412KV5BFSC,Player,B,A,listener,3.0,refgame,2.0,page7-107,page7-107,True,2.0,01KJN7JJ4GCT1AQ6A0X5YF4F5Y,False,,,,,,,False,False,58.0,,0.0,1772388985091,1772389005095,20004,,01KJN7C40WEQBDF48ACG18M0EV,True,3,False,True,True,,,,,,,,False,
01KJN6MMQ03KZPZN0275VZXK6R,01KJN7AAX1VHZ1A7ZB35BNRH8N,Player,A,C,speaker,4.0,refgame,2.0,page5-28,,,2.0,01KJN7JJ4EG9317PS98S3CCXVS,False,,,,,,,False,False,65.0,,0.0,1772389164100,1772389184121,20021,2.0,01KJN7AAX1VHZ1A7ZB35BNRH8N,,3,False,True,False,,,,,,,,False,
01KJN6MMPQTMDYRN709968YFN1,01KJN791EPN054R2NTQQ1BFXJ5,Minu,A,A,speaker,1.0,refgame,1.0,page-B,,,0.0,01KJN7K5HQTXFWBF1AJA81RK0D,False,,,,,,,False,False,11.0,,0.0,1772387228685,1772387273691,45006,1.0,01KJN791EPN054R2NTQQ1BFXJ5,,3,False,True,False,,,,,,,,False,
01KJN6MMPQTMDYRN709DP5DSDA,01KJN79PCAAMFX7P2QF70Y3HJM,Repi,A,A,listener,5.0,refgame,2.0,page-B,page-B,True,2.0,01KJN7KZ3D0HTVJZCVXH48W7YP,False,,,,,,,False,False,69.0,,0.0,1772388579779,1772388591448,11669,,01KJN7B32C1C5254NSG6ZK1GRK,True,3,False,True,True,,,,,,,,False,
01KJN6MMPQTMDYRN709DP5DSDA,01KJN79ZQD1E4YD03FE5CGJY8K,Lika,C,C,listener,4.0,refgame,1.0,page3-35,page3-35,True,2.0,01KJN7KYWQFV3P23NSADGCXAHG,False,,,,,,,False,False,28.0,,0.0,1772387820802,1772387842921,22119,,01KJN77XQHYQ5TVVY4HZM02E7R,True,3,False,True,True,,,,,,,,False,
01KJN6MMQ03KZPZN0275VZXK6R,01KJN792W85XPK9QGH8A6HSYSJ,Zuda,B,B,speaker,4.0,refgame,1.0,page-B,,,0.0,01KJN7JJ1T0XBC815C25NRSF57,False,,,,,,,False,False,29.0,,0.0,1772388018523,1772388063879,45356,2.0,01KJN792W85XPK9QGH8A6HSYSJ,,3,False,True,False,,,,,,,,False,
01KJN6MMPQTMDYRN709DP5DSDA,01KJN79ZRTRDMY6RH8ZCYCM9NV,Minu,A,A,speaker,4.0,refgame,2.0,page7-255,,,2.0,01KJN7KZ5M1XWQ8FNDY900FYQM,False,,,,,,,False,False,63.0,,0.0,1772388488743,1772388499700,10957,2.0,01KJN79ZRTRDMY6RH8ZCYCM9NV,,3,False,True,False,,,,,,,,False,
01KJN6MMPQTMDYRN709968YFN1,01KJN79Y7T0VZNKHTSJRZWTDZ5,Player,B,A,listener,1.0,refgame,2.0,page5-28,page5-28,True,2.0,01KJN7K5QTW7QTY2YZ2RYQ8PFC,False,,,,,,,False,False,45.0,,0.0,1772388570727,1772388584677,13950,,01KJN788SPAKVVBHX9T9FDQWAF,True,3,False,True,True,,,,,,,,False,
01KJN6MMPQTMDYRN709968YFN1,01KJN791EPN054R2NTQQ1BFXJ5,Player,A,A,listener,3.0,refgame,2.0,page7-107,page7-107,True,2.0,01KJN7K5JRJN9SQSEXHP0BHV6E,False,,,,,,,False,False,56.0,,0.0,1772388793036,1772388804530,11494,,01KJN78B0TFR8F59JDGD057XNS,True,3,False,True,True,,,,,,,,False,
01KJN6MMQ03KZPZN0275VZXK6R,01KJN79J529BWBWTESKB6D9MB7,Player,C,C,listener,5.0,refgame,2.0,page-B,page-B,True,2.0,01KJN7JJ4CKNN14ST5Y145D20Z,False,,,,,,,False,False,70.0,,0.0,1772389290904,1772389309182,18278,,01KJN78DQ6KC0F9N1HA0BPB44R,True,3,False,True,True,,,,,,,,False,
01KJN6MMPQTMDYRN709DP5DSDA,01KJN7B32C1C5254NSG6ZK1GRK,Laju,A,A,listener,4.0,refgame,2.0,page-B,page-B,True,2.0,01KJN7KYZJSMEX4580M0EBGRRX,False,,,,,,,False,False,60.0,,0.0,1772388433928,1772388447118,13190,,01KJN79ZRTRDMY6RH8ZCYCM9NV,True,3,False,True,True,,,,,,,,False,
01KJN6MMPQTMDYRN709968YFN1,01KJN79Y7T0VZNKHTSJRZWTDZ5,Player,B,A,listener,1.0,refgame,2.0,page7-255,page7-26,False,0.0,01KJN7K5H1PH5ESEXBMX7QYY9Q,False,,,,,,,False,False,44.0,,0.0,1772388543100,1772388563020,19920,,01KJN791EPN054R2NTQQ1BFXJ5,False,3,False,True,True,,,,,,,,False,
01KJN6MMQ03KZPZN0275VZXK6R,01KJN792W85XPK9QGH8A6HSYSJ,Player,B,C,listener,2.0,refgame,2.0,page5-28,page5-28,True,2.0,01KJN7JJ144X9C126M86JNY5Y5,False,,,,,,,False,False,50.0,,0.0,1772388771422,1772388791447,20025,,01KJN7AZC7FAG17CY924MRTCF7,False,3,False,True,True,,,,,,,,False,
01KJN6MMPQTMDYRN709968YFN1,01KJN78B0TFR8F59JDGD057XNS,Repi,A,A,listener,1.0,refgame,1.0,page7-107,page7-107,True,2.0,01KJN7K5FPBRARD9EVC2PVD07Q,False,,,,,,,False,False,8.0,,0.0,1772387081275,1772387110069,28794,,01KJN791EPN054R2NTQQ1BFXJ5,True,3,False,True,True,,,,,,,,False,
01KJN6MMPQTMDYRN709DP5DSDA,01KJN7B4V2673GK7HGVSG52R2P,Hera,B,B,listener,2.0,refgame,1.0,page3-35,page3-35,True,2.0,01KJN7KZ3M8KXQP0VQS1EMDAYN,False,,,,,,,False,False,13.0,,0.0,1772387315644,1772387338498,22854,,01KJN7BYA5X3A2G30KZECRY2HY,True,3,False,True,True,,,,,,,,False,
01KJN6MMPQTMDYRN709DP5DSDA,01KJN7BYA5X3A2G30KZECRY2HY,Bavi,B,B,listener,0.0,refgame,1.0,page3-35,page3-35,True,2.0,01KJN7KYVMH6VJC6N59GV39RY1,False,,,,,,,False,False,1.0,,0.0,1772386711287,1772386756289,45002,,01KJN7B4V2673GK7HGVSG52R2P,True,3,False,True,True,,,,,,,,False,
01KJN6MMQ03KZPZN0275VZXK6R,01KJN79B14FBSYSKKCG2BYVBB6,Repi,A,A,speaker,3.0,refgame,1.0,page-B,,,2.0,01KJN7JJ0QKQ5P6F29RGF08AK3,False,,,,,,,False,False,18.0,,0.0,1772387500305,1772387527911,27606,2.0,01KJN79B14FBSYSKKCG2BYVBB6,,3,False,True,False,,,,,,,,False,
01KJN6MMPQTMDYRN709DP5DSDA,01KJN7931DXZ65NXTWK1GNEZMW,Nori,C,C,listener,3.0,refgame,1.0,page9-46,page9-46,True,2.0,01KJN7KYX0NA6EE02CQYEKX5QJ,False,,,,,,,False,False,20.0,,0.0,1772387587210,1772387601216,14006,,01KJN79ZQD1E4YD03FE5CGJY8K,True,3,False,True,True,,,,,,,,False,
01KJN6MMPQTMDYRN709968YFN1,01KJN78JVY5FN5QXW9XGGE72RG,Laju,A,A,speaker,5.0,refgame,1.0,page7-107,,,2.0,01KJN7K5FY9W5FE9ETY2P4WBNM,False,,,,,,,False,False,30.0,,0.0,1772388079202,1772388103303,24101,2.0,01KJN78JVY5FN5QXW9XGGE72RG,,3,False,True,False,,,,,,,,False,
01KJN6MMPQTMDYRN709DP5DSDA,01KJN7BYA5X3A2G30KZECRY2HY,Bavi,B,B,speaker,2.0,refgame,2.0,page3-35,,,2.0,01KJN7KZ675C4DZYAWX412DRNF,False,,,,,,,False,False,49.0,,0.0,1772388265292,1772388271918,6626,1.0,01KJN7BYA5X3A2G30KZECRY2HY,,3,False,True,False,,,,,,,,False,
01KJN6MMPQTMDYRN709968YFN1,01KJN78B0TFR8F59JDGD057XNS,Repi,A,A,speaker,0.0,refgame,1.0,page3-35,,,2.0,01KJN7K5HHFJZXYFX14TKSFBHN,False,,,,,,,False,False,4.0,,0.0,1772386867613,1772386912635,45022,1.0,01KJN78B0TFR8F59JDGD057XNS,,3,False,True,False,,,,,,,,False,
01KJN6MMPQTMDYRN709DP5DSDA,01KJN79PCAAMFX7P2QF70Y3HJM,Repi,A,A,listener,4.0,refgame,1.0,page7-255,page7-255,True,2.0,01KJN7KYWTHVP18XWA27WSJNEC,False,,,,,,,False,False,27.0,,0.0,1772387770894,1772387815936,45042,,01KJN79ZRTRDMY6RH8ZCYCM9NV,True,3,False,True,True,,,,,,,,False,
01KJN6MMQ03KZPZN0275VZXK6R,01KJN7C40WEQBDF48ACG18M0EV,Player,B,C,speaker,3.0,refgame,2.0,page3-35,,,1.0,01KJN7JJ0NZ29KXJEZX39HD183,False,,,,,,,False,False,59.0,,0.0,1772389012806,1772389032810,20004,2.0,01KJN7C40WEQBDF48ACG18M0EV,,3,False,True,False,,,,,,,,False,
01KJN6MMPQTMDYRN709968YFN1,01KJN78JVY5FN5QXW9XGGE72RG,Laju,A,A,listener,4.0,refgame,1.0,page5-28,page5-28,True,2.0,01KJN7K5KQ8WFY6EA4MTPDWMDN,False,,,,,,,False,False,27.0,,0.0,1772387967408,1772387993664,26256,,01KJN791EPN054R2NTQQ1BFXJ5,True,3,False,True,True,,,,,,,,False,
01KJN6MMPQTMDYRN709DP5DSDA,01KJN79ZQD1E4YD03FE5CGJY8K,Lika,C,C,listener,1.0,refgame,2.0,page5-28,page5-28,True,2.0,01KJN7KYX76441G4MZVKJSBPHS,False,,,,,,,False,False,42.0,,0.0,1772388151863,1772388163936,12073,,01KJN77XQHYQ5TVVY4HZM02E7R,True,3,False,True,True,,,,,,,,False,
01KJN6MMQ03KZPZN0275VZXK6R,01KJN7C40WEQBDF48ACG18M0EV,Player,B,C,speaker,0.0,refgame,2.0,page9-46,,,1.0,01KJN7JJ1R0ZCD3D5GW7K272MC,False,,,,,,,False,False,40.0,,0.0,1772388475619,1772388495644,20025,1.0,01KJN7C40WEQBDF48ACG18M0EV,,3,False,True,False,,,,,,,,False,
01KJN6MMQ03KZPZN0275VZXK6R,01KJN7AAX1VHZ1A7ZB35BNRH8N,Player,A,C,listener,2.0,refgame,2.0,page7-255,page7-255,True,2.0,01KJN7JJ17ZTZ9QC0YBJF7F8VH,False,,,,,,,False,False,49.0,,0.0,1772388742925,1772388762952,20027,,01KJN7AZC7FAG17CY924MRTCF7,True,3,False,True,True,,,,,,,,False,
01KJN6MMPQTMDYRN709968YFN1,01KJN796KT7FCNV2F9QNCQDSES,Felu,C,C,listener,2.0,refgame,1.0,page3-35,page3-35,True,2.0,01KJN7K5JZQZB4NY8FJRJX504H,False,,,,,,,False,False,12.0,,0.0,1772387282349,1772387317911,35562,,01KJN79ZDP3YNFFHHQA302PJDP,True,3,False,True,True,,,,,,,,False,
01KJN6MMPQTMDYRN709DP5DSDA,01KJN7BYA5X3A2G30KZECRY2HY,Bavi,B,B,listener,3.0,refgame,1.0,page9-46,page9-46,True,2.0,01KJN7KYX0NA6EE02CQYEKX5QJ,False,,,,,,,False,False,20.0,,0.0,1772387587210,1772387601216,14006,,01KJN7B4V2673GK7HGVSG52R2P,True,3,False,True,True,,,,,,,,False,
01KJN6MMPQTMDYRN709968YFN1,01KJN788SPAKVVBHX9T9FDQWAF,Zuda,B,B,listener,5.0,refgame,1.0,page7-255,page7-255,True,2.0,01KJN7K5K5Y5YKVY7Z5PH8EA1C,False,,,,,,,False,False,34.0,,0.0,1772388215821,1772388254481,38660,,01KJN78CQJ3KY7VMGAR6F3D4S0,True,3,False,True,True,,,,,,,,False,
01KJN6MMPQTMDYRN709968YFN1,01KJN79Y7T0VZNKHTSJRZWTDZ5,Hera,B,B,listener,5.0,refgame,1.0,page9-46,page7-107,False,0.0,01KJN7K5JWFN5D8CSNKKGAEAS0,False,,,,,,,False,False,35.0,,0.0,1772388261446,1772388306475,45029,,01KJN78CQJ3KY7VMGAR6F3D4S0,True,3,False,True,True,,,,,,,,False,
01KJN6MMPQTMDYRN709968YFN1,01KJN791EPN054R2NTQQ1BFXJ5,Player,A,A,listener,2.0,refgame,2.0,page7-107,page7-107,True,2.0,01KJN7K5KWYEW2XHWSPH3S9Q47,False,,,,,,,False,False,49.0,,0.0,1772388657038,1772388669026,11988,,01KJN78CQJ3KY7VMGAR6F3D4S0,False,3,False,True,True,,,,,,,,False,
01KJN6MMQ03KZPZN0275VZXK6R,01KJN7AZC7FAG17CY924MRTCF7,Player,A,C,listener,1.0,refgame,2.0,page7-107,page5-142,False,0.0,01KJN7JJ0ZHPHTDK0XMJNPQY31,False,,,,,,,False,False,47.0,,0.0,1772388682955,1772388702993,20038,,01KJN7863BFF3ZYZGVVSATZTH7,False,3,False,True,True,,,,,,,,False,
01KJN6MMPQTMDYRN709968YFN1,01KJN791EPN054R2NTQQ1BFXJ5,Player,A,A,listener,5.0,refgame,2.0,page7-255,page7-255,True,2.0,01KJN7K5QNDHCB49S4Q90QXRYG,False,,,,,,,False,False,67.0,,0.0,1772389025099,1772389044573,19474,,01KJN78JVY5FN5QXW9XGGE72RG,True,3,False,True,True,,,,,,,,False,
01KJN6MMPQTMDYRN709968YFN1,01KJN78JVY5FN5QXW9XGGE72RG,Laju,A,A,listener,0.0,refgame,1.0,page7-255,page9-46,False,0.0,01KJN7K5JCNXJGPF3SH23VVTP4,False,,,,,,,False,False,3.0,,0.0,1772386806901,1772386851896,44995,,01KJN78B0TFR8F59JDGD057XNS,True,3,False,True,True,,,,,,,,False,
01KJN6MMQ03KZPZN0275VZXK6R,01KJN7863BFF3ZYZGVVSATZTH7,Felu,C,C,listener,3.0,refgame,1.0,page7-107,page7-107,True,2.0,01KJN7JJ46829SY13E2SZ3F6SZ,False,,,,,,,False,False,23.0,,0.0,1772387751836,1772387795619,43783,,01KJN79J529BWBWTESKB6D9MB7,True,3,False,True,True,,,,,,,,False,
01KJN6MMPQTMDYRN709DP5DSDA,01KJN77XQHYQ5TVVY4HZM02E7R,Felu,C,C,speaker,4.0,refgame,1.0,page7-255,,,2.0,01KJN7KYWTHVP18XWA27WSJNEC,False,,,,,,,False,False,27.0,,0.0,1772387770894,1772387815936,45042,2.0,01KJN77XQHYQ5TVVY4HZM02E7R,,3,False,True,False,,,,,,,,False,
01KJN6MMPQTMDYRN709DP5DSDA,01KJN7B32C1C5254NSG6ZK1GRK,Laju,A,A,listener,1.0,refgame,2.0,page7-255,page7-255,True,2.0,01KJN7KYX5K9668G0J8VAVZ5YF,False,,,,,,,False,False,43.0,,0.0,1772388168595,1772388178913,10318,,01KJN79ZRTRDMY6RH8ZCYCM9NV,True,3,False,True,True,,,,,,,,False,
01KJN6MMPQTMDYRN709968YFN1,01KJN788SPAKVVBHX9T9FDQWAF,Player,B,B,listener,0.0,refgame,2.0,page9-46,page9-46,True,2.0,01KJN7K5JAKET26PNAKC1WNN1S,False,,,,,,,False,False,38.0,,0.0,1772388398504,1772388418620,20116,,01KJN79Y7T0VZNKHTSJRZWTDZ5,True,3,False,True,True,,,,,,,,False,
01KJN6MMPQTMDYRN709DP5DSDA,01KJN7931DXZ65NXTWK1GNEZMW,Nori,C,C,listener,4.0,refgame,2.0,page-B,page-B,True,2.0,01KJN7KYZJSMEX4580M0EBGRRX,False,,,,,,,False,False,60.0,,0.0,1772388433928,1772388447118,13190,,01KJN77XQHYQ5TVVY4HZM02E7R,True,3,False,True,True,,,,,,,,False,
01KJN6MMPQTMDYRN709968YFN1,01KJN79Y7T0VZNKHTSJRZWTDZ5,Hera,B,B,listener,1.0,refgame,1.0,page3-35,page3-35,True,2.0,01KJN7K5HFQ0YWS0B8B4TY02DQ,False,,,,,,,False,False,6.0,,0.0,1772386972417,1772387017438,45021,,01KJN788SPAKVVBHX9T9FDQWAF,True,3,False,True,True,,,,,,,,False,
01KJN6MMQ03KZPZN0275VZXK6R,01KJN7C40WEQBDF48ACG18M0EV,Hera,B,B,listener,1.0,refgame,1.0,page5-28,page5-28,True,2.0,01KJN7JHZNKNR7P7NGWFBFRP56,False,,,,,,,False,False,8.0,,0.0,1772387040356,1772387085361,45005,,01KJN792W85XPK9QGH8A6HSYSJ,True,3,False,True,True,,,,,,,,False,
01KJN6MMPQTMDYRN709968YFN1,01KJN78M7563R5D9TQE5G142DA,Lika,C,C,listener,2.0,refgame,1.0,page9-46,page5-28,False,0.0,01KJN7K5HXVCRWCHH6JDWC7QS9,False,,,,,,,False,False,13.0,,0.0,1772387325214,1772387352995,27781,,01KJN79ZDP3YNFFHHQA302PJDP,True,3,False,True,True,,,,,,,,False,
01KJN6MMPQTMDYRN709DP5DSDA,01KJN79ZRTRDMY6RH8ZCYCM9NV,Minu,A,A,listener,3.0,refgame,1.0,page7-255,page4-157,False,0.0,01KJN7KYZNJ3BKWKDZS9HS506H,False,,,,,,,False,False,18.0,,0.0,1772387503339,1772387541863,38524,,01KJN79PCAAMFX7P2QF70Y3HJM,True,3,False,True,True,,,,,,,,False,
01KJN6MMQ03KZPZN0275VZXK6R,01KJN7C40WEQBDF48ACG18M0EV,Hera,B,B,listener,2.0,refgame,1.0,page3-35,,False,0.0,01KJN7JJ0PJYQE826DEW5XH116,False,,,,,,,True,False,12.0,,0.0,1772387236366,1772387281380,45014,,01KJN7A44GGBE9XR412KV5BFSC,True,3,False,True,True,,,,,,,,False,
01KJN6MMPQTMDYRN709DP5DSDA,01KJN7B32C1C5254NSG6ZK1GRK,Laju,A,A,listener,4.0,refgame,1.0,page7-107,page7-107,True,2.0,01KJN7KYWYTD5D3M21S2X8P0AA,False,,,,,,,False,False,26.0,,0.0,1772387745826,1772387764604,18778,,01KJN79ZRTRDMY6RH8ZCYCM9NV,True,3,False,True,True,,,,,,,,False,
01KJN6MMQ03KZPZN0275VZXK6R,01KJN7863BFF3ZYZGVVSATZTH7,Player,C,A,listener,3.0,refgame,2.0,page3-35,page3-35,True,2.0,01KJN7JJ0NZ29KXJEZX39HD183,False,,,,,,,False,False,59.0,,0.0,1772389012806,1772389032810,20004,,01KJN79J529BWBWTESKB6D9MB7,True,3,False,True,True,,,,,,,,False,
01KJN6MMPQTMDYRN709DP5DSDA,01KJN7AAWT4GWKRZ7B9775509P,Zuda,B,B,listener,5.0,refgame,2.0,page9-46,page9-46,True,2.0,01KJN7KZ4514C3QZK5XNERM52K,False,,,,,,,False,False,67.0,,0.0,1772388551585,1772388565781,14196,,01KJN7BYA5X3A2G30KZECRY2HY,True,3,False,True,True,,,,,,,,False,
01KJN6MMPQTMDYRN709DP5DSDA,01KJN77XQHYQ5TVVY4HZM02E7R,Felu,C,C,listener,0.0,refgame,1.0,page7-255,page7-255,True,2.0,01KJN7KYY7ZXJQFEB6A26GX86K,False,,,,,,,False,False,3.0,,0.0,1772386819116,1772386858961,39845,,01KJN79ZQD1E4YD03FE5CGJY8K,True,3,False,True,True,,,,,,,,False,
01KJN6MMPQTMDYRN709968YFN1,01KJN79Y7T0VZNKHTSJRZWTDZ5,Hera,B,B,speaker,0.0,refgame,1.0,page5-28,,,1.0,01KJN7K5FJH6VAH8DMSYVN52WF,False,,,,,,,False,False,1.0,,0.0,1772386685473,1772386730491,45018,1.0,01KJN79Y7T0VZNKHTSJRZWTDZ5,,3,False,True,False,,,,,,,,False,
01KJN6MMPQTMDYRN709968YFN1,01KJN79Y7T0VZNKHTSJRZWTDZ5,Player,B,B,listener,1.0,refgame,2.0,page9-46,page9-46,True,2.0,01KJN7K5QW5JZFE563TZ3V1T5B,False,,,,,,,False,False,43.0,,0.0,1772388514078,1772388534070,19992,,01KJN788SPAKVVBHX9T9FDQWAF,True,3,False,True,True,,,,,,,,False,
01KJN6MMQ03KZPZN0275VZXK6R,01KJN79B14FBSYSKKCG2BYVBB6,Player,A,A,listener,2.0,refgame,2.0,page9-46,page9-46,True,2.0,01KJN7JJ123XE0WCHG834D1V4V,False,,,,,,,False,False,51.0,,0.0,1772388798958,1772388816891,17933,,01KJN7A44GGBE9XR412KV5BFSC,False,3,False,True,True,,,,,,,,False,
01KJN6MMPQTMDYRN709968YFN1,01KJN78CQJ3KY7VMGAR6F3D4S0,Player,B,A,speaker,5.0,refgame,2.0,page-B,,,2.0,01KJN7K5N09J8MC2H7WV1N1KZ3,False,,,,,,,False,False,71.0,,0.0,1772389095691,1772389105196,9505,2.0,01KJN78CQJ3KY7VMGAR6F3D4S0,,3,False,True,False,,,,,,,,False,
01KJN6MMPQTMDYRN709DP5DSDA,01KJN77XQHYQ5TVVY4HZM02E7R,Felu,C,C,listener,3.0,refgame,1.0,page-B,page-B,True,2.0,01KJN7KYWVG5D3PX554T4PG812,False,,,,,,,False,False,21.0,,0.0,1772387605450,1772387631251,25801,,01KJN79ZQD1E4YD03FE5CGJY8K,True,3,False,True,True,,,,,,,,False,
01KJN6MMPQTMDYRN709968YFN1,01KJN78B0TFR8F59JDGD057XNS,Repi,A,A,listener,4.0,refgame,1.0,page5-28,page5-28,True,2.0,01KJN7K5KQ8WFY6EA4MTPDWMDN,False,,,,,,,False,False,27.0,,0.0,1772387967408,1772387993664,26256,,01KJN791EPN054R2NTQQ1BFXJ5,True,3,False,True,True,,,,,,,,False,
01KJN6MMPQTMDYRN709968YFN1,01KJN78CQJ3KY7VMGAR6F3D4S0,Player,B,B,listener,1.0,refgame,2.0,page7-107,page7-107,True,2.0,01KJN7K5HCEVM6Q4JCTG9KFQNS,False,,,,,,,False,False,47.0,,0.0,1772388612593,1772388622602,10009,,01KJN788SPAKVVBHX9T9FDQWAF,True,3,False,True,True,,,,,,,,False,
01KJN6MMPQTMDYRN709968YFN1,01KJN791EPN054R2NTQQ1BFXJ5,Minu,A,A,speaker,4.0,refgame,1.0,page-B,,,2.0,01KJN7K5N24QKEVGWFQFH8SHND,False,,,,,,,False,False,24.0,,0.0,1772387859403,1772387894789,35386,2.0,01KJN791EPN054R2NTQQ1BFXJ5,,3,False,True,False,,,,,,,,False,
01KJN6MMQ03KZPZN0275VZXK6R,01KJN7863BFF3ZYZGVVSATZTH7,Player,C,C,listener,0.0,refgame,2.0,page5-28,page5-28,True,2.0,01KJN7JJ1VVYECS34J9NT698WM,False,,,,,,,False,False,39.0,,0.0,1772388446349,1772388466403,20054,,01KJN79B14FBSYSKKCG2BYVBB6,False,3,False,True,True,,,,,,,,False,
01KJN6MMQ03KZPZN0275VZXK6R,01KJN79B14FBSYSKKCG2BYVBB6,Player,A,C,listener,2.0,refgame,2.0,page5-28,page5-28,True,2.0,01KJN7JJ144X9C126M86JNY5Y5,False,,,,,,,False,False,50.0,,0.0,1772388771422,1772388791447,20025,,01KJN7AZC7FAG17CY924MRTCF7,True,3,False,True,True,,,,,,,,False,
01KJN6MMQ03KZPZN0275VZXK6R,01KJN7AZC7FAG17CY924MRTCF7,Player,A,C,listener,4.0,refgame,2.0,page7-255,page7-255,True,2.0,01KJN7JJ4MVHVY4E5F7G465MK8,False,,,,,,,False,False,60.0,,0.0,1772389039235,1772389059240,20005,,01KJN7863BFF3ZYZGVVSATZTH7,False,3,False,True,True,,,,,,,,False,
01KJN6MMPQTMDYRN709DP5DSDA,01KJN7BYA5X3A2G30KZECRY2HY,Bavi,B,B,listener,0.0,refgame,2.0,page7-255,page7-255,True,2.0,01KJN7KYYA4F2NERJFZQJ023GY,False,,,,,,,False,False,38.0,,0.0,1772388082220,1772388092151,9931,,01KJN7B4V2673GK7HGVSG52R2P,True,3,False,True,True,,,,,,,,False,
01KJN6MMPQTMDYRN709DP5DSDA,01KJN7AAWT4GWKRZ7B9775509P,Zuda,B,B,listener,3.0,refgame,2.0,page5-28,page5-28,True,2.0,01KJN7KZ3Q92SVP2Y70T8S3RW4,False,,,,,,,False,False,58.0,,0.0,1772388403986,1772388416078,12092,,01KJN7B4V2673GK7HGVSG52R2P,True,3,False,True,True,,,,,,,,False,
01KJN6MMPQTMDYRN709968YFN1,01KJN78B0TFR8F59JDGD057XNS,Player,A,B,listener,5.0,refgame,2.0,page-B,page-B,True,2.0,01KJN7K5N09J8MC2H7WV1N1KZ3,False,,,,,,,False,False,71.0,,0.0,1772389095691,1772389105196,9505,,01KJN78JVY5FN5QXW9XGGE72RG,True,3,False,True,True,,,,,,,,False,
01KJN6MMQ03KZPZN0275VZXK6R,01KJN79B14FBSYSKKCG2BYVBB6,Repi,A,A,speaker,0.0,refgame,1.0,page5-28,,,1.0,01KJN7JHZFFFSQ6C949D4A45VQ,False,,,,,,,False,False,2.0,,0.0,1772386731115,1772386774129,43014,1.0,01KJN79B14FBSYSKKCG2BYVBB6,,3,False,True,False,,,,,,,,False,
01KJN6MMPQTMDYRN709968YFN1,01KJN788SPAKVVBHX9T9FDQWAF,Zuda,B,B,listener,2.0,refgame,1.0,page5-28,page5-28,True,2.0,01KJN7K5JK17KT4QXX6TA90JSY,False,,,,,,,False,False,17.0,,0.0,1772387520964,1772387561058,40094,,01KJN78CQJ3KY7VMGAR6F3D4S0,True,3,False,True,True,,,,,,,,False,
01KJN6MMQ03KZPZN0275VZXK6R,01KJN7A44GGBE9XR412KV5BFSC,Bavi,B,B,listener,4.0,refgame,1.0,page3-35,page3-35,True,2.0,01KJN7JJ4HZG5Q1EBE5FNHKG1D,False,,,,,,,False,False,24.0,,0.0,1772387807706,1772387836077,28371,,01KJN792W85XPK9QGH8A6HSYSJ,True,3,False,True,True,,,,,,,,False,
01KJN6MMQ03KZPZN0275VZXK6R,01KJN7A44GGBE9XR412KV5BFSC,Player,B,A,speaker,2.0,refgame,2.0,page9-46,,,2.0,01KJN7JJ123XE0WCHG834D1V4V,False,,,,,,,False,False,51.0,,0.0,1772388798958,1772388816891,17933,1.0,01KJN7A44GGBE9XR412KV5BFSC,,3,False,True,False,,,,,,,,False,
01KJN6MMPQTMDYRN709DP5DSDA,01KJN7BYA5X3A2G30KZECRY2HY,Bavi,B,B,listener,4.0,refgame,1.0,page5-28,page5-28,True,2.0,01KJN7KYWFXTPDV5GRYPW63TV1,False,,,,,,,False,False,24.0,,0.0,1772387688519,1772387709099,20580,,01KJN7AAWT4GWKRZ7B9775509P,True,3,False,True,True,,,,,,,,False,
01KJN6MMQ03KZPZN0275VZXK6R,01KJN79J529BWBWTESKB6D9MB7,Player,C,B,speaker,0.0,refgame,2.0,page5-28,,,2.0,01KJN7JJ1VVYECS34J9NT698WM,False,,,,,,,False,False,39.0,,0.0,1772388446349,1772388466403,20054,1.0,01KJN79J529BWBWTESKB6D9MB7,,3,False,True,False,,,,,,,,False,
01KJN6MMPQTMDYRN709968YFN1,01KJN78JVY5FN5QXW9XGGE72RG,Player,A,B,listener,3.0,refgame,2.0,page5-28,page5-28,True,2.0,01KJN7K5KEK1TQNG8SEZSQCCXK,False,,,,,,,False,False,59.0,,0.0,1772388852279,1772388868305,16026,,01KJN79Y7T0VZNKHTSJRZWTDZ5,False,3,False,True,True,,,,,,,,False,
01KJN6MMQ03KZPZN0275VZXK6R,01KJN79B14FBSYSKKCG2BYVBB6,Player,A,B,speaker,3.0,refgame,2.0,page3-35,,,2.0,01KJN7JJ0NZ29KXJEZX39HD183,False,,,,,,,False,False,59.0,,0.0,1772389012806,1772389032810,20004,2.0,01KJN79B14FBSYSKKCG2BYVBB6,,3,False,True,False,,,,,,,,False,
01KJN6MMPQTMDYRN709968YFN1,01KJN78B0TFR8F59JDGD057XNS,Repi,A,A,listener,2.0,refgame,1.0,page9-46,page9-46,True,2.0,01KJN7K5HXVCRWCHH6JDWC7QS9,False,,,,,,,False,False,13.0,,0.0,1772387325214,1772387352995,27781,,01KJN78JVY5FN5QXW9XGGE72RG,True,3,False,True,True,,,,,,,,False,
01KJN6MMPQTMDYRN709968YFN1,01KJN796KT7FCNV2F9QNCQDSES,Felu,C,C,listener,3.0,refgame,1.0,page9-46,page5-63,False,0.0,01KJN7K5J3HZW6MM8NGDQP6NN7,False,,,,,,,False,False,20.0,,0.0,1772387676121,1772387720266,44145,,01KJN78M7563R5D9TQE5G142DA,True,3,False,True,True,,,,,,,,False,
01KJN6MMPQTMDYRN709DP5DSDA,01KJN7BYA5X3A2G30KZECRY2HY,Bavi,B,B,speaker,5.0,refgame,1.0,page-B,,,2.0,01KJN7KYZ4BR3PV6SVPD7F89EN,False,,,,,,,False,False,33.0,,0.0,1772387934640,1772387950421,15781,2.0,01KJN7BYA5X3A2G30KZECRY2HY,,3,False,True,False,,,,,,,,False,
01KJN6MMQ03KZPZN0275VZXK6R,01KJN792W85XPK9QGH8A6HSYSJ,Player,B,A,speaker,4.0,refgame,2.0,page9-46,,,2.0,01KJN7JJ4KG1JY79DX9WK2TCTT,False,,,,,,,False,False,61.0,,0.0,1772389065241,1772389081575,16334,2.0,01KJN792W85XPK9QGH8A6HSYSJ,,3,False,True,False,,,,,,,,False,
01KJN6MMPQTMDYRN709968YFN1,01KJN78B0TFR8F59JDGD057XNS,Repi,A,A,speaker,0.0,refgame,1.0,page7-107,,,0.0,01KJN7K5FA1TQ33CB0SW5804S0,False,,,,,,,False,False,0.0,,0.0,1772386630486,1772386675490,45004,1.0,01KJN78B0TFR8F59JDGD057XNS,,3,False,True,False,,,,,,,,False,
01KJN6MMPQTMDYRN709DP5DSDA,01KJN79ZQD1E4YD03FE5CGJY8K,Lika,C,C,listener,2.0,refgame,1.0,page9-46,page9-46,True,2.0,01KJN7KYZVF0MZ734PHRTBKCFB,False,,,,,,,False,False,17.0,,0.0,1772387460255,1772387497754,37499,,01KJN7931DXZ65NXTWK1GNEZMW,True,3,False,True,True,,,,,,,,False,
01KJN6MMQ03KZPZN0275VZXK6R,01KJN7C40WEQBDF48ACG18M0EV,Player,B,A,listener,1.0,refgame,2.0,page7-107,,False,0.0,01KJN7JJ0ZHPHTDK0XMJNPQY31,False,,,,,,,True,False,47.0,,0.0,1772388682955,1772388702993,20038,,01KJN792W85XPK9QGH8A6HSYSJ,True,3,False,False,False,,,,,,,,False,
01KJN6MMQ03KZPZN0275VZXK6R,01KJN79J529BWBWTESKB6D9MB7,Lika,C,C,listener,5.0,refgame,1.0,page9-46,page9-46,True,2.0,01KJN7JJ1GTZ14GD5SHH1T9KDQ,False,,,,,,,False,False,33.0,,0.0,1772388186835,1772388202360,15525,,01KJN78DQ6KC0F9N1HA0BPB44R,True,3,False,True,True,,,,,,,,False,
01KJN6MMQ03KZPZN0275VZXK6R,01KJN7C40WEQBDF48ACG18M0EV,Player,B,B,speaker,0.0,refgame,2.0,page3-35,,,2.0,01KJN7JJ1PF41J166TSJBZWQBB,False,,,,,,,False,False,41.0,,0.0,1772388502377,1772388519944,17567,1.0,01KJN7C40WEQBDF48ACG18M0EV,,3,False,True,False,,,,,,,,False,
01KJN6MMPQTMDYRN709968YFN1,01KJN78JVY5FN5QXW9XGGE72RG,Player,A,A,listener,1.0,refgame,2.0,page7-107,page7-107,True,2.0,01KJN7K5HCEVM6Q4JCTG9KFQNS,False,,,,,,,False,False,47.0,,0.0,1772388612593,1772388622602,10009,,01KJN791EPN054R2NTQQ1BFXJ5,True,3,False,True,True,,,,,,,,False,
01KJN6MMPQTMDYRN709DP5DSDA,01KJN79PCAAMFX7P2QF70Y3HJM,Repi,A,A,listener,4.0,refgame,1.0,page5-28,page5-28,True,2.0,01KJN7KYWFXTPDV5GRYPW63TV1,False,,,,,,,False,False,24.0,,0.0,1772387688519,1772387709099,20580,,01KJN79ZRTRDMY6RH8ZCYCM9NV,True,3,False,True,True,,,,,,,,False,
01KJN6MMPQTMDYRN709DP5DSDA,01KJN77XQHYQ5TVVY4HZM02E7R,Felu,C,C,listener,3.0,refgame,2.0,page5-28,page5-28,True,2.0,01KJN7KZ3Q92SVP2Y70T8S3RW4,False,,,,,,,False,False,58.0,,0.0,1772388403986,1772388416078,12092,,01KJN79ZQD1E4YD03FE5CGJY8K,True,3,False,True,True,,,,,,,,False,
01KJN6MMQ03KZPZN0275VZXK6R,01KJN78DQ6KC0F9N1HA0BPB44R,Player,C,B,listener,0.0,refgame,2.0,page5-28,page5-28,True,2.0,01KJN7JJ1VVYECS34J9NT698WM,False,,,,,,,False,False,39.0,,0.0,1772388446349,1772388466403,20054,,01KJN79J529BWBWTESKB6D9MB7,True,3,False,True,True,,,,,,,,False,
01KJN6MMQ03KZPZN0275VZXK6R,01KJN7AAX1VHZ1A7ZB35BNRH8N,Player,A,A,speaker,4.0,refgame,2.0,page7-107,,,2.0,01KJN7JJ4J76TV80J433JG2B0V,False,,,,,,,False,False,64.0,,0.0,1772389135659,1772389154915,19256,2.0,01KJN7AAX1VHZ1A7ZB35BNRH8N,,3,False,True,False,,,,,,,,False,
01KJN6MMQ03KZPZN0275VZXK6R,01KJN78DQ6KC0F9N1HA0BPB44R,Player,C,B,speaker,5.0,refgame,2.0,page9-46,,,2.0,01KJN7JJ4B103R31J8V9CH41TX,False,,,,,,,False,False,71.0,,0.0,1772389316097,1772389335665,19568,2.0,01KJN78DQ6KC0F9N1HA0BPB44R,,3,False,True,False,,,,,,,,False,
01KJN6MMPQTMDYRN709968YFN1,01KJN791EPN054R2NTQQ1BFXJ5,Minu,A,A,listener,0.0,refgame,1.0,page9-46,page9-46,False,0.0,01KJN7K5HM3GRXQJ2R4WDZ9A25,False,,,,,,,False,False,5.0,,0.0,1772386918334,1772386963323,44989,,01KJN78B0TFR8F59JDGD057XNS,True,3,False,True,True,,,,,,,,False,
01KJN6MMPQTMDYRN709DP5DSDA,01KJN7B4V2673GK7HGVSG52R2P,Hera,B,B,listener,2.0,refgame,1.0,page7-107,page7-107,True,2.0,01KJN7KZ3TKA2G2034PKAJD3VQ,False,,,,,,,False,False,12.0,,0.0,1772387278345,1772387311206,32861,,01KJN7BYA5X3A2G30KZECRY2HY,True,3,False,True,True,,,,,,,,False,
01KJN6MMPQTMDYRN709DP5DSDA,01KJN79PCAAMFX7P2QF70Y3HJM,Repi,A,A,listener,5.0,refgame,1.0,page7-255,page7-255,True,2.0,01KJN7KYWAX41N5G0QPJ1GRFCF,False,,,,,,,False,False,35.0,,0.0,1772387974863,1772388005860,30997,,01KJN7B32C1C5254NSG6ZK1GRK,True,3,False,True,True,,,,,,,,False,
01KJN6MMPQTMDYRN709DP5DSDA,01KJN7BYA5X3A2G30KZECRY2HY,Bavi,B,B,listener,4.0,refgame,1.0,page-B,page-B,True,2.0,01KJN7KYX36Y98PXYV7H3VMGZH,False,,,,,,,False,False,25.0,,0.0,1772387714423,1772387741324,26901,,01KJN7AAWT4GWKRZ7B9775509P,True,3,False,True,True,,,,,,,,False,
01KJN6MMPQTMDYRN709DP5DSDA,01KJN79ZRTRDMY6RH8ZCYCM9NV,Minu,A,A,listener,5.0,refgame,1.0,page5-28,page5-28,True,2.0,01KJN7KYZA3BRY3D1F5P0C9MSA,False,,,,,,,False,False,32.0,,0.0,1772387915811,1772387930604,14793,,01KJN7B32C1C5254NSG6ZK1GRK,True,3,False,True,True,,,,,,,,False,
01KJN6MMPQTMDYRN709DP5DSDA,01KJN7931DXZ65NXTWK1GNEZMW,Nori,C,C,listener,0.0,refgame,2.0,page-B,page-B,True,2.0,01KJN7KYYKG4J0XFNGWMZ2451X,False,,,,,,,False,False,36.0,,0.0,1772388039295,1772388059290,19995,,01KJN79ZQD1E4YD03FE5CGJY8K,True,3,False,True,True,,,,,,,,False,
01KJN6MMPQTMDYRN709DP5DSDA,01KJN79ZRTRDMY6RH8ZCYCM9NV,Minu,A,A,speaker,1.0,refgame,2.0,page3-35,,,2.0,01KJN7KYXWXWC5F6JA6AZJ6Q67,False,,,,,,,False,False,46.0,,0.0,1772388216887,1772388227513,10626,1.0,01KJN79ZRTRDMY6RH8ZCYCM9NV,,3,False,True,False,,,,,,,,False,
01KJN6MMPQTMDYRN709968YFN1,01KJN791EPN054R2NTQQ1BFXJ5,Player,A,B,speaker,4.0,refgame,2.0,page7-107,,,0.0,01KJN7K5HAJG21SWCHMY8SXPNH,False,,,,,,,False,False,60.0,,0.0,1772388872168,1772388892199,20031,2.0,01KJN791EPN054R2NTQQ1BFXJ5,,3,False,False,False,,,,,,,,False,
01KJN6MMPQTMDYRN709968YFN1,01KJN788SPAKVVBHX9T9FDQWAF,Player,B,A,speaker,4.0,refgame,2.0,page5-28,,,2.0,01KJN7K5R759VFQZX7GK4PSP44,False,,,,,,,False,False,62.0,,0.0,1772388918371,1772388927960,9589,2.0,01KJN788SPAKVVBHX9T9FDQWAF,,3,False,True,False,,,,,,,,False,
01KJN6MMQ03KZPZN0275VZXK6R,01KJN7863BFF3ZYZGVVSATZTH7,Felu,C,C,listener,2.0,refgame,1.0,page5-28,page5-28,True,2.0,01KJN7JHZM2WM100YZYN6HXHWY,False,,,,,,,False,False,13.0,,0.0,1772387287191,1772387324321,37130,,01KJN78DQ6KC0F9N1HA0BPB44R,True,3,False,True,True,,,,,,,,False,
01KJN6MMPQTMDYRN709DP5DSDA,01KJN79ZRTRDMY6RH8ZCYCM9NV,Minu,A,A,listener,3.0,refgame,1.0,page7-107,page7-107,True,2.0,01KJN7KYZF6WBFK0HY3WZWJTDJ,False,,,,,,,False,False,23.0,,0.0,1772387661755,1772387678433,16678,,01KJN79PCAAMFX7P2QF70Y3HJM,True,3,False,True,True,,,,,,,,False,
01KJN6MMPQTMDYRN709968YFN1,01KJN788SPAKVVBHX9T9FDQWAF,Player,B,B,speaker,1.0,refgame,2.0,page-B,,,2.0,01KJN7K5R000K64SZACMCPEMWA,False,,,,,,,False,False,46.0,,0.0,1772388591304,1772388606901,15597,1.0,01KJN788SPAKVVBHX9T9FDQWAF,,3,False,True,False,,,,,,,,False,
01KJN6MMQ03KZPZN0275VZXK6R,01KJN7AZC7FAG17CY924MRTCF7,Player,A,A,listener,4.0,refgame,2.0,page7-107,page7-107,True,2.0,01KJN7JJ4J76TV80J433JG2B0V,False,,,,,,,False,False,64.0,,0.0,1772389135659,1772389154915,19256,,01KJN7AAX1VHZ1A7ZB35BNRH8N,True,3,False,True,True,,,,,,,,False,
01KJN6MMPQTMDYRN709DP5DSDA,01KJN79PCAAMFX7P2QF70Y3HJM,Repi,A,A,listener,5.0,refgame,2.0,page7-107,page7-107,True,2.0,01KJN7KYZYF9F6E5Z5YS0W94HW,False,,,,,,,False,False,71.0,,0.0,1772388610371,1772388617882,7511,,01KJN7B32C1C5254NSG6ZK1GRK,True,3,False,True,True,,,,,,,,False,
01KJN6MMQ03KZPZN0275VZXK6R,01KJN792W85XPK9QGH8A6HSYSJ,Player,B,B,speaker,1.0,refgame,2.0,page-B,,,0.0,01KJN7JJ106G1CY7M5XQTG2KY4,False,,,,,,,False,False,46.0,,0.0,1772388652073,1772388672170,20097,1.0,01KJN792W85XPK9QGH8A6HSYSJ,,3,False,True,False,,,,,,,,False,
01KJN6MMPQTMDYRN709DP5DSDA,01KJN7BYA5X3A2G30KZECRY2HY,Bavi,B,B,listener,1.0,refgame,1.0,page3-35,page3-35,True,2.0,01KJN7KZ4SZP3K0F01DSDYSY4B,False,,,,,,,False,False,7.0,,0.0,1772387028378,1772387064882,36504,,01KJN7AAWT4GWKRZ7B9775509P,True,3,False,True,True,,,,,,,,False,
01KJN6MMPQTMDYRN709DP5DSDA,01KJN7931DXZ65NXTWK1GNEZMW,Nori,C,C,listener,3.0,refgame,1.0,page-B,page-B,True,2.0,01KJN7KYWVG5D3PX554T4PG812,False,,,,,,,False,False,21.0,,0.0,1772387605450,1772387631251,25801,,01KJN79ZQD1E4YD03FE5CGJY8K,True,3,False,True,True,,,,,,,,False,
01KJN6MMQ03KZPZN0275VZXK6R,01KJN7C40WEQBDF48ACG18M0EV,Hera,B,B,speaker,3.0,refgame,1.0,page7-107,,,2.0,01KJN7JJ46829SY13E2SZ3F6SZ,False,,,,,,,False,False,23.0,,0.0,1772387751836,1772387795619,43783,2.0,01KJN7C40WEQBDF48ACG18M0EV,,3,False,True,False,,,,,,,,False,
01KJN6MMPQTMDYRN709DP5DSDA,01KJN79ZRTRDMY6RH8ZCYCM9NV,Minu,A,A,listener,0.0,refgame,2.0,page7-255,page4-157,False,0.0,01KJN7KYYA4F2NERJFZQJ023GY,False,,,,,,,False,False,38.0,,0.0,1772388082220,1772388092151,9931,,01KJN79PCAAMFX7P2QF70Y3HJM,True,3,False,True,True,,,,,,,,False,
01KJN6MMQ03KZPZN0275VZXK6R,01KJN7AZC7FAG17CY924MRTCF7,Laju,A,A,listener,1.0,refgame,1.0,page-B,page-B,True,2.0,01KJN7JJ0T9TQHTQBPKBZMWPWF,False,,,,,,,False,False,10.0,,0.0,1772387149191,1772387184311,35120,,01KJN7AAX1VHZ1A7ZB35BNRH8N,True,3,False,True,True,,,,,,,,False,
01KJN6MMQ03KZPZN0275VZXK6R,01KJN7A44GGBE9XR412KV5BFSC,Bavi,B,B,speaker,2.0,refgame,1.0,page7-255,,,1.0,01KJN7JJ0YKPRCT8KSF0KQWF0X,False,,,,,,,False,False,14.0,,0.0,1772387327727,1772387351607,23880,1.0,01KJN7A44GGBE9XR412KV5BFSC,,3,False,True,False,,,,,,,,False,
01KJN6MMPQTMDYRN709DP5DSDA,01KJN7AAWT4GWKRZ7B9775509P,Zuda,B,B,listener,2.0,refgame,1.0,page-B,page-B,True,2.0,01KJN7KZ33V5V719AES7EBWC0V,False,,,,,,,False,False,14.0,,0.0,1772387342438,1772387377362,34924,,01KJN7BYA5X3A2G30KZECRY2HY,True,3,False,True,True,,,,,,,,False,
01KJN6MMPQTMDYRN709968YFN1,01KJN796KT7FCNV2F9QNCQDSES,Felu,C,C,listener,5.0,refgame,1.0,page9-46,,False,0.0,01KJN7K5JWFN5D8CSNKKGAEAS0,False,,,,,,,True,False,35.0,,0.0,1772388261446,1772388306475,45029,,01KJN79ZDP3YNFFHHQA302PJDP,True,3,False,True,True,,,,,,,,False,
01KJN6MMQ03KZPZN0275VZXK6R,01KJN79B14FBSYSKKCG2BYVBB6,Player,A,A,listener,1.0,refgame,2.0,page7-255,page7-255,True,2.0,01KJN7JJ196KV3QWCGEJ4WFSSY,False,,,,,,,False,False,42.0,,0.0,1772388525929,1772388545961,20032,,01KJN7AAX1VHZ1A7ZB35BNRH8N,True,3,False,True,True,,,,,,,,False,
01KJN6MMPQTMDYRN709DP5DSDA,01KJN7931DXZ65NXTWK1GNEZMW,Nori,C,C,speaker,5.0,refgame,2.0,page3-35,,,2.0,01KJN7KZ3WZY96681Q55PTJZKP,False,,,,,,,False,False,68.0,,0.0,1772388569519,1772388575608,6089,2.0,01KJN7931DXZ65NXTWK1GNEZMW,,3,False,True,False,,,,,,,,False,
01KJN6MMQ03KZPZN0275VZXK6R,01KJN79J529BWBWTESKB6D9MB7,Player,C,C,listener,2.0,refgame,2.0,page7-107,page7-107,True,2.0,01KJN7JJ0XW9B6G59FG765GH27,False,,,,,,,False,False,48.0,,0.0,1772388713668,1772388732477,18809,,01KJN7AZC7FAG17CY924MRTCF7,False,3,False,True,True,,,,,,,,False,
01KJN6MMQ03KZPZN0275VZXK6R,01KJN7A44GGBE9XR412KV5BFSC,Player,B,A,listener,3.0,refgame,2.0,page9-46,page9-46,True,2.0,01KJN7JJ1E3ET2MMDFS57Q4ATE,False,,,,,,,False,False,55.0,,0.0,1772388904023,1772388924052,20029,,01KJN79B14FBSYSKKCG2BYVBB6,False,3,False,True,True,,,,,,,,False,
01KJN6MMQ03KZPZN0275VZXK6R,01KJN7A44GGBE9XR412KV5BFSC,Bavi,B,B,listener,0.0,refgame,1.0,page7-255,,False,0.0,01KJN7JHYXFYHN121QCJ6HRX9R,False,,,,,,,True,False,0.0,,0.0,1772386606704,1772386657466,50762,,01KJN7C40WEQBDF48ACG18M0EV,True,3,False,True,True,,,,,,,,False,
01KJN6MMPQTMDYRN709968YFN1,01KJN79Y7T0VZNKHTSJRZWTDZ5,Hera,B,B,listener,1.0,refgame,1.0,page-B,page-B,True,2.0,01KJN7K5HQTXFWBF1AJA81RK0D,False,,,,,,,False,False,11.0,,0.0,1772387228685,1772387273691,45006,,01KJN788SPAKVVBHX9T9FDQWAF,True,3,False,True,True,,,,,,,,False,
01KJN6MMPQTMDYRN709968YFN1,01KJN788SPAKVVBHX9T9FDQWAF,Zuda,B,B,speaker,4.0,refgame,1.0,page7-255,,,2.0,01KJN7K5H8BSX37JV3WZMKDDX9,False,,,,,,,False,False,29.0,,0.0,1772388048043,1772388073516,25473,2.0,01KJN788SPAKVVBHX9T9FDQWAF,,3,False,True,False,,,,,,,,False,
01KJN6MMPQTMDYRN709DP5DSDA,01KJN77XQHYQ5TVVY4HZM02E7R,Felu,C,C,speaker,4.0,refgame,2.0,page-B,,,2.0,01KJN7KYZJSMEX4580M0EBGRRX,False,,,,,,,False,False,60.0,,0.0,1772388433928,1772388447118,13190,2.0,01KJN77XQHYQ5TVVY4HZM02E7R,,3,False,True,False,,,,,,,,False,
01KJN6MMPQTMDYRN709968YFN1,01KJN79Y7T0VZNKHTSJRZWTDZ5,Player,B,A,listener,1.0,refgame,2.0,page3-35,page3-35,True,2.0,01KJN7K5REBM6RWVHX992E731S,False,,,,,,,False,False,42.0,,0.0,1772388490943,1772388500294,9351,,01KJN788SPAKVVBHX9T9FDQWAF,True,3,False,True,True,,,,,,,,False,
01KJN6MMPQTMDYRN709DP5DSDA,01KJN79PCAAMFX7P2QF70Y3HJM,Repi,A,A,listener,5.0,refgame,2.0,page3-35,page3-35,True,2.0,01KJN7KZ3WZY96681Q55PTJZKP,False,,,,,,,False,False,68.0,,0.0,1772388569519,1772388575608,6089,,01KJN7B32C1C5254NSG6ZK1GRK,True,3,False,True,True,,,,,,,,False,
01KJN6MMQ03KZPZN0275VZXK6R,01KJN7AAX1VHZ1A7ZB35BNRH8N,Minu,A,A,speaker,4.0,refgame,1.0,page5-28,,,2.0,01KJN7JJ1X1NXQGFN1B0VPVF00,False,,,,,,,False,False,26.0,,0.0,1772387875887,1772387920914,45027,2.0,01KJN7AAX1VHZ1A7ZB35BNRH8N,,3,False,True,False,,,,,,,,False,
01KJN6MMPQTMDYRN709968YFN1,01KJN79Y7T0VZNKHTSJRZWTDZ5,Hera,B,B,listener,5.0,refgame,1.0,page7-255,page7-255,True,2.0,01KJN7K5K5Y5YKVY7Z5PH8EA1C,False,,,,,,,False,False,34.0,,0.0,1772388215821,1772388254481,38660,,01KJN78CQJ3KY7VMGAR6F3D4S0,True,3,False,True,True,,,,,,,,False,
01KJN6MMPQTMDYRN709DP5DSDA,01KJN7B4V2673GK7HGVSG52R2P,Hera,B,B,listener,1.0,refgame,2.0,page7-107,page7-107,True,2.0,01KJN7KYXFQRPB40W6RYE3EFWM,False,,,,,,,False,False,47.0,,0.0,1772388231673,1772388242723,11050,,01KJN7AAWT4GWKRZ7B9775509P,True,3,False,True,True,,,,,,,,False,
01KJN6MMQ03KZPZN0275VZXK6R,01KJN79J529BWBWTESKB6D9MB7,Player,C,C,listener,1.0,refgame,2.0,page7-107,page7-107,True,2.0,01KJN7JJ0ZHPHTDK0XMJNPQY31,False,,,,,,,False,False,47.0,,0.0,1772388682955,1772388702993,20038,,01KJN7863BFF3ZYZGVVSATZTH7,True,3,False,True,True,,,,,,,,False,
01KJN6MMQ03KZPZN0275VZXK6R,01KJN78DQ6KC0F9N1HA0BPB44R,Player,C,C,speaker,2.0,refgame,2.0,page9-46,,,2.0,01KJN7JJ123XE0WCHG834D1V4V,False,,,,,,,False,False,51.0,,0.0,1772388798958,1772388816891,17933,1.0,01KJN78DQ6KC0F9N1HA0BPB44R,,3,False,True,False,,,,,,,,False,
01KJN6MMPQTMDYRN709DP5DSDA,01KJN79ZQD1E4YD03FE5CGJY8K,Lika,C,C,speaker,0.0,refgame,1.0,page3-35,,,1.0,01KJN7KYVMH6VJC6N59GV39RY1,False,,,,,,,False,False,1.0,,0.0,1772386711287,1772386756289,45002,1.0,01KJN79ZQD1E4YD03FE5CGJY8K,,3,False,True,False,,,,,,,,False,
01KJN6MMPQTMDYRN709968YFN1,01KJN78M7563R5D9TQE5G142DA,Lika,C,C,speaker,0.0,refgame,1.0,page7-255,,,0.0,01KJN7K5JCNXJGPF3SH23VVTP4,False,,,,,,,False,False,3.0,,0.0,1772386806901,1772386851896,44995,1.0,01KJN78M7563R5D9TQE5G142DA,,3,False,True,False,,,,,,,,False,
01KJN6MMPQTMDYRN709968YFN1,01KJN791EPN054R2NTQQ1BFXJ5,Minu,A,A,speaker,4.0,refgame,1.0,page5-28,,,2.0,01KJN7K5KQ8WFY6EA4MTPDWMDN,False,,,,,,,False,False,27.0,,0.0,1772387967408,1772387993664,26256,2.0,01KJN791EPN054R2NTQQ1BFXJ5,,3,False,True,False,,,,,,,,False,
01KJN6MMPQTMDYRN709DP5DSDA,01KJN77XQHYQ5TVVY4HZM02E7R,Felu,C,C,listener,5.0,refgame,2.0,page3-35,page3-35,True,2.0,01KJN7KZ3WZY96681Q55PTJZKP,False,,,,,,,False,False,68.0,,0.0,1772388569519,1772388575608,6089,,01KJN7931DXZ65NXTWK1GNEZMW,True,3,False,True,True,,,,,,,,False,
01KJN6MMPQTMDYRN709DP5DSDA,01KJN79PCAAMFX7P2QF70Y3HJM,Repi,A,A,listener,1.0,refgame,1.0,page7-255,,False,0.0,01KJN7KZ48XCCWBNQKS0SJE7ES,False,,,,,,,True,False,10.0,,0.0,1772387170616,1772387215615,44999,,01KJN79ZRTRDMY6RH8ZCYCM9NV,True,3,False,True,True,,,,,,,,False,
01KJN6MMPQTMDYRN709DP5DSDA,01KJN79ZQD1E4YD03FE5CGJY8K,Lika,C,C,speaker,3.0,refgame,1.0,page5-28,,,2.0,01KJN7KYVX2YBMH8VCCFFKA25A,False,,,,,,,False,False,19.0,,0.0,1772387552131,1772387580313,28182,2.0,01KJN79ZQD1E4YD03FE5CGJY8K,,3,False,True,False,,,,,,,,False,
01KJN6MMPQTMDYRN709968YFN1,01KJN796KT7FCNV2F9QNCQDSES,Felu,C,C,speaker,4.0,refgame,1.0,page3-35,,,2.0,01KJN7K5G5WAEHV15ZSNYXBM25,False,,,,,,,False,False,25.0,,0.0,1772387906351,1772387927135,20784,2.0,01KJN796KT7FCNV2F9QNCQDSES,,3,False,True,False,,,,,,,,False,
01KJN6MMQ03KZPZN0275VZXK6R,01KJN7C40WEQBDF48ACG18M0EV,Player,B,A,speaker,3.0,refgame,2.0,page7-107,,,2.0,01KJN7JJ4GCT1AQ6A0X5YF4F5Y,False,,,,,,,False,False,58.0,,0.0,1772388985091,1772389005095,20004,2.0,01KJN7C40WEQBDF48ACG18M0EV,,3,False,True,False,,,,,,,,False,
01KJN6MMQ03KZPZN0275VZXK6R,01KJN78DQ6KC0F9N1HA0BPB44R,Nori,C,C,listener,0.0,refgame,1.0,page3-35,,False,0.0,01KJN7JJ1A9ED4KAF41TVNW0W6,False,,,,,,,True,False,1.0,,0.0,1772386673383,1772386718389,45006,,01KJN79J529BWBWTESKB6D9MB7,True,3,False,True,True,,,,,,,,False,
01KJN6MMPQTMDYRN709DP5DSDA,01KJN77XQHYQ5TVVY4HZM02E7R,Felu,C,C,listener,5.0,refgame,1.0,page7-255,page7-255,True,2.0,01KJN7KYWAX41N5G0QPJ1GRFCF,False,,,,,,,False,False,35.0,,0.0,1772387974863,1772388005860,30997,,01KJN7931DXZ65NXTWK1GNEZMW,True,3,False,True,True,,,,,,,,False,
01KJN6MMQ03KZPZN0275VZXK6R,01KJN79B14FBSYSKKCG2BYVBB6,Player,A,B,speaker,0.0,refgame,2.0,page-B,,,0.0,01KJN7JJ1CYQGSSJG1WBPKBVA9,False,,,,,,,False,False,36.0,,0.0,1772388356520,1772388376546,20026,1.0,01KJN79B14FBSYSKKCG2BYVBB6,,3,False,True,False,,,,,,,,False,
01KJN6MMPQTMDYRN709968YFN1,01KJN78JVY5FN5QXW9XGGE72RG,Player,A,A,listener,1.0,refgame,2.0,page3-35,page3-35,True,2.0,01KJN7K5REBM6RWVHX992E731S,False,,,,,,,False,False,42.0,,0.0,1772388490943,1772388500294,9351,,01KJN788SPAKVVBHX9T9FDQWAF,False,3,False,True,True,,,,,,,,False,
01KJN6MMQ03KZPZN0275VZXK6R,01KJN79J529BWBWTESKB6D9MB7,Player,C,B,speaker,3.0,refgame,2.0,page7-255,,,2.0,01KJN7JJ1820G44H81ADMFG2AV,False,,,,,,,False,False,56.0,,0.0,1772388933170,1772388953175,20005,2.0,01KJN79J529BWBWTESKB6D9MB7,,3,False,True,False,,,,,,,,False,
01KJN6MMPQTMDYRN709DP5DSDA,01KJN79ZQD1E4YD03FE5CGJY8K,Lika,C,C,speaker,3.0,refgame,1.0,page9-46,,,2.0,01KJN7KYX0NA6EE02CQYEKX5QJ,False,,,,,,,False,False,20.0,,0.0,1772387587210,1772387601216,14006,2.0,01KJN79ZQD1E4YD03FE5CGJY8K,,3,False,True,False,,,,,,,,False,
01KJN6MMPQTMDYRN709968YFN1,01KJN78B0TFR8F59JDGD057XNS,Player,A,A,speaker,3.0,refgame,2.0,page3-35,,,2.0,01KJN7K5K45BCWNA8BDRPBEDWX,False,,,,,,,False,False,54.0,,0.0,1772388755473,1772388769836,14363,2.0,01KJN78B0TFR8F59JDGD057XNS,,3,False,True,False,,,,,,,,False,
01KJN6MMQ03KZPZN0275VZXK6R,01KJN78DQ6KC0F9N1HA0BPB44R,Player,C,C,speaker,2.0,refgame,2.0,page3-35,,,2.0,01KJN7JJ106G1CY7M5WR0DQX8K,False,,,,,,,False,False,52.0,,0.0,1772388822410,1772388841310,18900,1.0,01KJN78DQ6KC0F9N1HA0BPB44R,,3,False,True,False,,,,,,,,False,
01KJN6MMQ03KZPZN0275VZXK6R,01KJN7C40WEQBDF48ACG18M0EV,Hera,B,B,listener,2.0,refgame,1.0,page9-46,page9-46,True,2.0,01KJN7JJ0VF0RPKW84FVTJC6FZ,False,,,,,,,False,False,15.0,,0.0,1772387357377,1772387402392,45015,,01KJN7A44GGBE9XR412KV5BFSC,True,3,False,True,True,,,,,,,,False,
01KJN6MMPQTMDYRN709DP5DSDA,01KJN7931DXZ65NXTWK1GNEZMW,Nori,C,C,listener,3.0,refgame,2.0,page7-255,page7-255,True,2.0,01KJN7KZ2WME7KZMKY7BATVWYX,False,,,,,,,False,False,59.0,,0.0,1772388421080,1772388430273,9193,,01KJN79ZQD1E4YD03FE5CGJY8K,True,3,False,True,True,,,,,,,,False,
01KJN6MMPQTMDYRN709968YFN1,01KJN78CQJ3KY7VMGAR6F3D4S0,Player,B,B,listener,1.0,refgame,2.0,page5-28,page5-28,True,2.0,01KJN7K5QTW7QTY2YZ2RYQ8PFC,False,,,,,,,False,False,45.0,,0.0,1772388570727,1772388584677,13950,,01KJN791EPN054R2NTQQ1BFXJ5,False,3,False,True,True,,,,,,,,False,
01KJN6MMPQTMDYRN709968YFN1,01KJN78M7563R5D9TQE5G142DA,Lika,C,C,listener,1.0,refgame,1.0,page3-35,page-B,False,0.0,01KJN7K5HFQ0YWS0B8B4TY02DQ,False,,,,,,,False,False,6.0,,0.0,1772386972417,1772387017438,45021,,01KJN796KT7FCNV2F9QNCQDSES,True,3,False,True,True,,,,,,,,False,
01KJN6MMPQTMDYRN709DP5DSDA,01KJN7AAWT4GWKRZ7B9775509P,Zuda,B,B,listener,2.0,refgame,2.0,page-B,page-B,True,2.0,01KJN7KZ5EPEYHDMQ29DK9VY0Z,False,,,,,,,False,False,53.0,,0.0,1772388316505,1772388330049,13544,,01KJN7BYA5X3A2G30KZECRY2HY,True,3,False,True,True,,,,,,,,False,
01KJN6MMQ03KZPZN0275VZXK6R,01KJN79B14FBSYSKKCG2BYVBB6,Player,A,A,speaker,0.0,refgame,2.0,page7-255,,,1.0,01KJN7JJ05JV700GGZABPCJM90,False,,,,,,,False,False,38.0,,0.0,1772388419803,1772388439818,20015,1.0,01KJN79B14FBSYSKKCG2BYVBB6,,3,False,True,False,,,,,,,,False,
01KJN6MMQ03KZPZN0275VZXK6R,01KJN7AAX1VHZ1A7ZB35BNRH8N,Player,A,A,speaker,1.0,refgame,2.0,page7-255,,,2.0,01KJN7JJ196KV3QWCGEJ4WFSSY,False,,,,,,,False,False,42.0,,0.0,1772388525929,1772388545961,20032,1.0,01KJN7AAX1VHZ1A7ZB35BNRH8N,,3,False,True,False,,,,,,,,False,
01KJN6MMPQTMDYRN709968YFN1,01KJN78CQJ3KY7VMGAR6F3D4S0,Player,B,B,speaker,2.0,refgame,2.0,page7-255,,,2.0,01KJN7K5K80HK3VGDQE5RKG8VX,False,,,,,,,False,False,53.0,,0.0,1772388730747,1772388750777,20030,1.0,01KJN78CQJ3KY7VMGAR6F3D4S0,,3,False,True,False,,,,,,,,False,
01KJN6MMQ03KZPZN0275VZXK6R,01KJN7AAX1VHZ1A7ZB35BNRH8N,Minu,A,A,speaker,1.0,refgame,1.0,page9-46,,,2.0,01KJN7JHZQSRK24Z41VVEYNBPE,False,,,,,,,False,False,7.0,,0.0,1772386990498,1772387026658,36160,1.0,01KJN7AAX1VHZ1A7ZB35BNRH8N,,3,False,True,False,,,,,,,,False,
01KJN6MMQ03KZPZN0275VZXK6R,01KJN79J529BWBWTESKB6D9MB7,Lika,C,C,speaker,0.0,refgame,1.0,page7-107,,,1.0,01KJN7JJ1Z3Q1ZDKVBSP3H1EH5,False,,,,,,,False,False,3.0,,0.0,1772386783120,1772386825904,42784,1.0,01KJN79J529BWBWTESKB6D9MB7,,3,False,True,False,,,,,,,,False,
01KJN6MMPQTMDYRN709968YFN1,01KJN78M7563R5D9TQE5G142DA,Lika,C,C,speaker,0.0,refgame,1.0,page3-35,,,2.0,01KJN7K5HHFJZXYFX14TKSFBHN,False,,,,,,,False,False,4.0,,0.0,1772386867613,1772386912635,45022,1.0,01KJN78M7563R5D9TQE5G142DA,,3,False,True,False,,,,,,,,False,
01KJN6MMPQTMDYRN709968YFN1,01KJN796KT7FCNV2F9QNCQDSES,Felu,C,C,listener,0.0,refgame,1.0,page9-46,page5-64,False,0.0,01KJN7K5HM3GRXQJ2R4WDZ9A25,False,,,,,,,False,False,5.0,,0.0,1772386918334,1772386963323,44989,,01KJN78M7563R5D9TQE5G142DA,True,3,False,True,True,,,,,,,,False,
01KJN6MMPQTMDYRN709968YFN1,01KJN78CQJ3KY7VMGAR6F3D4S0,Bavi,B,B,listener,1.0,refgame,1.0,page7-255,page7-255,True,2.0,01KJN7K5HSCQA43VSFADGE0Q2T,False,,,,,,,False,False,10.0,,0.0,1772387173083,1772387218062,44979,,01KJN788SPAKVVBHX9T9FDQWAF,True,3,False,True,True,,,,,,,,False,
01KJN6MMQ03KZPZN0275VZXK6R,01KJN79J529BWBWTESKB6D9MB7,Lika,C,C,listener,2.0,refgame,1.0,page-B,page-B,True,2.0,01KJN7JJ0S1X2V7QFWX9C1FNPF,False,,,,,,,False,False,17.0,,0.0,1772387448618,1772387484496,35878,,01KJN78DQ6KC0F9N1HA0BPB44R,True,3,False,True,True,,,,,,,,False,
01KJN6MMPQTMDYRN709968YFN1,01KJN788SPAKVVBHX9T9FDQWAF,Zuda,B,B,listener,5.0,refgame,1.0,page7-107,page7-107,True,2.0,01KJN7K5FY9W5FE9ETY2P4WBNM,False,,,,,,,False,False,30.0,,0.0,1772388079202,1772388103303,24101,,01KJN78CQJ3KY7VMGAR6F3D4S0,True,3,False,True,True,,,,,,,,False,
01KJN6MMQ03KZPZN0275VZXK6R,01KJN792W85XPK9QGH8A6HSYSJ,Player,B,B,listener,0.0,refgame,2.0,page3-35,page3-35,True,2.0,01KJN7JJ1PF41J166TSJBZWQBB,False,,,,,,,False,False,41.0,,0.0,1772388502377,1772388519944,17567,,01KJN7C40WEQBDF48ACG18M0EV,True,3,False,True,True,,,,,,,,False,
01KJN6MMQ03KZPZN0275VZXK6R,01KJN79B14FBSYSKKCG2BYVBB6,Repi,A,A,listener,1.0,refgame,1.0,page7-107,page7-107,True,2.0,01KJN7JJ0RSHHPHCY0J0NJ4AA1,False,,,,,,,False,False,11.0,,0.0,1772387200129,1772387231040,30911,,01KJN7AAX1VHZ1A7ZB35BNRH8N,True,3,False,True,True,,,,,,,,False,
01KJN6MMPQTMDYRN709968YFN1,01KJN791EPN054R2NTQQ1BFXJ5,Minu,A,A,speaker,4.0,refgame,1.0,page3-35,,,2.0,01KJN7K5G5WAEHV15ZSNYXBM25,False,,,,,,,False,False,25.0,,0.0,1772387906351,1772387927135,20784,2.0,01KJN791EPN054R2NTQQ1BFXJ5,,3,False,True,False,,,,,,,,False,
01KJN6MMPQTMDYRN709DP5DSDA,01KJN77XQHYQ5TVVY4HZM02E7R,Felu,C,C,listener,5.0,refgame,1.0,page-B,page-B,True,2.0,01KJN7KYZ4BR3PV6SVPD7F89EN,False,,,,,,,False,False,33.0,,0.0,1772387934640,1772387950421,15781,,01KJN7931DXZ65NXTWK1GNEZMW,True,3,False,True,True,,,,,,,,False,
01KJN6MMPQTMDYRN709DP5DSDA,01KJN7BYA5X3A2G30KZECRY2HY,Bavi,B,B,listener,1.0,refgame,2.0,page7-255,page7-255,True,2.0,01KJN7KYX5K9668G0J8VAVZ5YF,False,,,,,,,False,False,43.0,,0.0,1772388168595,1772388178913,10318,,01KJN7AAWT4GWKRZ7B9775509P,True,3,False,True,True,,,,,,,,False,
01KJN6MMPQTMDYRN709968YFN1,01KJN78JVY5FN5QXW9XGGE72RG,Player,A,B,listener,3.0,refgame,2.0,page9-46,page9-46,True,2.0,01KJN7K5KSEZZTN34AR4PS7YC7,False,,,,,,,False,False,58.0,,0.0,1772388828490,1772388848484,19994,,01KJN78B0TFR8F59JDGD057XNS,True,3,False,True,True,,,,,,,,False,
01KJN6MMPQTMDYRN709DP5DSDA,01KJN7AAWT4GWKRZ7B9775509P,Zuda,B,B,listener,2.0,refgame,2.0,page7-107,page7-107,True,2.0,01KJN7KZ60KJRH45NA3K8P60R3,False,,,,,,,False,False,51.0,,0.0,1772388286950,1772388295678,8728,,01KJN7BYA5X3A2G30KZECRY2HY,True,3,False,True,True,,,,,,,,False,
01KJN6MMQ03KZPZN0275VZXK6R,01KJN78DQ6KC0F9N1HA0BPB44R,Player,C,C,speaker,5.0,refgame,2.0,page3-35,,,1.0,01KJN7JJ4F71QKFN9HJKMN6A4E,False,,,,,,,False,False,66.0,,0.0,1772389189262,1772389209322,20060,2.0,01KJN78DQ6KC0F9N1HA0BPB44R,,3,False,True,False,,,,,,,,False,
01KJN6MMQ03KZPZN0275VZXK6R,01KJN79B14FBSYSKKCG2BYVBB6,Repi,A,A,listener,2.0,refgame,1.0,page-B,page5-64,False,0.0,01KJN7JJ0S1X2V7QFWX9C1FNPF,False,,,,,,,False,False,17.0,,0.0,1772387448618,1772387484496,35878,,01KJN7AZC7FAG17CY924MRTCF7,True,3,False,True,True,,,,,,,,False,
01KJN6MMPQTMDYRN709968YFN1,01KJN79ZDP3YNFFHHQA302PJDP,Nori,C,C,speaker,2.0,refgame,1.0,page5-28,,,1.0,01KJN7K5JK17KT4QXX6TA90JSY,False,,,,,,,False,False,17.0,,0.0,1772387520964,1772387561058,40094,1.0,01KJN79ZDP3YNFFHHQA302PJDP,,3,False,True,False,,,,,,,,False,
01KJN6MMQ03KZPZN0275VZXK6R,01KJN78DQ6KC0F9N1HA0BPB44R,Player,C,B,speaker,5.0,refgame,2.0,page7-107,,,2.0,01KJN7JJ4DKT23HYM95ZYF4P0X,False,,,,,,,False,False,69.0,,0.0,1772389271826,1772389285927,14101,2.0,01KJN78DQ6KC0F9N1HA0BPB44R,,3,False,True,False,,,,,,,,False,
01KJN6MMPQTMDYRN709968YFN1,01KJN78B0TFR8F59JDGD057XNS,Player,A,B,listener,1.0,refgame,2.0,page3-35,page3-35,True,2.0,01KJN7K5REBM6RWVHX992E731S,False,,,,,,,False,False,42.0,,0.0,1772388490943,1772388500294,9351,,01KJN791EPN054R2NTQQ1BFXJ5,True,3,False,True,True,,,,,,,,False,
01KJN6MMPQTMDYRN709968YFN1,01KJN78JVY5FN5QXW9XGGE72RG,Laju,A,A,listener,0.0,refgame,1.0,page5-28,page7-107,False,0.0,01KJN7K5FJH6VAH8DMSYVN52WF,False,,,,,,,False,False,1.0,,0.0,1772386685473,1772386730491,45018,,01KJN78B0TFR8F59JDGD057XNS,True,3,False,True,True,,,,,,,,False,
01KJN6MMPQTMDYRN709DP5DSDA,01KJN79PCAAMFX7P2QF70Y3HJM,Repi,A,A,listener,1.0,refgame,1.0,page7-107,page7-107,True,2.0,01KJN7KZ50SP860QQHX43BMD6K,False,,,,,,,False,False,6.0,,0.0,1772386983245,1772387024263,41018,,01KJN79ZRTRDMY6RH8ZCYCM9NV,True,3,False,True,True,,,,,,,,False,
01KJN6MMQ03KZPZN0275VZXK6R,01KJN792W85XPK9QGH8A6HSYSJ,Zuda,B,B,listener,3.0,refgame,1.0,page3-35,page3-35,True,2.0,01KJN7JJ49X2EQESMMJM9CKKQQ,False,,,,,,,False,False,21.0,,0.0,1772387640673,1772387685705,45032,,01KJN7C40WEQBDF48ACG18M0EV,True,3,False,True,True,,,,,,,,False,
01KJN6MMPQTMDYRN709DP5DSDA,01KJN7B4V2673GK7HGVSG52R2P,Hera,B,B,listener,4.0,refgame,2.0,page9-46,page9-46,True,2.0,01KJN7KZ4W10W8D9F17K7QA5ZZ,False,,,,,,,False,False,65.0,,0.0,1772388524053,1772388532195,8142,,01KJN7AAWT4GWKRZ7B9775509P,True,3,False,True,True,,,,,,,,False,
01KJN6MMPQTMDYRN709DP5DSDA,01KJN7931DXZ65NXTWK1GNEZMW,Nori,C,C,listener,3.0,refgame,1.0,page3-35,page3-35,True,2.0,01KJN7KYWMSRM1063TCQEJ1X20,False,,,,,,,False,False,22.0,,0.0,1772387637778,1772387658166,20388,,01KJN79ZQD1E4YD03FE5CGJY8K,True,3,False,True,True,,,,,,,,False,
01KJN6MMQ03KZPZN0275VZXK6R,01KJN7863BFF3ZYZGVVSATZTH7,Felu,C,C,listener,5.0,refgame,1.0,page7-255,page7-255,True,2.0,01KJN7JJ1FP44XD8PJXNFE1281,False,,,,,,,False,False,34.0,,0.0,1772388219015,1772388247646,28631,,01KJN78DQ6KC0F9N1HA0BPB44R,True,3,False,True,True,,,,,,,,False,
01KJN6MMPQTMDYRN709DP5DSDA,01KJN79PCAAMFX7P2QF70Y3HJM,Repi,A,A,listener,4.0,refgame,2.0,page7-107,page7-107,True,2.0,01KJN7KZ6AHC28MWRG7T2V9Z51,False,,,,,,,False,False,61.0,,0.0,1772388450895,1772388465106,14211,,01KJN79ZRTRDMY6RH8ZCYCM9NV,True,3,False,True,True,,,,,,,,False,
01KJN6MMPQTMDYRN709DP5DSDA,01KJN7931DXZ65NXTWK1GNEZMW,Nori,C,C,speaker,5.0,refgame,2.0,page-B,,,2.0,01KJN7KZ3D0HTVJZCVXH48W7YP,False,,,,,,,False,False,69.0,,0.0,1772388579779,1772388591448,11669,2.0,01KJN7931DXZ65NXTWK1GNEZMW,,3,False,True,False,,,,,,,,False,
01KJN6MMQ03KZPZN0275VZXK6R,01KJN7C40WEQBDF48ACG18M0EV,Player,B,C,listener,1.0,refgame,2.0,page9-46,page7-26,False,0.0,01KJN7JJ13QJT8W0QKT01PY95R,False,,,,,,,False,False,45.0,,0.0,1772388615173,1772388635199,20026,,01KJN7863BFF3ZYZGVVSATZTH7,False,3,False,True,True,,,,,,,,False,
01KJN6MMQ03KZPZN0275VZXK6R,01KJN7AAX1VHZ1A7ZB35BNRH8N,Player,A,B,listener,2.0,refgame,2.0,page5-28,page5-28,True,2.0,01KJN7JJ144X9C126M86JNY5Y5,False,,,,,,,False,False,50.0,,0.0,1772388771422,1772388791447,20025,,01KJN78DQ6KC0F9N1HA0BPB44R,False,3,False,True,True,,,,,,,,False,
01KJN6MMQ03KZPZN0275VZXK6R,01KJN7AZC7FAG17CY924MRTCF7,Player,A,B,speaker,2.0,refgame,2.0,page3-35,,,2.0,01KJN7JJ106G1CY7M5WR0DQX8K,False,,,,,,,False,False,52.0,,0.0,1772388822410,1772388841310,18900,1.0,01KJN7AZC7FAG17CY924MRTCF7,,3,False,True,False,,,,,,,,False,
01KJN6MMPQTMDYRN709DP5DSDA,01KJN79ZRTRDMY6RH8ZCYCM9NV,Minu,A,A,listener,3.0,refgame,1.0,page3-35,page3-35,True,2.0,01KJN7KYWMSRM1063TCQEJ1X20,False,,,,,,,False,False,22.0,,0.0,1772387637778,1772387658166,20388,,01KJN79PCAAMFX7P2QF70Y3HJM,True,3,False,True,True,,,,,,,,False,
01KJN6MMPQTMDYRN709DP5DSDA,01KJN7B32C1C5254NSG6ZK1GRK,Laju,A,A,listener,4.0,refgame,1.0,page3-35,page3-35,True,2.0,01KJN7KYWQFV3P23NSADGCXAHG,False,,,,,,,False,False,28.0,,0.0,1772387820802,1772387842921,22119,,01KJN79ZRTRDMY6RH8ZCYCM9NV,True,3,False,True,True,,,,,,,,False,
01KJN6MMPQTMDYRN709968YFN1,01KJN78B0TFR8F59JDGD057XNS,Repi,A,A,listener,4.0,refgame,1.0,page7-107,page7-107,True,2.0,01KJN7K5G2ENPCM8MXBD0JEWNB,False,,,,,,,False,False,26.0,,0.0,1772387935343,1772387955271,19928,,01KJN791EPN054R2NTQQ1BFXJ5,True,3,False,True,True,,,,,,,,False,
01KJN6MMPQTMDYRN709DP5DSDA,01KJN7B32C1C5254NSG6ZK1GRK,Laju,A,A,speaker,2.0,refgame,2.0,page5-28,,,2.0,01KJN7KZ5TVXAD2SF4H87WAT8G,False,,,,,,,False,False,52.0,,0.0,1772388301163,1772388312752,11589,1.0,01KJN7B32C1C5254NSG6ZK1GRK,,3,False,True,False,,,,,,,,False,
01KJN6MMPQTMDYRN709DP5DSDA,01KJN7B32C1C5254NSG6ZK1GRK,Laju,A,A,listener,3.0,refgame,2.0,page5-28,page5-28,True,2.0,01KJN7KZ3Q92SVP2Y70T8S3RW4,False,,,,,,,False,False,58.0,,0.0,1772388403986,1772388416078,12092,,01KJN79PCAAMFX7P2QF70Y3HJM,True,3,False,True,True,,,,,,,,False,
01KJN6MMQ03KZPZN0275VZXK6R,01KJN78DQ6KC0F9N1HA0BPB44R,Nori,C,C,listener,3.0,refgame,1.0,page5-28,page5-28,True,2.0,01KJN7JJ4ABAFV6YM5DS9T3RJP,False,,,,,,,False,False,22.0,,0.0,1772387701843,1772387743214,41371,,01KJN79J529BWBWTESKB6D9MB7,True,3,False,True,True,,,,,,,,False,
01KJN6MMPQTMDYRN709968YFN1,01KJN78B0TFR8F59JDGD057XNS,Repi,A,A,listener,4.0,refgame,1.0,page9-46,page9-46,True,2.0,01KJN7K5KN8YW9VWX8RYNB7E0N,False,,,,,,,False,False,28.0,,0.0,1772388000797,1772388041511,40714,,01KJN791EPN054R2NTQQ1BFXJ5,True,3,False,True,True,,,,,,,,False,
01KJN6MMPQTMDYRN709968YFN1,01KJN79Y7T0VZNKHTSJRZWTDZ5,Player,B,B,speaker,3.0,refgame,2.0,page7-107,,,2.0,01KJN7K5JRJN9SQSEXHP0BHV6E,False,,,,,,,False,False,56.0,,0.0,1772388793036,1772388804530,11494,2.0,01KJN79Y7T0VZNKHTSJRZWTDZ5,,3,False,True,False,,,,,,,,False,
01KJN6MMPQTMDYRN709968YFN1,01KJN78B0TFR8F59JDGD057XNS,Player,A,B,speaker,3.0,refgame,2.0,page-B,,,2.0,01KJN7K5KV1DMM3M0MZ8H6JHST,False,,,,,,,False,False,57.0,,0.0,1772388811463,1772388820940,9477,2.0,01KJN78B0TFR8F59JDGD057XNS,,3,False,True,False,,,,,,,,False,
01KJN6MMQ03KZPZN0275VZXK6R,01KJN79B14FBSYSKKCG2BYVBB6,Player,A,C,listener,2.0,refgame,2.0,page-B,page4-15,False,0.0,01KJN7JJ1N6V7EEQ6VZVXNRHV0,False,,,,,,,False,False,53.0,,0.0,1772388847281,1772388866268,18987,,01KJN7A44GGBE9XR412KV5BFSC,False,3,False,True,True,,,,,,,,False,
01KJN6MMPQTMDYRN709968YFN1,01KJN78CQJ3KY7VMGAR6F3D4S0,Bavi,B,B,listener,0.0,refgame,1.0,page7-107,page7-107,False,0.0,01KJN7K5FA1TQ33CB0SW5804S0,False,,,,,,,False,False,0.0,,0.0,1772386630486,1772386675490,45004,,01KJN79Y7T0VZNKHTSJRZWTDZ5,True,3,False,True,True,,,,,,,,False,
01KJN6MMQ03KZPZN0275VZXK6R,01KJN7A44GGBE9XR412KV5BFSC,Bavi,B,B,listener,1.0,refgame,1.0,page7-255,,False,0.0,01KJN7JJ0XW9B6G59FFDBG8AT1,False,,,,,,,True,False,6.0,,0.0,1772386940062,1772386985080,45018,,01KJN792W85XPK9QGH8A6HSYSJ,True,3,False,True,True,,,,,,,,False,
01KJN6MMPQTMDYRN709968YFN1,01KJN78JVY5FN5QXW9XGGE72RG,Laju,A,A,speaker,2.0,refgame,1.0,page-B,,,0.0,01KJN7K5HVTWE9Y83V53TSRDDA,False,,,,,,,False,False,14.0,,0.0,1772387363810,1772387407994,44184,1.0,01KJN78JVY5FN5QXW9XGGE72RG,,3,False,True,False,,,,,,,,False,
01KJN6MMPQTMDYRN709DP5DSDA,01KJN77XQHYQ5TVVY4HZM02E7R,Felu,C,C,listener,3.0,refgame,1.0,page7-107,page7-107,True,2.0,01KJN7KYZF6WBFK0HY3WZWJTDJ,False,,,,,,,False,False,23.0,,0.0,1772387661755,1772387678433,16678,,01KJN79ZQD1E4YD03FE5CGJY8K,True,3,False,True,True,,,,,,,,False,
01KJN6MMPQTMDYRN709DP5DSDA,01KJN79ZQD1E4YD03FE5CGJY8K,Lika,C,C,listener,4.0,refgame,1.0,page7-107,page7-107,True,2.0,01KJN7KYWYTD5D3M21S2X8P0AA,False,,,,,,,False,False,26.0,,0.0,1772387745826,1772387764604,18778,,01KJN77XQHYQ5TVVY4HZM02E7R,True,3,False,True,True,,,,,,,,False,
01KJN6MMPQTMDYRN709DP5DSDA,01KJN7B4V2673GK7HGVSG52R2P,Hera,B,B,listener,5.0,refgame,1.0,page7-255,page7-255,True,2.0,01KJN7KYWAX41N5G0QPJ1GRFCF,False,,,,,,,False,False,35.0,,0.0,1772387974863,1772388005860,30997,,01KJN7BYA5X3A2G30KZECRY2HY,True,3,False,True,True,,,,,,,,False,
01KJN6MMPQTMDYRN709DP5DSDA,01KJN79ZQD1E4YD03FE5CGJY8K,Lika,C,C,listener,5.0,refgame,2.0,page9-46,page9-46,True,2.0,01KJN7KZ4514C3QZK5XNERM52K,False,,,,,,,False,False,67.0,,0.0,1772388551585,1772388565781,14196,,01KJN7931DXZ65NXTWK1GNEZMW,True,3,False,True,True,,,,,,,,False,
01KJN6MMPQTMDYRN709968YFN1,01KJN78JVY5FN5QXW9XGGE72RG,Player,A,B,speaker,5.0,refgame,2.0,page9-46,,,2.0,01KJN7K5RC8BZJV5TJYJRTSV77,False,,,,,,,False,False,66.0,,0.0,1772389002437,1772389020841,18404,2.0,01KJN78JVY5FN5QXW9XGGE72RG,,3,False,True,False,,,,,,,,False,
01KJN6MMPQTMDYRN709DP5DSDA,01KJN7B4V2673GK7HGVSG52R2P,Hera,B,B,listener,5.0,refgame,1.0,page7-107,page7-107,True,2.0,01KJN7KYZCYWANNP5JHHSNDKG7,False,,,,,,,False,False,30.0,,0.0,1772387883409,1772387895628,12219,,01KJN7BYA5X3A2G30KZECRY2HY,True,3,False,True,True,,,,,,,,False,
01KJN6MMPQTMDYRN709968YFN1,01KJN78JVY5FN5QXW9XGGE72RG,Player,A,B,speaker,5.0,refgame,2.0,page5-28,,,2.0,01KJN7K5N4ST52DKC6PJKDD43H,False,,,,,,,False,False,70.0,,0.0,1772389079989,1772389089080,9091,2.0,01KJN78JVY5FN5QXW9XGGE72RG,,3,False,True,False,,,,,,,,False,
01KJN6MMPQTMDYRN709968YFN1,01KJN791EPN054R2NTQQ1BFXJ5,Minu,A,A,listener,0.0,refgame,1.0,page5-28,page5-28,True,2.0,01KJN7K5FJH6VAH8DMSYVN52WF,False,,,,,,,False,False,1.0,,0.0,1772386685473,1772386730491,45018,,01KJN78B0TFR8F59JDGD057XNS,True,3,False,True,True,,,,,,,,False,
01KJN6MMQ03KZPZN0275VZXK6R,01KJN7AZC7FAG17CY924MRTCF7,Laju,A,A,listener,4.0,refgame,1.0,page3-35,page3-35,True,2.0,01KJN7JJ4HZG5Q1EBE5FNHKG1D,False,,,,,,,False,False,24.0,,0.0,1772387807706,1772387836077,28371,,01KJN7AAX1VHZ1A7ZB35BNRH8N,True,3,False,True,True,,,,,,,,False,
01KJN6MMPQTMDYRN709DP5DSDA,01KJN7AAWT4GWKRZ7B9775509P,Zuda,B,B,listener,0.0,refgame,2.0,page5-28,page5-28,True,2.0,01KJN7KYY3G8VA1DGR0XCV0GC9,False,,,,,,,False,False,39.0,,0.0,1772388096966,1772388111396,14430,,01KJN7B4V2673GK7HGVSG52R2P,True,3,False,True,True,,,,,,,,False,
01KJN6MMQ03KZPZN0275VZXK6R,01KJN7C40WEQBDF48ACG18M0EV,Player,B,A,listener,4.0,refgame,2.0,page7-107,page7-107,True,2.0,01KJN7JJ4J76TV80J433JG2B0V,False,,,,,,,False,False,64.0,,0.0,1772389135659,1772389154915,19256,,01KJN7AAX1VHZ1A7ZB35BNRH8N,False,3,False,True,True,,,,,,,,False,
01KJN6MMQ03KZPZN0275VZXK6R,01KJN7AAX1VHZ1A7ZB35BNRH8N,Minu,A,A,listener,2.0,refgame,1.0,page7-255,page7-255,True,2.0,01KJN7JJ0YKPRCT8KSF0KQWF0X,False,,,,,,,False,False,14.0,,0.0,1772387327727,1772387351607,23880,,01KJN7AZC7FAG17CY924MRTCF7,True,3,False,True,True,,,,,,,,False,
01KJN6MMPQTMDYRN709968YFN1,01KJN78JVY5FN5QXW9XGGE72RG,Laju,A,A,speaker,2.0,refgame,1.0,page7-107,,,2.0,01KJN7K5JPV4BFRM0HRJFFT23R,False,,,,,,,False,False,16.0,,0.0,1772387467532,1772387509956,42424,1.0,01KJN78JVY5FN5QXW9XGGE72RG,,3,False,True,False,,,,,,,,False,
01KJN6MMPQTMDYRN709968YFN1,01KJN78CQJ3KY7VMGAR6F3D4S0,Player,B,B,listener,1.0,refgame,2.0,page3-35,page3-35,True,2.0,01KJN7K5REBM6RWVHX992E731S,False,,,,,,,False,False,42.0,,0.0,1772388490943,1772388500294,9351,,01KJN791EPN054R2NTQQ1BFXJ5,False,3,False,True,True,,,,,,,,False,
01KJN6MMQ03KZPZN0275VZXK6R,01KJN79B14FBSYSKKCG2BYVBB6,Player,A,A,speaker,0.0,refgame,2.0,page3-35,,,2.0,01KJN7JJ1PF41J166TSJBZWQBB,False,,,,,,,False,False,41.0,,0.0,1772388502377,1772388519944,17567,1.0,01KJN79B14FBSYSKKCG2BYVBB6,,3,False,True,False,,,,,,,,False,
01KJN6MMQ03KZPZN0275VZXK6R,01KJN78DQ6KC0F9N1HA0BPB44R,Player,C,C,listener,4.0,refgame,2.0,page7-107,page7-107,True,2.0,01KJN7JJ4J76TV80J433JG2B0V,False,,,,,,,False,False,64.0,,0.0,1772389135659,1772389154915,19256,,01KJN7863BFF3ZYZGVVSATZTH7,True,3,False,True,True,,,,,,,,False,
01KJN6MMQ03KZPZN0275VZXK6R,01KJN79J529BWBWTESKB6D9MB7,Lika,C,C,speaker,0.0,refgame,1.0,page3-35,,,0.0,01KJN7JJ1A9ED4KAF41TVNW0W6,False,,,,,,,False,False,1.0,,0.0,1772386673383,1772386718389,45006,1.0,01KJN79J529BWBWTESKB6D9MB7,,3,False,True,False,,,,,,,,False,
01KJN6MMQ03KZPZN0275VZXK6R,01KJN7863BFF3ZYZGVVSATZTH7,Player,C,B,listener,5.0,refgame,2.0,page5-28,page5-28,True,2.0,01KJN7JJ4CKNN14ST5YRKZ4T18,False,,,,,,,False,False,68.0,,0.0,1772389244705,1772389263979,19274,,01KJN7A44GGBE9XR412KV5BFSC,False,3,False,True,True,,,,,,,,False,
01KJN6MMPQTMDYRN709DP5DSDA,01KJN77XQHYQ5TVVY4HZM02E7R,Felu,C,C,listener,3.0,refgame,2.0,page7-255,page7-255,True,2.0,01KJN7KZ2WME7KZMKY7BATVWYX,False,,,,,,,False,False,59.0,,0.0,1772388421080,1772388430273,9193,,01KJN79ZQD1E4YD03FE5CGJY8K,True,3,False,True,True,,,,,,,,False,
01KJN6MMQ03KZPZN0275VZXK6R,01KJN7AAX1VHZ1A7ZB35BNRH8N,Player,A,A,listener,0.0,refgame,2.0,page5-28,page5-28,True,2.0,01KJN7JJ1VVYECS34J9NT698WM,False,,,,,,,False,False,39.0,,0.0,1772388446349,1772388466403,20054,,01KJN7C40WEQBDF48ACG18M0EV,False,3,False,True,True,,,,,,,,False,
01KJN6MMPQTMDYRN709DP5DSDA,01KJN7AAWT4GWKRZ7B9775509P,Zuda,B,B,speaker,4.0,refgame,2.0,page5-28,,,2.0,01KJN7KZ5A7Y4CEP43YBWJ659J,False,,,,,,,False,False,64.0,,0.0,1772388504343,1772388518698,14355,2.0,01KJN7AAWT4GWKRZ7B9775509P,,3,False,True,False,,,,,,,,False,
01KJN6MMPQTMDYRN709DP5DSDA,01KJN7B4V2673GK7HGVSG52R2P,Hera,B,B,speaker,0.0,refgame,1.0,page9-46,,,0.0,01KJN7KZ5QZB0KWEYKCMJ2KY6D,False,,,,,,,False,False,2.0,,0.0,1772386765466,1772386810471,45005,1.0,01KJN7B4V2673GK7HGVSG52R2P,,3,False,True,False,,,,,,,,False,
01KJN6MMPQTMDYRN709DP5DSDA,01KJN79ZQD1E4YD03FE5CGJY8K,Lika,C,C,speaker,0.0,refgame,2.0,page-B,,,1.0,01KJN7KYYKG4J0XFNGWMZ2451X,False,,,,,,,False,False,36.0,,0.0,1772388039295,1772388059290,19995,1.0,01KJN79ZQD1E4YD03FE5CGJY8K,,3,False,True,False,,,,,,,,False,
01KJN6MMPQTMDYRN709968YFN1,01KJN791EPN054R2NTQQ1BFXJ5,Player,A,A,listener,0.0,refgame,2.0,page7-107,page7-107,True,2.0,01KJN7K5JFG12NBKQPGPVB7NDW,False,,,,,,,False,False,37.0,,0.0,1772388375251,1772388393006,17755,,01KJN79Y7T0VZNKHTSJRZWTDZ5,False,3,False,True,True,,,,,,,,False,
01KJN6MMPQTMDYRN709DP5DSDA,01KJN7931DXZ65NXTWK1GNEZMW,Nori,C,C,listener,4.0,refgame,2.0,page7-255,page7-255,True,2.0,01KJN7KZ5M1XWQ8FNDY900FYQM,False,,,,,,,False,False,63.0,,0.0,1772388488743,1772388499700,10957,,01KJN77XQHYQ5TVVY4HZM02E7R,True,3,False,True,True,,,,,,,,False,
01KJN6MMQ03KZPZN0275VZXK6R,01KJN78DQ6KC0F9N1HA0BPB44R,Player,C,A,listener,1.0,refgame,2.0,page7-107,,False,0.0,01KJN7JJ0ZHPHTDK0XMJNPQY31,False,,,,,,,True,False,47.0,,0.0,1772388682955,1772388702993,20038,,01KJN792W85XPK9QGH8A6HSYSJ,False,3,False,False,False,,,,,,,,False,
01KJN6MMPQTMDYRN709968YFN1,01KJN79Y7T0VZNKHTSJRZWTDZ5,Player,B,A,listener,5.0,refgame,2.0,page7-107,page7-107,True,2.0,01KJN7K5R50JQ6DN8DECK17DTE,False,,,,,,,False,False,68.0,,0.0,1772389049638,1772389061860,12222,,01KJN78CQJ3KY7VMGAR6F3D4S0,True,3,False,True,True,,,,,,,,False,
01KJN6MMPQTMDYRN709DP5DSDA,01KJN7AAWT4GWKRZ7B9775509P,Zuda,B,B,speaker,4.0,refgame,1.0,page-B,,,2.0,01KJN7KYX36Y98PXYV7H3VMGZH,False,,,,,,,False,False,25.0,,0.0,1772387714423,1772387741324,26901,2.0,01KJN7AAWT4GWKRZ7B9775509P,,3,False,True,False,,,,,,,,False,
01KJN6MMQ03KZPZN0275VZXK6R,01KJN792W85XPK9QGH8A6HSYSJ,Player,B,C,listener,3.0,refgame,2.0,page7-107,page7-107,True,2.0,01KJN7JJ4GCT1AQ6A0X5YF4F5Y,False,,,,,,,False,False,58.0,,0.0,1772388985091,1772389005095,20004,,01KJN79B14FBSYSKKCG2BYVBB6,False,3,False,True,True,,,,,,,,False,
01KJN6MMQ03KZPZN0275VZXK6R,01KJN7C40WEQBDF48ACG18M0EV,Player,B,C,listener,5.0,refgame,2.0,page7-107,page7-107,True,2.0,01KJN7JJ4DKT23HYM95ZYF4P0X,False,,,,,,,False,False,69.0,,0.0,1772389271826,1772389285927,14101,,01KJN7AZC7FAG17CY924MRTCF7,False,3,False,True,True,,,,,,,,False,
01KJN6MMPQTMDYRN709DP5DSDA,01KJN79ZQD1E4YD03FE5CGJY8K,Lika,C,C,speaker,0.0,refgame,2.0,page5-28,,,2.0,01KJN7KYY3G8VA1DGR0XCV0GC9,False,,,,,,,False,False,39.0,,0.0,1772388096966,1772388111396,14430,1.0,01KJN79ZQD1E4YD03FE5CGJY8K,,3,False,True,False,,,,,,,,False,
01KJN6MMPQTMDYRN709DP5DSDA,01KJN79ZQD1E4YD03FE5CGJY8K,Lika,C,C,listener,5.0,refgame,2.0,page3-35,page3-35,True,2.0,01KJN7KZ3WZY96681Q55PTJZKP,False,,,,,,,False,False,68.0,,0.0,1772388569519,1772388575608,6089,,01KJN7931DXZ65NXTWK1GNEZMW,True,3,False,True,True,,,,,,,,False,
01KJN6MMQ03KZPZN0275VZXK6R,01KJN7C40WEQBDF48ACG18M0EV,Hera,B,B,listener,5.0,refgame,1.0,page7-107,page7-107,True,2.0,01KJN7JJ1QAVBM4RS4B0A8K9MV,False,,,,,,,False,False,31.0,,0.0,1772388113268,1772388133523,20255,,01KJN7A44GGBE9XR412KV5BFSC,True,3,False,True,True,,,,,,,,False,
01KJN6MMPQTMDYRN709DP5DSDA,01KJN7BYA5X3A2G30KZECRY2HY,Bavi,B,B,speaker,2.0,refgame,1.0,page7-255,,,1.0,01KJN7KZ1TSCX13H8GC3H8BDV7,False,,,,,,,False,False,15.0,,0.0,1772387380638,1772387422380,41742,1.0,01KJN7BYA5X3A2G30KZECRY2HY,,3,False,True,False,,,,,,,,False,
01KJN6MMPQTMDYRN709968YFN1,01KJN78B0TFR8F59JDGD057XNS,Repi,A,A,speaker,3.0,refgame,1.0,page7-255,,,2.0,01KJN7K5QG4CHFGPDNXVD1PEDF,False,,,,,,,False,False,22.0,,0.0,1772387769859,1772387810656,40797,2.0,01KJN78B0TFR8F59JDGD057XNS,,3,False,True,False,,,,,,,,False,
01KJN6MMPQTMDYRN709968YFN1,01KJN78JVY5FN5QXW9XGGE72RG,Player,A,A,listener,3.0,refgame,2.0,page3-35,page3-35,True,2.0,01KJN7K5K45BCWNA8BDRPBEDWX,False,,,,,,,False,False,54.0,,0.0,1772388755473,1772388769836,14363,,01KJN78B0TFR8F59JDGD057XNS,True,3,False,True,True,,,,,,,,False,
01KJN6MMQ03KZPZN0275VZXK6R,01KJN7863BFF3ZYZGVVSATZTH7,Player,C,C,speaker,4.0,refgame,2.0,page7-255,,,2.0,01KJN7JJ4MVHVY4E5F7G465MK8,False,,,,,,,False,False,60.0,,0.0,1772389039235,1772389059240,20005,2.0,01KJN7863BFF3ZYZGVVSATZTH7,,3,False,True,False,,,,,,,,False,
01KJN6MMPQTMDYRN709DP5DSDA,01KJN7931DXZ65NXTWK1GNEZMW,Nori,C,C,listener,0.0,refgame,1.0,page9-46,page9-46,True,2.0,01KJN7KZ5QZB0KWEYKCMJ2KY6D,False,,,,,,,False,False,2.0,,0.0,1772386765466,1772386810471,45005,,01KJN79ZQD1E4YD03FE5CGJY8K,True,3,False,True,True,,,,,,,,False,
01KJN6MMPQTMDYRN709968YFN1,01KJN78B0TFR8F59JDGD057XNS,Repi,A,A,listener,1.0,refgame,1.0,page-B,page3-193,False,0.0,01KJN7K5HQTXFWBF1AJA81RK0D,False,,,,,,,False,False,11.0,,0.0,1772387228685,1772387273691,45006,,01KJN791EPN054R2NTQQ1BFXJ5,True,3,False,True,True,,,,,,,,False,
01KJN6MMPQTMDYRN709DP5DSDA,01KJN7931DXZ65NXTWK1GNEZMW,Nori,C,C,speaker,5.0,refgame,1.0,page3-35,,,2.0,01KJN7KYYXHVJJDVQGT2GSWXHY,False,,,,,,,False,False,34.0,,0.0,1772387953491,1772387970074,16583,2.0,01KJN7931DXZ65NXTWK1GNEZMW,,3,False,True,False,,,,,,,,False,
01KJN6MMPQTMDYRN709DP5DSDA,01KJN7B32C1C5254NSG6ZK1GRK,Laju,A,A,speaker,5.0,refgame,1.0,page7-255,,,2.0,01KJN7KYWAX41N5G0QPJ1GRFCF,False,,,,,,,False,False,35.0,,0.0,1772387974863,1772388005860,30997,2.0,01KJN7B32C1C5254NSG6ZK1GRK,,3,False,True,False,,,,,,,,False,
01KJN6MMPQTMDYRN709968YFN1,01KJN791EPN054R2NTQQ1BFXJ5,Minu,A,A,listener,5.0,refgame,1.0,page3-35,page3-35,True,2.0,01KJN7K5KC833F28YJV6E0BER7,False,,,,,,,False,False,33.0,,0.0,1772388187845,1772388209421,21576,,01KJN78JVY5FN5QXW9XGGE72RG,True,3,False,True,True,,,,,,,,False,
01KJN6MMPQTMDYRN709968YFN1,01KJN78M7563R5D9TQE5G142DA,Lika,C,C,speaker,0.0,refgame,1.0,page7-107,,,0.0,01KJN7K5FA1TQ33CB0SW5804S0,False,,,,,,,False,False,0.0,,0.0,1772386630486,1772386675490,45004,1.0,01KJN78M7563R5D9TQE5G142DA,,3,False,False,False,,,,,,,,False,
01KJN6MMPQTMDYRN709968YFN1,01KJN788SPAKVVBHX9T9FDQWAF,Zuda,B,B,speaker,1.0,refgame,1.0,page5-28,,,2.0,01KJN7K5FN5PPN5PJKQY110P3Z,False,,,,,,,False,False,7.0,,0.0,1772387033134,1772387073532,40398,1.0,01KJN788SPAKVVBHX9T9FDQWAF,,3,False,True,False,,,,,,,,False,
01KJN6MMPQTMDYRN709DP5DSDA,01KJN7BYA5X3A2G30KZECRY2HY,Bavi,B,B,listener,1.0,refgame,2.0,page9-46,page9-46,True,2.0,01KJN7KYW7CVYKM5SHMJ89SKKM,False,,,,,,,False,False,45.0,,0.0,1772388203492,1772388213909,10417,,01KJN7AAWT4GWKRZ7B9775509P,True,3,False,True,True,,,,,,,,False,
01KJN6MMQ03KZPZN0275VZXK6R,01KJN78DQ6KC0F9N1HA0BPB44R,Player,C,B,listener,4.0,refgame,2.0,page-B,,False,0.0,01KJN7JJ4HZG5Q1EBE6H435ZZY,False,,,,,,,True,False,63.0,,0.0,1772389106854,1772389126859,20005,,01KJN792W85XPK9QGH8A6HSYSJ,False,3,False,True,True,,,,,,,,False,
01KJN6MMPQTMDYRN709DP5DSDA,01KJN7AAWT4GWKRZ7B9775509P,Zuda,B,B,speaker,1.0,refgame,1.0,page5-28,,,2.0,01KJN7KZ409T5ZHRW9SE4CM2P9,False,,,,,,,False,False,11.0,,0.0,1772387222771,1772387265429,42658,1.0,01KJN7AAWT4GWKRZ7B9775509P,,3,False,True,False,,,,,,,,False,
01KJN6MMPQTMDYRN709968YFN1,01KJN791EPN054R2NTQQ1BFXJ5,Player,A,B,speaker,4.0,refgame,2.0,page9-46,,,2.0,01KJN7K5RH8WAK5SD7F93EBYXB,False,,,,,,,False,False,65.0,,0.0,1772388983249,1772388994056,10807,2.0,01KJN791EPN054R2NTQQ1BFXJ5,,3,False,True,False,,,,,,,,False,
01KJN6MMQ03KZPZN0275VZXK6R,01KJN78DQ6KC0F9N1HA0BPB44R,Nori,C,C,listener,3.0,refgame,1.0,page-B,page4-15,False,0.0,01KJN7JJ0QKQ5P6F29RGF08AK3,False,,,,,,,False,False,18.0,,0.0,1772387500305,1772387527911,27606,,01KJN79J529BWBWTESKB6D9MB7,True,3,False,True,True,,,,,,,,False,
01KJN6MMPQTMDYRN709968YFN1,01KJN78JVY5FN5QXW9XGGE72RG,Laju,A,A,speaker,2.0,refgame,1.0,page5-28,,,2.0,01KJN7K5JK17KT4QXX6TA90JSY,False,,,,,,,False,False,17.0,,0.0,1772387520964,1772387561058,40094,1.0,01KJN78JVY5FN5QXW9XGGE72RG,,3,False,True,False,,,,,,,,False,
01KJN6MMPQTMDYRN709968YFN1,01KJN79Y7T0VZNKHTSJRZWTDZ5,Hera,B,B,speaker,3.0,refgame,1.0,page5-28,,,2.0,01KJN7K5NP3KHGDZYWKZZ35KWP,False,,,,,,,False,False,23.0,,0.0,1772387820081,1772387851750,31669,2.0,01KJN79Y7T0VZNKHTSJRZWTDZ5,,3,False,True,False,,,,,,,,False,
01KJN6MMPQTMDYRN709DP5DSDA,01KJN79PCAAMFX7P2QF70Y3HJM,Repi,A,A,listener,2.0,refgame,2.0,page7-107,page7-107,True,2.0,01KJN7KZ60KJRH45NA3K8P60R3,False,,,,,,,False,False,51.0,,0.0,1772388286950,1772388295678,8728,,01KJN7B32C1C5254NSG6ZK1GRK,True,3,False,True,True,,,,,,,,False,
01KJN6MMPQTMDYRN709968YFN1,01KJN788SPAKVVBHX9T9FDQWAF,Player,B,B,speaker,1.0,refgame,2.0,page9-46,,,1.0,01KJN7K5QW5JZFE563TZ3V1T5B,False,,,,,,,False,False,43.0,,0.0,1772388514078,1772388534070,19992,1.0,01KJN788SPAKVVBHX9T9FDQWAF,,3,False,True,False,,,,,,,,False,
01KJN6MMPQTMDYRN709DP5DSDA,01KJN77XQHYQ5TVVY4HZM02E7R,Felu,C,C,listener,5.0,refgame,2.0,page-B,page-B,True,2.0,01KJN7KZ3D0HTVJZCVXH48W7YP,False,,,,,,,False,False,69.0,,0.0,1772388579779,1772388591448,11669,,01KJN7931DXZ65NXTWK1GNEZMW,True,3,False,True,True,,,,,,,,False,
01KJN6MMPQTMDYRN709DP5DSDA,01KJN7BYA5X3A2G30KZECRY2HY,Bavi,B,B,listener,4.0,refgame,2.0,page3-35,page3-35,True,2.0,01KJN7KZ5X7KJG8NWSNPRZKCCR,False,,,,,,,False,False,62.0,,0.0,1772388469790,1772388484269,14479,,01KJN7AAWT4GWKRZ7B9775509P,True,3,False,True,True,,,,,,,,False,
01KJN6MMQ03KZPZN0275VZXK6R,01KJN7863BFF3ZYZGVVSATZTH7,Player,C,B,listener,5.0,refgame,2.0,page9-46,page9-46,True,2.0,01KJN7JJ4B103R31J8V9CH41TX,False,,,,,,,False,False,71.0,,0.0,1772389316097,1772389335665,19568,,01KJN78DQ6KC0F9N1HA0BPB44R,True,3,False,True,True,,,,,,,,False,
01KJN6MMPQTMDYRN709968YFN1,01KJN791EPN054R2NTQQ1BFXJ5,Minu,A,A,speaker,1.0,refgame,1.0,page5-28,,,2.0,01KJN7K5FN5PPN5PJKQY110P3Z,False,,,,,,,False,False,7.0,,0.0,1772387033134,1772387073532,40398,1.0,01KJN791EPN054R2NTQQ1BFXJ5,,3,False,True,False,,,,,,,,False,
01KJN6MMPQTMDYRN709DP5DSDA,01KJN7B4V2673GK7HGVSG52R2P,Hera,B,B,listener,2.0,refgame,1.0,page9-46,page9-46,True,2.0,01KJN7KYZVF0MZ734PHRTBKCFB,False,,,,,,,False,False,17.0,,0.0,1772387460255,1772387497754,37499,,01KJN7BYA5X3A2G30KZECRY2HY,True,3,False,True,True,,,,,,,,False,
01KJN6MMPQTMDYRN709DP5DSDA,01KJN7B32C1C5254NSG6ZK1GRK,Laju,A,A,listener,4.0,refgame,2.0,page9-46,page9-46,True,2.0,01KJN7KZ4W10W8D9F17K7QA5ZZ,False,,,,,,,False,False,65.0,,0.0,1772388524053,1772388532195,8142,,01KJN79ZRTRDMY6RH8ZCYCM9NV,True,3,False,True,True,,,,,,,,False,
01KJN6MMPQTMDYRN709968YFN1,01KJN78CQJ3KY7VMGAR6F3D4S0,Player,B,A,listener,1.0,refgame,2.0,page-B,page-B,True,2.0,01KJN7K5R000K64SZACMCPEMWA,False,,,,,,,False,False,46.0,,0.0,1772388591304,1772388606901,15597,,01KJN791EPN054R2NTQQ1BFXJ5,False,3,False,True,True,,,,,,,,False,
01KJN6MMQ03KZPZN0275VZXK6R,01KJN7C40WEQBDF48ACG18M0EV,Player,B,A,speaker,3.0,refgame,2.0,page-B,,,2.0,01KJN7JJ1CYQGSSJG1XAFMYT77,False,,,,,,,False,False,54.0,,0.0,1772388877448,1772388897486,20038,2.0,01KJN7C40WEQBDF48ACG18M0EV,,3,False,True,False,,,,,,,,False,
01KJN6MMPQTMDYRN709968YFN1,01KJN78M7563R5D9TQE5G142DA,Lika,C,C,listener,1.0,refgame,1.0,page7-107,page7-107,True,2.0,01KJN7K5FPBRARD9EVC2PVD07Q,False,,,,,,,False,False,8.0,,0.0,1772387081275,1772387110069,28794,,01KJN796KT7FCNV2F9QNCQDSES,True,3,False,True,True,,,,,,,,False,
01KJN6MMPQTMDYRN709968YFN1,01KJN78JVY5FN5QXW9XGGE72RG,Laju,A,A,speaker,2.0,refgame,1.0,page9-46,,,2.0,01KJN7K5HXVCRWCHH6JDWC7QS9,False,,,,,,,False,False,13.0,,0.0,1772387325214,1772387352995,27781,1.0,01KJN78JVY5FN5QXW9XGGE72RG,,3,False,True,False,,,,,,,,False,
01KJN6MMPQTMDYRN709DP5DSDA,01KJN7BYA5X3A2G30KZECRY2HY,Bavi,B,B,speaker,5.0,refgame,1.0,page9-46,,,2.0,01KJN7KYWCG0VSA4BGP1BA4VRQ,False,,,,,,,False,False,31.0,,0.0,1772387903476,1772387912499,9023,2.0,01KJN7BYA5X3A2G30KZECRY2HY,,3,False,True,False,,,,,,,,False,
01KJN6MMPQTMDYRN709DP5DSDA,01KJN79ZQD1E4YD03FE5CGJY8K,Lika,C,C,listener,5.0,refgame,1.0,page5-28,page5-28,True,2.0,01KJN7KYZA3BRY3D1F5P0C9MSA,False,,,,,,,False,False,32.0,,0.0,1772387915811,1772387930604,14793,,01KJN7931DXZ65NXTWK1GNEZMW,True,3,False,True,True,,,,,,,,False,
01KJN6MMPQTMDYRN709968YFN1,01KJN78B0TFR8F59JDGD057XNS,Player,A,B,speaker,0.0,refgame,2.0,page5-28,,,2.0,01KJN7K5JHH03N9GJWQ4QNWTP8,False,,,,,,,False,False,36.0,,0.0,1772388344987,1772388366474,21487,1.0,01KJN78B0TFR8F59JDGD057XNS,,3,False,True,False,,,,,,,,False,
01KJN6MMPQTMDYRN709DP5DSDA,01KJN7AAWT4GWKRZ7B9775509P,Zuda,B,B,listener,0.0,refgame,1.0,page9-46,page5-63,False,0.0,01KJN7KZ5QZB0KWEYKCMJ2KY6D,False,,,,,,,False,False,2.0,,0.0,1772386765466,1772386810471,45005,,01KJN7B4V2673GK7HGVSG52R2P,True,3,False,True,True,,,,,,,,False,
01KJN6MMQ03KZPZN0275VZXK6R,01KJN7C40WEQBDF48ACG18M0EV,Hera,B,B,speaker,0.0,refgame,1.0,page-B,,,1.0,01KJN7JHZG39B3YEBM7VHA554N,False,,,,,,,False,False,4.0,,0.0,1772386841560,1772386883546,41986,1.0,01KJN7C40WEQBDF48ACG18M0EV,,3,False,True,False,,,,,,,,False,
01KJN6MMPQTMDYRN709DP5DSDA,01KJN79PCAAMFX7P2QF70Y3HJM,Repi,A,A,listener,5.0,refgame,1.0,page-B,page-B,True,2.0,01KJN7KYZ4BR3PV6SVPD7F89EN,False,,,,,,,False,False,33.0,,0.0,1772387934640,1772387950421,15781,,01KJN7B32C1C5254NSG6ZK1GRK,True,3,False,True,True,,,,,,,,False,
01KJN6MMPQTMDYRN709DP5DSDA,01KJN77XQHYQ5TVVY4HZM02E7R,Felu,C,C,speaker,1.0,refgame,2.0,page7-107,,,2.0,01KJN7KYXFQRPB40W6RYE3EFWM,False,,,,,,,False,False,47.0,,0.0,1772388231673,1772388242723,11050,1.0,01KJN77XQHYQ5TVVY4HZM02E7R,,3,False,True,False,,,,,,,,False,
01KJN6MMQ03KZPZN0275VZXK6R,01KJN79J529BWBWTESKB6D9MB7,Player,C,B,listener,1.0,refgame,2.0,page9-46,,False,0.0,01KJN7JJ13QJT8W0QKT01PY95R,False,,,,,,,True,False,45.0,,0.0,1772388615173,1772388635199,20026,,01KJN7AAX1VHZ1A7ZB35BNRH8N,False,3,False,True,True,,,,,,,,False,
01KJN6MMQ03KZPZN0275VZXK6R,01KJN7863BFF3ZYZGVVSATZTH7,Felu,C,C,listener,3.0,refgame,1.0,page-B,page-B,True,2.0,01KJN7JJ0QKQ5P6F29RGF08AK3,False,,,,,,,False,False,18.0,,0.0,1772387500305,1772387527911,27606,,01KJN79J529BWBWTESKB6D9MB7,True,3,False,True,True,,,,,,,,False,
01KJN6MMPQTMDYRN709DP5DSDA,01KJN79PCAAMFX7P2QF70Y3HJM,Repi,A,A,listener,5.0,refgame,1.0,page7-107,page7-107,True,2.0,01KJN7KYZCYWANNP5JHHSNDKG7,False,,,,,,,False,False,30.0,,0.0,1772387883409,1772387895628,12219,,01KJN7B32C1C5254NSG6ZK1GRK,True,3,False,True,True,,,,,,,,False,
01KJN6MMPQTMDYRN709968YFN1,01KJN78CQJ3KY7VMGAR6F3D4S0,Player,B,A,listener,4.0,refgame,2.0,page3-35,page3-35,True,2.0,01KJN7K5K695VY1A5FSVY4M3X0,False,,,,,,,False,False,63.0,,0.0,1772388944534,1772388952202,7668,,01KJN791EPN054R2NTQQ1BFXJ5,False,3,False,True,True,,,,,,,,False,
01KJN6MMQ03KZPZN0275VZXK6R,01KJN7AAX1VHZ1A7ZB35BNRH8N,Minu,A,A,listener,0.0,refgame,1.0,page5-28,page5-28,True,2.0,01KJN7JHZFFFSQ6C949D4A45VQ,False,,,,,,,False,False,2.0,,0.0,1772386731115,1772386774129,43014,,01KJN79B14FBSYSKKCG2BYVBB6,True,3,False,True,True,,,,,,,,False,
01KJN6MMPQTMDYRN709DP5DSDA,01KJN7931DXZ65NXTWK1GNEZMW,Nori,C,C,listener,1.0,refgame,1.0,page-B,page-B,True,2.0,01KJN7KZ4KY8QNP8EKAKX2FFGX,False,,,,,,,False,False,8.0,,0.0,1772387071924,1772387116592,44668,,01KJN77XQHYQ5TVVY4HZM02E7R,True,3,False,True,True,,,,,,,,False,
01KJN6MMPQTMDYRN709DP5DSDA,01KJN77XQHYQ5TVVY4HZM02E7R,Felu,C,C,speaker,4.0,refgame,1.0,page5-28,,,2.0,01KJN7KYWFXTPDV5GRYPW63TV1,False,,,,,,,False,False,24.0,,0.0,1772387688519,1772387709099,20580,2.0,01KJN77XQHYQ5TVVY4HZM02E7R,,3,False,True,False,,,,,,,,False,
01KJN6MMPQTMDYRN709968YFN1,01KJN78JVY5FN5QXW9XGGE72RG,Player,A,B,speaker,5.0,refgame,2.0,page3-35,,,2.0,01KJN7K5NRR9A1HQWEJ86W9HKW,False,,,,,,,False,False,69.0,,0.0,1772389066515,1772389075504,8989,2.0,01KJN78JVY5FN5QXW9XGGE72RG,,3,False,True,False,,,,,,,,False,
01KJN6MMPQTMDYRN709DP5DSDA,01KJN79ZRTRDMY6RH8ZCYCM9NV,Minu,A,A,listener,3.0,refgame,1.0,page-B,page-B,True,2.0,01KJN7KYWVG5D3PX554T4PG812,False,,,,,,,False,False,21.0,,0.0,1772387605450,1772387631251,25801,,01KJN79PCAAMFX7P2QF70Y3HJM,True,3,False,True,True,,,,,,,,False,
01KJN6MMPQTMDYRN709968YFN1,01KJN78JVY5FN5QXW9XGGE72RG,Laju,A,A,listener,3.0,refgame,1.0,page3-35,page3-35,True,2.0,01KJN7K5J1ZRGX1V6B624J4KWP,False,,,,,,,False,False,21.0,,0.0,1772387727233,1772387763463,36230,,01KJN78B0TFR8F59JDGD057XNS,True,3,False,True,True,,,,,,,,False,
01KJN6MMPQTMDYRN709DP5DSDA,01KJN7931DXZ65NXTWK1GNEZMW,Nori,C,C,listener,1.0,refgame,2.0,page9-46,page9-46,True,2.0,01KJN7KYW7CVYKM5SHMJ89SKKM,False,,,,,,,False,False,45.0,,0.0,1772388203492,1772388213909,10417,,01KJN77XQHYQ5TVVY4HZM02E7R,True,3,False,True,True,,,,,,,,False,
01KJN6MMPQTMDYRN709968YFN1,01KJN78JVY5FN5QXW9XGGE72RG,Player,A,B,listener,4.0,refgame,2.0,page7-107,,False,0.0,01KJN7K5HAJG21SWCHMY8SXPNH,False,,,,,,,True,False,60.0,,0.0,1772388872168,1772388892199,20031,,01KJN791EPN054R2NTQQ1BFXJ5,True,3,False,False,False,,,,,,,,False,
01KJN6MMQ03KZPZN0275VZXK6R,01KJN79B14FBSYSKKCG2BYVBB6,Repi,A,A,listener,1.0,refgame,1.0,page9-46,page9-46,True,2.0,01KJN7JHZQSRK24Z41VVEYNBPE,False,,,,,,,False,False,7.0,,0.0,1772386990498,1772387026658,36160,,01KJN7AAX1VHZ1A7ZB35BNRH8N,True,3,False,True,True,,,,,,,,False,
01KJN6MMQ03KZPZN0275VZXK6R,01KJN7AZC7FAG17CY924MRTCF7,Player,A,C,listener,0.0,refgame,2.0,page5-28,page5-28,True,2.0,01KJN7JJ1VVYECS34J9NT698WM,False,,,,,,,False,False,39.0,,0.0,1772388446349,1772388466403,20054,,01KJN79B14FBSYSKKCG2BYVBB6,True,3,False,True,True,,,,,,,,False,
01KJN6MMQ03KZPZN0275VZXK6R,01KJN7AZC7FAG17CY924MRTCF7,Player,A,C,listener,0.0,refgame,2.0,page3-35,page3-35,True,2.0,01KJN7JJ1PF41J166TSJBZWQBB,False,,,,,,,False,False,41.0,,0.0,1772388502377,1772388519944,17567,,01KJN79J529BWBWTESKB6D9MB7,False,3,False,True,True,,,,,,,,False,
01KJN6MMPQTMDYRN709968YFN1,01KJN78M7563R5D9TQE5G142DA,Lika,C,C,speaker,3.0,refgame,1.0,page3-35,,,2.0,01KJN7K5J1ZRGX1V6B624J4KWP,False,,,,,,,False,False,21.0,,0.0,1772387727233,1772387763463,36230,2.0,01KJN78M7563R5D9TQE5G142DA,,3,False,True,False,,,,,,,,False,
01KJN6MMQ03KZPZN0275VZXK6R,01KJN7C40WEQBDF48ACG18M0EV,Hera,B,B,listener,5.0,refgame,1.0,page-B,page-B,True,2.0,01KJN7JJ1MRR84KNB9E0DAG180,False,,,,,,,False,False,32.0,,0.0,1772388138113,1772388181120,43007,,01KJN7A44GGBE9XR412KV5BFSC,True,3,False,True,True,,,,,,,,False,
01KJN6MMPQTMDYRN709DP5DSDA,01KJN7B32C1C5254NSG6ZK1GRK,Laju,A,A,speaker,5.0,refgame,2.0,page3-35,,,2.0,01KJN7KZ3WZY96681Q55PTJZKP,False,,,,,,,False,False,68.0,,0.0,1772388569519,1772388575608,6089,2.0,01KJN7B32C1C5254NSG6ZK1GRK,,3,False,True,False,,,,,,,,False,
01KJN6MMQ03KZPZN0275VZXK6R,01KJN792W85XPK9QGH8A6HSYSJ,Player,B,A,listener,2.0,refgame,2.0,page3-35,page3-35,True,2.0,01KJN7JJ106G1CY7M5WR0DQX8K,False,,,,,,,False,False,52.0,,0.0,1772388822410,1772388841310,18900,,01KJN7A44GGBE9XR412KV5BFSC,True,3,False,True,True,,,,,,,,False,
01KJN6MMPQTMDYRN709968YFN1,01KJN79Y7T0VZNKHTSJRZWTDZ5,Player,B,B,speaker,3.0,refgame,2.0,page3-35,,,2.0,01KJN7K5K45BCWNA8BDRPBEDWX,False,,,,,,,False,False,54.0,,0.0,1772388755473,1772388769836,14363,2.0,01KJN79Y7T0VZNKHTSJRZWTDZ5,,3,False,True,False,,,,,,,,False,
01KJN6MMPQTMDYRN709968YFN1,01KJN78CQJ3KY7VMGAR6F3D4S0,Bavi,B,B,listener,0.0,refgame,1.0,page3-35,page3-35,True,2.0,01KJN7K5HHFJZXYFX14TKSFBHN,False,,,,,,,False,False,4.0,,0.0,1772386867613,1772386912635,45022,,01KJN79Y7T0VZNKHTSJRZWTDZ5,True,3,False,True,True,,,,,,,,False,
01KJN6MMQ03KZPZN0275VZXK6R,01KJN7AAX1VHZ1A7ZB35BNRH8N,Minu,A,A,listener,2.0,refgame,1.0,page3-35,page3-35,True,2.0,01KJN7JJ0PJYQE826DEW5XH116,False,,,,,,,False,False,12.0,,0.0,1772387236366,1772387281380,45014,,01KJN7AZC7FAG17CY924MRTCF7,True,3,False,True,True,,,,,,,,False,
01KJN6MMPQTMDYRN709DP5DSDA,01KJN7B4V2673GK7HGVSG52R2P,Hera,B,B,listener,5.0,refgame,2.0,page5-28,page5-28,True,2.0,01KJN7KZ4GGBX7W2AQKMGYBFMR,False,,,,,,,False,False,66.0,,0.0,1772388537478,1772388547714,10236,,01KJN7BYA5X3A2G30KZECRY2HY,True,3,False,True,True,,,,,,,,False,
01KJN6MMQ03KZPZN0275VZXK6R,01KJN7AZC7FAG17CY924MRTCF7,Player,A,C,speaker,2.0,refgame,2.0,page7-255,,,1.0,01KJN7JJ17ZTZ9QC0YBJF7F8VH,False,,,,,,,False,False,49.0,,0.0,1772388742925,1772388762952,20027,1.0,01KJN7AZC7FAG17CY924MRTCF7,,3,False,True,False,,,,,,,,False,
01KJN6MMQ03KZPZN0275VZXK6R,01KJN79J529BWBWTESKB6D9MB7,Lika,C,C,listener,2.0,refgame,1.0,page7-107,page7-107,True,2.0,01KJN7JJ0VF0RPKW84F3EHNK6T,False,,,,,,,False,False,16.0,,0.0,1772387410361,1772387435193,24832,,01KJN78DQ6KC0F9N1HA0BPB44R,True,3,False,True,True,,,,,,,,False,
01KJN6MMPQTMDYRN709968YFN1,01KJN79ZDP3YNFFHHQA302PJDP,Nori,C,C,speaker,5.0,refgame,1.0,page3-35,,,2.0,01KJN7K5KC833F28YJV6E0BER7,False,,,,,,,False,False,33.0,,0.0,1772388187845,1772388209421,21576,2.0,01KJN79ZDP3YNFFHHQA302PJDP,,3,False,True,False,,,,,,,,False,
01KJN6MMPQTMDYRN709DP5DSDA,01KJN79ZQD1E4YD03FE5CGJY8K,Lika,C,C,speaker,3.0,refgame,2.0,page9-46,,,2.0,01KJN7KZ4QMNMSWDESPF7REVXV,False,,,,,,,False,False,55.0,,0.0,1772388358226,1772388367836,9610,2.0,01KJN79ZQD1E4YD03FE5CGJY8K,,3,False,True,False,,,,,,,,False,
01KJN6MMPQTMDYRN709968YFN1,01KJN78JVY5FN5QXW9XGGE72RG,Laju,A,A,listener,1.0,refgame,1.0,page9-46,page9-46,True,2.0,01KJN7K5HZEKT6FNAA9GWA4F02,False,,,,,,,False,False,9.0,,0.0,1772387125823,1772387165178,39355,,01KJN791EPN054R2NTQQ1BFXJ5,True,3,False,True,True,,,,,,,,False,
01KJN6MMQ03KZPZN0275VZXK6R,01KJN78DQ6KC0F9N1HA0BPB44R,Nori,C,C,listener,3.0,refgame,1.0,page7-255,page7-255,True,2.0,01KJN7JJ4B103R31J8WHVA9DX7,False,,,,,,,False,False,20.0,,0.0,1772387585916,1772387626307,40391,,01KJN79J529BWBWTESKB6D9MB7,True,3,False,True,True,,,,,,,,False,
01KJN6MMPQTMDYRN709DP5DSDA,01KJN7AAWT4GWKRZ7B9775509P,Zuda,B,B,listener,5.0,refgame,2.0,page7-107,page7-107,True,2.0,01KJN7KYZYF9F6E5Z5YS0W94HW,False,,,,,,,False,False,71.0,,0.0,1772388610371,1772388617882,7511,,01KJN7BYA5X3A2G30KZECRY2HY,True,3,False,True,True,,,,,,,,False,
01KJN6MMQ03KZPZN0275VZXK6R,01KJN78DQ6KC0F9N1HA0BPB44R,Player,C,B,listener,3.0,refgame,2.0,page7-255,page7-255,True,2.0,01KJN7JJ1820G44H81ADMFG2AV,False,,,,,,,False,False,56.0,,0.0,1772388933170,1772388953175,20005,,01KJN79J529BWBWTESKB6D9MB7,True,3,False,True,True,,,,,,,,False,
01KJN6MMPQTMDYRN709968YFN1,01KJN78M7563R5D9TQE5G142DA,Lika,C,C,speaker,0.0,refgame,1.0,page9-46,,,0.0,01KJN7K5HM3GRXQJ2R4WDZ9A25,False,,,,,,,False,False,5.0,,0.0,1772386918334,1772386963323,44989,1.0,01KJN78M7563R5D9TQE5G142DA,,3,False,True,False,,,,,,,,False,
01KJN6MMQ03KZPZN0275VZXK6R,01KJN7863BFF3ZYZGVVSATZTH7,Felu,C,C,speaker,1.0,refgame,1.0,page9-46,,,2.0,01KJN7JHZQSRK24Z41VVEYNBPE,False,,,,,,,False,False,7.0,,0.0,1772386990498,1772387026658,36160,1.0,01KJN7863BFF3ZYZGVVSATZTH7,,3,False,True,False,,,,,,,,False,
01KJN6MMPQTMDYRN709DP5DSDA,01KJN79PCAAMFX7P2QF70Y3HJM,Repi,A,A,listener,2.0,refgame,1.0,page7-255,page7-255,True,2.0,01KJN7KZ1TSCX13H8GC3H8BDV7,False,,,,,,,False,False,15.0,,0.0,1772387380638,1772387422380,41742,,01KJN7B32C1C5254NSG6ZK1GRK,True,3,False,True,True,,,,,,,,False,
01KJN6MMQ03KZPZN0275VZXK6R,01KJN7AAX1VHZ1A7ZB35BNRH8N,Minu,A,A,listener,3.0,refgame,1.0,page-B,page-B,True,2.0,01KJN7JJ0QKQ5P6F29RGF08AK3,False,,,,,,,False,False,18.0,,0.0,1772387500305,1772387527911,27606,,01KJN79B14FBSYSKKCG2BYVBB6,True,3,False,True,True,,,,,,,,False,
01KJN6MMPQTMDYRN709DP5DSDA,01KJN79PCAAMFX7P2QF70Y3HJM,Repi,A,A,listener,1.0,refgame,2.0,page9-46,page9-46,True,2.0,01KJN7KYW7CVYKM5SHMJ89SKKM,False,,,,,,,False,False,45.0,,0.0,1772388203492,1772388213909,10417,,01KJN79ZRTRDMY6RH8ZCYCM9NV,True,3,False,True,True,,,,,,,,False,
01KJN6MMQ03KZPZN0275VZXK6R,01KJN79J529BWBWTESKB6D9MB7,Player,C,A,listener,5.0,refgame,2.0,page7-107,page7-107,True,2.0,01KJN7JJ4DKT23HYM95ZYF4P0X,False,,,,,,,False,False,69.0,,0.0,1772389271826,1772389285927,14101,,01KJN7A44GGBE9XR412KV5BFSC,False,3,False,True,True,,,,,,,,False,
01KJN6MMPQTMDYRN709DP5DSDA,01KJN79ZQD1E4YD03FE5CGJY8K,Lika,C,C,listener,1.0,refgame,1.0,page7-107,page7-107,True,2.0,01KJN7KZ50SP860QQHX43BMD6K,False,,,,,,,False,False,6.0,,0.0,1772386983245,1772387024263,41018,,01KJN77XQHYQ5TVVY4HZM02E7R,True,3,False,True,True,,,,,,,,False,
01KJN6MMQ03KZPZN0275VZXK6R,01KJN7AZC7FAG17CY924MRTCF7,Laju,A,A,speaker,2.0,refgame,1.0,page3-35,,,2.0,01KJN7JJ0PJYQE826DEW5XH116,False,,,,,,,False,False,12.0,,0.0,1772387236366,1772387281380,45014,1.0,01KJN7AZC7FAG17CY924MRTCF7,,3,False,True,False,,,,,,,,False,
01KJN6MMPQTMDYRN709DP5DSDA,01KJN77XQHYQ5TVVY4HZM02E7R,Felu,C,C,listener,3.0,refgame,1.0,page5-28,page5-28,True,2.0,01KJN7KYVX2YBMH8VCCFFKA25A,False,,,,,,,False,False,19.0,,0.0,1772387552131,1772387580313,28182,,01KJN79ZQD1E4YD03FE5CGJY8K,True,3,False,True,True,,,,,,,,False,
01KJN6MMQ03KZPZN0275VZXK6R,01KJN7AZC7FAG17CY924MRTCF7,Player,A,C,speaker,2.0,refgame,2.0,page7-107,,,2.0,01KJN7JJ0XW9B6G59FG765GH27,False,,,,,,,False,False,48.0,,0.0,1772388713668,1772388732477,18809,1.0,01KJN7AZC7FAG17CY924MRTCF7,,3,False,True,False,,,,,,,,False,
01KJN6MMPQTMDYRN709968YFN1,01KJN78B0TFR8F59JDGD057XNS,Player,A,B,speaker,3.0,refgame,2.0,page9-46,,,2.0,01KJN7K5KSEZZTN34AR4PS7YC7,False,,,,,,,False,False,58.0,,0.0,1772388828490,1772388848484,19994,2.0,01KJN78B0TFR8F59JDGD057XNS,,3,False,True,False,,,,,,,,False,
01KJN6MMPQTMDYRN709968YFN1,01KJN78JVY5FN5QXW9XGGE72RG,Player,A,B,listener,4.0,refgame,2.0,page9-46,page9-46,True,2.0,01KJN7K5RH8WAK5SD7F93EBYXB,False,,,,,,,False,False,65.0,,0.0,1772388983249,1772388994056,10807,,01KJN791EPN054R2NTQQ1BFXJ5,True,3,False,True,True,,,,,,,,False,
01KJN6MMPQTMDYRN709968YFN1,01KJN788SPAKVVBHX9T9FDQWAF,Zuda,B,B,listener,0.0,refgame,1.0,page-B,,False,0.0,01KJN7K5R9WK49MVWHPP0N06TT,False,,,,,,,True,False,2.0,,0.0,1772386746187,1772386791211,45024,,01KJN79Y7T0VZNKHTSJRZWTDZ5,True,3,False,False,False,,,,,,,,False,
01KJN6MMQ03KZPZN0275VZXK6R,01KJN792W85XPK9QGH8A6HSYSJ,Zuda,B,B,listener,2.0,refgame,1.0,page7-255,page9-7,False,0.0,01KJN7JJ0YKPRCT8KSF0KQWF0X,False,,,,,,,False,False,14.0,,0.0,1772387327727,1772387351607,23880,,01KJN7A44GGBE9XR412KV5BFSC,True,3,False,True,True,,,,,,,,False,
01KJN6MMPQTMDYRN709DP5DSDA,01KJN7B32C1C5254NSG6ZK1GRK,Laju,A,A,speaker,2.0,refgame,1.0,page-B,,,2.0,01KJN7KZ33V5V719AES7EBWC0V,False,,,,,,,False,False,14.0,,0.0,1772387342438,1772387377362,34924,1.0,01KJN7B32C1C5254NSG6ZK1GRK,,3,False,True,False,,,,,,,,False,
01KJN6MMPQTMDYRN709DP5DSDA,01KJN7B4V2673GK7HGVSG52R2P,Hera,B,B,speaker,3.0,refgame,2.0,page7-107,,,2.0,01KJN7KZ4AQMTPYG5CPW2RCWSG,False,,,,,,,False,False,56.0,,0.0,1772388372542,1772388384910,12368,2.0,01KJN7B4V2673GK7HGVSG52R2P,,3,False,True,False,,,,,,,,False,
01KJN6MMQ03KZPZN0275VZXK6R,01KJN79J529BWBWTESKB6D9MB7,Player,C,B,listener,2.0,refgame,2.0,page5-28,page5-28,True,2.0,01KJN7JJ144X9C126M86JNY5Y5,False,,,,,,,False,False,50.0,,0.0,1772388771422,1772388791447,20025,,01KJN78DQ6KC0F9N1HA0BPB44R,True,3,False,True,True,,,,,,,,False,
01KJN6MMPQTMDYRN709DP5DSDA,01KJN79ZQD1E4YD03FE5CGJY8K,Lika,C,C,speaker,0.0,refgame,2.0,page7-255,,,2.0,01KJN7KYYA4F2NERJFZQJ023GY,False,,,,,,,False,False,38.0,,0.0,1772388082220,1772388092151,9931,1.0,01KJN79ZQD1E4YD03FE5CGJY8K,,3,False,True,False,,,,,,,,False,
01KJN6MMPQTMDYRN709DP5DSDA,01KJN79PCAAMFX7P2QF70Y3HJM,Repi,A,A,speaker,0.0,refgame,2.0,page5-28,,,2.0,01KJN7KYY3G8VA1DGR0XCV0GC9,False,,,,,,,False,False,39.0,,0.0,1772388096966,1772388111396,14430,1.0,01KJN79PCAAMFX7P2QF70Y3HJM,,3,False,True,False,,,,,,,,False,
01KJN6MMQ03KZPZN0275VZXK6R,01KJN78DQ6KC0F9N1HA0BPB44R,Nori,C,C,speaker,5.0,refgame,1.0,page9-46,,,2.0,01KJN7JJ1GTZ14GD5SHH1T9KDQ,False,,,,,,,False,False,33.0,,0.0,1772388186835,1772388202360,15525,2.0,01KJN78DQ6KC0F9N1HA0BPB44R,,3,False,True,False,,,,,,,,False,
01KJN6MMPQTMDYRN709DP5DSDA,01KJN7AAWT4GWKRZ7B9775509P,Zuda,B,B,speaker,4.0,refgame,2.0,page7-107,,,2.0,01KJN7KZ6AHC28MWRG7T2V9Z51,False,,,,,,,False,False,61.0,,0.0,1772388450895,1772388465106,14211,2.0,01KJN7AAWT4GWKRZ7B9775509P,,3,False,True,False,,,,,,,,False,
01KJN6MMQ03KZPZN0275VZXK6R,01KJN792W85XPK9QGH8A6HSYSJ,Player,B,C,speaker,4.0,refgame,2.0,page3-35,,,2.0,01KJN7JJ4KG1JY79DXAW7HB1X7,False,,,,,,,False,False,62.0,,0.0,1772389088043,1772389101379,13336,2.0,01KJN792W85XPK9QGH8A6HSYSJ,,3,False,True,False,,,,,,,,False,
01KJN6MMPQTMDYRN709968YFN1,01KJN79Y7T0VZNKHTSJRZWTDZ5,Player,B,B,listener,4.0,refgame,2.0,page9-46,page9-46,True,2.0,01KJN7K5RH8WAK5SD7F93EBYXB,False,,,,,,,False,False,65.0,,0.0,1772388983249,1772388994056,10807,,01KJN791EPN054R2NTQQ1BFXJ5,False,3,False,True,True,,,,,,,,False,
01KJN6MMPQTMDYRN709968YFN1,01KJN796KT7FCNV2F9QNCQDSES,Felu,C,C,listener,0.0,refgame,1.0,page7-255,,False,0.0,01KJN7K5JCNXJGPF3SH23VVTP4,False,,,,,,,True,False,3.0,,0.0,1772386806901,1772386851896,44995,,01KJN78M7563R5D9TQE5G142DA,True,3,False,True,True,,,,,,,,False,
01KJN6MMPQTMDYRN709DP5DSDA,01KJN7931DXZ65NXTWK1GNEZMW,Nori,C,C,listener,1.0,refgame,1.0,page3-35,page3-35,True,2.0,01KJN7KZ4SZP3K0F01DSDYSY4B,False,,,,,,,False,False,7.0,,0.0,1772387028378,1772387064882,36504,,01KJN77XQHYQ5TVVY4HZM02E7R,True,3,False,True,True,,,,,,,,False,
01KJN6MMPQTMDYRN709968YFN1,01KJN791EPN054R2NTQQ1BFXJ5,Minu,A,A,listener,3.0,refgame,1.0,page5-28,page5-28,True,2.0,01KJN7K5NP3KHGDZYWKZZ35KWP,False,,,,,,,False,False,23.0,,0.0,1772387820081,1772387851750,31669,,01KJN78B0TFR8F59JDGD057XNS,True,3,False,True,True,,,,,,,,False,
01KJN6MMPQTMDYRN709DP5DSDA,01KJN7931DXZ65NXTWK1GNEZMW,Nori,C,C,listener,0.0,refgame,2.0,page3-35,page3-35,True,2.0,01KJN7KYYEBVY8X95NHX4BR4FV,False,,,,,,,False,False,37.0,,0.0,1772388064178,1772388076151,11973,,01KJN79ZQD1E4YD03FE5CGJY8K,True,3,False,True,True,,,,,,,,False,
01KJN6MMPQTMDYRN709DP5DSDA,01KJN79ZQD1E4YD03FE5CGJY8K,Lika,C,C,speaker,0.0,refgame,2.0,page7-107,,,2.0,01KJN7KYXC39570NBM5M60XHPH,False,,,,,,,False,False,41.0,,0.0,1772388134092,1772388144332,10240,1.0,01KJN79ZQD1E4YD03FE5CGJY8K,,3,False,True,False,,,,,,,,False,
01KJN6MMPQTMDYRN709DP5DSDA,01KJN7B32C1C5254NSG6ZK1GRK,Laju,A,A,listener,1.0,refgame,2.0,page-B,page-B,True,2.0,01KJN7KYZ8JEEX9EFFC2G9SFJ0,False,,,,,,,False,False,44.0,,0.0,1772388184620,1772388200047,15427,,01KJN79ZRTRDMY6RH8ZCYCM9NV,True,3,False,True,True,,,,,,,,False,
01KJN6MMPQTMDYRN709DP5DSDA,01KJN7931DXZ65NXTWK1GNEZMW,Nori,C,C,speaker,2.0,refgame,2.0,page3-35,,,2.0,01KJN7KZ675C4DZYAWX412DRNF,False,,,,,,,False,False,49.0,,0.0,1772388265292,1772388271918,6626,1.0,01KJN7931DXZ65NXTWK1GNEZMW,,3,False,True,False,,,,,,,,False,
01KJN6MMPQTMDYRN709DP5DSDA,01KJN79ZQD1E4YD03FE5CGJY8K,Lika,C,C,speaker,3.0,refgame,2.0,page7-107,,,2.0,01KJN7KZ4AQMTPYG5CPW2RCWSG,False,,,,,,,False,False,56.0,,0.0,1772388372542,1772388384910,12368,2.0,01KJN79ZQD1E4YD03FE5CGJY8K,,3,False,True,False,,,,,,,,False,
01KJN6MMQ03KZPZN0275VZXK6R,01KJN78DQ6KC0F9N1HA0BPB44R,Player,C,B,listener,0.0,refgame,2.0,page7-107,page7-107,True,2.0,01KJN7JJ1A9ED4KAF42WD7ANR8,False,,,,,,,False,False,37.0,,0.0,1772388388706,1772388408142,19436,,01KJN79J529BWBWTESKB6D9MB7,True,3,False,True,True,,,,,,,,False,
01KJN6MMQ03KZPZN0275VZXK6R,01KJN7863BFF3ZYZGVVSATZTH7,Player,C,C,listener,2.0,refgame,2.0,page9-46,page9-46,True,2.0,01KJN7JJ123XE0WCHG834D1V4V,False,,,,,,,False,False,51.0,,0.0,1772388798958,1772388816891,17933,,01KJN78DQ6KC0F9N1HA0BPB44R,True,3,False,True,True,,,,,,,,False,
01KJN6MMPQTMDYRN709968YFN1,01KJN79Y7T0VZNKHTSJRZWTDZ5,Hera,B,B,listener,4.0,refgame,1.0,page-B,page-B,True,2.0,01KJN7K5N24QKEVGWFQFH8SHND,False,,,,,,,False,False,24.0,,0.0,1772387859403,1772387894789,35386,,01KJN788SPAKVVBHX9T9FDQWAF,True,3,False,True,True,,,,,,,,False,
01KJN6MMQ03KZPZN0275VZXK6R,01KJN7A44GGBE9XR412KV5BFSC,Bavi,B,B,speaker,5.0,refgame,1.0,page-B,,,2.0,01KJN7JJ1MRR84KNB9E0DAG180,False,,,,,,,False,False,32.0,,0.0,1772388138113,1772388181120,43007,2.0,01KJN7A44GGBE9XR412KV5BFSC,,3,False,True,False,,,,,,,,False,
01KJN6MMQ03KZPZN0275VZXK6R,01KJN79J529BWBWTESKB6D9MB7,Player,C,A,speaker,0.0,refgame,2.0,page9-46,,,2.0,01KJN7JJ1R0ZCD3D5GW7K272MC,False,,,,,,,False,False,40.0,,0.0,1772388475619,1772388495644,20025,1.0,01KJN79J529BWBWTESKB6D9MB7,,3,False,True,False,,,,,,,,False,
01KJN6MMQ03KZPZN0275VZXK6R,01KJN7863BFF3ZYZGVVSATZTH7,Player,C,C,speaker,1.0,refgame,2.0,page3-35,,,2.0,01KJN7JJ1820G44H819DQJ8GMD,False,,,,,,,False,False,43.0,,0.0,1772388552835,1772388572920,20085,1.0,01KJN7863BFF3ZYZGVVSATZTH7,,3,False,True,False,,,,,,,,False,
01KJN6MMPQTMDYRN709DP5DSDA,01KJN7B32C1C5254NSG6ZK1GRK,Laju,A,A,listener,3.0,refgame,2.0,page7-107,page7-107,True,2.0,01KJN7KZ4AQMTPYG5CPW2RCWSG,False,,,,,,,False,False,56.0,,0.0,1772388372542,1772388384910,12368,,01KJN79PCAAMFX7P2QF70Y3HJM,True,3,False,True,True,,,,,,,,False,
01KJN6MMQ03KZPZN0275VZXK6R,01KJN78DQ6KC0F9N1HA0BPB44R,Player,C,A,listener,4.0,refgame,2.0,page7-255,page7-255,True,2.0,01KJN7JJ4MVHVY4E5F7G465MK8,False,,,,,,,False,False,60.0,,0.0,1772389039235,1772389059240,20005,,01KJN792W85XPK9QGH8A6HSYSJ,False,3,False,True,True,,,,,,,,False,
01KJN6MMPQTMDYRN709968YFN1,01KJN78CQJ3KY7VMGAR6F3D4S0,Bavi,B,B,speaker,5.0,refgame,1.0,page7-255,,,2.0,01KJN7K5K5Y5YKVY7Z5PH8EA1C,False,,,,,,,False,False,34.0,,0.0,1772388215821,1772388254481,38660,2.0,01KJN78CQJ3KY7VMGAR6F3D4S0,,3,False,True,False,,,,,,,,False,
01KJN6MMPQTMDYRN709DP5DSDA,01KJN7931DXZ65NXTWK1GNEZMW,Nori,C,C,listener,4.0,refgame,2.0,page9-46,page9-46,True,2.0,01KJN7KZ4W10W8D9F17K7QA5ZZ,False,,,,,,,False,False,65.0,,0.0,1772388524053,1772388532195,8142,,01KJN77XQHYQ5TVVY4HZM02E7R,True,3,False,True,True,,,,,,,,False,
01KJN6MMQ03KZPZN0275VZXK6R,01KJN79J529BWBWTESKB6D9MB7,Player,C,C,listener,5.0,refgame,2.0,page5-28,page5-28,True,2.0,01KJN7JJ4CKNN14ST5YRKZ4T18,False,,,,,,,False,False,68.0,,0.0,1772389244705,1772389263979,19274,,01KJN78DQ6KC0F9N1HA0BPB44R,True,3,False,True,True,,,,,,,,False,
01KJN6MMPQTMDYRN709DP5DSDA,01KJN7B32C1C5254NSG6ZK1GRK,Laju,A,A,speaker,2.0,refgame,1.0,page7-255,,,2.0,01KJN7KZ1TSCX13H8GC3H8BDV7,False,,,,,,,False,False,15.0,,0.0,1772387380638,1772387422380,41742,1.0,01KJN7B32C1C5254NSG6ZK1GRK,,3,False,True,False,,,,,,,,False,
01KJN6MMQ03KZPZN0275VZXK6R,01KJN79B14FBSYSKKCG2BYVBB6,Repi,A,A,speaker,3.0,refgame,1.0,page9-46,,,2.0,01KJN7JJ0PJYQE826DDQJJSWAF,False,,,,,,,False,False,19.0,,0.0,1772387541417,1772387574131,32714,2.0,01KJN79B14FBSYSKKCG2BYVBB6,,3,False,True,False,,,,,,,,False,
01KJN6MMPQTMDYRN709968YFN1,01KJN796KT7FCNV2F9QNCQDSES,Felu,C,C,speaker,4.0,refgame,1.0,page5-28,,,1.0,01KJN7K5KQ8WFY6EA4MTPDWMDN,False,,,,,,,False,False,27.0,,0.0,1772387967408,1772387993664,26256,2.0,01KJN796KT7FCNV2F9QNCQDSES,,3,False,True,False,,,,,,,,False,
01KJN6MMQ03KZPZN0275VZXK6R,01KJN79B14FBSYSKKCG2BYVBB6,Repi,A,A,listener,5.0,refgame,1.0,page7-107,page7-107,True,2.0,01KJN7JJ1QAVBM4RS4B0A8K9MV,False,,,,,,,False,False,31.0,,0.0,1772388113268,1772388133523,20255,,01KJN7AZC7FAG17CY924MRTCF7,True,3,False,True,True,,,,,,,,False,
01KJN6MMPQTMDYRN709DP5DSDA,01KJN7BYA5X3A2G30KZECRY2HY,Bavi,B,B,listener,3.0,refgame,2.0,page7-107,page7-107,True,2.0,01KJN7KZ4AQMTPYG5CPW2RCWSG,False,,,,,,,False,False,56.0,,0.0,1772388372542,1772388384910,12368,,01KJN7B4V2673GK7HGVSG52R2P,True,3,False,True,True,,,,,,,,False,
01KJN6MMPQTMDYRN709968YFN1,01KJN79Y7T0VZNKHTSJRZWTDZ5,Player,B,B,speaker,3.0,refgame,2.0,page5-28,,,2.0,01KJN7K5KEK1TQNG8SEZSQCCXK,False,,,,,,,False,False,59.0,,0.0,1772388852279,1772388868305,16026,2.0,01KJN79Y7T0VZNKHTSJRZWTDZ5,,3,False,True,False,,,,,,,,False,
01KJN6MMQ03KZPZN0275VZXK6R,01KJN7AZC7FAG17CY924MRTCF7,Laju,A,A,listener,0.0,refgame,1.0,page9-46,page9-46,True,2.0,01KJN7JJ0WM538Q7726PW4BTD2,False,,,,,,,False,False,5.0,,0.0,1772386890514,1772386933734,43220,,01KJN79B14FBSYSKKCG2BYVBB6,True,3,False,True,True,,,,,,,,False,
01KJN6MMPQTMDYRN709DP5DSDA,01KJN7B32C1C5254NSG6ZK1GRK,Laju,A,A,listener,4.0,refgame,1.0,page-B,page-B,True,2.0,01KJN7KYX36Y98PXYV7H3VMGZH,False,,,,,,,False,False,25.0,,0.0,1772387714423,1772387741324,26901,,01KJN79ZRTRDMY6RH8ZCYCM9NV,True,3,False,True,True,,,,,,,,False,
01KJN6MMQ03KZPZN0275VZXK6R,01KJN79J529BWBWTESKB6D9MB7,Lika,C,C,listener,4.0,refgame,1.0,page9-46,page9-46,True,2.0,01KJN7JJ1YCSZJVTYD3GC94ZHQ,False,,,,,,,False,False,25.0,,0.0,1772387850217,1772387872088,21871,,01KJN7863BFF3ZYZGVVSATZTH7,True,3,False,True,True,,,,,,,,False,
01KJN6MMQ03KZPZN0275VZXK6R,01KJN78DQ6KC0F9N1HA0BPB44R,Nori,C,C,listener,4.0,refgame,1.0,page7-107,page7-107,True,2.0,01KJN7JJ1X1NXQGFN1A23D587W,False,,,,,,,False,False,27.0,,0.0,1772387933662,1772387957443,23781,,01KJN7863BFF3ZYZGVVSATZTH7,True,3,False,True,True,,,,,,,,False,
01KJN6MMPQTMDYRN709DP5DSDA,01KJN77XQHYQ5TVVY4HZM02E7R,Felu,C,C,speaker,4.0,refgame,2.0,page5-28,,,2.0,01KJN7KZ5A7Y4CEP43YBWJ659J,False,,,,,,,False,False,64.0,,0.0,1772388504343,1772388518698,14355,2.0,01KJN77XQHYQ5TVVY4HZM02E7R,,3,False,True,False,,,,,,,,False,
01KJN6MMQ03KZPZN0275VZXK6R,01KJN7C40WEQBDF48ACG18M0EV,Player,B,B,speaker,3.0,refgame,2.0,page9-46,,,1.0,01KJN7JJ1E3ET2MMDFS57Q4ATE,False,,,,,,,False,False,55.0,,0.0,1772388904023,1772388924052,20029,2.0,01KJN7C40WEQBDF48ACG18M0EV,,3,False,True,False,,,,,,,,False,
01KJN6MMPQTMDYRN709DP5DSDA,01KJN7B32C1C5254NSG6ZK1GRK,Laju,A,A,listener,0.0,refgame,1.0,page9-46,page9-46,True,2.0,01KJN7KZ5QZB0KWEYKCMJ2KY6D,False,,,,,,,False,False,2.0,,0.0,1772386765466,1772386810471,45005,,01KJN79PCAAMFX7P2QF70Y3HJM,True,3,False,True,True,,,,,,,,False,
01KJN6MMPQTMDYRN709968YFN1,01KJN796KT7FCNV2F9QNCQDSES,Felu,C,C,speaker,1.0,refgame,1.0,page5-28,,,1.0,01KJN7K5FN5PPN5PJKQY110P3Z,False,,,,,,,False,False,7.0,,0.0,1772387033134,1772387073532,40398,1.0,01KJN796KT7FCNV2F9QNCQDSES,,3,False,True,False,,,,,,,,False,
01KJN6MMPQTMDYRN709DP5DSDA,01KJN7931DXZ65NXTWK1GNEZMW,Nori,C,C,listener,4.0,refgame,1.0,page-B,page-B,True,2.0,01KJN7KYX36Y98PXYV7H3VMGZH,False,,,,,,,False,False,25.0,,0.0,1772387714423,1772387741324,26901,,01KJN77XQHYQ5TVVY4HZM02E7R,True,3,False,True,True,,,,,,,,False,
01KJN6MMPQTMDYRN709968YFN1,01KJN79Y7T0VZNKHTSJRZWTDZ5,Player,B,A,speaker,0.0,refgame,2.0,page5-28,,,1.0,01KJN7K5JHH03N9GJWQ4QNWTP8,False,,,,,,,False,False,36.0,,0.0,1772388344987,1772388366474,21487,1.0,01KJN79Y7T0VZNKHTSJRZWTDZ5,,3,False,True,False,,,,,,,,False,
01KJN6MMQ03KZPZN0275VZXK6R,01KJN792W85XPK9QGH8A6HSYSJ,Player,B,A,listener,5.0,refgame,2.0,page5-28,page5-28,True,2.0,01KJN7JJ4CKNN14ST5YRKZ4T18,False,,,,,,,False,False,68.0,,0.0,1772389244705,1772389263979,19274,,01KJN7AZC7FAG17CY924MRTCF7,False,3,False,True,True,,,,,,,,False,
01KJN6MMPQTMDYRN709DP5DSDA,01KJN7B32C1C5254NSG6ZK1GRK,Laju,A,A,listener,1.0,refgame,1.0,page3-35,page3-35,True,2.0,01KJN7KZ4SZP3K0F01DSDYSY4B,False,,,,,,,False,False,7.0,,0.0,1772387028378,1772387064882,36504,,01KJN79ZRTRDMY6RH8ZCYCM9NV,True,3,False,True,True,,,,,,,,False,
01KJN6MMQ03KZPZN0275VZXK6R,01KJN7AAX1VHZ1A7ZB35BNRH8N,Player,A,C,listener,5.0,refgame,2.0,page-B,page7-255,False,0.0,01KJN7JJ4CKNN14ST5Y145D20Z,False,,,,,,,False,False,70.0,,0.0,1772389290904,1772389309182,18278,,01KJN78DQ6KC0F9N1HA0BPB44R,False,3,False,True,True,,,,,,,,False,
01KJN6MMPQTMDYRN709968YFN1,01KJN791EPN054R2NTQQ1BFXJ5,Minu,A,A,speaker,1.0,refgame,1.0,page7-107,,,2.0,01KJN7K5FPBRARD9EVC2PVD07Q,False,,,,,,,False,False,8.0,,0.0,1772387081275,1772387110069,28794,1.0,01KJN791EPN054R2NTQQ1BFXJ5,,3,False,True,False,,,,,,,,False,
01KJN6MMQ03KZPZN0275VZXK6R,01KJN78DQ6KC0F9N1HA0BPB44R,Nori,C,C,speaker,5.0,refgame,1.0,page5-28,,,2.0,01KJN7JJ1SMVGMC6BAWX0QWSAN,False,,,,,,,False,False,30.0,,0.0,1772388071482,1772388097743,26261,2.0,01KJN78DQ6KC0F9N1HA0BPB44R,,3,False,True,False,,,,,,,,False,
01KJN6MMPQTMDYRN709DP5DSDA,01KJN7B4V2673GK7HGVSG52R2P,Hera,B,B,speaker,0.0,refgame,2.0,page7-255,,,2.0,01KJN7KYYA4F2NERJFZQJ023GY,False,,,,,,,False,False,38.0,,0.0,1772388082220,1772388092151,9931,1.0,01KJN7B4V2673GK7HGVSG52R2P,,3,False,True,False,,,,,,,,False,
01KJN6MMQ03KZPZN0275VZXK6R,01KJN7A44GGBE9XR412KV5BFSC,Bavi,B,B,speaker,5.0,refgame,1.0,page7-255,,,1.0,01KJN7JJ1FP44XD8PJXNFE1281,False,,,,,,,False,False,34.0,,0.0,1772388219015,1772388247646,28631,2.0,01KJN7A44GGBE9XR412KV5BFSC,,3,False,True,False,,,,,,,,False,
01KJN6MMQ03KZPZN0275VZXK6R,01KJN79B14FBSYSKKCG2BYVBB6,Player,A,B,listener,1.0,refgame,2.0,page7-107,page7-107,True,2.0,01KJN7JJ0ZHPHTDK0XMJNPQY31,False,,,,,,,False,False,47.0,,0.0,1772388682955,1772388702993,20038,,01KJN7AAX1VHZ1A7ZB35BNRH8N,True,3,False,True,True,,,,,,,,False,
01KJN6MMPQTMDYRN709968YFN1,01KJN79ZDP3YNFFHHQA302PJDP,Nori,C,C,speaker,5.0,refgame,1.0,page7-107,,,2.0,01KJN7K5FY9W5FE9ETY2P4WBNM,False,,,,,,,False,False,30.0,,0.0,1772388079202,1772388103303,24101,2.0,01KJN79ZDP3YNFFHHQA302PJDP,,3,False,True,False,,,,,,,,False,
01KJN6MMPQTMDYRN709968YFN1,01KJN78M7563R5D9TQE5G142DA,Lika,C,C,listener,5.0,refgame,1.0,page9-46,page9-46,True,2.0,01KJN7K5JWFN5D8CSNKKGAEAS0,False,,,,,,,False,False,35.0,,0.0,1772388261446,1772388306475,45029,,01KJN79ZDP3YNFFHHQA302PJDP,True,3,False,True,True,,,,,,,,False,
01KJN6MMPQTMDYRN709DP5DSDA,01KJN79ZRTRDMY6RH8ZCYCM9NV,Minu,A,A,speaker,4.0,refgame,2.0,page3-35,,,2.0,01KJN7KZ5X7KJG8NWSNPRZKCCR,False,,,,,,,False,False,62.0,,0.0,1772388469790,1772388484269,14479,2.0,01KJN79ZRTRDMY6RH8ZCYCM9NV,,3,False,True,False,,,,,,,,False,
01KJN6MMPQTMDYRN709968YFN1,01KJN78JVY5FN5QXW9XGGE72RG,Player,A,A,listener,3.0,refgame,2.0,page-B,page-B,True,2.0,01KJN7K5KV1DMM3M0MZ8H6JHST,False,,,,,,,False,False,57.0,,0.0,1772388811463,1772388820940,9477,,01KJN79Y7T0VZNKHTSJRZWTDZ5,False,3,False,True,True,,,,,,,,False,
01KJN6MMQ03KZPZN0275VZXK6R,01KJN792W85XPK9QGH8A6HSYSJ,Zuda,B,B,listener,3.0,refgame,1.0,page-B,page-B,True,2.0,01KJN7JJ0QKQ5P6F29RGF08AK3,False,,,,,,,False,False,18.0,,0.0,1772387500305,1772387527911,27606,,01KJN7C40WEQBDF48ACG18M0EV,True,3,False,True,True,,,,,,,,False,
01KJN6MMQ03KZPZN0275VZXK6R,01KJN792W85XPK9QGH8A6HSYSJ,Zuda,B,B,listener,5.0,refgame,1.0,page7-107,page7-107,True,2.0,01KJN7JJ1QAVBM4RS4B0A8K9MV,False,,,,,,,False,False,31.0,,0.0,1772388113268,1772388133523,20255,,01KJN7A44GGBE9XR412KV5BFSC,True,3,False,True,True,,,,,,,,False,
01KJN6MMPQTMDYRN709968YFN1,01KJN78JVY5FN5QXW9XGGE72RG,Laju,A,A,speaker,5.0,refgame,1.0,page5-28,,,2.0,01KJN7K5KHS8NZF1KQV836M65V,False,,,,,,,False,False,32.0,,0.0,1772388150885,1772388181824,30939,2.0,01KJN78JVY5FN5QXW9XGGE72RG,,3,False,True,False,,,,,,,,False,
01KJN6MMQ03KZPZN0275VZXK6R,01KJN78DQ6KC0F9N1HA0BPB44R,Player,C,A,listener,0.0,refgame,2.0,page9-46,page9-46,True,2.0,01KJN7JJ1R0ZCD3D5GW7K272MC,False,,,,,,,False,False,40.0,,0.0,1772388475619,1772388495644,20025,,01KJN79J529BWBWTESKB6D9MB7,True,3,False,True,True,,,,,,,,False,
01KJN6MMPQTMDYRN709DP5DSDA,01KJN79PCAAMFX7P2QF70Y3HJM,Repi,A,A,listener,5.0,refgame,2.0,page5-28,page5-28,True,2.0,01KJN7KZ4GGBX7W2AQKMGYBFMR,False,,,,,,,False,False,66.0,,0.0,1772388537478,1772388547714,10236,,01KJN7B32C1C5254NSG6ZK1GRK,True,3,False,True,True,,,,,,,,False,
01KJN6MMPQTMDYRN709DP5DSDA,01KJN79ZQD1E4YD03FE5CGJY8K,Lika,C,C,listener,4.0,refgame,2.0,page7-255,page7-255,True,2.0,01KJN7KZ5M1XWQ8FNDY900FYQM,False,,,,,,,False,False,63.0,,0.0,1772388488743,1772388499700,10957,,01KJN77XQHYQ5TVVY4HZM02E7R,True,3,False,True,True,,,,,,,,False,
01KJN6MMPQTMDYRN709968YFN1,01KJN78B0TFR8F59JDGD057XNS,Repi,A,A,speaker,0.0,refgame,1.0,page7-255,,,0.0,01KJN7K5JCNXJGPF3SH23VVTP4,False,,,,,,,False,False,3.0,,0.0,1772386806901,1772386851896,44995,1.0,01KJN78B0TFR8F59JDGD057XNS,,3,False,True,False,,,,,,,,False,
01KJN6MMQ03KZPZN0275VZXK6R,01KJN79J529BWBWTESKB6D9MB7,Lika,C,C,speaker,3.0,refgame,1.0,page5-28,,,2.0,01KJN7JJ4ABAFV6YM5DS9T3RJP,False,,,,,,,False,False,22.0,,0.0,1772387701843,1772387743214,41371,2.0,01KJN79J529BWBWTESKB6D9MB7,,3,False,True,False,,,,,,,,False,
01KJN6MMPQTMDYRN709DP5DSDA,01KJN7BYA5X3A2G30KZECRY2HY,Bavi,B,B,listener,0.0,refgame,1.0,page-B,page4-15,False,0.0,01KJN7KZ574PYN6K4M6G2QP8KT,False,,,,,,,False,False,5.0,,0.0,1772386930515,1772386975529,45014,,01KJN7B4V2673GK7HGVSG52R2P,True,3,False,True,True,,,,,,,,False,
01KJN6MMPQTMDYRN709DP5DSDA,01KJN7BYA5X3A2G30KZECRY2HY,Bavi,B,B,listener,4.0,refgame,1.0,page3-35,page3-35,True,2.0,01KJN7KYWQFV3P23NSADGCXAHG,False,,,,,,,False,False,28.0,,0.0,1772387820802,1772387842921,22119,,01KJN7AAWT4GWKRZ7B9775509P,True,3,False,True,True,,,,,,,,False,
01KJN6MMPQTMDYRN709968YFN1,01KJN78B0TFR8F59JDGD057XNS,Repi,A,A,listener,5.0,refgame,1.0,page7-255,page7-255,True,2.0,01KJN7K5K5Y5YKVY7Z5PH8EA1C,False,,,,,,,False,False,34.0,,0.0,1772388215821,1772388254481,38660,,01KJN78JVY5FN5QXW9XGGE72RG,True,3,False,True,True,,,,,,,,False,
01KJN6MMQ03KZPZN0275VZXK6R,01KJN7863BFF3ZYZGVVSATZTH7,Felu,C,C,listener,0.0,refgame,1.0,page-B,page-B,True,2.0,01KJN7JHZG39B3YEBM7VHA554N,False,,,,,,,False,False,4.0,,0.0,1772386841560,1772386883546,41986,,01KJN79J529BWBWTESKB6D9MB7,True,3,False,True,True,,,,,,,,False,
01KJN6MMPQTMDYRN709DP5DSDA,01KJN7B32C1C5254NSG6ZK1GRK,Laju,A,A,listener,1.0,refgame,1.0,page5-28,page7-26,False,0.0,01KJN7KZ409T5ZHRW9SE4CM2P9,False,,,,,,,False,False,11.0,,0.0,1772387222771,1772387265429,42658,,01KJN79ZRTRDMY6RH8ZCYCM9NV,True,3,False,True,True,,,,,,,,False,
01KJN6MMPQTMDYRN709DP5DSDA,01KJN7AAWT4GWKRZ7B9775509P,Zuda,B,B,listener,5.0,refgame,1.0,page3-35,page3-35,True,2.0,01KJN7KYYXHVJJDVQGT2GSWXHY,False,,,,,,,False,False,34.0,,0.0,1772387953491,1772387970074,16583,,01KJN7BYA5X3A2G30KZECRY2HY,True,3,False,True,True,,,,,,,,False,
01KJN6MMPQTMDYRN709DP5DSDA,01KJN7B4V2673GK7HGVSG52R2P,Hera,B,B,listener,1.0,refgame,2.0,page7-255,page7-255,True,2.0,01KJN7KYX5K9668G0J8VAVZ5YF,False,,,,,,,False,False,43.0,,0.0,1772388168595,1772388178913,10318,,01KJN7AAWT4GWKRZ7B9775509P,True,3,False,True,True,,,,,,,,False,
01KJN6MMQ03KZPZN0275VZXK6R,01KJN79B14FBSYSKKCG2BYVBB6,Repi,A,A,listener,5.0,refgame,1.0,page9-46,page9-46,True,2.0,01KJN7JJ1GTZ14GD5SHH1T9KDQ,False,,,,,,,False,False,33.0,,0.0,1772388186835,1772388202360,15525,,01KJN7AZC7FAG17CY924MRTCF7,True,3,False,True,True,,,,,,,,False,
01KJN6MMQ03KZPZN0275VZXK6R,01KJN7AZC7FAG17CY924MRTCF7,Player,A,B,listener,1.0,refgame,2.0,page9-46,page9-46,True,2.0,01KJN7JJ13QJT8W0QKT01PY95R,False,,,,,,,False,False,45.0,,0.0,1772388615173,1772388635199,20026,,01KJN7AAX1VHZ1A7ZB35BNRH8N,True,3,False,True,True,,,,,,,,False,
01KJN6MMPQTMDYRN709968YFN1,01KJN78B0TFR8F59JDGD057XNS,Player,A,B,listener,5.0,refgame,2.0,page7-255,page7-255,True,2.0,01KJN7K5QNDHCB49S4Q90QXRYG,False,,,,,,,False,False,67.0,,0.0,1772389025099,1772389044573,19474,,01KJN78CQJ3KY7VMGAR6F3D4S0,False,3,False,True,True,,,,,,,,False,
01KJN6MMPQTMDYRN709968YFN1,01KJN78B0TFR8F59JDGD057XNS,Repi,A,A,speaker,0.0,refgame,1.0,page5-28,,,1.0,01KJN7K5FJH6VAH8DMSYVN52WF,False,,,,,,,False,False,1.0,,0.0,1772386685473,1772386730491,45018,1.0,01KJN78B0TFR8F59JDGD057XNS,,3,False,True,False,,,,,,,,False,
01KJN6MMPQTMDYRN709968YFN1,01KJN788SPAKVVBHX9T9FDQWAF,Zuda,B,B,listener,2.0,refgame,1.0,page-B,page-B,True,2.0,01KJN7K5HVTWE9Y83V53TSRDDA,False,,,,,,,False,False,14.0,,0.0,1772387363810,1772387407994,44184,,01KJN78CQJ3KY7VMGAR6F3D4S0,True,3,False,True,True,,,,,,,,False,
01KJN6MMPQTMDYRN709DP5DSDA,01KJN7931DXZ65NXTWK1GNEZMW,Nori,C,C,speaker,2.0,refgame,1.0,page7-255,,,2.0,01KJN7KZ1TSCX13H8GC3H8BDV7,False,,,,,,,False,False,15.0,,0.0,1772387380638,1772387422380,41742,1.0,01KJN7931DXZ65NXTWK1GNEZMW,,3,False,True,False,,,,,,,,False,
01KJN6MMPQTMDYRN709DP5DSDA,01KJN7B32C1C5254NSG6ZK1GRK,Laju,A,A,listener,4.0,refgame,1.0,page5-28,page5-28,True,2.0,01KJN7KYWFXTPDV5GRYPW63TV1,False,,,,,,,False,False,24.0,,0.0,1772387688519,1772387709099,20580,,01KJN79ZRTRDMY6RH8ZCYCM9NV,True,3,False,True,True,,,,,,,,False,
01KJN6MMPQTMDYRN709968YFN1,01KJN79ZDP3YNFFHHQA302PJDP,Nori,C,C,listener,4.0,refgame,1.0,page7-255,page7-255,True,2.0,01KJN7K5H8BSX37JV3WZMKDDX9,False,,,,,,,False,False,29.0,,0.0,1772388048043,1772388073516,25473,,01KJN796KT7FCNV2F9QNCQDSES,True,3,False,True,True,,,,,,,,False,
01KJN6MMPQTMDYRN709DP5DSDA,01KJN77XQHYQ5TVVY4HZM02E7R,Felu,C,C,listener,5.0,refgame,2.0,page7-255,page7-255,True,2.0,01KJN7KZ2A7Y374PXRWXKQH250,False,,,,,,,False,False,70.0,,0.0,1772388596183,1772388603168,6985,,01KJN7931DXZ65NXTWK1GNEZMW,True,3,False,True,True,,,,,,,,False,
01KJN6MMQ03KZPZN0275VZXK6R,01KJN792W85XPK9QGH8A6HSYSJ,Player,B,A,speaker,1.0,refgame,2.0,page7-107,,,0.0,01KJN7JJ0ZHPHTDK0XMJNPQY31,False,,,,,,,False,False,47.0,,0.0,1772388682955,1772388702993,20038,1.0,01KJN792W85XPK9QGH8A6HSYSJ,,3,False,False,False,,,,,,,,False,
01KJN6MMQ03KZPZN0275VZXK6R,01KJN7863BFF3ZYZGVVSATZTH7,Player,C,C,listener,3.0,refgame,2.0,page-B,page9-46,False,0.0,01KJN7JJ1CYQGSSJG1XAFMYT77,False,,,,,,,False,False,54.0,,0.0,1772388877448,1772388897486,20038,,01KJN79B14FBSYSKKCG2BYVBB6,False,3,False,True,True,,,,,,,,False,
01KJN6MMPQTMDYRN709968YFN1,01KJN79Y7T0VZNKHTSJRZWTDZ5,Player,B,B,listener,5.0,refgame,2.0,page5-28,page5-28,True,2.0,01KJN7K5N4ST52DKC6PJKDD43H,False,,,,,,,False,False,70.0,,0.0,1772389079989,1772389089080,9091,,01KJN78JVY5FN5QXW9XGGE72RG,False,3,False,True,True,,,,,,,,False,
01KJN6MMPQTMDYRN709DP5DSDA,01KJN7931DXZ65NXTWK1GNEZMW,Nori,C,C,listener,1.0,refgame,1.0,page7-107,page7-107,True,2.0,01KJN7KZ50SP860QQHX43BMD6K,False,,,,,,,False,False,6.0,,0.0,1772386983245,1772387024263,41018,,01KJN77XQHYQ5TVVY4HZM02E7R,True,3,False,True,True,,,,,,,,False,
01KJN6MMPQTMDYRN709DP5DSDA,01KJN7AAWT4GWKRZ7B9775509P,Zuda,B,B,listener,3.0,refgame,1.0,page-B,page-B,True,2.0,01KJN7KYWVG5D3PX554T4PG812,False,,,,,,,False,False,21.0,,0.0,1772387605450,1772387631251,25801,,01KJN7B4V2673GK7HGVSG52R2P,True,3,False,True,True,,,,,,,,False,
01KJN6MMPQTMDYRN709968YFN1,01KJN78B0TFR8F59JDGD057XNS,Player,A,A,speaker,3.0,refgame,2.0,page7-255,,,2.0,01KJN7K5JXNPZMH507T2DK64DM,False,,,,,,,False,False,55.0,,0.0,1772388774638,1772388787791,13153,2.0,01KJN78B0TFR8F59JDGD057XNS,,3,False,True,False,,,,,,,,False,
01KJN6MMPQTMDYRN709968YFN1,01KJN78CQJ3KY7VMGAR6F3D4S0,Player,B,A,speaker,5.0,refgame,2.0,page3-35,,,2.0,01KJN7K5NRR9A1HQWEJ86W9HKW,False,,,,,,,False,False,69.0,,0.0,1772389066515,1772389075504,8989,2.0,01KJN78CQJ3KY7VMGAR6F3D4S0,,3,False,True,False,,,,,,,,False,
01KJN6MMQ03KZPZN0275VZXK6R,01KJN7AZC7FAG17CY924MRTCF7,Player,A,C,speaker,5.0,refgame,2.0,page7-107,,,2.0,01KJN7JJ4DKT23HYM95ZYF4P0X,False,,,,,,,False,False,69.0,,0.0,1772389271826,1772389285927,14101,2.0,01KJN7AZC7FAG17CY924MRTCF7,,3,False,True,False,,,,,,,,False,
01KJN6MMPQTMDYRN709DP5DSDA,01KJN7B4V2673GK7HGVSG52R2P,Hera,B,B,listener,2.0,refgame,1.0,page7-255,page7-255,True,2.0,01KJN7KZ1TSCX13H8GC3H8BDV7,False,,,,,,,False,False,15.0,,0.0,1772387380638,1772387422380,41742,,01KJN7BYA5X3A2G30KZECRY2HY,True,3,False,True,True,,,,,,,,False,
01KJN6MMPQTMDYRN709DP5DSDA,01KJN7931DXZ65NXTWK1GNEZMW,Nori,C,C,listener,4.0,refgame,1.0,page5-28,page5-28,True,2.0,01KJN7KYWFXTPDV5GRYPW63TV1,False,,,,,,,False,False,24.0,,0.0,1772387688519,1772387709099,20580,,01KJN77XQHYQ5TVVY4HZM02E7R,True,3,False,True,True,,,,,,,,False,
01KJN6MMPQTMDYRN709DP5DSDA,01KJN7931DXZ65NXTWK1GNEZMW,Nori,C,C,speaker,5.0,refgame,1.0,page-B,,,2.0,01KJN7KYZ4BR3PV6SVPD7F89EN,False,,,,,,,False,False,33.0,,0.0,1772387934640,1772387950421,15781,2.0,01KJN7931DXZ65NXTWK1GNEZMW,,3,False,True,False,,,,,,,,False,
01KJN6MMPQTMDYRN709DP5DSDA,01KJN79ZRTRDMY6RH8ZCYCM9NV,Minu,A,A,listener,5.0,refgame,2.0,page5-28,page5-28,True,2.0,01KJN7KZ4GGBX7W2AQKMGYBFMR,False,,,,,,,False,False,66.0,,0.0,1772388537478,1772388547714,10236,,01KJN7B32C1C5254NSG6ZK1GRK,True,3,False,True,True,,,,,,,,False,
01KJN6MMPQTMDYRN709DP5DSDA,01KJN7931DXZ65NXTWK1GNEZMW,Nori,C,C,speaker,5.0,refgame,2.0,page7-107,,,2.0,01KJN7KYZYF9F6E5Z5YS0W94HW,False,,,,,,,False,False,71.0,,0.0,1772388610371,1772388617882,7511,2.0,01KJN7931DXZ65NXTWK1GNEZMW,,3,False,True,False,,,,,,,,False,
01KJN6MMPQTMDYRN709968YFN1,01KJN79Y7T0VZNKHTSJRZWTDZ5,Player,B,A,speaker,3.0,refgame,2.0,page-B,,,2.0,01KJN7K5KV1DMM3M0MZ8H6JHST,False,,,,,,,False,False,57.0,,0.0,1772388811463,1772388820940,9477,2.0,01KJN79Y7T0VZNKHTSJRZWTDZ5,,3,False,True,False,,,,,,,,False,
01KJN6MMQ03KZPZN0275VZXK6R,01KJN7C40WEQBDF48ACG18M0EV,Player,B,B,listener,5.0,refgame,2.0,page5-28,page5-28,True,2.0,01KJN7JJ4CKNN14ST5YRKZ4T18,False,,,,,,,False,False,68.0,,0.0,1772389244705,1772389263979,19274,,01KJN7A44GGBE9XR412KV5BFSC,True,3,False,True,True,,,,,,,,False,
01KJN6MMQ03KZPZN0275VZXK6R,01KJN78DQ6KC0F9N1HA0BPB44R,Player,C,B,speaker,2.0,refgame,2.0,page7-255,,,1.0,01KJN7JJ17ZTZ9QC0YBJF7F8VH,False,,,,,,,False,False,49.0,,0.0,1772388742925,1772388762952,20027,1.0,01KJN78DQ6KC0F9N1HA0BPB44R,,3,False,True,False,,,,,,,,False,
01KJN6MMPQTMDYRN709968YFN1,01KJN78B0TFR8F59JDGD057XNS,Player,A,A,listener,4.0,refgame,2.0,page7-107,page7-107,True,2.0,01KJN7K5HAJG21SWCHMY8SXPNH,False,,,,,,,False,False,60.0,,0.0,1772388872168,1772388892199,20031,,01KJN788SPAKVVBHX9T9FDQWAF,False,3,False,True,True,,,,,,,,False,
01KJN6MMPQTMDYRN709968YFN1,01KJN788SPAKVVBHX9T9FDQWAF,Zuda,B,B,speaker,1.0,refgame,1.0,page7-255,,,1.0,01KJN7K5HSCQA43VSFADGE0Q2T,False,,,,,,,False,False,10.0,,0.0,1772387173083,1772387218062,44979,1.0,01KJN788SPAKVVBHX9T9FDQWAF,,3,False,True,False,,,,,,,,False,
01KJN6MMQ03KZPZN0275VZXK6R,01KJN7A44GGBE9XR412KV5BFSC,Bavi,B,B,listener,4.0,refgame,1.0,page7-107,page7-107,True,2.0,01KJN7JJ1X1NXQGFN1A23D587W,False,,,,,,,False,False,27.0,,0.0,1772387933662,1772387957443,23781,,01KJN792W85XPK9QGH8A6HSYSJ,True,3,False,True,True,,,,,,,,False,
01KJN6MMPQTMDYRN709DP5DSDA,01KJN7BYA5X3A2G30KZECRY2HY,Bavi,B,B,speaker,2.0,refgame,2.0,page7-107,,,2.0,01KJN7KZ60KJRH45NA3K8P60R3,False,,,,,,,False,False,51.0,,0.0,1772388286950,1772388295678,8728,1.0,01KJN7BYA5X3A2G30KZECRY2HY,,3,False,True,False,,,,,,,,False,
01KJN6MMPQTMDYRN709DP5DSDA,01KJN77XQHYQ5TVVY4HZM02E7R,Felu,C,C,listener,2.0,refgame,2.0,page5-28,page5-28,True,2.0,01KJN7KZ5TVXAD2SF4H87WAT8G,False,,,,,,,False,False,52.0,,0.0,1772388301163,1772388312752,11589,,01KJN7931DXZ65NXTWK1GNEZMW,True,3,False,True,True,,,,,,,,False,
01KJN6MMPQTMDYRN709DP5DSDA,01KJN7BYA5X3A2G30KZECRY2HY,Bavi,B,B,speaker,2.0,refgame,1.0,page3-35,,,2.0,01KJN7KZ3M8KXQP0VQS1EMDAYN,False,,,,,,,False,False,13.0,,0.0,1772387315644,1772387338498,22854,1.0,01KJN7BYA5X3A2G30KZECRY2HY,,3,False,True,False,,,,,,,,False,
01KJN6MMQ03KZPZN0275VZXK6R,01KJN79J529BWBWTESKB6D9MB7,Lika,C,C,speaker,3.0,refgame,1.0,page9-46,,,2.0,01KJN7JJ0PJYQE826DDQJJSWAF,False,,,,,,,False,False,19.0,,0.0,1772387541417,1772387574131,32714,2.0,01KJN79J529BWBWTESKB6D9MB7,,3,False,True,False,,,,,,,,False,
01KJN6MMPQTMDYRN709DP5DSDA,01KJN7AAWT4GWKRZ7B9775509P,Zuda,B,B,listener,3.0,refgame,1.0,page5-28,page5-28,True,2.0,01KJN7KYVX2YBMH8VCCFFKA25A,False,,,,,,,False,False,19.0,,0.0,1772387552131,1772387580313,28182,,01KJN7B4V2673GK7HGVSG52R2P,True,3,False,True,True,,,,,,,,False,
01KJN6MMQ03KZPZN0275VZXK6R,01KJN79B14FBSYSKKCG2BYVBB6,Player,A,A,listener,4.0,refgame,2.0,page3-35,page3-35,True,2.0,01KJN7JJ4KG1JY79DXAW7HB1X7,False,,,,,,,False,False,62.0,,0.0,1772389088043,1772389101379,13336,,01KJN7AAX1VHZ1A7ZB35BNRH8N,True,3,False,True,True,,,,,,,,False,
01KJN6MMQ03KZPZN0275VZXK6R,01KJN7C40WEQBDF48ACG18M0EV,Hera,B,B,speaker,0.0,refgame,1.0,page7-255,,,0.0,01KJN7JHYXFYHN121QCJ6HRX9R,False,,,,,,,False,False,0.0,,0.0,1772386606704,1772386657466,50762,1.0,01KJN7C40WEQBDF48ACG18M0EV,,3,False,True,False,,,,,,,,False,
01KJN6MMQ03KZPZN0275VZXK6R,01KJN7AAX1VHZ1A7ZB35BNRH8N,Minu,A,A,listener,0.0,refgame,1.0,page3-35,page4-157,False,0.0,01KJN7JJ1A9ED4KAF41TVNW0W6,False,,,,,,,False,False,1.0,,0.0,1772386673383,1772386718389,45006,,01KJN79B14FBSYSKKCG2BYVBB6,True,3,False,True,True,,,,,,,,False,
01KJN6MMQ03KZPZN0275VZXK6R,01KJN7AAX1VHZ1A7ZB35BNRH8N,Minu,A,A,listener,0.0,refgame,1.0,page9-46,page9-46,True,2.0,01KJN7JJ0WM538Q7726PW4BTD2,False,,,,,,,False,False,5.0,,0.0,1772386890514,1772386933734,43220,,01KJN79B14FBSYSKKCG2BYVBB6,True,3,False,True,True,,,,,,,,False,
01KJN6MMPQTMDYRN709968YFN1,01KJN78M7563R5D9TQE5G142DA,Lika,C,C,listener,1.0,refgame,1.0,page9-46,page7-255,False,0.0,01KJN7K5HZEKT6FNAA9GWA4F02,False,,,,,,,False,False,9.0,,0.0,1772387125823,1772387165178,39355,,01KJN796KT7FCNV2F9QNCQDSES,True,3,False,True,True,,,,,,,,False,
01KJN6MMPQTMDYRN709DP5DSDA,01KJN79PCAAMFX7P2QF70Y3HJM,Repi,A,A,speaker,3.0,refgame,1.0,page3-35,,,2.0,01KJN7KYWMSRM1063TCQEJ1X20,False,,,,,,,False,False,22.0,,0.0,1772387637778,1772387658166,20388,2.0,01KJN79PCAAMFX7P2QF70Y3HJM,,3,False,True,False,,,,,,,,False,
01KJN6MMPQTMDYRN709968YFN1,01KJN78CQJ3KY7VMGAR6F3D4S0,Bavi,B,B,listener,3.0,refgame,1.0,page3-35,page3-35,True,2.0,01KJN7K5J1ZRGX1V6B624J4KWP,False,,,,,,,False,False,21.0,,0.0,1772387727233,1772387763463,36230,,01KJN79Y7T0VZNKHTSJRZWTDZ5,True,3,False,True,True,,,,,,,,False,
01KJN6MMPQTMDYRN709DP5DSDA,01KJN79ZRTRDMY6RH8ZCYCM9NV,Minu,A,A,listener,5.0,refgame,1.0,page7-255,page7-255,True,2.0,01KJN7KYWAX41N5G0QPJ1GRFCF,False,,,,,,,False,False,35.0,,0.0,1772387974863,1772388005860,30997,,01KJN7B32C1C5254NSG6ZK1GRK,True,3,False,True,True,,,,,,,,False,
01KJN6MMPQTMDYRN709DP5DSDA,01KJN79ZRTRDMY6RH8ZCYCM9NV,Minu,A,A,listener,2.0,refgame,2.0,page-B,page-B,True,2.0,01KJN7KZ5EPEYHDMQ29DK9VY0Z,False,,,,,,,False,False,53.0,,0.0,1772388316505,1772388330049,13544,,01KJN7B32C1C5254NSG6ZK1GRK,True,3,False,True,True,,,,,,,,False,
01KJN6MMPQTMDYRN709968YFN1,01KJN791EPN054R2NTQQ1BFXJ5,Player,A,B,speaker,4.0,refgame,2.0,page7-255,,,2.0,01KJN7K5KA3E984TAA3QPV7RDV,False,,,,,,,False,False,61.0,,0.0,1772388899495,1772388914994,15499,2.0,01KJN791EPN054R2NTQQ1BFXJ5,,3,False,True,False,,,,,,,,False,
01KJN6MMQ03KZPZN0275VZXK6R,01KJN792W85XPK9QGH8A6HSYSJ,Player,B,B,speaker,4.0,refgame,2.0,page-B,,,0.0,01KJN7JJ4HZG5Q1EBE6H435ZZY,False,,,,,,,False,False,63.0,,0.0,1772389106854,1772389126859,20005,2.0,01KJN792W85XPK9QGH8A6HSYSJ,,3,False,True,False,,,,,,,,False,
01KJN6MMQ03KZPZN0275VZXK6R,01KJN79B14FBSYSKKCG2BYVBB6,Player,A,A,listener,5.0,refgame,2.0,page5-28,page5-28,True,2.0,01KJN7JJ4CKNN14ST5YRKZ4T18,False,,,,,,,False,False,68.0,,0.0,1772389244705,1772389263979,19274,,01KJN7AZC7FAG17CY924MRTCF7,True,3,False,True,True,,,,,,,,False,
01KJN6MMPQTMDYRN709DP5DSDA,01KJN7B32C1C5254NSG6ZK1GRK,Laju,A,A,listener,4.0,refgame,1.0,page9-46,page9-46,True,2.0,01KJN7KYWH7DW8R8C7QY0ZK5NG,False,,,,,,,False,False,29.0,,0.0,1772387857212,1772387876093,18881,,01KJN79ZRTRDMY6RH8ZCYCM9NV,True,3,False,True,True,,,,,,,,False,
01KJN6MMPQTMDYRN709968YFN1,01KJN788SPAKVVBHX9T9FDQWAF,Zuda,B,B,listener,5.0,refgame,1.0,page-B,page-B,True,2.0,01KJN7K5KKDNJS2ZHY8A7BH7EB,False,,,,,,,False,False,31.0,,0.0,1772388107860,1772388143179,35319,,01KJN78CQJ3KY7VMGAR6F3D4S0,True,3,False,True,True,,,,,,,,False,
01KJN6MMQ03KZPZN0275VZXK6R,01KJN7AZC7FAG17CY924MRTCF7,Player,A,A,listener,0.0,refgame,2.0,page7-255,page7-255,True,2.0,01KJN7JJ05JV700GGZABPCJM90,False,,,,,,,False,False,38.0,,0.0,1772388419803,1772388439818,20015,,01KJN79B14FBSYSKKCG2BYVBB6,True,3,False,True,True,,,,,,,,False,
01KJN6MMQ03KZPZN0275VZXK6R,01KJN7C40WEQBDF48ACG18M0EV,Hera,B,B,listener,1.0,refgame,1.0,page-B,page-B,True,2.0,01KJN7JJ0T9TQHTQBPKBZMWPWF,False,,,,,,,False,False,10.0,,0.0,1772387149191,1772387184311,35120,,01KJN792W85XPK9QGH8A6HSYSJ,True,3,False,True,True,,,,,,,,False,
01KJN6MMQ03KZPZN0275VZXK6R,01KJN79B14FBSYSKKCG2BYVBB6,Repi,A,A,listener,4.0,refgame,1.0,page7-107,page7-107,True,2.0,01KJN7JJ1X1NXQGFN1A23D587W,False,,,,,,,False,False,27.0,,0.0,1772387933662,1772387957443,23781,,01KJN7AAX1VHZ1A7ZB35BNRH8N,True,3,False,True,True,,,,,,,,False,
01KJN6MMQ03KZPZN0275VZXK6R,01KJN7C40WEQBDF48ACG18M0EV,Player,B,C,speaker,0.0,refgame,2.0,page-B,,,1.0,01KJN7JJ1CYQGSSJG1WBPKBVA9,False,,,,,,,False,False,36.0,,0.0,1772388356520,1772388376546,20026,1.0,01KJN7C40WEQBDF48ACG18M0EV,,3,False,True,False,,,,,,,,False,
01KJN6MMPQTMDYRN709968YFN1,01KJN791EPN054R2NTQQ1BFXJ5,Minu,A,A,listener,2.0,refgame,1.0,page7-107,page7-107,True,2.0,01KJN7K5JPV4BFRM0HRJFFT23R,False,,,,,,,False,False,16.0,,0.0,1772387467532,1772387509956,42424,,01KJN78JVY5FN5QXW9XGGE72RG,True,3,False,True,True,,,,,,,,False,
01KJN6MMPQTMDYRN709DP5DSDA,01KJN7931DXZ65NXTWK1GNEZMW,Nori,C,C,speaker,5.0,refgame,1.0,page7-107,,,2.0,01KJN7KYZCYWANNP5JHHSNDKG7,False,,,,,,,False,False,30.0,,0.0,1772387883409,1772387895628,12219,2.0,01KJN7931DXZ65NXTWK1GNEZMW,,3,False,True,False,,,,,,,,False,
01KJN6MMQ03KZPZN0275VZXK6R,01KJN7863BFF3ZYZGVVSATZTH7,Player,C,C,speaker,1.0,refgame,2.0,page9-46,,,1.0,01KJN7JJ13QJT8W0QKT01PY95R,False,,,,,,,False,False,45.0,,0.0,1772388615173,1772388635199,20026,1.0,01KJN7863BFF3ZYZGVVSATZTH7,,3,False,True,False,,,,,,,,False,
01KJN6MMPQTMDYRN709968YFN1,01KJN788SPAKVVBHX9T9FDQWAF,Player,B,A,listener,5.0,refgame,2.0,page9-46,page9-46,True,2.0,01KJN7K5RC8BZJV5TJYJRTSV77,False,,,,,,,False,False,66.0,,0.0,1772389002437,1772389020841,18404,,01KJN78CQJ3KY7VMGAR6F3D4S0,True,3,False,True,True,,,,,,,,False,
01KJN6MMPQTMDYRN709968YFN1,01KJN79Y7T0VZNKHTSJRZWTDZ5,Hera,B,B,listener,2.0,refgame,1.0,page-B,page-B,True,2.0,01KJN7K5HVTWE9Y83V53TSRDDA,False,,,,,,,False,False,14.0,,0.0,1772387363810,1772387407994,44184,,01KJN78CQJ3KY7VMGAR6F3D4S0,True,3,False,True,True,,,,,,,,False,
01KJN6MMQ03KZPZN0275VZXK6R,01KJN7863BFF3ZYZGVVSATZTH7,Player,C,A,listener,3.0,refgame,2.0,page7-107,page7-107,True,2.0,01KJN7JJ4GCT1AQ6A0X5YF4F5Y,False,,,,,,,False,False,58.0,,0.0,1772388985091,1772389005095,20004,,01KJN7C40WEQBDF48ACG18M0EV,False,3,False,True,True,,,,,,,,False,
01KJN6MMQ03KZPZN0275VZXK6R,01KJN7863BFF3ZYZGVVSATZTH7,Felu,C,C,listener,3.0,refgame,1.0,page7-255,page7-255,True,2.0,01KJN7JJ4B103R31J8WHVA9DX7,False,,,,,,,False,False,20.0,,0.0,1772387585916,1772387626307,40391,,01KJN79J529BWBWTESKB6D9MB7,True,3,False,True,True,,,,,,,,False,
01KJN6MMPQTMDYRN709968YFN1,01KJN788SPAKVVBHX9T9FDQWAF,Zuda,B,B,speaker,4.0,refgame,1.0,page-B,,,2.0,01KJN7K5N24QKEVGWFQFH8SHND,False,,,,,,,False,False,24.0,,0.0,1772387859403,1772387894789,35386,2.0,01KJN788SPAKVVBHX9T9FDQWAF,,3,False,True,False,,,,,,,,False,
01KJN6MMPQTMDYRN709968YFN1,01KJN78B0TFR8F59JDGD057XNS,Player,A,A,speaker,0.0,refgame,2.0,page9-46,,,1.0,01KJN7K5JAKET26PNAKC1WNN1S,False,,,,,,,False,False,38.0,,0.0,1772388398504,1772388418620,20116,1.0,01KJN78B0TFR8F59JDGD057XNS,,3,False,True,False,,,,,,,,False,
01KJN6MMPQTMDYRN709968YFN1,01KJN78CQJ3KY7VMGAR6F3D4S0,Player,B,B,listener,3.0,refgame,2.0,page3-35,page3-35,True,2.0,01KJN7K5K45BCWNA8BDRPBEDWX,False,,,,,,,False,False,54.0,,0.0,1772388755473,1772388769836,14363,,01KJN79Y7T0VZNKHTSJRZWTDZ5,True,3,False,True,True,,,,,,,,False,
01KJN6MMPQTMDYRN709968YFN1,01KJN79ZDP3YNFFHHQA302PJDP,Nori,C,C,listener,1.0,refgame,1.0,page3-35,page3-35,True,2.0,01KJN7K5HFQ0YWS0B8B4TY02DQ,False,,,,,,,False,False,6.0,,0.0,1772386972417,1772387017438,45021,,01KJN796KT7FCNV2F9QNCQDSES,True,3,False,True,True,,,,,,,,False,
01KJN6MMPQTMDYRN709DP5DSDA,01KJN79ZQD1E4YD03FE5CGJY8K,Lika,C,C,listener,5.0,refgame,1.0,page3-35,page3-35,True,2.0,01KJN7KYYXHVJJDVQGT2GSWXHY,False,,,,,,,False,False,34.0,,0.0,1772387953491,1772387970074,16583,,01KJN7931DXZ65NXTWK1GNEZMW,True,3,False,True,True,,,,,,,,False,
01KJN6MMQ03KZPZN0275VZXK6R,01KJN7C40WEQBDF48ACG18M0EV,Hera,B,B,listener,4.0,refgame,1.0,page7-255,page7-255,True,2.0,01KJN7JJ0KAZ122DZJNX1TKJ9D,False,,,,,,,False,False,28.0,,0.0,1772387968164,1772388013165,45001,,01KJN792W85XPK9QGH8A6HSYSJ,True,3,False,True,True,,,,,,,,False,
01KJN6MMPQTMDYRN709DP5DSDA,01KJN79PCAAMFX7P2QF70Y3HJM,Repi,A,A,listener,2.0,refgame,2.0,page-B,page-B,True,2.0,01KJN7KZ5EPEYHDMQ29DK9VY0Z,False,,,,,,,False,False,53.0,,0.0,1772388316505,1772388330049,13544,,01KJN7B32C1C5254NSG6ZK1GRK,True,3,False,True,True,,,,,,,,False,
01KJN6MMPQTMDYRN709968YFN1,01KJN78B0TFR8F59JDGD057XNS,Player,A,A,listener,5.0,refgame,2.0,page9-46,page9-46,True,2.0,01KJN7K5RC8BZJV5TJYJRTSV77,False,,,,,,,False,False,66.0,,0.0,1772389002437,1772389020841,18404,,01KJN78CQJ3KY7VMGAR6F3D4S0,False,3,False,True,True,,,,,,,,False,
01KJN6MMQ03KZPZN0275VZXK6R,01KJN78DQ6KC0F9N1HA0BPB44R,Player,C,A,listener,4.0,refgame,2.0,page9-46,page9-46,True,2.0,01KJN7JJ4KG1JY79DX9WK2TCTT,False,,,,,,,False,False,61.0,,0.0,1772389065241,1772389081575,16334,,01KJN792W85XPK9QGH8A6HSYSJ,False,3,False,True,True,,,,,,,,False,
01KJN6MMPQTMDYRN709968YFN1,01KJN79ZDP3YNFFHHQA302PJDP,Nori,C,C,listener,0.0,refgame,1.0,page7-255,page7-107,False,0.0,01KJN7K5JCNXJGPF3SH23VVTP4,False,,,,,,,False,False,3.0,,0.0,1772386806901,1772386851896,44995,,01KJN78M7563R5D9TQE5G142DA,True,3,False,True,True,,,,,,,,False,
01KJN6MMPQTMDYRN709968YFN1,01KJN78CQJ3KY7VMGAR6F3D4S0,Bavi,B,B,listener,1.0,refgame,1.0,page5-28,page5-28,True,2.0,01KJN7K5FN5PPN5PJKQY110P3Z,False,,,,,,,False,False,7.0,,0.0,1772387033134,1772387073532,40398,,01KJN788SPAKVVBHX9T9FDQWAF,True,3,False,True,True,,,,,,,,False,
01KJN6MMQ03KZPZN0275VZXK6R,01KJN7863BFF3ZYZGVVSATZTH7,Felu,C,C,speaker,4.0,refgame,1.0,page5-28,,,2.0,01KJN7JJ1X1NXQGFN1B0VPVF00,False,,,,,,,False,False,26.0,,0.0,1772387875887,1772387920914,45027,2.0,01KJN7863BFF3ZYZGVVSATZTH7,,3,False,True,False,,,,,,,,False,
01KJN6MMQ03KZPZN0275VZXK6R,01KJN792W85XPK9QGH8A6HSYSJ,Player,B,B,listener,0.0,refgame,2.0,page7-107,page7-26,False,0.0,01KJN7JJ1A9ED4KAF42WD7ANR8,False,,,,,,,False,False,37.0,,0.0,1772388388706,1772388408142,19436,,01KJN79J529BWBWTESKB6D9MB7,False,3,False,True,True,,,,,,,,False,
01KJN6MMPQTMDYRN709DP5DSDA,01KJN79ZRTRDMY6RH8ZCYCM9NV,Minu,A,A,speaker,4.0,refgame,1.0,page3-35,,,2.0,01KJN7KYWQFV3P23NSADGCXAHG,False,,,,,,,False,False,28.0,,0.0,1772387820802,1772387842921,22119,2.0,01KJN79ZRTRDMY6RH8ZCYCM9NV,,3,False,True,False,,,,,,,,False,
01KJN6MMPQTMDYRN709DP5DSDA,01KJN7AAWT4GWKRZ7B9775509P,Zuda,B,B,listener,5.0,refgame,1.0,page7-107,page9-46,False,0.0,01KJN7KYZCYWANNP5JHHSNDKG7,False,,,,,,,False,False,30.0,,0.0,1772387883409,1772387895628,12219,,01KJN7BYA5X3A2G30KZECRY2HY,True,3,False,True,True,,,,,,,,False,
01KJN6MMQ03KZPZN0275VZXK6R,01KJN7AZC7FAG17CY924MRTCF7,Laju,A,A,listener,4.0,refgame,1.0,page7-107,page7-107,True,2.0,01KJN7JJ1X1NXQGFN1A23D587W,False,,,,,,,False,False,27.0,,0.0,1772387933662,1772387957443,23781,,01KJN7AAX1VHZ1A7ZB35BNRH8N,True,3,False,True,True,,,,,,,,False,
01KJN6MMPQTMDYRN709DP5DSDA,01KJN79PCAAMFX7P2QF70Y3HJM,Repi,A,A,listener,2.0,refgame,2.0,page3-35,page3-35,True,2.0,01KJN7KZ675C4DZYAWX412DRNF,False,,,,,,,False,False,49.0,,0.0,1772388265292,1772388271918,6626,,01KJN7B32C1C5254NSG6ZK1GRK,True,3,False,True,True,,,,,,,,False,
01KJN6MMPQTMDYRN709DP5DSDA,01KJN7B4V2673GK7HGVSG52R2P,Hera,B,B,speaker,3.0,refgame,1.0,page7-255,,,1.0,01KJN7KYZNJ3BKWKDZS9HS506H,False,,,,,,,False,False,18.0,,0.0,1772387503339,1772387541863,38524,2.0,01KJN7B4V2673GK7HGVSG52R2P,,3,False,True,False,,,,,,,,False,
01KJN6MMQ03KZPZN0275VZXK6R,01KJN7AAX1VHZ1A7ZB35BNRH8N,Minu,A,A,listener,3.0,refgame,1.0,page9-46,page9-46,True,2.0,01KJN7JJ0PJYQE826DDQJJSWAF,False,,,,,,,False,False,19.0,,0.0,1772387541417,1772387574131,32714,,01KJN79B14FBSYSKKCG2BYVBB6,True,3,False,True,True,,,,,,,,False,
01KJN6MMPQTMDYRN709968YFN1,01KJN796KT7FCNV2F9QNCQDSES,Felu,C,C,listener,3.0,refgame,1.0,page5-28,page5-28,True,2.0,01KJN7K5NP3KHGDZYWKZZ35KWP,False,,,,,,,False,False,23.0,,0.0,1772387820081,1772387851750,31669,,01KJN78M7563R5D9TQE5G142DA,True,3,False,True,True,,,,,,,,False,
01KJN6MMPQTMDYRN709DP5DSDA,01KJN7931DXZ65NXTWK1GNEZMW,Nori,C,C,speaker,2.0,refgame,2.0,page5-28,,,2.0,01KJN7KZ5TVXAD2SF4H87WAT8G,False,,,,,,,False,False,52.0,,0.0,1772388301163,1772388312752,11589,1.0,01KJN7931DXZ65NXTWK1GNEZMW,,3,False,True,False,,,,,,,,False,
01KJN6MMPQTMDYRN709968YFN1,01KJN79Y7T0VZNKHTSJRZWTDZ5,Player,B,A,speaker,0.0,refgame,2.0,page3-35,,,2.0,01KJN7K5R3HYPWVGJTVXZHHTBN,False,,,,,,,False,False,40.0,,0.0,1772388453370,1772388468333,14963,1.0,01KJN79Y7T0VZNKHTSJRZWTDZ5,,3,False,True,False,,,,,,,,False,
01KJN6MMPQTMDYRN709968YFN1,01KJN78CQJ3KY7VMGAR6F3D4S0,Player,B,B,listener,1.0,refgame,2.0,page7-255,page7-255,True,2.0,01KJN7K5H1PH5ESEXBMX7QYY9Q,False,,,,,,,False,False,44.0,,0.0,1772388543100,1772388563020,19920,,01KJN788SPAKVVBHX9T9FDQWAF,True,3,False,True,True,,,,,,,,False,
01KJN6MMPQTMDYRN709968YFN1,01KJN79Y7T0VZNKHTSJRZWTDZ5,Player,B,A,listener,2.0,refgame,2.0,page7-255,,False,0.0,01KJN7K5K80HK3VGDQE5RKG8VX,False,,,,,,,True,False,53.0,,0.0,1772388730747,1772388750777,20030,,01KJN78JVY5FN5QXW9XGGE72RG,False,3,False,True,True,,,,,,,,False,
01KJN6MMQ03KZPZN0275VZXK6R,01KJN7AAX1VHZ1A7ZB35BNRH8N,Minu,A,A,listener,0.0,refgame,1.0,page7-107,page7-107,True,2.0,01KJN7JJ1Z3Q1ZDKVBSP3H1EH5,False,,,,,,,False,False,3.0,,0.0,1772386783120,1772386825904,42784,,01KJN79B14FBSYSKKCG2BYVBB6,True,3,False,True,True,,,,,,,,False,
01KJN6MMPQTMDYRN709968YFN1,01KJN796KT7FCNV2F9QNCQDSES,Felu,C,C,listener,5.0,refgame,1.0,page3-35,page3-35,True,2.0,01KJN7K5KC833F28YJV6E0BER7,False,,,,,,,False,False,33.0,,0.0,1772388187845,1772388209421,21576,,01KJN79ZDP3YNFFHHQA302PJDP,True,3,False,True,True,,,,,,,,False,
01KJN6MMPQTMDYRN709DP5DSDA,01KJN79PCAAMFX7P2QF70Y3HJM,Repi,A,A,speaker,3.0,refgame,2.0,page-B,,,2.0,01KJN7KZ53A9914CYGA6DKSVTE,False,,,,,,,False,False,54.0,,0.0,1772388333789,1772388353858,20069,2.0,01KJN79PCAAMFX7P2QF70Y3HJM,,3,False,True,False,,,,,,,,False,
01KJN6MMPQTMDYRN709968YFN1,01KJN78CQJ3KY7VMGAR6F3D4S0,Player,B,A,listener,3.0,refgame,2.0,page9-46,page9-46,True,2.0,01KJN7K5KSEZZTN34AR4PS7YC7,False,,,,,,,False,False,58.0,,0.0,1772388828490,1772388848484,19994,,01KJN79Y7T0VZNKHTSJRZWTDZ5,True,3,False,True,True,,,,,,,,False,
01KJN6MMPQTMDYRN709DP5DSDA,01KJN7B4V2673GK7HGVSG52R2P,Hera,B,B,listener,4.0,refgame,1.0,page3-35,page3-35,True,2.0,01KJN7KYWQFV3P23NSADGCXAHG,False,,,,,,,False,False,28.0,,0.0,1772387820802,1772387842921,22119,,01KJN7AAWT4GWKRZ7B9775509P,True,3,False,True,True,,,,,,,,False,
01KJN6MMPQTMDYRN709968YFN1,01KJN788SPAKVVBHX9T9FDQWAF,Player,B,B,speaker,1.0,refgame,2.0,page7-255,,,1.0,01KJN7K5H1PH5ESEXBMX7QYY9Q,False,,,,,,,False,False,44.0,,0.0,1772388543100,1772388563020,19920,1.0,01KJN788SPAKVVBHX9T9FDQWAF,,3,False,True,False,,,,,,,,False,
01KJN6MMPQTMDYRN709968YFN1,01KJN79ZDP3YNFFHHQA302PJDP,Nori,C,C,listener,1.0,refgame,1.0,page5-28,page3-121,False,0.0,01KJN7K5FN5PPN5PJKQY110P3Z,False,,,,,,,False,False,7.0,,0.0,1772387033134,1772387073532,40398,,01KJN796KT7FCNV2F9QNCQDSES,True,3,False,True,True,,,,,,,,False,
01KJN6MMQ03KZPZN0275VZXK6R,01KJN79B14FBSYSKKCG2BYVBB6,Player,A,A,listener,1.0,refgame,2.0,page5-28,,False,0.0,01KJN7JJ16T4F6S4PFHQFRAY28,False,,,,,,,True,False,44.0,,0.0,1772388584626,1772388604653,20027,,01KJN792W85XPK9QGH8A6HSYSJ,False,3,False,True,True,,,,,,,,False,
01KJN6MMPQTMDYRN709DP5DSDA,01KJN7B32C1C5254NSG6ZK1GRK,Laju,A,A,listener,0.0,refgame,1.0,page3-35,page3-35,True,2.0,01KJN7KYVMH6VJC6N59GV39RY1,False,,,,,,,False,False,1.0,,0.0,1772386711287,1772386756289,45002,,01KJN79PCAAMFX7P2QF70Y3HJM,True,3,False,True,True,,,,,,,,False,
01KJN6MMPQTMDYRN709968YFN1,01KJN78M7563R5D9TQE5G142DA,Lika,C,C,speaker,3.0,refgame,1.0,page5-28,,,1.0,01KJN7K5NP3KHGDZYWKZZ35KWP,False,,,,,,,False,False,23.0,,0.0,1772387820081,1772387851750,31669,2.0,01KJN78M7563R5D9TQE5G142DA,,3,False,True,False,,,,,,,,False,
01KJN6MMQ03KZPZN0275VZXK6R,01KJN7A44GGBE9XR412KV5BFSC,Bavi,B,B,listener,4.0,refgame,1.0,page5-28,,False,0.0,01KJN7JJ1X1NXQGFN1B0VPVF00,False,,,,,,,True,False,26.0,,0.0,1772387875887,1772387920914,45027,,01KJN792W85XPK9QGH8A6HSYSJ,True,3,False,True,True,,,,,,,,False,
01KJN6MMPQTMDYRN709DP5DSDA,01KJN7B4V2673GK7HGVSG52R2P,Hera,B,B,listener,2.0,refgame,2.0,page7-255,page7-255,True,2.0,01KJN7KZ63WCMX3HHQH3QX4SWG,False,,,,,,,False,False,50.0,,0.0,1772388276008,1772388282836,6828,,01KJN7BYA5X3A2G30KZECRY2HY,True,3,False,True,True,,,,,,,,False,
01KJN6MMQ03KZPZN0275VZXK6R,01KJN7A44GGBE9XR412KV5BFSC,Player,B,A,listener,0.0,refgame,2.0,page7-107,page7-107,True,2.0,01KJN7JJ1A9ED4KAF42WD7ANR8,False,,,,,,,False,False,37.0,,0.0,1772388388706,1772388408142,19436,,01KJN7C40WEQBDF48ACG18M0EV,True,3,False,True,True,,,,,,,,False,
01KJN6MMPQTMDYRN709968YFN1,01KJN791EPN054R2NTQQ1BFXJ5,Player,A,A,speaker,1.0,refgame,2.0,page9-46,,,2.0,01KJN7K5QW5JZFE563TZ3V1T5B,False,,,,,,,False,False,43.0,,0.0,1772388514078,1772388534070,19992,1.0,01KJN791EPN054R2NTQQ1BFXJ5,,3,False,True,False,,,,,,,,False,
01KJN6MMQ03KZPZN0275VZXK6R,01KJN78DQ6KC0F9N1HA0BPB44R,Player,C,C,listener,3.0,refgame,2.0,page5-28,page5-28,True,2.0,01KJN7JJ1J5VMG06JVQK7ZJSB1,False,,,,,,,False,False,57.0,,0.0,1772388960182,1772388980183,20001,,01KJN79J529BWBWTESKB6D9MB7,True,3,False,True,True,,,,,,,,False,
01KJN6MMPQTMDYRN709DP5DSDA,01KJN79PCAAMFX7P2QF70Y3HJM,Repi,A,A,listener,2.0,refgame,1.0,page3-35,page3-35,True,2.0,01KJN7KZ3M8KXQP0VQS1EMDAYN,False,,,,,,,False,False,13.0,,0.0,1772387315644,1772387338498,22854,,01KJN7B32C1C5254NSG6ZK1GRK,True,3,False,True,True,,,,,,,,False,
01KJN6MMPQTMDYRN709968YFN1,01KJN79Y7T0VZNKHTSJRZWTDZ5,Hera,B,B,listener,2.0,refgame,1.0,page7-255,page7-255,True,2.0,01KJN7K5JTNJB1AXC03H4SWV8M,False,,,,,,,False,False,15.0,,0.0,1772387416630,1772387456025,39395,,01KJN78CQJ3KY7VMGAR6F3D4S0,True,3,False,True,True,,,,,,,,False,
01KJN6MMPQTMDYRN709DP5DSDA,01KJN77XQHYQ5TVVY4HZM02E7R,Felu,C,C,listener,2.0,refgame,1.0,page5-28,page5-28,True,2.0,01KJN7KZ01302DTXHE0RJAA5M7,False,,,,,,,False,False,16.0,,0.0,1772387428738,1772387456895,28157,,01KJN7931DXZ65NXTWK1GNEZMW,True,3,False,True,True,,,,,,,,False,
01KJN6MMQ03KZPZN0275VZXK6R,01KJN7C40WEQBDF48ACG18M0EV,Hera,B,B,listener,4.0,refgame,1.0,page3-35,page3-35,True,2.0,01KJN7JJ4HZG5Q1EBE5FNHKG1D,False,,,,,,,False,False,24.0,,0.0,1772387807706,1772387836077,28371,,01KJN792W85XPK9QGH8A6HSYSJ,True,3,False,True,True,,,,,,,,False,
01KJN6MMPQTMDYRN709968YFN1,01KJN78CQJ3KY7VMGAR6F3D4S0,Bavi,B,B,listener,4.0,refgame,1.0,page5-28,page5-28,True,2.0,01KJN7K5KQ8WFY6EA4MTPDWMDN,False,,,,,,,False,False,27.0,,0.0,1772387967408,1772387993664,26256,,01KJN788SPAKVVBHX9T9FDQWAF,True,3,False,True,True,,,,,,,,False,
01KJN6MMPQTMDYRN709968YFN1,01KJN79Y7T0VZNKHTSJRZWTDZ5,Hera,B,B,listener,5.0,refgame,1.0,page5-28,page5-28,True,2.0,01KJN7K5KHS8NZF1KQV836M65V,False,,,,,,,False,False,32.0,,0.0,1772388150885,1772388181824,30939,,01KJN78CQJ3KY7VMGAR6F3D4S0,True,3,False,True,True,,,,,,,,False,
01KJN6MMQ03KZPZN0275VZXK6R,01KJN7863BFF3ZYZGVVSATZTH7,Felu,C,C,listener,5.0,refgame,1.0,page3-35,page3-35,True,2.0,01KJN7JJ1FP44XD8PJWTZX3FH2,False,,,,,,,False,False,35.0,,0.0,1772388255722,1772388289959,34237,,01KJN78DQ6KC0F9N1HA0BPB44R,True,3,False,True,True,,,,,,,,False,
01KJN6MMPQTMDYRN709968YFN1,01KJN78B0TFR8F59JDGD057XNS,Player,A,B,listener,2.0,refgame,2.0,page3-35,page3-35,True,2.0,01KJN7K5G03ASRSWR507S1E4ZN,False,,,,,,,False,False,51.0,,0.0,1772388698776,1772388708362,9586,,01KJN78JVY5FN5QXW9XGGE72RG,True,3,False,True,True,,,,,,,,False,
01KJN6MMQ03KZPZN0275VZXK6R,01KJN7C40WEQBDF48ACG18M0EV,Player,B,A,listener,2.0,refgame,2.0,page5-28,,False,0.0,01KJN7JJ144X9C126M86JNY5Y5,False,,,,,,,True,False,50.0,,0.0,1772388771422,1772388791447,20025,,01KJN7A44GGBE9XR412KV5BFSC,True,3,False,True,True,,,,,,,,False,
01KJN6MMQ03KZPZN0275VZXK6R,01KJN79B14FBSYSKKCG2BYVBB6,Player,A,B,listener,5.0,refgame,2.0,page3-35,page3-35,True,2.0,01KJN7JJ4F71QKFN9HJKMN6A4E,False,,,,,,,False,False,66.0,,0.0,1772389189262,1772389209322,20060,,01KJN7AZC7FAG17CY924MRTCF7,True,3,False,True,True,,,,,,,,False,
01KJN6MMQ03KZPZN0275VZXK6R,01KJN7AZC7FAG17CY924MRTCF7,Player,A,A,speaker,5.0,refgame,2.0,page-B,,,1.0,01KJN7JJ4CKNN14ST5Y145D20Z,False,,,,,,,False,False,70.0,,0.0,1772389290904,1772389309182,18278,2.0,01KJN7AZC7FAG17CY924MRTCF7,,3,False,True,False,,,,,,,,False,
01KJN6MMQ03KZPZN0275VZXK6R,01KJN79B14FBSYSKKCG2BYVBB6,Repi,A,A,speaker,0.0,refgame,1.0,page9-46,,,2.0,01KJN7JJ0WM538Q7726PW4BTD2,False,,,,,,,False,False,5.0,,0.0,1772386890514,1772386933734,43220,1.0,01KJN79B14FBSYSKKCG2BYVBB6,,3,False,True,False,,,,,,,,False,
01KJN6MMPQTMDYRN709968YFN1,01KJN791EPN054R2NTQQ1BFXJ5,Minu,A,A,listener,2.0,refgame,1.0,page5-28,page5-28,True,2.0,01KJN7K5JK17KT4QXX6TA90JSY,False,,,,,,,False,False,17.0,,0.0,1772387520964,1772387561058,40094,,01KJN78JVY5FN5QXW9XGGE72RG,True,3,False,True,True,,,,,,,,False,
01KJN6MMPQTMDYRN709968YFN1,01KJN78B0TFR8F59JDGD057XNS,Player,A,A,listener,5.0,refgame,2.0,page3-35,page3-35,True,2.0,01KJN7K5NRR9A1HQWEJ86W9HKW,False,,,,,,,False,False,69.0,,0.0,1772389066515,1772389075504,8989,,01KJN78CQJ3KY7VMGAR6F3D4S0,False,3,False,True,True,,,,,,,,False,
01KJN6MMQ03KZPZN0275VZXK6R,01KJN7AAX1VHZ1A7ZB35BNRH8N,Player,A,C,listener,5.0,refgame,2.0,page5-28,page5-28,True,2.0,01KJN7JJ4CKNN14ST5YRKZ4T18,False,,,,,,,False,False,68.0,,0.0,1772389244705,1772389263979,19274,,01KJN78DQ6KC0F9N1HA0BPB44R,False,3,False,True,True,,,,,,,,False,
01KJN6MMQ03KZPZN0275VZXK6R,01KJN7C40WEQBDF48ACG18M0EV,Hera,B,B,speaker,0.0,refgame,1.0,page3-35,,,0.0,01KJN7JJ1A9ED4KAF41TVNW0W6,False,,,,,,,False,False,1.0,,0.0,1772386673383,1772386718389,45006,1.0,01KJN7C40WEQBDF48ACG18M0EV,,3,False,True,False,,,,,,,,False,
01KJN6MMPQTMDYRN709968YFN1,01KJN78CQJ3KY7VMGAR6F3D4S0,Bavi,B,B,listener,0.0,refgame,1.0,page7-255,page7-107,False,0.0,01KJN7K5JCNXJGPF3SH23VVTP4,False,,,,,,,False,False,3.0,,0.0,1772386806901,1772386851896,44995,,01KJN79Y7T0VZNKHTSJRZWTDZ5,True,3,False,True,True,,,,,,,,False,
01KJN6MMPQTMDYRN709DP5DSDA,01KJN79ZQD1E4YD03FE5CGJY8K,Lika,C,C,speaker,3.0,refgame,1.0,page7-107,,,2.0,01KJN7KYZF6WBFK0HY3WZWJTDJ,False,,,,,,,False,False,23.0,,0.0,1772387661755,1772387678433,16678,2.0,01KJN79ZQD1E4YD03FE5CGJY8K,,3,False,True,False,,,,,,,,False,
01KJN6MMPQTMDYRN709968YFN1,01KJN78JVY5FN5QXW9XGGE72RG,Laju,A,A,listener,4.0,refgame,1.0,page7-107,page7-107,True,2.0,01KJN7K5G2ENPCM8MXBD0JEWNB,False,,,,,,,False,False,26.0,,0.0,1772387935343,1772387955271,19928,,01KJN791EPN054R2NTQQ1BFXJ5,True,3,False,True,True,,,,,,,,False,
01KJN6MMPQTMDYRN709DP5DSDA,01KJN7B32C1C5254NSG6ZK1GRK,Laju,A,A,speaker,5.0,refgame,2.0,page5-28,,,2.0,01KJN7KZ4GGBX7W2AQKMGYBFMR,False,,,,,,,False,False,66.0,,0.0,1772388537478,1772388547714,10236,2.0,01KJN7B32C1C5254NSG6ZK1GRK,,3,False,True,False,,,,,,,,False,
01KJN6MMQ03KZPZN0275VZXK6R,01KJN7C40WEQBDF48ACG18M0EV,Player,B,A,speaker,3.0,refgame,2.0,page7-255,,,1.0,01KJN7JJ1820G44H81ADMFG2AV,False,,,,,,,False,False,56.0,,0.0,1772388933170,1772388953175,20005,2.0,01KJN7C40WEQBDF48ACG18M0EV,,3,False,True,False,,,,,,,,False,
01KJN6MMPQTMDYRN709DP5DSDA,01KJN79PCAAMFX7P2QF70Y3HJM,Repi,A,A,listener,1.0,refgame,1.0,page9-46,page5-63,False,0.0,01KJN7KZ4DBDW3YBYDCHQRBRVZ,False,,,,,,,False,False,9.0,,0.0,1772387132400,1772387164842,32442,,01KJN79ZRTRDMY6RH8ZCYCM9NV,True,3,False,True,True,,,,,,,,False,
01KJN6MMPQTMDYRN709DP5DSDA,01KJN79PCAAMFX7P2QF70Y3HJM,Repi,A,A,listener,1.0,refgame,2.0,page7-255,page7-255,True,2.0,01KJN7KYX5K9668G0J8VAVZ5YF,False,,,,,,,False,False,43.0,,0.0,1772388168595,1772388178913,10318,,01KJN79ZRTRDMY6RH8ZCYCM9NV,True,3,False,True,True,,,,,,,,False,
01KJN6MMPQTMDYRN709968YFN1,01KJN796KT7FCNV2F9QNCQDSES,Felu,C,C,speaker,1.0,refgame,1.0,page3-35,,,1.0,01KJN7K5HFQ0YWS0B8B4TY02DQ,False,,,,,,,False,False,6.0,,0.0,1772386972417,1772387017438,45021,1.0,01KJN796KT7FCNV2F9QNCQDSES,,3,False,True,False,,,,,,,,False,
01KJN6MMPQTMDYRN709968YFN1,01KJN78JVY5FN5QXW9XGGE72RG,Player,A,B,speaker,5.0,refgame,2.0,page7-107,,,2.0,01KJN7K5R50JQ6DN8DECK17DTE,False,,,,,,,False,False,68.0,,0.0,1772389049638,1772389061860,12222,2.0,01KJN78JVY5FN5QXW9XGGE72RG,,3,False,True,False,,,,,,,,False,
01KJN6MMPQTMDYRN709968YFN1,01KJN78B0TFR8F59JDGD057XNS,Repi,A,A,listener,2.0,refgame,1.0,page7-255,page7-255,True,2.0,01KJN7K5JTNJB1AXC03H4SWV8M,False,,,,,,,False,False,15.0,,0.0,1772387416630,1772387456025,39395,,01KJN78JVY5FN5QXW9XGGE72RG,True,3,False,True,True,,,,,,,,False,
01KJN6MMPQTMDYRN709DP5DSDA,01KJN7B32C1C5254NSG6ZK1GRK,Laju,A,A,listener,3.0,refgame,1.0,page3-35,page3-35,True,2.0,01KJN7KYWMSRM1063TCQEJ1X20,False,,,,,,,False,False,22.0,,0.0,1772387637778,1772387658166,20388,,01KJN79PCAAMFX7P2QF70Y3HJM,True,3,False,True,True,,,,,,,,False,
01KJN6MMPQTMDYRN709968YFN1,01KJN78CQJ3KY7VMGAR6F3D4S0,Bavi,B,B,listener,0.0,refgame,1.0,page-B,,False,0.0,01KJN7K5R9WK49MVWHPP0N06TT,False,,,,,,,True,False,2.0,,0.0,1772386746187,1772386791211,45024,,01KJN79Y7T0VZNKHTSJRZWTDZ5,True,3,False,False,False,,,,,,,,False,
01KJN6MMQ03KZPZN0275VZXK6R,01KJN7A44GGBE9XR412KV5BFSC,Player,B,A,listener,0.0,refgame,2.0,page5-28,page5-28,True,2.0,01KJN7JJ1VVYECS34J9NT698WM,False,,,,,,,False,False,39.0,,0.0,1772388446349,1772388466403,20054,,01KJN7C40WEQBDF48ACG18M0EV,True,3,False,True,True,,,,,,,,False,
01KJN6MMPQTMDYRN709DP5DSDA,01KJN7BYA5X3A2G30KZECRY2HY,Bavi,B,B,listener,4.0,refgame,2.0,page9-46,page9-46,True,2.0,01KJN7KZ4W10W8D9F17K7QA5ZZ,False,,,,,,,False,False,65.0,,0.0,1772388524053,1772388532195,8142,,01KJN7AAWT4GWKRZ7B9775509P,True,3,False,True,True,,,,,,,,False,
01KJN6MMQ03KZPZN0275VZXK6R,01KJN79J529BWBWTESKB6D9MB7,Lika,C,C,listener,1.0,refgame,1.0,page7-107,page7-107,True,2.0,01KJN7JJ0RSHHPHCY0J0NJ4AA1,False,,,,,,,False,False,11.0,,0.0,1772387200129,1772387231040,30911,,01KJN7863BFF3ZYZGVVSATZTH7,True,3,False,True,True,,,,,,,,False,
01KJN6MMPQTMDYRN709968YFN1,01KJN79Y7T0VZNKHTSJRZWTDZ5,Hera,B,B,speaker,0.0,refgame,1.0,page7-255,,,0.0,01KJN7K5JCNXJGPF3SH23VVTP4,False,,,,,,,False,False,3.0,,0.0,1772386806901,1772386851896,44995,1.0,01KJN79Y7T0VZNKHTSJRZWTDZ5,,3,False,True,False,,,,,,,,False,
01KJN6MMPQTMDYRN709DP5DSDA,01KJN7AAWT4GWKRZ7B9775509P,Zuda,B,B,speaker,1.0,refgame,1.0,page9-46,,,1.0,01KJN7KZ4DBDW3YBYDCHQRBRVZ,False,,,,,,,False,False,9.0,,0.0,1772387132400,1772387164842,32442,1.0,01KJN7AAWT4GWKRZ7B9775509P,,3,False,True,False,,,,,,,,False,
01KJN6MMQ03KZPZN0275VZXK6R,01KJN79J529BWBWTESKB6D9MB7,Player,C,B,speaker,3.0,refgame,2.0,page7-107,,,1.0,01KJN7JJ4GCT1AQ6A0X5YF4F5Y,False,,,,,,,False,False,58.0,,0.0,1772388985091,1772389005095,20004,2.0,01KJN79J529BWBWTESKB6D9MB7,,3,False,True,False,,,,,,,,False,
01KJN6MMPQTMDYRN709DP5DSDA,01KJN7AAWT4GWKRZ7B9775509P,Zuda,B,B,listener,2.0,refgame,1.0,page3-35,page3-35,True,2.0,01KJN7KZ3M8KXQP0VQS1EMDAYN,False,,,,,,,False,False,13.0,,0.0,1772387315644,1772387338498,22854,,01KJN7BYA5X3A2G30KZECRY2HY,True,3,False,True,True,,,,,,,,False,
01KJN6MMPQTMDYRN709DP5DSDA,01KJN7931DXZ65NXTWK1GNEZMW,Nori,C,C,speaker,2.0,refgame,2.0,page9-46,,,2.0,01KJN7KYX9412F6D9T4P6GZVTR,False,,,,,,,False,False,48.0,,0.0,1772388246013,1772388259312,13299,1.0,01KJN7931DXZ65NXTWK1GNEZMW,,3,False,True,False,,,,,,,,False,
01KJN6MMQ03KZPZN0275VZXK6R,01KJN79J529BWBWTESKB6D9MB7,Player,C,C,listener,1.0,refgame,2.0,page7-255,page7-255,True,2.0,01KJN7JJ196KV3QWCGEJ4WFSSY,False,,,,,,,False,False,42.0,,0.0,1772388525929,1772388545961,20032,,01KJN7863BFF3ZYZGVVSATZTH7,True,3,False,True,True,,,,,,,,False,
01KJN6MMPQTMDYRN709DP5DSDA,01KJN7AAWT4GWKRZ7B9775509P,Zuda,B,B,listener,0.0,refgame,1.0,page-B,page4-15,False,0.0,01KJN7KZ574PYN6K4M6G2QP8KT,False,,,,,,,False,False,5.0,,0.0,1772386930515,1772386975529,45014,,01KJN7B4V2673GK7HGVSG52R2P,True,3,False,True,True,,,,,,,,False,
01KJN6MMPQTMDYRN709DP5DSDA,01KJN79ZRTRDMY6RH8ZCYCM9NV,Minu,A,A,listener,5.0,refgame,1.0,page9-46,page9-46,True,2.0,01KJN7KYWCG0VSA4BGP1BA4VRQ,False,,,,,,,False,False,31.0,,0.0,1772387903476,1772387912499,9023,,01KJN7B32C1C5254NSG6ZK1GRK,True,3,False,True,True,,,,,,,,False,
01KJN6MMQ03KZPZN0275VZXK6R,01KJN7863BFF3ZYZGVVSATZTH7,Felu,C,C,speaker,4.0,refgame,1.0,page7-255,,,2.0,01KJN7JJ0KAZ122DZJNX1TKJ9D,False,,,,,,,False,False,28.0,,0.0,1772387968164,1772388013165,45001,2.0,01KJN7863BFF3ZYZGVVSATZTH7,,3,False,True,False,,,,,,,,False,
01KJN6MMPQTMDYRN709DP5DSDA,01KJN79PCAAMFX7P2QF70Y3HJM,Repi,A,A,listener,2.0,refgame,2.0,page7-255,page7-255,True,2.0,01KJN7KZ63WCMX3HHQH3QX4SWG,False,,,,,,,False,False,50.0,,0.0,1772388276008,1772388282836,6828,,01KJN7B32C1C5254NSG6ZK1GRK,True,3,False,True,True,,,,,,,,False,
01KJN6MMPQTMDYRN709DP5DSDA,01KJN77XQHYQ5TVVY4HZM02E7R,Felu,C,C,listener,3.0,refgame,2.0,page9-46,page9-46,True,2.0,01KJN7KZ4QMNMSWDESPF7REVXV,False,,,,,,,False,False,55.0,,0.0,1772388358226,1772388367836,9610,,01KJN79ZQD1E4YD03FE5CGJY8K,True,3,False,True,True,,,,,,,,False,
01KJN6MMPQTMDYRN709DP5DSDA,01KJN79ZQD1E4YD03FE5CGJY8K,Lika,C,C,listener,2.0,refgame,1.0,page7-255,page7-255,True,2.0,01KJN7KZ1TSCX13H8GC3H8BDV7,False,,,,,,,False,False,15.0,,0.0,1772387380638,1772387422380,41742,,01KJN7931DXZ65NXTWK1GNEZMW,True,3,False,True,True,,,,,,,,False,
01KJN6MMPQTMDYRN709968YFN1,01KJN78CQJ3KY7VMGAR6F3D4S0,Bavi,B,B,speaker,2.0,refgame,1.0,page7-107,,,2.0,01KJN7K5JPV4BFRM0HRJFFT23R,False,,,,,,,False,False,16.0,,0.0,1772387467532,1772387509956,42424,1.0,01KJN78CQJ3KY7VMGAR6F3D4S0,,3,False,True,False,,,,,,,,False,
01KJN6MMPQTMDYRN709DP5DSDA,01KJN7931DXZ65NXTWK1GNEZMW,Nori,C,C,listener,1.0,refgame,2.0,page7-107,page7-107,True,2.0,01KJN7KYXFQRPB40W6RYE3EFWM,False,,,,,,,False,False,47.0,,0.0,1772388231673,1772388242723,11050,,01KJN77XQHYQ5TVVY4HZM02E7R,True,3,False,True,True,,,,,,,,False,
01KJN6MMQ03KZPZN0275VZXK6R,01KJN7863BFF3ZYZGVVSATZTH7,Player,C,B,listener,0.0,refgame,2.0,page7-255,page7-255,True,2.0,01KJN7JJ05JV700GGZABPCJM90,False,,,,,,,False,False,38.0,,0.0,1772388419803,1772388439818,20015,,01KJN7C40WEQBDF48ACG18M0EV,False,3,False,True,True,,,,,,,,False,
01KJN6MMPQTMDYRN709968YFN1,01KJN791EPN054R2NTQQ1BFXJ5,Player,A,A,listener,5.0,refgame,2.0,page7-107,page7-107,True,2.0,01KJN7K5R50JQ6DN8DECK17DTE,False,,,,,,,False,False,68.0,,0.0,1772389049638,1772389061860,12222,,01KJN78CQJ3KY7VMGAR6F3D4S0,False,3,False,True,True,,,,,,,,False,
01KJN6MMQ03KZPZN0275VZXK6R,01KJN7AZC7FAG17CY924MRTCF7,Laju,A,A,listener,0.0,refgame,1.0,page7-255,,False,0.0,01KJN7JHYXFYHN121QCJ6HRX9R,False,,,,,,,True,False,0.0,,0.0,1772386606704,1772386657466,50762,,01KJN79B14FBSYSKKCG2BYVBB6,True,3,False,True,True,,,,,,,,False,
01KJN6MMPQTMDYRN709DP5DSDA,01KJN77XQHYQ5TVVY4HZM02E7R,Felu,C,C,speaker,1.0,refgame,1.0,page7-107,,,2.0,01KJN7KZ50SP860QQHX43BMD6K,False,,,,,,,False,False,6.0,,0.0,1772386983245,1772387024263,41018,1.0,01KJN77XQHYQ5TVVY4HZM02E7R,,3,False,True,False,,,,,,,,False,
01KJN6MMPQTMDYRN709968YFN1,01KJN79Y7T0VZNKHTSJRZWTDZ5,Hera,B,B,listener,4.0,refgame,1.0,page5-28,page5-28,True,2.0,01KJN7K5KQ8WFY6EA4MTPDWMDN,False,,,,,,,False,False,27.0,,0.0,1772387967408,1772387993664,26256,,01KJN788SPAKVVBHX9T9FDQWAF,True,3,False,True,True,,,,,,,,False,
01KJN6MMQ03KZPZN0275VZXK6R,01KJN7C40WEQBDF48ACG18M0EV,Player,B,B,listener,4.0,refgame,2.0,page-B,page3-35,False,0.0,01KJN7JJ4HZG5Q1EBE6H435ZZY,False,,,,,,,False,False,63.0,,0.0,1772389106854,1772389126859,20005,,01KJN792W85XPK9QGH8A6HSYSJ,True,3,False,True,True,,,,,,,,False,
01KJN6MMPQTMDYRN709DP5DSDA,01KJN7AAWT4GWKRZ7B9775509P,Zuda,B,B,speaker,1.0,refgame,2.0,page9-46,,,2.0,01KJN7KYW7CVYKM5SHMJ89SKKM,False,,,,,,,False,False,45.0,,0.0,1772388203492,1772388213909,10417,1.0,01KJN7AAWT4GWKRZ7B9775509P,,3,False,True,False,,,,,,,,False,
01KJN6MMQ03KZPZN0275VZXK6R,01KJN7AAX1VHZ1A7ZB35BNRH8N,Player,A,B,listener,2.0,refgame,2.0,page9-46,page9-46,True,2.0,01KJN7JJ123XE0WCHG834D1V4V,False,,,,,,,False,False,51.0,,0.0,1772388798958,1772388816891,17933,,01KJN7AZC7FAG17CY924MRTCF7,True,3,False,True,True,,,,,,,,False,
01KJN6MMQ03KZPZN0275VZXK6R,01KJN78DQ6KC0F9N1HA0BPB44R,Player,C,C,speaker,5.0,refgame,2.0,page-B,,,1.0,01KJN7JJ4CKNN14ST5Y145D20Z,False,,,,,,,False,False,70.0,,0.0,1772389290904,1772389309182,18278,2.0,01KJN78DQ6KC0F9N1HA0BPB44R,,3,False,True,False,,,,,,,,False,
01KJN6MMPQTMDYRN709DP5DSDA,01KJN7AAWT4GWKRZ7B9775509P,Zuda,B,B,speaker,1.0,refgame,1.0,page3-35,,,2.0,01KJN7KZ4SZP3K0F01DSDYSY4B,False,,,,,,,False,False,7.0,,0.0,1772387028378,1772387064882,36504,1.0,01KJN7AAWT4GWKRZ7B9775509P,,3,False,True,False,,,,,,,,False,
01KJN6MMPQTMDYRN709DP5DSDA,01KJN77XQHYQ5TVVY4HZM02E7R,Felu,C,C,listener,0.0,refgame,2.0,page7-107,page7-107,True,2.0,01KJN7KYXC39570NBM5M60XHPH,False,,,,,,,False,False,41.0,,0.0,1772388134092,1772388144332,10240,,01KJN79ZQD1E4YD03FE5CGJY8K,True,3,False,True,True,,,,,,,,False,
01KJN6MMPQTMDYRN709DP5DSDA,01KJN79ZRTRDMY6RH8ZCYCM9NV,Minu,A,A,listener,0.0,refgame,1.0,page5-28,page5-63,False,0.0,01KJN7KZ5HH7NR0ZCH3MQS757H,False,,,,,,,False,False,4.0,,0.0,1772386874658,1772386919662,45004,,01KJN79PCAAMFX7P2QF70Y3HJM,True,3,False,True,True,,,,,,,,False,
01KJN6MMPQTMDYRN709968YFN1,01KJN78B0TFR8F59JDGD057XNS,Repi,A,A,speaker,0.0,refgame,1.0,page9-46,,,1.0,01KJN7K5HM3GRXQJ2R4WDZ9A25,False,,,,,,,False,False,5.0,,0.0,1772386918334,1772386963323,44989,1.0,01KJN78B0TFR8F59JDGD057XNS,,3,False,True,False,,,,,,,,False,
01KJN6MMQ03KZPZN0275VZXK6R,01KJN7863BFF3ZYZGVVSATZTH7,Felu,C,C,listener,2.0,refgame,1.0,page3-35,page3-35,True,2.0,01KJN7JJ0PJYQE826DEW5XH116,False,,,,,,,False,False,12.0,,0.0,1772387236366,1772387281380,45014,,01KJN78DQ6KC0F9N1HA0BPB44R,True,3,False,True,True,,,,,,,,False,
01KJN6MMPQTMDYRN709DP5DSDA,01KJN79ZRTRDMY6RH8ZCYCM9NV,Minu,A,A,listener,0.0,refgame,2.0,page9-46,page9-46,True,2.0,01KJN7KYXP8T26GV24HNFMQXQP,False,,,,,,,False,False,40.0,,0.0,1772388115447,1772388127379,11932,,01KJN79PCAAMFX7P2QF70Y3HJM,True,3,False,True,True,,,,,,,,False,
01KJN6MMPQTMDYRN709968YFN1,01KJN791EPN054R2NTQQ1BFXJ5,Player,A,B,listener,5.0,refgame,2.0,page9-46,page9-46,True,2.0,01KJN7K5RC8BZJV5TJYJRTSV77,False,,,,,,,False,False,66.0,,0.0,1772389002437,1772389020841,18404,,01KJN78JVY5FN5QXW9XGGE72RG,True,3,False,True,True,,,,,,,,False,
01KJN6MMPQTMDYRN709DP5DSDA,01KJN7B32C1C5254NSG6ZK1GRK,Laju,A,A,listener,0.0,refgame,1.0,page5-28,page5-28,True,2.0,01KJN7KZ5HH7NR0ZCH3MQS757H,False,,,,,,,False,False,4.0,,0.0,1772386874658,1772386919662,45004,,01KJN79PCAAMFX7P2QF70Y3HJM,True,3,False,True,True,,,,,,,,False,
01KJN6MMPQTMDYRN709968YFN1,01KJN78B0TFR8F59JDGD057XNS,Repi,A,A,listener,1.0,refgame,1.0,page3-35,page3-35,True,2.0,01KJN7K5HFQ0YWS0B8B4TY02DQ,False,,,,,,,False,False,6.0,,0.0,1772386972417,1772387017438,45021,,01KJN791EPN054R2NTQQ1BFXJ5,True,3,False,True,True,,,,,,,,False,
01KJN6MMQ03KZPZN0275VZXK6R,01KJN79J529BWBWTESKB6D9MB7,Lika,C,C,speaker,3.0,refgame,1.0,page-B,,,1.0,01KJN7JJ0QKQ5P6F29RGF08AK3,False,,,,,,,False,False,18.0,,0.0,1772387500305,1772387527911,27606,2.0,01KJN79J529BWBWTESKB6D9MB7,,3,False,True,False,,,,,,,,False,
01KJN6MMPQTMDYRN709DP5DSDA,01KJN7B4V2673GK7HGVSG52R2P,Hera,B,B,speaker,3.0,refgame,1.0,page3-35,,,2.0,01KJN7KYWMSRM1063TCQEJ1X20,False,,,,,,,False,False,22.0,,0.0,1772387637778,1772387658166,20388,2.0,01KJN7B4V2673GK7HGVSG52R2P,,3,False,True,False,,,,,,,,False,
01KJN6MMPQTMDYRN709DP5DSDA,01KJN7B32C1C5254NSG6ZK1GRK,Laju,A,A,listener,3.0,refgame,2.0,page-B,page-B,True,2.0,01KJN7KZ53A9914CYGA6DKSVTE,False,,,,,,,False,False,54.0,,0.0,1772388333789,1772388353858,20069,,01KJN79PCAAMFX7P2QF70Y3HJM,True,3,False,True,True,,,,,,,,False,
01KJN6MMPQTMDYRN709968YFN1,01KJN788SPAKVVBHX9T9FDQWAF,Zuda,B,B,listener,2.0,refgame,1.0,page7-255,page7-255,True,2.0,01KJN7K5JTNJB1AXC03H4SWV8M,False,,,,,,,False,False,15.0,,0.0,1772387416630,1772387456025,39395,,01KJN78CQJ3KY7VMGAR6F3D4S0,True,3,False,True,True,,,,,,,,False,
01KJN6MMPQTMDYRN709DP5DSDA,01KJN77XQHYQ5TVVY4HZM02E7R,Felu,C,C,listener,3.0,refgame,1.0,page7-255,page7-255,True,2.0,01KJN7KYZNJ3BKWKDZS9HS506H,False,,,,,,,False,False,18.0,,0.0,1772387503339,1772387541863,38524,,01KJN79ZQD1E4YD03FE5CGJY8K,True,3,False,True,True,,,,,,,,False,
01KJN6MMPQTMDYRN709968YFN1,01KJN78JVY5FN5QXW9XGGE72RG,Laju,A,A,listener,4.0,refgame,1.0,page9-46,page9-46,True,2.0,01KJN7K5KN8YW9VWX8RYNB7E0N,False,,,,,,,False,False,28.0,,0.0,1772388000797,1772388041511,40714,,01KJN791EPN054R2NTQQ1BFXJ5,True,3,False,True,True,,,,,,,,False,
01KJN6MMQ03KZPZN0275VZXK6R,01KJN79J529BWBWTESKB6D9MB7,Lika,C,C,listener,4.0,refgame,1.0,page-B,page-B,True,2.0,01KJN7JJ1T0XBC815C25NRSF57,False,,,,,,,False,False,29.0,,0.0,1772388018523,1772388063879,45356,,01KJN7863BFF3ZYZGVVSATZTH7,True,3,False,True,True,,,,,,,,False,
01KJN6MMQ03KZPZN0275VZXK6R,01KJN7AZC7FAG17CY924MRTCF7,Laju,A,A,speaker,5.0,refgame,1.0,page5-28,,,2.0,01KJN7JJ1SMVGMC6BAWX0QWSAN,False,,,,,,,False,False,30.0,,0.0,1772388071482,1772388097743,26261,2.0,01KJN7AZC7FAG17CY924MRTCF7,,3,False,True,False,,,,,,,,False,
01KJN6MMQ03KZPZN0275VZXK6R,01KJN78DQ6KC0F9N1HA0BPB44R,Player,C,C,listener,0.0,refgame,2.0,page7-255,page7-255,True,2.0,01KJN7JJ05JV700GGZABPCJM90,False,,,,,,,False,False,38.0,,0.0,1772388419803,1772388439818,20015,,01KJN79J529BWBWTESKB6D9MB7,True,3,False,True,True,,,,,,,,False,
01KJN6MMPQTMDYRN709968YFN1,01KJN78JVY5FN5QXW9XGGE72RG,Player,A,B,listener,1.0,refgame,2.0,page9-46,page5-63,False,0.0,01KJN7K5QW5JZFE563TZ3V1T5B,False,,,,,,,False,False,43.0,,0.0,1772388514078,1772388534070,19992,,01KJN788SPAKVVBHX9T9FDQWAF,False,3,False,True,True,,,,,,,,False,
01KJN6MMPQTMDYRN709DP5DSDA,01KJN79ZRTRDMY6RH8ZCYCM9NV,Minu,A,A,listener,5.0,refgame,2.0,page7-255,page7-255,True,2.0,01KJN7KZ2A7Y374PXRWXKQH250,False,,,,,,,False,False,70.0,,0.0,1772388596183,1772388603168,6985,,01KJN7B32C1C5254NSG6ZK1GRK,True,3,False,True,True,,,,,,,,False,
01KJN6MMPQTMDYRN709968YFN1,01KJN78CQJ3KY7VMGAR6F3D4S0,Player,B,B,listener,4.0,refgame,2.0,page-B,page-B,True,2.0,01KJN7K5K20BTBV5B0XHZTHSK8,False,,,,,,,False,False,64.0,,0.0,1772388962366,1772388972779,10413,,01KJN788SPAKVVBHX9T9FDQWAF,True,3,False,True,True,,,,,,,,False,
01KJN6MMQ03KZPZN0275VZXK6R,01KJN7AAX1VHZ1A7ZB35BNRH8N,Player,A,A,listener,0.0,refgame,2.0,page3-35,page3-35,True,2.0,01KJN7JJ1PF41J166TSJBZWQBB,False,,,,,,,False,False,41.0,,0.0,1772388502377,1772388519944,17567,,01KJN79B14FBSYSKKCG2BYVBB6,True,3,False,True,True,,,,,,,,False,
01KJN6MMPQTMDYRN709968YFN1,01KJN79Y7T0VZNKHTSJRZWTDZ5,Player,B,A,listener,5.0,refgame,2.0,page7-255,page7-255,True,2.0,01KJN7K5QNDHCB49S4Q90QXRYG,False,,,,,,,False,False,67.0,,0.0,1772389025099,1772389044573,19474,,01KJN78JVY5FN5QXW9XGGE72RG,False,3,False,True,True,,,,,,,,False,
01KJN6MMPQTMDYRN709968YFN1,01KJN78JVY5FN5QXW9XGGE72RG,Laju,A,A,listener,4.0,refgame,1.0,page7-255,page7-255,True,2.0,01KJN7K5H8BSX37JV3WZMKDDX9,False,,,,,,,False,False,29.0,,0.0,1772388048043,1772388073516,25473,,01KJN791EPN054R2NTQQ1BFXJ5,True,3,False,True,True,,,,,,,,False,
01KJN6MMPQTMDYRN709DP5DSDA,01KJN7BYA5X3A2G30KZECRY2HY,Bavi,B,B,listener,0.0,refgame,2.0,page7-107,page7-107,True,2.0,01KJN7KYXC39570NBM5M60XHPH,False,,,,,,,False,False,41.0,,0.0,1772388134092,1772388144332,10240,,01KJN7B4V2673GK7HGVSG52R2P,True,3,False,True,True,,,,,,,,False,
01KJN6MMQ03KZPZN0275VZXK6R,01KJN7AZC7FAG17CY924MRTCF7,Player,A,B,speaker,2.0,refgame,2.0,page9-46,,,2.0,01KJN7JJ123XE0WCHG834D1V4V,False,,,,,,,False,False,51.0,,0.0,1772388798958,1772388816891,17933,1.0,01KJN7AZC7FAG17CY924MRTCF7,,3,False,True,False,,,,,,,,False,
01KJN6MMPQTMDYRN709968YFN1,01KJN788SPAKVVBHX9T9FDQWAF,Player,B,B,listener,3.0,refgame,2.0,page5-28,page5-28,True,2.0,01KJN7K5KEK1TQNG8SEZSQCCXK,False,,,,,,,False,False,59.0,,0.0,1772388852279,1772388868305,16026,,01KJN79Y7T0VZNKHTSJRZWTDZ5,True,3,False,True,True,,,,,,,,False,
01KJN6MMQ03KZPZN0275VZXK6R,01KJN792W85XPK9QGH8A6HSYSJ,Zuda,B,B,speaker,1.0,refgame,1.0,page7-255,,,1.0,01KJN7JJ0XW9B6G59FFDBG8AT1,False,,,,,,,False,False,6.0,,0.0,1772386940062,1772386985080,45018,1.0,01KJN792W85XPK9QGH8A6HSYSJ,,3,False,True,False,,,,,,,,False,
01KJN6MMQ03KZPZN0275VZXK6R,01KJN792W85XPK9QGH8A6HSYSJ,Zuda,B,B,listener,2.0,refgame,1.0,page3-35,page3-193,False,0.0,01KJN7JJ0PJYQE826DEW5XH116,False,,,,,,,False,False,12.0,,0.0,1772387236366,1772387281380,45014,,01KJN7A44GGBE9XR412KV5BFSC,True,3,False,True,True,,,,,,,,False,
01KJN6MMPQTMDYRN709DP5DSDA,01KJN77XQHYQ5TVVY4HZM02E7R,Felu,C,C,listener,5.0,refgame,1.0,page5-28,page5-28,True,2.0,01KJN7KYZA3BRY3D1F5P0C9MSA,False,,,,,,,False,False,32.0,,0.0,1772387915811,1772387930604,14793,,01KJN7931DXZ65NXTWK1GNEZMW,True,3,False,True,True,,,,,,,,False,
01KJN6MMPQTMDYRN709DP5DSDA,01KJN7AAWT4GWKRZ7B9775509P,Zuda,B,B,listener,3.0,refgame,2.0,page7-255,page7-255,True,2.0,01KJN7KZ2WME7KZMKY7BATVWYX,False,,,,,,,False,False,59.0,,0.0,1772388421080,1772388430273,9193,,01KJN7B4V2673GK7HGVSG52R2P,True,3,False,True,True,,,,,,,,False,
01KJN6MMPQTMDYRN709DP5DSDA,01KJN79ZQD1E4YD03FE5CGJY8K,Lika,C,C,listener,5.0,refgame,2.0,page7-255,page7-255,True,2.0,01KJN7KZ2A7Y374PXRWXKQH250,False,,,,,,,False,False,70.0,,0.0,1772388596183,1772388603168,6985,,01KJN7931DXZ65NXTWK1GNEZMW,True,3,False,True,True,,,,,,,,False,
01KJN6MMQ03KZPZN0275VZXK6R,01KJN7A44GGBE9XR412KV5BFSC,Player,B,B,listener,1.0,refgame,2.0,page7-107,page7-107,True,2.0,01KJN7JJ0ZHPHTDK0XMJNPQY31,False,,,,,,,False,False,47.0,,0.0,1772388682955,1772388702993,20038,,01KJN7AAX1VHZ1A7ZB35BNRH8N,False,3,False,True,True,,,,,,,,False,
01KJN6MMQ03KZPZN0275VZXK6R,01KJN7AZC7FAG17CY924MRTCF7,Laju,A,A,listener,1.0,refgame,1.0,page9-46,page9-46,True,2.0,01KJN7JHZQSRK24Z41VVEYNBPE,False,,,,,,,False,False,7.0,,0.0,1772386990498,1772387026658,36160,,01KJN7AAX1VHZ1A7ZB35BNRH8N,True,3,False,True,True,,,,,,,,False,
01KJN6MMPQTMDYRN709968YFN1,01KJN79ZDP3YNFFHHQA302PJDP,Nori,C,C,listener,3.0,refgame,1.0,page5-28,page9-46,False,0.0,01KJN7K5NP3KHGDZYWKZZ35KWP,False,,,,,,,False,False,23.0,,0.0,1772387820081,1772387851750,31669,,01KJN78M7563R5D9TQE5G142DA,True,3,False,True,True,,,,,,,,False,
01KJN6MMPQTMDYRN709DP5DSDA,01KJN7B4V2673GK7HGVSG52R2P,Hera,B,B,speaker,0.0,refgame,2.0,page9-46,,,2.0,01KJN7KYXP8T26GV24HNFMQXQP,False,,,,,,,False,False,40.0,,0.0,1772388115447,1772388127379,11932,1.0,01KJN7B4V2673GK7HGVSG52R2P,,3,False,True,False,,,,,,,,False,
01KJN6MMQ03KZPZN0275VZXK6R,01KJN7C40WEQBDF48ACG18M0EV,Hera,B,B,listener,5.0,refgame,1.0,page7-255,page7-255,True,2.0,01KJN7JJ1FP44XD8PJXNFE1281,False,,,,,,,False,False,34.0,,0.0,1772388219015,1772388247646,28631,,01KJN7A44GGBE9XR412KV5BFSC,True,3,False,True,True,,,,,,,,False,
01KJN6MMPQTMDYRN709968YFN1,01KJN79Y7T0VZNKHTSJRZWTDZ5,Player,B,B,listener,4.0,refgame,2.0,page5-28,page5-28,True,2.0,01KJN7K5R759VFQZX7GK4PSP44,False,,,,,,,False,False,62.0,,0.0,1772388918371,1772388927960,9589,,01KJN791EPN054R2NTQQ1BFXJ5,False,3,False,True,True,,,,,,,,False,
01KJN6MMQ03KZPZN0275VZXK6R,01KJN7863BFF3ZYZGVVSATZTH7,Player,C,A,listener,3.0,refgame,2.0,page5-28,page5-28,True,2.0,01KJN7JJ1J5VMG06JVQK7ZJSB1,False,,,,,,,False,False,57.0,,0.0,1772388960182,1772388980183,20001,,01KJN7C40WEQBDF48ACG18M0EV,False,3,False,True,True,,,,,,,,False,
01KJN6MMPQTMDYRN709DP5DSDA,01KJN7B32C1C5254NSG6ZK1GRK,Laju,A,A,listener,3.0,refgame,1.0,page7-255,page4-157,False,0.0,01KJN7KYZNJ3BKWKDZS9HS506H,False,,,,,,,False,False,18.0,,0.0,1772387503339,1772387541863,38524,,01KJN79PCAAMFX7P2QF70Y3HJM,True,3,False,True,True,,,,,,,,False,
01KJN6MMPQTMDYRN709968YFN1,01KJN791EPN054R2NTQQ1BFXJ5,Player,A,B,speaker,1.0,refgame,2.0,page3-35,,,2.0,01KJN7K5REBM6RWVHX992E731S,False,,,,,,,False,False,42.0,,0.0,1772388490943,1772388500294,9351,1.0,01KJN791EPN054R2NTQQ1BFXJ5,,3,False,True,False,,,,,,,,False,
01KJN6MMPQTMDYRN709968YFN1,01KJN78JVY5FN5QXW9XGGE72RG,Player,A,A,speaker,2.0,refgame,2.0,page7-255,,,1.0,01KJN7K5K80HK3VGDQE5RKG8VX,False,,,,,,,False,False,53.0,,0.0,1772388730747,1772388750777,20030,1.0,01KJN78JVY5FN5QXW9XGGE72RG,,3,False,True,False,,,,,,,,False,
01KJN6MMPQTMDYRN709DP5DSDA,01KJN7B32C1C5254NSG6ZK1GRK,Laju,A,A,listener,0.0,refgame,1.0,page-B,,False,0.0,01KJN7KZ574PYN6K4M6G2QP8KT,False,,,,,,,True,False,5.0,,0.0,1772386930515,1772386975529,45014,,01KJN79PCAAMFX7P2QF70Y3HJM,True,3,False,True,True,,,,,,,,False,
01KJN6MMPQTMDYRN709DP5DSDA,01KJN7B32C1C5254NSG6ZK1GRK,Laju,A,A,speaker,5.0,refgame,1.0,page7-107,,,2.0,01KJN7KYZCYWANNP5JHHSNDKG7,False,,,,,,,False,False,30.0,,0.0,1772387883409,1772387895628,12219,2.0,01KJN7B32C1C5254NSG6ZK1GRK,,3,False,True,False,,,,,,,,False,
01KJN6MMPQTMDYRN709968YFN1,01KJN78B0TFR8F59JDGD057XNS,Repi,A,A,listener,5.0,refgame,1.0,page7-107,page7-107,True,2.0,01KJN7K5FY9W5FE9ETY2P4WBNM,False,,,,,,,False,False,30.0,,0.0,1772388079202,1772388103303,24101,,01KJN78JVY5FN5QXW9XGGE72RG,True,3,False,True,True,,,,,,,,False,
01KJN6MMQ03KZPZN0275VZXK6R,01KJN7AAX1VHZ1A7ZB35BNRH8N,Player,A,C,listener,5.0,refgame,2.0,page7-107,page7-107,True,2.0,01KJN7JJ4DKT23HYM95ZYF4P0X,False,,,,,,,False,False,69.0,,0.0,1772389271826,1772389285927,14101,,01KJN7AZC7FAG17CY924MRTCF7,True,3,False,True,True,,,,,,,,False,
01KJN6MMPQTMDYRN709968YFN1,01KJN78B0TFR8F59JDGD057XNS,Repi,A,A,listener,5.0,refgame,1.0,page5-28,page5-28,True,2.0,01KJN7K5KHS8NZF1KQV836M65V,False,,,,,,,False,False,32.0,,0.0,1772388150885,1772388181824,30939,,01KJN78JVY5FN5QXW9XGGE72RG,True,3,False,True,True,,,,,,,,False,
01KJN6MMQ03KZPZN0275VZXK6R,01KJN79J529BWBWTESKB6D9MB7,Player,C,B,listener,4.0,refgame,2.0,page3-35,page3-35,True,2.0,01KJN7JJ4KG1JY79DXAW7HB1X7,False,,,,,,,False,False,62.0,,0.0,1772389088043,1772389101379,13336,,01KJN7863BFF3ZYZGVVSATZTH7,True,3,False,True,True,,,,,,,,False,
01KJN6MMPQTMDYRN709DP5DSDA,01KJN79PCAAMFX7P2QF70Y3HJM,Repi,A,A,listener,1.0,refgame,1.0,page3-35,page3-35,True,2.0,01KJN7KZ4SZP3K0F01DSDYSY4B,False,,,,,,,False,False,7.0,,0.0,1772387028378,1772387064882,36504,,01KJN79ZRTRDMY6RH8ZCYCM9NV,True,3,False,True,True,,,,,,,,False,
01KJN6MMPQTMDYRN709968YFN1,01KJN79ZDP3YNFFHHQA302PJDP,Nori,C,C,listener,4.0,refgame,1.0,page7-107,page7-107,True,2.0,01KJN7K5G2ENPCM8MXBD0JEWNB,False,,,,,,,False,False,26.0,,0.0,1772387935343,1772387955271,19928,,01KJN796KT7FCNV2F9QNCQDSES,True,3,False,True,True,,,,,,,,False,
01KJN6MMQ03KZPZN0275VZXK6R,01KJN7AAX1VHZ1A7ZB35BNRH8N,Player,A,B,listener,2.0,refgame,2.0,page3-35,page3-35,True,2.0,01KJN7JJ106G1CY7M5WR0DQX8K,False,,,,,,,False,False,52.0,,0.0,1772388822410,1772388841310,18900,,01KJN7AZC7FAG17CY924MRTCF7,True,3,False,True,True,,,,,,,,False,
01KJN6MMPQTMDYRN709DP5DSDA,01KJN79PCAAMFX7P2QF70Y3HJM,Repi,A,A,listener,2.0,refgame,1.0,page-B,page-B,True,2.0,01KJN7KZ33V5V719AES7EBWC0V,False,,,,,,,False,False,14.0,,0.0,1772387342438,1772387377362,34924,,01KJN7B32C1C5254NSG6ZK1GRK,True,3,False,True,True,,,,,,,,False,
01KJN6MMPQTMDYRN709968YFN1,01KJN79Y7T0VZNKHTSJRZWTDZ5,Hera,B,B,listener,2.0,refgame,1.0,page7-107,page7-107,True,2.0,01KJN7K5JPV4BFRM0HRJFFT23R,False,,,,,,,False,False,16.0,,0.0,1772387467532,1772387509956,42424,,01KJN78CQJ3KY7VMGAR6F3D4S0,True,3,False,True,True,,,,,,,,False,
01KJN6MMPQTMDYRN709968YFN1,01KJN78B0TFR8F59JDGD057XNS,Repi,A,A,speaker,3.0,refgame,1.0,page7-107,,,2.0,01KJN7K5J4M8ZP49YPQF1AN3HY,False,,,,,,,False,False,19.0,,0.0,1772387620952,1772387665967,45015,2.0,01KJN78B0TFR8F59JDGD057XNS,,3,False,True,False,,,,,,,,False,
01KJN6MMPQTMDYRN709968YFN1,01KJN78B0TFR8F59JDGD057XNS,Player,A,B,listener,1.0,refgame,2.0,page7-107,page7-107,True,2.0,01KJN7K5HCEVM6Q4JCTG9KFQNS,False,,,,,,,False,False,47.0,,0.0,1772388612593,1772388622602,10009,,01KJN788SPAKVVBHX9T9FDQWAF,False,3,False,True,True,,,,,,,,False,
01KJN6MMPQTMDYRN709DP5DSDA,01KJN77XQHYQ5TVVY4HZM02E7R,Felu,C,C,listener,0.0,refgame,1.0,page-B,page7-255,False,0.0,01KJN7KZ574PYN6K4M6G2QP8KT,False,,,,,,,False,False,5.0,,0.0,1772386930515,1772386975529,45014,,01KJN79ZQD1E4YD03FE5CGJY8K,True,3,False,True,True,,,,,,,,False,
01KJN6MMPQTMDYRN709DP5DSDA,01KJN7B4V2673GK7HGVSG52R2P,Hera,B,B,listener,2.0,refgame,2.0,page5-28,page5-28,True,2.0,01KJN7KZ5TVXAD2SF4H87WAT8G,False,,,,,,,False,False,52.0,,0.0,1772388301163,1772388312752,11589,,01KJN7BYA5X3A2G30KZECRY2HY,True,3,False,True,True,,,,,,,,False,
01KJN6MMQ03KZPZN0275VZXK6R,01KJN7A44GGBE9XR412KV5BFSC,Player,B,B,speaker,5.0,refgame,2.0,page5-28,,,2.0,01KJN7JJ4CKNN14ST5YRKZ4T18,False,,,,,,,False,False,68.0,,0.0,1772389244705,1772389263979,19274,2.0,01KJN7A44GGBE9XR412KV5BFSC,,3,False,True,False,,,,,,,,False,
01KJN6MMQ03KZPZN0275VZXK6R,01KJN7AAX1VHZ1A7ZB35BNRH8N,Minu,A,A,listener,0.0,refgame,1.0,page7-255,,False,0.0,01KJN7JHYXFYHN121QCJ6HRX9R,False,,,,,,,True,False,0.0,,0.0,1772386606704,1772386657466,50762,,01KJN79B14FBSYSKKCG2BYVBB6,True,3,False,True,True,,,,,,,,False,
01KJN6MMPQTMDYRN709DP5DSDA,01KJN79ZRTRDMY6RH8ZCYCM9NV,Minu,A,A,listener,0.0,refgame,1.0,page7-107,,False,0.0,01KJN7KYV6KEYGF7WX6G0BANR9,False,,,,,,,True,False,0.0,,0.0,1772386657822,1772386702827,45005,,01KJN79PCAAMFX7P2QF70Y3HJM,True,3,False,True,True,,,,,,,,False,
01KJN6MMQ03KZPZN0275VZXK6R,01KJN7A44GGBE9XR412KV5BFSC,Bavi,B,B,listener,1.0,refgame,1.0,page5-28,,False,0.0,01KJN7JHZNKNR7P7NGWFBFRP56,False,,,,,,,True,False,8.0,,0.0,1772387040356,1772387085361,45005,,01KJN792W85XPK9QGH8A6HSYSJ,True,3,False,True,True,,,,,,,,False,
01KJN6MMPQTMDYRN709DP5DSDA,01KJN79ZQD1E4YD03FE5CGJY8K,Lika,C,C,speaker,0.0,refgame,2.0,page9-46,,,2.0,01KJN7KYXP8T26GV24HNFMQXQP,False,,,,,,,False,False,40.0,,0.0,1772388115447,1772388127379,11932,1.0,01KJN79ZQD1E4YD03FE5CGJY8K,,3,False,True,False,,,,,,,,False,
01KJN6MMPQTMDYRN709DP5DSDA,01KJN77XQHYQ5TVVY4HZM02E7R,Felu,C,C,listener,3.0,refgame,2.0,page7-107,page7-107,True,2.0,01KJN7KZ4AQMTPYG5CPW2RCWSG,False,,,,,,,False,False,56.0,,0.0,1772388372542,1772388384910,12368,,01KJN79ZQD1E4YD03FE5CGJY8K,True,3,False,True,True,,,,,,,,False,
01KJN6MMPQTMDYRN709DP5DSDA,01KJN79ZQD1E4YD03FE5CGJY8K,Lika,C,C,listener,4.0,refgame,2.0,page7-107,page4-15,False,0.0,01KJN7KZ6AHC28MWRG7T2V9Z51,False,,,,,,,False,False,61.0,,0.0,1772388450895,1772388465106,14211,,01KJN77XQHYQ5TVVY4HZM02E7R,True,3,False,True,True,,,,,,,,False,
01KJN6MMQ03KZPZN0275VZXK6R,01KJN79B14FBSYSKKCG2BYVBB6,Player,A,B,listener,2.0,refgame,2.0,page7-255,page-B,False,0.0,01KJN7JJ17ZTZ9QC0YBJF7F8VH,False,,,,,,,False,False,49.0,,0.0,1772388742925,1772388762952,20027,,01KJN78DQ6KC0F9N1HA0BPB44R,False,3,False,True,True,,,,,,,,False,
01KJN6MMPQTMDYRN709968YFN1,01KJN78JVY5FN5QXW9XGGE72RG,Laju,A,A,listener,0.0,refgame,1.0,page7-107,,False,0.0,01KJN7K5FA1TQ33CB0SW5804S0,False,,,,,,,True,False,0.0,,0.0,1772386630486,1772386675490,45004,,01KJN78B0TFR8F59JDGD057XNS,True,3,False,True,True,,,,,,,,False,
01KJN6MMPQTMDYRN709DP5DSDA,01KJN7B4V2673GK7HGVSG52R2P,Hera,B,B,listener,1.0,refgame,1.0,page3-35,page3-35,True,2.0,01KJN7KZ4SZP3K0F01DSDYSY4B,False,,,,,,,False,False,7.0,,0.0,1772387028378,1772387064882,36504,,01KJN7AAWT4GWKRZ7B9775509P,True,3,False,True,True,,,,,,,,False,
01KJN6MMQ03KZPZN0275VZXK6R,01KJN7863BFF3ZYZGVVSATZTH7,Felu,C,C,speaker,4.0,refgame,1.0,page7-107,,,2.0,01KJN7JJ1X1NXQGFN1A23D587W,False,,,,,,,False,False,27.0,,0.0,1772387933662,1772387957443,23781,2.0,01KJN7863BFF3ZYZGVVSATZTH7,,3,False,True,False,,,,,,,,False,
01KJN6MMPQTMDYRN709968YFN1,01KJN796KT7FCNV2F9QNCQDSES,Felu,C,C,listener,5.0,refgame,1.0,page-B,page-B,True,2.0,01KJN7K5KKDNJS2ZHY8A7BH7EB,False,,,,,,,False,False,31.0,,0.0,1772388107860,1772388143179,35319,,01KJN79ZDP3YNFFHHQA302PJDP,True,3,False,True,True,,,,,,,,False,
01KJN6MMPQTMDYRN709DP5DSDA,01KJN79PCAAMFX7P2QF70Y3HJM,Repi,A,A,listener,4.0,refgame,2.0,page-B,page-B,True,2.0,01KJN7KYZJSMEX4580M0EBGRRX,False,,,,,,,False,False,60.0,,0.0,1772388433928,1772388447118,13190,,01KJN79ZRTRDMY6RH8ZCYCM9NV,True,3,False,True,True,,,,,,,,False,
01KJN6MMPQTMDYRN709DP5DSDA,01KJN7B4V2673GK7HGVSG52R2P,Hera,B,B,listener,1.0,refgame,1.0,page7-255,page7-255,True,2.0,01KJN7KZ48XCCWBNQKS0SJE7ES,False,,,,,,,False,False,10.0,,0.0,1772387170616,1772387215615,44999,,01KJN7AAWT4GWKRZ7B9775509P,True,3,False,True,True,,,,,,,,False,
01KJN6MMQ03KZPZN0275VZXK6R,01KJN7AAX1VHZ1A7ZB35BNRH8N,Minu,A,A,speaker,4.0,refgame,1.0,page7-255,,,2.0,01KJN7JJ0KAZ122DZJNX1TKJ9D,False,,,,,,,False,False,28.0,,0.0,1772387968164,1772388013165,45001,2.0,01KJN7AAX1VHZ1A7ZB35BNRH8N,,3,False,True,False,,,,,,,,False,
01KJN6MMQ03KZPZN0275VZXK6R,01KJN7A44GGBE9XR412KV5BFSC,Bavi,B,B,listener,1.0,refgame,1.0,page9-46,page9-46,True,2.0,01KJN7JHZQSRK24Z41VVEYNBPE,False,,,,,,,False,False,7.0,,0.0,1772386990498,1772387026658,36160,,01KJN792W85XPK9QGH8A6HSYSJ,True,3,False,True,True,,,,,,,,False,
01KJN6MMQ03KZPZN0275VZXK6R,01KJN792W85XPK9QGH8A6HSYSJ,Zuda,B,B,speaker,1.0,refgame,1.0,page7-107,,,2.0,01KJN7JJ0RSHHPHCY0J0NJ4AA1,False,,,,,,,False,False,11.0,,0.0,1772387200129,1772387231040,30911,1.0,01KJN792W85XPK9QGH8A6HSYSJ,,3,False,True,False,,,,,,,,False,
01KJN6MMPQTMDYRN709968YFN1,01KJN79Y7T0VZNKHTSJRZWTDZ5,Hera,B,B,listener,4.0,refgame,1.0,page7-107,page7-107,True,2.0,01KJN7K5G2ENPCM8MXBD0JEWNB,False,,,,,,,False,False,26.0,,0.0,1772387935343,1772387955271,19928,,01KJN788SPAKVVBHX9T9FDQWAF,True,3,False,True,True,,,,,,,,False,
01KJN6MMQ03KZPZN0275VZXK6R,01KJN7A44GGBE9XR412KV5BFSC,Bavi,B,B,speaker,5.0,refgame,1.0,page5-28,,,2.0,01KJN7JJ1SMVGMC6BAWX0QWSAN,False,,,,,,,False,False,30.0,,0.0,1772388071482,1772388097743,26261,2.0,01KJN7A44GGBE9XR412KV5BFSC,,3,False,True,False,,,,,,,,False,
01KJN6MMQ03KZPZN0275VZXK6R,01KJN79J529BWBWTESKB6D9MB7,Player,C,B,speaker,0.0,refgame,2.0,page7-107,,,1.0,01KJN7JJ1A9ED4KAF42WD7ANR8,False,,,,,,,False,False,37.0,,0.0,1772388388706,1772388408142,19436,1.0,01KJN79J529BWBWTESKB6D9MB7,,3,False,True,False,,,,,,,,False,
01KJN6MMQ03KZPZN0275VZXK6R,01KJN7AAX1VHZ1A7ZB35BNRH8N,Player,A,A,speaker,1.0,refgame,2.0,page-B,,,1.0,01KJN7JJ106G1CY7M5XQTG2KY4,False,,,,,,,False,False,46.0,,0.0,1772388652073,1772388672170,20097,1.0,01KJN7AAX1VHZ1A7ZB35BNRH8N,,3,False,True,False,,,,,,,,False,
01KJN6MMQ03KZPZN0275VZXK6R,01KJN79J529BWBWTESKB6D9MB7,Player,C,A,listener,4.0,refgame,2.0,page5-28,page5-28,True,2.0,01KJN7JJ4EG9317PS98S3CCXVS,False,,,,,,,False,False,65.0,,0.0,1772389164100,1772389184121,20021,,01KJN792W85XPK9QGH8A6HSYSJ,False,3,False,True,True,,,,,,,,False,
01KJN6MMQ03KZPZN0275VZXK6R,01KJN78DQ6KC0F9N1HA0BPB44R,Nori,C,C,listener,0.0,refgame,1.0,page-B,page-B,True,2.0,01KJN7JHZG39B3YEBM7VHA554N,False,,,,,,,False,False,4.0,,0.0,1772386841560,1772386883546,41986,,01KJN79J529BWBWTESKB6D9MB7,True,3,False,True,True,,,,,,,,False,
01KJN6MMPQTMDYRN709968YFN1,01KJN79Y7T0VZNKHTSJRZWTDZ5,Hera,B,B,listener,2.0,refgame,1.0,page3-35,page3-35,True,2.0,01KJN7K5JZQZB4NY8FJRJX504H,False,,,,,,,False,False,12.0,,0.0,1772387282349,1772387317911,35562,,01KJN78CQJ3KY7VMGAR6F3D4S0,True,3,False,True,True,,,,,,,,False,
01KJN6MMPQTMDYRN709DP5DSDA,01KJN77XQHYQ5TVVY4HZM02E7R,Felu,C,C,listener,3.0,refgame,1.0,page3-35,page3-35,True,2.0,01KJN7KYWMSRM1063TCQEJ1X20,False,,,,,,,False,False,22.0,,0.0,1772387637778,1772387658166,20388,,01KJN79ZQD1E4YD03FE5CGJY8K,True,3,False,True,True,,,,,,,,False,
01KJN6MMPQTMDYRN709DP5DSDA,01KJN7AAWT4GWKRZ7B9775509P,Zuda,B,B,listener,3.0,refgame,2.0,page-B,page-B,True,2.0,01KJN7KZ53A9914CYGA6DKSVTE,False,,,,,,,False,False,54.0,,0.0,1772388333789,1772388353858,20069,,01KJN7B4V2673GK7HGVSG52R2P,True,3,False,True,True,,,,,,,,False,
01KJN6MMPQTMDYRN709968YFN1,01KJN78B0TFR8F59JDGD057XNS,Player,A,B,listener,1.0,refgame,2.0,page5-28,page5-28,True,2.0,01KJN7K5QTW7QTY2YZ2RYQ8PFC,False,,,,,,,False,False,45.0,,0.0,1772388570727,1772388584677,13950,,01KJN791EPN054R2NTQQ1BFXJ5,True,3,False,True,True,,,,,,,,False,
01KJN6MMQ03KZPZN0275VZXK6R,01KJN792W85XPK9QGH8A6HSYSJ,Player,B,A,speaker,1.0,refgame,2.0,page5-28,,,0.0,01KJN7JJ16T4F6S4PFHQFRAY28,False,,,,,,,False,False,44.0,,0.0,1772388584626,1772388604653,20027,1.0,01KJN792W85XPK9QGH8A6HSYSJ,,3,False,True,False,,,,,,,,False,
01KJN6MMPQTMDYRN709968YFN1,01KJN78JVY5FN5QXW9XGGE72RG,Laju,A,A,listener,3.0,refgame,1.0,page7-255,page7-255,True,2.0,01KJN7K5QG4CHFGPDNXVD1PEDF,False,,,,,,,False,False,22.0,,0.0,1772387769859,1772387810656,40797,,01KJN78B0TFR8F59JDGD057XNS,True,3,False,True,True,,,,,,,,False,
01KJN6MMPQTMDYRN709968YFN1,01KJN78CQJ3KY7VMGAR6F3D4S0,Player,B,B,listener,3.0,refgame,2.0,page-B,page-B,True,2.0,01KJN7K5KV1DMM3M0MZ8H6JHST,False,,,,,,,False,False,57.0,,0.0,1772388811463,1772388820940,9477,,01KJN78B0TFR8F59JDGD057XNS,False,3,False,True,True,,,,,,,,False,
01KJN6MMQ03KZPZN0275VZXK6R,01KJN7A44GGBE9XR412KV5BFSC,Player,B,B,listener,4.0,refgame,2.0,page7-255,,False,0.0,01KJN7JJ4MVHVY4E5F7G465MK8,False,,,,,,,True,False,60.0,,0.0,1772389039235,1772389059240,20005,,01KJN7AAX1VHZ1A7ZB35BNRH8N,False,3,False,True,True,,,,,,,,False,
01KJN6MMQ03KZPZN0275VZXK6R,01KJN7AZC7FAG17CY924MRTCF7,Player,A,B,listener,4.0,refgame,2.0,page3-35,page3-35,True,2.0,01KJN7JJ4KG1JY79DXAW7HB1X7,False,,,,,,,False,False,62.0,,0.0,1772389088043,1772389101379,13336,,01KJN7863BFF3ZYZGVVSATZTH7,False,3,False,True,True,,,,,,,,False,
01KJN6MMPQTMDYRN709DP5DSDA,01KJN7BYA5X3A2G30KZECRY2HY,Bavi,B,B,speaker,5.0,refgame,2.0,page7-255,,,2.0,01KJN7KZ2A7Y374PXRWXKQH250,False,,,,,,,False,False,70.0,,0.0,1772388596183,1772388603168,6985,2.0,01KJN7BYA5X3A2G30KZECRY2HY,,3,False,True,False,,,,,,,,False,
01KJN6MMPQTMDYRN709DP5DSDA,01KJN79ZRTRDMY6RH8ZCYCM9NV,Minu,A,A,listener,0.0,refgame,1.0,page9-46,page4-157,False,0.0,01KJN7KZ5QZB0KWEYKCMJ2KY6D,False,,,,,,,False,False,2.0,,0.0,1772386765466,1772386810471,45005,,01KJN79PCAAMFX7P2QF70Y3HJM,True,3,False,True,True,,,,,,,,False,
01KJN6MMPQTMDYRN709DP5DSDA,01KJN7AAWT4GWKRZ7B9775509P,Zuda,B,B,speaker,1.0,refgame,1.0,page7-255,,,2.0,01KJN7KZ48XCCWBNQKS0SJE7ES,False,,,,,,,False,False,10.0,,0.0,1772387170616,1772387215615,44999,1.0,01KJN7AAWT4GWKRZ7B9775509P,,3,False,True,False,,,,,,,,False,
01KJN6MMQ03KZPZN0275VZXK6R,01KJN79J529BWBWTESKB6D9MB7,Player,C,B,listener,2.0,refgame,2.0,page-B,page-B,True,2.0,01KJN7JJ1N6V7EEQ6VZVXNRHV0,False,,,,,,,False,False,53.0,,0.0,1772388847281,1772388866268,18987,,01KJN7AZC7FAG17CY924MRTCF7,False,3,False,True,True,,,,,,,,False,
01KJN6MMPQTMDYRN709DP5DSDA,01KJN7AAWT4GWKRZ7B9775509P,Zuda,B,B,listener,0.0,refgame,1.0,page7-107,,False,0.0,01KJN7KYV6KEYGF7WX6G0BANR9,False,,,,,,,True,False,0.0,,0.0,1772386657822,1772386702827,45005,,01KJN7B4V2673GK7HGVSG52R2P,True,3,False,True,True,,,,,,,,False,
01KJN6MMPQTMDYRN709968YFN1,01KJN79ZDP3YNFFHHQA302PJDP,Nori,C,C,speaker,2.0,refgame,1.0,page9-46,,,0.0,01KJN7K5HXVCRWCHH6JDWC7QS9,False,,,,,,,False,False,13.0,,0.0,1772387325214,1772387352995,27781,1.0,01KJN79ZDP3YNFFHHQA302PJDP,,3,False,True,False,,,,,,,,False,
01KJN6MMQ03KZPZN0275VZXK6R,01KJN7A44GGBE9XR412KV5BFSC,Bavi,B,B,listener,3.0,refgame,1.0,page-B,page-B,True,2.0,01KJN7JJ0QKQ5P6F29RGF08AK3,False,,,,,,,False,False,18.0,,0.0,1772387500305,1772387527911,27606,,01KJN7C40WEQBDF48ACG18M0EV,True,3,False,True,True,,,,,,,,False,
01KJN6MMPQTMDYRN709DP5DSDA,01KJN79ZQD1E4YD03FE5CGJY8K,Lika,C,C,listener,2.0,refgame,2.0,page3-35,page3-35,True,2.0,01KJN7KZ675C4DZYAWX412DRNF,False,,,,,,,False,False,49.0,,0.0,1772388265292,1772388271918,6626,,01KJN7931DXZ65NXTWK1GNEZMW,True,3,False,True,True,,,,,,,,False,
01KJN6MMQ03KZPZN0275VZXK6R,01KJN792W85XPK9QGH8A6HSYSJ,Zuda,B,B,listener,3.0,refgame,1.0,page5-28,page5-28,True,2.0,01KJN7JJ4ABAFV6YM5DS9T3RJP,False,,,,,,,False,False,22.0,,0.0,1772387701843,1772387743214,41371,,01KJN7C40WEQBDF48ACG18M0EV,True,3,False,True,True,,,,,,,,False,
01KJN6MMPQTMDYRN709968YFN1,01KJN788SPAKVVBHX9T9FDQWAF,Player,B,A,listener,5.0,refgame,2.0,page5-28,page5-28,True,2.0,01KJN7K5N4ST52DKC6PJKDD43H,False,,,,,,,False,False,70.0,,0.0,1772389079989,1772389089080,9091,,01KJN78CQJ3KY7VMGAR6F3D4S0,True,3,False,True,True,,,,,,,,False,
01KJN6MMPQTMDYRN709DP5DSDA,01KJN7931DXZ65NXTWK1GNEZMW,Nori,C,C,listener,0.0,refgame,1.0,page5-28,page5-28,True,2.0,01KJN7KZ5HH7NR0ZCH3MQS757H,False,,,,,,,False,False,4.0,,0.0,1772386874658,1772386919662,45004,,01KJN79ZQD1E4YD03FE5CGJY8K,True,3,False,True,True,,,,,,,,False,
01KJN6MMPQTMDYRN709968YFN1,01KJN791EPN054R2NTQQ1BFXJ5,Minu,A,A,speaker,1.0,refgame,1.0,page9-46,,,2.0,01KJN7K5HZEKT6FNAA9GWA4F02,False,,,,,,,False,False,9.0,,0.0,1772387125823,1772387165178,39355,1.0,01KJN791EPN054R2NTQQ1BFXJ5,,3,False,True,False,,,,,,,,False,
01KJN6MMPQTMDYRN709968YFN1,01KJN78JVY5FN5QXW9XGGE72RG,Laju,A,A,speaker,2.0,refgame,1.0,page7-255,,,2.0,01KJN7K5JTNJB1AXC03H4SWV8M,False,,,,,,,False,False,15.0,,0.0,1772387416630,1772387456025,39395,1.0,01KJN78JVY5FN5QXW9XGGE72RG,,3,False,True,False,,,,,,,,False,
01KJN6MMPQTMDYRN709DP5DSDA,01KJN7BYA5X3A2G30KZECRY2HY,Bavi,B,B,speaker,2.0,refgame,2.0,page7-255,,,2.0,01KJN7KZ63WCMX3HHQH3QX4SWG,False,,,,,,,False,False,50.0,,0.0,1772388276008,1772388282836,6828,1.0,01KJN7BYA5X3A2G30KZECRY2HY,,3,False,True,False,,,,,,,,False,
01KJN6MMPQTMDYRN709DP5DSDA,01KJN79ZQD1E4YD03FE5CGJY8K,Lika,C,C,listener,4.0,refgame,2.0,page3-35,page3-35,True,2.0,01KJN7KZ5X7KJG8NWSNPRZKCCR,False,,,,,,,False,False,62.0,,0.0,1772388469790,1772388484269,14479,,01KJN77XQHYQ5TVVY4HZM02E7R,True,3,False,True,True,,,,,,,,False,
01KJN6MMPQTMDYRN709DP5DSDA,01KJN7AAWT4GWKRZ7B9775509P,Zuda,B,B,listener,0.0,refgame,1.0,page5-28,page5-28,True,2.0,01KJN7KZ5HH7NR0ZCH3MQS757H,False,,,,,,,False,False,4.0,,0.0,1772386874658,1772386919662,45004,,01KJN7B4V2673GK7HGVSG52R2P,True,3,False,True,True,,,,,,,,False,
01KJN6MMPQTMDYRN709DP5DSDA,01KJN77XQHYQ5TVVY4HZM02E7R,Felu,C,C,listener,0.0,refgame,2.0,page7-255,page7-255,True,2.0,01KJN7KYYA4F2NERJFZQJ023GY,False,,,,,,,False,False,38.0,,0.0,1772388082220,1772388092151,9931,,01KJN79ZQD1E4YD03FE5CGJY8K,True,3,False,True,True,,,,,,,,False,
01KJN6MMPQTMDYRN709DP5DSDA,01KJN7BYA5X3A2G30KZECRY2HY,Bavi,B,B,listener,3.0,refgame,2.0,page9-46,page9-46,True,2.0,01KJN7KZ4QMNMSWDESPF7REVXV,False,,,,,,,False,False,55.0,,0.0,1772388358226,1772388367836,9610,,01KJN7B4V2673GK7HGVSG52R2P,True,3,False,True,True,,,,,,,,False,
01KJN6MMPQTMDYRN709968YFN1,01KJN79Y7T0VZNKHTSJRZWTDZ5,Player,B,A,listener,4.0,refgame,2.0,page-B,page-B,True,2.0,01KJN7K5K20BTBV5B0XHZTHSK8,False,,,,,,,False,False,64.0,,0.0,1772388962366,1772388972779,10413,,01KJN791EPN054R2NTQQ1BFXJ5,False,3,False,True,True,,,,,,,,False,
01KJN6MMQ03KZPZN0275VZXK6R,01KJN792W85XPK9QGH8A6HSYSJ,Zuda,B,B,listener,5.0,refgame,1.0,page9-46,page9-46,True,2.0,01KJN7JJ1GTZ14GD5SHH1T9KDQ,False,,,,,,,False,False,33.0,,0.0,1772388186835,1772388202360,15525,,01KJN7A44GGBE9XR412KV5BFSC,True,3,False,True,True,,,,,,,,False,
01KJN6MMPQTMDYRN709968YFN1,01KJN788SPAKVVBHX9T9FDQWAF,Player,B,A,speaker,4.0,refgame,2.0,page7-107,,,2.0,01KJN7K5HAJG21SWCHMY8SXPNH,False,,,,,,,False,False,60.0,,0.0,1772388872168,1772388892199,20031,2.0,01KJN788SPAKVVBHX9T9FDQWAF,,3,False,True,False,,,,,,,,False,
01KJN6MMQ03KZPZN0275VZXK6R,01KJN78DQ6KC0F9N1HA0BPB44R,Nori,C,C,speaker,2.0,refgame,1.0,page-B,,,2.0,01KJN7JJ0S1X2V7QFWX9C1FNPF,False,,,,,,,False,False,17.0,,0.0,1772387448618,1772387484496,35878,1.0,01KJN78DQ6KC0F9N1HA0BPB44R,,3,False,True,False,,,,,,,,False,
01KJN6MMPQTMDYRN709968YFN1,01KJN78CQJ3KY7VMGAR6F3D4S0,Bavi,B,B,listener,1.0,refgame,1.0,page9-46,page9-46,True,2.0,01KJN7K5HZEKT6FNAA9GWA4F02,False,,,,,,,False,False,9.0,,0.0,1772387125823,1772387165178,39355,,01KJN788SPAKVVBHX9T9FDQWAF,True,3,False,True,True,,,,,,,,False,
01KJN6MMPQTMDYRN709DP5DSDA,01KJN7931DXZ65NXTWK1GNEZMW,Nori,C,C,speaker,2.0,refgame,1.0,page9-46,,,2.0,01KJN7KYZVF0MZ734PHRTBKCFB,False,,,,,,,False,False,17.0,,0.0,1772387460255,1772387497754,37499,1.0,01KJN7931DXZ65NXTWK1GNEZMW,,3,False,True,False,,,,,,,,False,
01KJN6MMPQTMDYRN709DP5DSDA,01KJN7AAWT4GWKRZ7B9775509P,Zuda,B,B,listener,0.0,refgame,2.0,page9-46,page9-46,True,2.0,01KJN7KYXP8T26GV24HNFMQXQP,False,,,,,,,False,False,40.0,,0.0,1772388115447,1772388127379,11932,,01KJN7B4V2673GK7HGVSG52R2P,True,3,False,True,True,,,,,,,,False,
01KJN6MMPQTMDYRN709DP5DSDA,01KJN7931DXZ65NXTWK1GNEZMW,Nori,C,C,speaker,2.0,refgame,2.0,page7-107,,,2.0,01KJN7KZ60KJRH45NA3K8P60R3,False,,,,,,,False,False,51.0,,0.0,1772388286950,1772388295678,8728,1.0,01KJN7931DXZ65NXTWK1GNEZMW,,3,False,True,False,,,,,,,,False,
01KJN6MMPQTMDYRN709DP5DSDA,01KJN79ZQD1E4YD03FE5CGJY8K,Lika,C,C,listener,4.0,refgame,1.0,page9-46,page5-142,False,0.0,01KJN7KYWH7DW8R8C7QY0ZK5NG,False,,,,,,,False,False,29.0,,0.0,1772387857212,1772387876093,18881,,01KJN77XQHYQ5TVVY4HZM02E7R,True,3,False,True,True,,,,,,,,False,
01KJN6MMQ03KZPZN0275VZXK6R,01KJN78DQ6KC0F9N1HA0BPB44R,Nori,C,C,speaker,5.0,refgame,1.0,page7-107,,,2.0,01KJN7JJ1QAVBM4RS4B0A8K9MV,False,,,,,,,False,False,31.0,,0.0,1772388113268,1772388133523,20255,2.0,01KJN78DQ6KC0F9N1HA0BPB44R,,3,False,True,False,,,,,,,,False,
01KJN6MMQ03KZPZN0275VZXK6R,01KJN792W85XPK9QGH8A6HSYSJ,Zuda,B,B,speaker,1.0,refgame,1.0,page5-28,,,1.0,01KJN7JHZNKNR7P7NGWFBFRP56,False,,,,,,,False,False,8.0,,0.0,1772387040356,1772387085361,45005,1.0,01KJN792W85XPK9QGH8A6HSYSJ,,3,False,True,False,,,,,,,,False,
01KJN6MMPQTMDYRN709DP5DSDA,01KJN7BYA5X3A2G30KZECRY2HY,Bavi,B,B,listener,1.0,refgame,1.0,page5-28,page5-28,True,2.0,01KJN7KZ409T5ZHRW9SE4CM2P9,False,,,,,,,False,False,11.0,,0.0,1772387222771,1772387265429,42658,,01KJN7AAWT4GWKRZ7B9775509P,True,3,False,True,True,,,,,,,,False,
01KJN6MMPQTMDYRN709DP5DSDA,01KJN77XQHYQ5TVVY4HZM02E7R,Felu,C,C,listener,2.0,refgame,1.0,page7-255,page7-255,True,2.0,01KJN7KZ1TSCX13H8GC3H8BDV7,False,,,,,,,False,False,15.0,,0.0,1772387380638,1772387422380,41742,,01KJN7931DXZ65NXTWK1GNEZMW,True,3,False,True,True,,,,,,,,False,
01KJN6MMPQTMDYRN709968YFN1,01KJN78CQJ3KY7VMGAR6F3D4S0,Bavi,B,B,listener,4.0,refgame,1.0,page-B,page-B,True,2.0,01KJN7K5N24QKEVGWFQFH8SHND,False,,,,,,,False,False,24.0,,0.0,1772387859403,1772387894789,35386,,01KJN788SPAKVVBHX9T9FDQWAF,True,3,False,True,True,,,,,,,,False,
01KJN6MMQ03KZPZN0275VZXK6R,01KJN7C40WEQBDF48ACG18M0EV,Hera,B,B,listener,4.0,refgame,1.0,page7-107,page7-107,True,2.0,01KJN7JJ1X1NXQGFN1A23D587W,False,,,,,,,False,False,27.0,,0.0,1772387933662,1772387957443,23781,,01KJN792W85XPK9QGH8A6HSYSJ,True,3,False,True,True,,,,,,,,False,
01KJN6MMQ03KZPZN0275VZXK6R,01KJN7863BFF3ZYZGVVSATZTH7,Player,C,C,listener,0.0,refgame,2.0,page3-35,page3-35,True,2.0,01KJN7JJ1PF41J166TSJBZWQBB,False,,,,,,,False,False,41.0,,0.0,1772388502377,1772388519944,17567,,01KJN79J529BWBWTESKB6D9MB7,True,3,False,True,True,,,,,,,,False,
01KJN6MMPQTMDYRN709DP5DSDA,01KJN77XQHYQ5TVVY4HZM02E7R,Felu,C,C,listener,2.0,refgame,1.0,page3-35,page3-35,True,2.0,01KJN7KZ3M8KXQP0VQS1EMDAYN,False,,,,,,,False,False,13.0,,0.0,1772387315644,1772387338498,22854,,01KJN7931DXZ65NXTWK1GNEZMW,True,3,False,True,True,,,,,,,,False,
01KJN6MMQ03KZPZN0275VZXK6R,01KJN7AZC7FAG17CY924MRTCF7,Laju,A,A,speaker,5.0,refgame,1.0,page3-35,,,2.0,01KJN7JJ1FP44XD8PJWTZX3FH2,False,,,,,,,False,False,35.0,,0.0,1772388255722,1772388289959,34237,2.0,01KJN7AZC7FAG17CY924MRTCF7,,3,False,True,False,,,,,,,,False,
01KJN6MMPQTMDYRN709DP5DSDA,01KJN7AAWT4GWKRZ7B9775509P,Zuda,B,B,listener,2.0,refgame,2.0,page5-28,page5-28,True,2.0,01KJN7KZ5TVXAD2SF4H87WAT8G,False,,,,,,,False,False,52.0,,0.0,1772388301163,1772388312752,11589,,01KJN7BYA5X3A2G30KZECRY2HY,True,3,False,True,True,,,,,,,,False,
01KJN6MMQ03KZPZN0275VZXK6R,01KJN79J529BWBWTESKB6D9MB7,Player,C,C,listener,1.0,refgame,2.0,page3-35,page3-35,True,2.0,01KJN7JJ1820G44H819DQJ8GMD,False,,,,,,,False,False,43.0,,0.0,1772388552835,1772388572920,20085,,01KJN7863BFF3ZYZGVVSATZTH7,True,3,False,True,True,,,,,,,,False,
01KJN6MMQ03KZPZN0275VZXK6R,01KJN79B14FBSYSKKCG2BYVBB6,Repi,A,A,speaker,0.0,refgame,1.0,page7-107,,,2.0,01KJN7JJ1Z3Q1ZDKVBSP3H1EH5,False,,,,,,,False,False,3.0,,0.0,1772386783120,1772386825904,42784,1.0,01KJN79B14FBSYSKKCG2BYVBB6,,3,False,True,False,,,,,,,,False,
01KJN6MMQ03KZPZN0275VZXK6R,01KJN78DQ6KC0F9N1HA0BPB44R,Nori,C,C,listener,0.0,refgame,1.0,page5-28,page5-28,True,2.0,01KJN7JHZFFFSQ6C949D4A45VQ,False,,,,,,,False,False,2.0,,0.0,1772386731115,1772386774129,43014,,01KJN79J529BWBWTESKB6D9MB7,True,3,False,True,True,,,,,,,,False,
01KJN6MMQ03KZPZN0275VZXK6R,01KJN7C40WEQBDF48ACG18M0EV,Hera,B,B,listener,1.0,refgame,1.0,page7-107,page7-107,True,2.0,01KJN7JJ0RSHHPHCY0J0NJ4AA1,False,,,,,,,False,False,11.0,,0.0,1772387200129,1772387231040,30911,,01KJN792W85XPK9QGH8A6HSYSJ,True,3,False,True,True,,,,,,,,False,
01KJN6MMPQTMDYRN709DP5DSDA,01KJN7B4V2673GK7HGVSG52R2P,Hera,B,B,listener,2.0,refgame,1.0,page5-28,page5-28,True,2.0,01KJN7KZ01302DTXHE0RJAA5M7,False,,,,,,,False,False,16.0,,0.0,1772387428738,1772387456895,28157,,01KJN7BYA5X3A2G30KZECRY2HY,True,3,False,True,True,,,,,,,,False,
01KJN6MMQ03KZPZN0275VZXK6R,01KJN792W85XPK9QGH8A6HSYSJ,Zuda,B,B,listener,5.0,refgame,1.0,page5-28,page5-28,True,2.0,01KJN7JJ1SMVGMC6BAWX0QWSAN,False,,,,,,,False,False,30.0,,0.0,1772388071482,1772388097743,26261,,01KJN7A44GGBE9XR412KV5BFSC,True,3,False,True,True,,,,,,,,False,
01KJN6MMPQTMDYRN709968YFN1,01KJN78CQJ3KY7VMGAR6F3D4S0,Bavi,B,B,speaker,5.0,refgame,1.0,page5-28,,,2.0,01KJN7K5KHS8NZF1KQV836M65V,False,,,,,,,False,False,32.0,,0.0,1772388150885,1772388181824,30939,2.0,01KJN78CQJ3KY7VMGAR6F3D4S0,,3,False,True,False,,,,,,,,False,
01KJN6MMQ03KZPZN0275VZXK6R,01KJN792W85XPK9QGH8A6HSYSJ,Player,B,B,listener,0.0,refgame,2.0,page5-28,page5-28,True,2.0,01KJN7JJ1VVYECS34J9NT698WM,False,,,,,,,False,False,39.0,,0.0,1772388446349,1772388466403,20054,,01KJN79J529BWBWTESKB6D9MB7,False,3,False,True,True,,,,,,,,False,
01KJN6MMPQTMDYRN709DP5DSDA,01KJN7B32C1C5254NSG6ZK1GRK,Laju,A,A,speaker,5.0,refgame,1.0,page-B,,,2.0,01KJN7KYZ4BR3PV6SVPD7F89EN,False,,,,,,,False,False,33.0,,0.0,1772387934640,1772387950421,15781,2.0,01KJN7B32C1C5254NSG6ZK1GRK,,3,False,True,False,,,,,,,,False,
01KJN6MMQ03KZPZN0275VZXK6R,01KJN7AAX1VHZ1A7ZB35BNRH8N,Minu,A,A,listener,5.0,refgame,1.0,page7-107,page7-107,True,2.0,01KJN7JJ1QAVBM4RS4B0A8K9MV,False,,,,,,,False,False,31.0,,0.0,1772388113268,1772388133523,20255,,01KJN7AZC7FAG17CY924MRTCF7,True,3,False,True,True,,,,,,,,False,
01KJN6MMPQTMDYRN709968YFN1,01KJN78JVY5FN5QXW9XGGE72RG,Player,A,B,speaker,2.0,refgame,2.0,page-B,,,2.0,01KJN7K5MY9H32YKAM8HZYE4TJ,False,,,,,,,False,False,48.0,,0.0,1772388630580,1772388650609,20029,1.0,01KJN78JVY5FN5QXW9XGGE72RG,,3,False,True,False,,,,,,,,False,
01KJN6MMPQTMDYRN709968YFN1,01KJN78B0TFR8F59JDGD057XNS,Player,A,A,listener,4.0,refgame,2.0,page5-28,page5-28,True,2.0,01KJN7K5R759VFQZX7GK4PSP44,False,,,,,,,False,False,62.0,,0.0,1772388918371,1772388927960,9589,,01KJN788SPAKVVBHX9T9FDQWAF,False,3,False,True,True,,,,,,,,False,
01KJN6MMPQTMDYRN709DP5DSDA,01KJN79ZRTRDMY6RH8ZCYCM9NV,Minu,A,A,listener,2.0,refgame,2.0,page7-255,page7-255,True,2.0,01KJN7KZ63WCMX3HHQH3QX4SWG,False,,,,,,,False,False,50.0,,0.0,1772388276008,1772388282836,6828,,01KJN7B32C1C5254NSG6ZK1GRK,True,3,False,True,True,,,,,,,,False,
01KJN6MMQ03KZPZN0275VZXK6R,01KJN7A44GGBE9XR412KV5BFSC,Bavi,B,B,listener,1.0,refgame,1.0,page3-35,page4-15,False,0.0,01KJN7JJ0MB1FQKFF8CTGJPYKN,False,,,,,,,False,False,9.0,,0.0,1772387096074,1772387140295,44221,,01KJN792W85XPK9QGH8A6HSYSJ,True,3,False,True,True,,,,,,,,False,
01KJN6MMQ03KZPZN0275VZXK6R,01KJN7863BFF3ZYZGVVSATZTH7,Felu,C,C,speaker,1.0,refgame,1.0,page5-28,,,1.0,01KJN7JHZNKNR7P7NGWFBFRP56,False,,,,,,,False,False,8.0,,0.0,1772387040356,1772387085361,45005,1.0,01KJN7863BFF3ZYZGVVSATZTH7,,3,False,True,False,,,,,,,,False,
01KJN6MMPQTMDYRN709968YFN1,01KJN78M7563R5D9TQE5G142DA,Lika,C,C,listener,2.0,refgame,1.0,page5-28,page7-26,False,0.0,01KJN7K5JK17KT4QXX6TA90JSY,False,,,,,,,False,False,17.0,,0.0,1772387520964,1772387561058,40094,,01KJN79ZDP3YNFFHHQA302PJDP,True,3,False,True,True,,,,,,,,False,
01KJN6MMPQTMDYRN709968YFN1,01KJN79Y7T0VZNKHTSJRZWTDZ5,Hera,B,B,speaker,3.0,refgame,1.0,page-B,,,2.0,01KJN7K5J6A9SFZW6X3QF5099N,False,,,,,,,False,False,18.0,,0.0,1772387569671,1772387614705,45034,2.0,01KJN79Y7T0VZNKHTSJRZWTDZ5,,3,False,True,False,,,,,,,,False,
01KJN6MMPQTMDYRN709968YFN1,01KJN79Y7T0VZNKHTSJRZWTDZ5,Hera,B,B,speaker,3.0,refgame,1.0,page7-107,,,2.0,01KJN7K5J4M8ZP49YPQF1AN3HY,False,,,,,,,False,False,19.0,,0.0,1772387620952,1772387665967,45015,2.0,01KJN79Y7T0VZNKHTSJRZWTDZ5,,3,False,True,False,,,,,,,,False,
01KJN6MMPQTMDYRN709968YFN1,01KJN78CQJ3KY7VMGAR6F3D4S0,Bavi,B,B,listener,3.0,refgame,1.0,page5-28,page5-28,True,2.0,01KJN7K5NP3KHGDZYWKZZ35KWP,False,,,,,,,False,False,23.0,,0.0,1772387820081,1772387851750,31669,,01KJN79Y7T0VZNKHTSJRZWTDZ5,True,3,False,True,True,,,,,,,,False,
01KJN6MMPQTMDYRN709DP5DSDA,01KJN7B4V2673GK7HGVSG52R2P,Hera,B,B,listener,2.0,refgame,2.0,page9-46,page9-46,True,2.0,01KJN7KYX9412F6D9T4P6GZVTR,False,,,,,,,False,False,48.0,,0.0,1772388246013,1772388259312,13299,,01KJN7BYA5X3A2G30KZECRY2HY,True,3,False,True,True,,,,,,,,False,
01KJN6MMQ03KZPZN0275VZXK6R,01KJN7AAX1VHZ1A7ZB35BNRH8N,Player,A,B,listener,2.0,refgame,2.0,page-B,page-B,True,2.0,01KJN7JJ1N6V7EEQ6VZVXNRHV0,False,,,,,,,False,False,53.0,,0.0,1772388847281,1772388866268,18987,,01KJN7AZC7FAG17CY924MRTCF7,True,3,False,True,True,,,,,,,,False,
01KJN6MMPQTMDYRN709968YFN1,01KJN796KT7FCNV2F9QNCQDSES,Felu,C,C,speaker,4.0,refgame,1.0,page9-46,,,1.0,01KJN7K5KN8YW9VWX8RYNB7E0N,False,,,,,,,False,False,28.0,,0.0,1772388000797,1772388041511,40714,2.0,01KJN796KT7FCNV2F9QNCQDSES,,3,False,True,False,,,,,,,,False,
01KJN6MMPQTMDYRN709968YFN1,01KJN78CQJ3KY7VMGAR6F3D4S0,Player,B,A,speaker,2.0,refgame,2.0,page-B,,,0.0,01KJN7K5MY9H32YKAM8HZYE4TJ,False,,,,,,,False,False,48.0,,0.0,1772388630580,1772388650609,20029,1.0,01KJN78CQJ3KY7VMGAR6F3D4S0,,3,False,False,False,,,,,,,,False,
01KJN6MMPQTMDYRN709968YFN1,01KJN78JVY5FN5QXW9XGGE72RG,Player,A,B,speaker,2.0,refgame,2.0,page3-35,,,2.0,01KJN7K5G03ASRSWR507S1E4ZN,False,,,,,,,False,False,51.0,,0.0,1772388698776,1772388708362,9586,1.0,01KJN78JVY5FN5QXW9XGGE72RG,,3,False,True,False,,,,,,,,False,
01KJN6MMQ03KZPZN0275VZXK6R,01KJN7A44GGBE9XR412KV5BFSC,Player,B,C,speaker,5.0,refgame,2.0,page9-46,,,2.0,01KJN7JJ4B103R31J8V9CH41TX,False,,,,,,,False,False,71.0,,0.0,1772389316097,1772389335665,19568,2.0,01KJN7A44GGBE9XR412KV5BFSC,,3,False,True,False,,,,,,,,False,
01KJN6MMQ03KZPZN0275VZXK6R,01KJN792W85XPK9QGH8A6HSYSJ,Zuda,B,B,listener,2.0,refgame,1.0,page5-28,page5-28,True,2.0,01KJN7JHZM2WM100YZYN6HXHWY,False,,,,,,,False,False,13.0,,0.0,1772387287191,1772387324321,37130,,01KJN7A44GGBE9XR412KV5BFSC,True,3,False,True,True,,,,,,,,False,
01KJN6MMPQTMDYRN709DP5DSDA,01KJN79ZRTRDMY6RH8ZCYCM9NV,Minu,A,A,listener,2.0,refgame,1.0,page7-255,page7-255,True,2.0,01KJN7KZ1TSCX13H8GC3H8BDV7,False,,,,,,,False,False,15.0,,0.0,1772387380638,1772387422380,41742,,01KJN7B32C1C5254NSG6ZK1GRK,True,3,False,True,True,,,,,,,,False,
01KJN6MMPQTMDYRN709DP5DSDA,01KJN79PCAAMFX7P2QF70Y3HJM,Repi,A,A,speaker,3.0,refgame,1.0,page-B,,,2.0,01KJN7KYWVG5D3PX554T4PG812,False,,,,,,,False,False,21.0,,0.0,1772387605450,1772387631251,25801,2.0,01KJN79PCAAMFX7P2QF70Y3HJM,,3,False,True,False,,,,,,,,False,
01KJN6MMPQTMDYRN709DP5DSDA,01KJN79ZQD1E4YD03FE5CGJY8K,Lika,C,C,listener,1.0,refgame,1.0,page9-46,page7-26,False,0.0,01KJN7KZ4DBDW3YBYDCHQRBRVZ,False,,,,,,,False,False,9.0,,0.0,1772387132400,1772387164842,32442,,01KJN77XQHYQ5TVVY4HZM02E7R,True,3,False,True,True,,,,,,,,False,
01KJN6MMQ03KZPZN0275VZXK6R,01KJN7A44GGBE9XR412KV5BFSC,Bavi,B,B,listener,3.0,refgame,1.0,page7-255,page9-7,False,0.0,01KJN7JJ4B103R31J8WHVA9DX7,False,,,,,,,False,False,20.0,,0.0,1772387585916,1772387626307,40391,,01KJN7C40WEQBDF48ACG18M0EV,True,3,False,True,True,,,,,,,,False,
01KJN6MMQ03KZPZN0275VZXK6R,01KJN7AAX1VHZ1A7ZB35BNRH8N,Minu,A,A,listener,5.0,refgame,1.0,page7-255,page7-255,True,2.0,01KJN7JJ1FP44XD8PJXNFE1281,False,,,,,,,False,False,34.0,,0.0,1772388219015,1772388247646,28631,,01KJN7AZC7FAG17CY924MRTCF7,True,3,False,True,True,,,,,,,,False,
01KJN6MMPQTMDYRN709DP5DSDA,01KJN79ZQD1E4YD03FE5CGJY8K,Lika,C,C,listener,4.0,refgame,2.0,page5-28,page5-28,True,2.0,01KJN7KZ5A7Y4CEP43YBWJ659J,False,,,,,,,False,False,64.0,,0.0,1772388504343,1772388518698,14355,,01KJN77XQHYQ5TVVY4HZM02E7R,True,3,False,True,True,,,,,,,,False,
01KJN6MMQ03KZPZN0275VZXK6R,01KJN7AZC7FAG17CY924MRTCF7,Laju,A,A,listener,3.0,refgame,1.0,page3-35,page3-35,True,2.0,01KJN7JJ49X2EQESMMJM9CKKQQ,False,,,,,,,False,False,21.0,,0.0,1772387640673,1772387685705,45032,,01KJN79B14FBSYSKKCG2BYVBB6,True,3,False,True,True,,,,,,,,False,
01KJN6MMPQTMDYRN709DP5DSDA,01KJN79PCAAMFX7P2QF70Y3HJM,Repi,A,A,listener,2.0,refgame,2.0,page9-46,page9-46,True,2.0,01KJN7KYX9412F6D9T4P6GZVTR,False,,,,,,,False,False,48.0,,0.0,1772388246013,1772388259312,13299,,01KJN7B32C1C5254NSG6ZK1GRK,True,3,False,True,True,,,,,,,,False,
01KJN6MMQ03KZPZN0275VZXK6R,01KJN792W85XPK9QGH8A6HSYSJ,Player,B,A,listener,2.0,refgame,2.0,page7-107,page7-107,True,2.0,01KJN7JJ0XW9B6G59FG765GH27,False,,,,,,,False,False,48.0,,0.0,1772388713668,1772388732477,18809,,01KJN7A44GGBE9XR412KV5BFSC,True,3,False,True,True,,,,,,,,False,
01KJN6MMPQTMDYRN709968YFN1,01KJN78CQJ3KY7VMGAR6F3D4S0,Player,B,A,listener,4.0,refgame,2.0,page7-107,page7-107,True,2.0,01KJN7K5HAJG21SWCHMY8SXPNH,False,,,,,,,False,False,60.0,,0.0,1772388872168,1772388892199,20031,,01KJN788SPAKVVBHX9T9FDQWAF,True,3,False,True,True,,,,,,,,False,
01KJN6MMQ03KZPZN0275VZXK6R,01KJN792W85XPK9QGH8A6HSYSJ,Player,B,C,listener,3.0,refgame,2.0,page3-35,page3-35,True,2.0,01KJN7JJ0NZ29KXJEZX39HD183,False,,,,,,,False,False,59.0,,0.0,1772389012806,1772389032810,20004,,01KJN7C40WEQBDF48ACG18M0EV,True,3,False,True,True,,,,,,,,False,
01KJN6MMQ03KZPZN0275VZXK6R,01KJN7AAX1VHZ1A7ZB35BNRH8N,Player,A,A,speaker,4.0,refgame,2.0,page-B,,,1.0,01KJN7JJ4HZG5Q1EBE6H435ZZY,False,,,,,,,False,False,63.0,,0.0,1772389106854,1772389126859,20005,2.0,01KJN7AAX1VHZ1A7ZB35BNRH8N,,3,False,True,False,,,,,,,,False,
01KJN6MMQ03KZPZN0275VZXK6R,01KJN7A44GGBE9XR412KV5BFSC,Bavi,B,B,listener,0.0,refgame,1.0,page7-107,page7-107,True,2.0,01KJN7JJ1Z3Q1ZDKVBSP3H1EH5,False,,,,,,,False,False,3.0,,0.0,1772386783120,1772386825904,42784,,01KJN7C40WEQBDF48ACG18M0EV,True,3,False,True,True,,,,,,,,False,
01KJN6MMQ03KZPZN0275VZXK6R,01KJN7AZC7FAG17CY924MRTCF7,Laju,A,A,speaker,2.0,refgame,1.0,page-B,,,1.0,01KJN7JJ0S1X2V7QFWX9C1FNPF,False,,,,,,,False,False,17.0,,0.0,1772387448618,1772387484496,35878,1.0,01KJN7AZC7FAG17CY924MRTCF7,,3,False,True,False,,,,,,,,False,
01KJN6MMQ03KZPZN0275VZXK6R,01KJN7A44GGBE9XR412KV5BFSC,Player,B,A,speaker,5.0,refgame,2.0,page7-107,,,2.0,01KJN7JJ4DKT23HYM95ZYF4P0X,False,,,,,,,False,False,69.0,,0.0,1772389271826,1772389285927,14101,2.0,01KJN7A44GGBE9XR412KV5BFSC,,3,False,True,False,,,,,,,,False,
01KJN6MMQ03KZPZN0275VZXK6R,01KJN7AZC7FAG17CY924MRTCF7,Laju,A,A,speaker,2.0,refgame,1.0,page5-28,,,2.0,01KJN7JHZM2WM100YZYN6HXHWY,False,,,,,,,False,False,13.0,,0.0,1772387287191,1772387324321,37130,1.0,01KJN7AZC7FAG17CY924MRTCF7,,3,False,True,False,,,,,,,,False,
01KJN6MMPQTMDYRN709968YFN1,01KJN78B0TFR8F59JDGD057XNS,Repi,A,A,listener,5.0,refgame,1.0,page3-35,page3-35,True,2.0,01KJN7K5KC833F28YJV6E0BER7,False,,,,,,,False,False,33.0,,0.0,1772388187845,1772388209421,21576,,01KJN78JVY5FN5QXW9XGGE72RG,True,3,False,True,True,,,,,,,,False,
01KJN6MMPQTMDYRN709DP5DSDA,01KJN79PCAAMFX7P2QF70Y3HJM,Repi,A,A,speaker,0.0,refgame,1.0,page5-28,,,1.0,01KJN7KZ5HH7NR0ZCH3MQS757H,False,,,,,,,False,False,4.0,,0.0,1772386874658,1772386919662,45004,1.0,01KJN79PCAAMFX7P2QF70Y3HJM,,3,False,True,False,,,,,,,,False,
01KJN6MMPQTMDYRN709DP5DSDA,01KJN7931DXZ65NXTWK1GNEZMW,Nori,C,C,listener,1.0,refgame,1.0,page9-46,page9-46,True,2.0,01KJN7KZ4DBDW3YBYDCHQRBRVZ,False,,,,,,,False,False,9.0,,0.0,1772387132400,1772387164842,32442,,01KJN77XQHYQ5TVVY4HZM02E7R,True,3,False,True,True,,,,,,,,False,
01KJN6MMQ03KZPZN0275VZXK6R,01KJN79J529BWBWTESKB6D9MB7,Lika,C,C,listener,4.0,refgame,1.0,page5-28,page5-28,True,2.0,01KJN7JJ1X1NXQGFN1B0VPVF00,False,,,,,,,False,False,26.0,,0.0,1772387875887,1772387920914,45027,,01KJN7863BFF3ZYZGVVSATZTH7,True,3,False,True,True,,,,,,,,False,
01KJN6MMPQTMDYRN709968YFN1,01KJN78CQJ3KY7VMGAR6F3D4S0,Player,B,A,speaker,2.0,refgame,2.0,page3-35,,,2.0,01KJN7K5G03ASRSWR507S1E4ZN,False,,,,,,,False,False,51.0,,0.0,1772388698776,1772388708362,9586,1.0,01KJN78CQJ3KY7VMGAR6F3D4S0,,3,False,True,False,,,,,,,,False,
01KJN6MMQ03KZPZN0275VZXK6R,01KJN7AZC7FAG17CY924MRTCF7,Laju,A,A,listener,1.0,refgame,1.0,page5-28,page7-26,False,0.0,01KJN7JHZNKNR7P7NGWFBFRP56,False,,,,,,,False,False,8.0,,0.0,1772387040356,1772387085361,45005,,01KJN7AAX1VHZ1A7ZB35BNRH8N,True,3,False,True,True,,,,,,,,False,
01KJN6MMQ03KZPZN0275VZXK6R,01KJN7AAX1VHZ1A7ZB35BNRH8N,Minu,A,A,speaker,1.0,refgame,1.0,page7-107,,,2.0,01KJN7JJ0RSHHPHCY0J0NJ4AA1,False,,,,,,,False,False,11.0,,0.0,1772387200129,1772387231040,30911,1.0,01KJN7AAX1VHZ1A7ZB35BNRH8N,,3,False,True,False,,,,,,,,False,
01KJN6MMQ03KZPZN0275VZXK6R,01KJN7A44GGBE9XR412KV5BFSC,Player,B,C,listener,0.0,refgame,2.0,page-B,,False,0.0,01KJN7JJ1CYQGSSJG1WBPKBVA9,False,,,,,,,True,False,36.0,,0.0,1772388356520,1772388376546,20026,,01KJN7C40WEQBDF48ACG18M0EV,True,3,False,True,True,,,,,,,,False,
01KJN6MMQ03KZPZN0275VZXK6R,01KJN79J529BWBWTESKB6D9MB7,Player,C,C,listener,1.0,refgame,2.0,page5-28,page5-28,True,2.0,01KJN7JJ16T4F6S4PFHQFRAY28,False,,,,,,,False,False,44.0,,0.0,1772388584626,1772388604653,20027,,01KJN7AAX1VHZ1A7ZB35BNRH8N,False,3,False,True,True,,,,,,,,False,
01KJN6MMQ03KZPZN0275VZXK6R,01KJN7AZC7FAG17CY924MRTCF7,Player,A,A,listener,1.0,refgame,2.0,page-B,page-B,True,2.0,01KJN7JJ106G1CY7M5XQTG2KY4,False,,,,,,,False,False,46.0,,0.0,1772388652073,1772388672170,20097,,01KJN7AAX1VHZ1A7ZB35BNRH8N,True,3,False,True,True,,,,,,,,False,
01KJN6MMQ03KZPZN0275VZXK6R,01KJN7AAX1VHZ1A7ZB35BNRH8N,Player,A,C,listener,2.0,refgame,2.0,page7-107,page7-107,True,2.0,01KJN7JJ0XW9B6G59FG765GH27,False,,,,,,,False,False,48.0,,0.0,1772388713668,1772388732477,18809,,01KJN7AZC7FAG17CY924MRTCF7,True,3,False,True,True,,,,,,,,False,
01KJN6MMPQTMDYRN709DP5DSDA,01KJN7931DXZ65NXTWK1GNEZMW,Nori,C,C,speaker,2.0,refgame,1.0,page5-28,,,2.0,01KJN7KZ01302DTXHE0RJAA5M7,False,,,,,,,False,False,16.0,,0.0,1772387428738,1772387456895,28157,1.0,01KJN7931DXZ65NXTWK1GNEZMW,,3,False,True,False,,,,,,,,False,
01KJN6MMPQTMDYRN709DP5DSDA,01KJN7B4V2673GK7HGVSG52R2P,Hera,B,B,speaker,0.0,refgame,2.0,page-B,,,2.0,01KJN7KYYKG4J0XFNGWMZ2451X,False,,,,,,,False,False,36.0,,0.0,1772388039295,1772388059290,19995,1.0,01KJN7B4V2673GK7HGVSG52R2P,,3,False,True,False,,,,,,,,False,
01KJN6MMPQTMDYRN709968YFN1,01KJN78M7563R5D9TQE5G142DA,Lika,C,C,listener,5.0,refgame,1.0,page7-255,page9-46,False,0.0,01KJN7K5K5Y5YKVY7Z5PH8EA1C,False,,,,,,,False,False,34.0,,0.0,1772388215821,1772388254481,38660,,01KJN79ZDP3YNFFHHQA302PJDP,True,3,False,True,True,,,,,,,,False,
01KJN6MMPQTMDYRN709968YFN1,01KJN796KT7FCNV2F9QNCQDSES,Felu,C,C,listener,5.0,refgame,1.0,page7-255,page4-15,False,0.0,01KJN7K5K5Y5YKVY7Z5PH8EA1C,False,,,,,,,False,False,34.0,,0.0,1772388215821,1772388254481,38660,,01KJN79ZDP3YNFFHHQA302PJDP,True,3,False,True,True,,,,,,,,False,
01KJN6MMQ03KZPZN0275VZXK6R,01KJN7AAX1VHZ1A7ZB35BNRH8N,Player,A,B,speaker,4.0,refgame,2.0,page9-46,,,2.0,01KJN7JJ4KG1JY79DX9WK2TCTT,False,,,,,,,False,False,61.0,,0.0,1772389065241,1772389081575,16334,2.0,01KJN7AAX1VHZ1A7ZB35BNRH8N,,3,False,True,False,,,,,,,,False,
01KJN6MMPQTMDYRN709DP5DSDA,01KJN7B4V2673GK7HGVSG52R2P,Hera,B,B,listener,4.0,refgame,2.0,page-B,page-B,True,2.0,01KJN7KYZJSMEX4580M0EBGRRX,False,,,,,,,False,False,60.0,,0.0,1772388433928,1772388447118,13190,,01KJN7AAWT4GWKRZ7B9775509P,True,3,False,True,True,,,,,,,,False,
01KJN6MMPQTMDYRN709DP5DSDA,01KJN7B4V2673GK7HGVSG52R2P,Hera,B,B,speaker,0.0,refgame,1.0,page7-107,,,1.0,01KJN7KYV6KEYGF7WX6G0BANR9,False,,,,,,,False,False,0.0,,0.0,1772386657822,1772386702827,45005,1.0,01KJN7B4V2673GK7HGVSG52R2P,,3,False,True,False,,,,,,,,False,
01KJN6MMQ03KZPZN0275VZXK6R,01KJN7AAX1VHZ1A7ZB35BNRH8N,Minu,A,A,listener,0.0,refgame,1.0,page-B,page4-157,False,0.0,01KJN7JHZG39B3YEBM7VHA554N,False,,,,,,,False,False,4.0,,0.0,1772386841560,1772386883546,41986,,01KJN79B14FBSYSKKCG2BYVBB6,True,3,False,True,True,,,,,,,,False,
01KJN6MMQ03KZPZN0275VZXK6R,01KJN79B14FBSYSKKCG2BYVBB6,Repi,A,A,speaker,3.0,refgame,1.0,page7-255,,,2.0,01KJN7JJ4B103R31J8WHVA9DX7,False,,,,,,,False,False,20.0,,0.0,1772387585916,1772387626307,40391,2.0,01KJN79B14FBSYSKKCG2BYVBB6,,3,False,True,False,,,,,,,,False,
01KJN6MMPQTMDYRN709DP5DSDA,01KJN77XQHYQ5TVVY4HZM02E7R,Felu,C,C,speaker,4.0,refgame,1.0,page9-46,,,1.0,01KJN7KYWH7DW8R8C7QY0ZK5NG,False,,,,,,,False,False,29.0,,0.0,1772387857212,1772387876093,18881,2.0,01KJN77XQHYQ5TVVY4HZM02E7R,,3,False,True,False,,,,,,,,False,
01KJN6MMPQTMDYRN709DP5DSDA,01KJN7B4V2673GK7HGVSG52R2P,Hera,B,B,listener,1.0,refgame,2.0,page-B,page-B,True,2.0,01KJN7KYZ8JEEX9EFFC2G9SFJ0,False,,,,,,,False,False,44.0,,0.0,1772388184620,1772388200047,15427,,01KJN7AAWT4GWKRZ7B9775509P,True,3,False,True,True,,,,,,,,False,
01KJN6MMPQTMDYRN709DP5DSDA,01KJN79ZQD1E4YD03FE5CGJY8K,Lika,C,C,listener,5.0,refgame,1.0,page-B,page-B,True,2.0,01KJN7KYZ4BR3PV6SVPD7F89EN,False,,,,,,,False,False,33.0,,0.0,1772387934640,1772387950421,15781,,01KJN7931DXZ65NXTWK1GNEZMW,True,3,False,True,True,,,,,,,,False,
01KJN6MMQ03KZPZN0275VZXK6R,01KJN7AAX1VHZ1A7ZB35BNRH8N,Minu,A,A,listener,5.0,refgame,1.0,page5-28,page5-28,True,2.0,01KJN7JJ1SMVGMC6BAWX0QWSAN,False,,,,,,,False,False,30.0,,0.0,1772388071482,1772388097743,26261,,01KJN7AZC7FAG17CY924MRTCF7,True,3,False,True,True,,,,,,,,False,
01KJN6MMPQTMDYRN709DP5DSDA,01KJN7B4V2673GK7HGVSG52R2P,Hera,B,B,listener,5.0,refgame,2.0,page7-107,page7-107,True,2.0,01KJN7KYZYF9F6E5Z5YS0W94HW,False,,,,,,,False,False,71.0,,0.0,1772388610371,1772388617882,7511,,01KJN7BYA5X3A2G30KZECRY2HY,True,3,False,True,True,,,,,,,,False,
01KJN6MMPQTMDYRN709DP5DSDA,01KJN79PCAAMFX7P2QF70Y3HJM,Repi,A,A,speaker,0.0,refgame,1.0,page9-46,,,1.0,01KJN7KZ5QZB0KWEYKCMJ2KY6D,False,,,,,,,False,False,2.0,,0.0,1772386765466,1772386810471,45005,1.0,01KJN79PCAAMFX7P2QF70Y3HJM,,3,False,True,False,,,,,,,,False,
01KJN6MMPQTMDYRN709DP5DSDA,01KJN79ZRTRDMY6RH8ZCYCM9NV,Minu,A,A,listener,0.0,refgame,1.0,page7-255,page6-149,False,0.0,01KJN7KYY7ZXJQFEB6A26GX86K,False,,,,,,,False,False,3.0,,0.0,1772386819116,1772386858961,39845,,01KJN79PCAAMFX7P2QF70Y3HJM,True,3,False,True,True,,,,,,,,False,
01KJN6MMPQTMDYRN709DP5DSDA,01KJN79PCAAMFX7P2QF70Y3HJM,Repi,A,A,listener,1.0,refgame,1.0,page5-28,page5-28,True,2.0,01KJN7KZ409T5ZHRW9SE4CM2P9,False,,,,,,,False,False,11.0,,0.0,1772387222771,1772387265429,42658,,01KJN79ZRTRDMY6RH8ZCYCM9NV,True,3,False,True,True,,,,,,,,False,
01KJN6MMPQTMDYRN709968YFN1,01KJN79ZDP3YNFFHHQA302PJDP,Nori,C,C,speaker,5.0,refgame,1.0,page-B,,,1.0,01KJN7K5KKDNJS2ZHY8A7BH7EB,False,,,,,,,False,False,31.0,,0.0,1772388107860,1772388143179,35319,2.0,01KJN79ZDP3YNFFHHQA302PJDP,,3,False,True,False,,,,,,,,False,
01KJN6MMQ03KZPZN0275VZXK6R,01KJN7AZC7FAG17CY924MRTCF7,Laju,A,A,speaker,5.0,refgame,1.0,page-B,,,2.0,01KJN7JJ1MRR84KNB9E0DAG180,False,,,,,,,False,False,32.0,,0.0,1772388138113,1772388181120,43007,2.0,01KJN7AZC7FAG17CY924MRTCF7,,3,False,True,False,,,,,,,,False,
01KJN6MMQ03KZPZN0275VZXK6R,01KJN79B14FBSYSKKCG2BYVBB6,Player,A,C,speaker,3.0,refgame,2.0,page7-107,,,2.0,01KJN7JJ4GCT1AQ6A0X5YF4F5Y,False,,,,,,,False,False,58.0,,0.0,1772388985091,1772389005095,20004,2.0,01KJN79B14FBSYSKKCG2BYVBB6,,3,False,True,False,,,,,,,,False,
01KJN6MMQ03KZPZN0275VZXK6R,01KJN7C40WEQBDF48ACG18M0EV,Hera,B,B,speaker,0.0,refgame,1.0,page9-46,,,2.0,01KJN7JJ0WM538Q7726PW4BTD2,False,,,,,,,False,False,5.0,,0.0,1772386890514,1772386933734,43220,1.0,01KJN7C40WEQBDF48ACG18M0EV,,3,False,True,False,,,,,,,,False,
01KJN6MMPQTMDYRN709968YFN1,01KJN78M7563R5D9TQE5G142DA,Lika,C,C,listener,4.0,refgame,1.0,page-B,page9-7,False,0.0,01KJN7K5N24QKEVGWFQFH8SHND,False,,,,,,,False,False,24.0,,0.0,1772387859403,1772387894789,35386,,01KJN796KT7FCNV2F9QNCQDSES,True,3,False,True,True,,,,,,,,False,
01KJN6MMQ03KZPZN0275VZXK6R,01KJN79B14FBSYSKKCG2BYVBB6,Player,A,B,listener,4.0,refgame,2.0,page9-46,page9-46,True,2.0,01KJN7JJ4KG1JY79DX9WK2TCTT,False,,,,,,,False,False,61.0,,0.0,1772389065241,1772389081575,16334,,01KJN7AAX1VHZ1A7ZB35BNRH8N,True,3,False,True,True,,,,,,,,False,
01KJN6MMQ03KZPZN0275VZXK6R,01KJN79J529BWBWTESKB6D9MB7,Lika,C,C,speaker,0.0,refgame,1.0,page9-46,,,2.0,01KJN7JJ0WM538Q7726PW4BTD2,False,,,,,,,False,False,5.0,,0.0,1772386890514,1772386933734,43220,1.0,01KJN79J529BWBWTESKB6D9MB7,,3,False,True,False,,,,,,,,False,
01KJN6MMPQTMDYRN709DP5DSDA,01KJN7B4V2673GK7HGVSG52R2P,Hera,B,B,speaker,3.0,refgame,1.0,page7-107,,,2.0,01KJN7KYZF6WBFK0HY3WZWJTDJ,False,,,,,,,False,False,23.0,,0.0,1772387661755,1772387678433,16678,2.0,01KJN7B4V2673GK7HGVSG52R2P,,3,False,True,False,,,,,,,,False,
01KJN6MMPQTMDYRN709DP5DSDA,01KJN7B4V2673GK7HGVSG52R2P,Hera,B,B,listener,4.0,refgame,1.0,page7-107,page7-107,True,2.0,01KJN7KYWYTD5D3M21S2X8P0AA,False,,,,,,,False,False,26.0,,0.0,1772387745826,1772387764604,18778,,01KJN7AAWT4GWKRZ7B9775509P,True,3,False,True,True,,,,,,,,False,
01KJN6MMPQTMDYRN709DP5DSDA,01KJN79ZRTRDMY6RH8ZCYCM9NV,Minu,A,A,listener,2.0,refgame,2.0,page9-46,page9-46,True,2.0,01KJN7KYX9412F6D9T4P6GZVTR,False,,,,,,,False,False,48.0,,0.0,1772388246013,1772388259312,13299,,01KJN7B32C1C5254NSG6ZK1GRK,True,3,False,True,True,,,,,,,,False,
01KJN6MMPQTMDYRN709DP5DSDA,01KJN79ZQD1E4YD03FE5CGJY8K,Lika,C,C,speaker,3.0,refgame,2.0,page3-35,,,2.0,01KJN7KZ431YCMQ4BZRNENZDQR,False,,,,,,,False,False,57.0,,0.0,1772388389690,1772388398556,8866,2.0,01KJN79ZQD1E4YD03FE5CGJY8K,,3,False,True,False,,,,,,,,False,
01KJN6MMPQTMDYRN709DP5DSDA,01KJN79PCAAMFX7P2QF70Y3HJM,Repi,A,A,speaker,3.0,refgame,2.0,page5-28,,,2.0,01KJN7KZ3Q92SVP2Y70T8S3RW4,False,,,,,,,False,False,58.0,,0.0,1772388403986,1772388416078,12092,2.0,01KJN79PCAAMFX7P2QF70Y3HJM,,3,False,True,False,,,,,,,,False,
01KJN6MMQ03KZPZN0275VZXK6R,01KJN7A44GGBE9XR412KV5BFSC,Player,B,A,speaker,2.0,refgame,2.0,page7-107,,,2.0,01KJN7JJ0XW9B6G59FG765GH27,False,,,,,,,False,False,48.0,,0.0,1772388713668,1772388732477,18809,1.0,01KJN7A44GGBE9XR412KV5BFSC,,3,False,True,False,,,,,,,,False,
01KJN6MMQ03KZPZN0275VZXK6R,01KJN78DQ6KC0F9N1HA0BPB44R,Nori,C,C,listener,4.0,refgame,1.0,page9-46,page9-46,True,2.0,01KJN7JJ1YCSZJVTYD3GC94ZHQ,False,,,,,,,False,False,25.0,,0.0,1772387850217,1772387872088,21871,,01KJN7863BFF3ZYZGVVSATZTH7,True,3,False,True,True,,,,,,,,False,
01KJN6MMPQTMDYRN709DP5DSDA,01KJN77XQHYQ5TVVY4HZM02E7R,Felu,C,C,listener,2.0,refgame,2.0,page7-255,page7-255,True,2.0,01KJN7KZ63WCMX3HHQH3QX4SWG,False,,,,,,,False,False,50.0,,0.0,1772388276008,1772388282836,6828,,01KJN7931DXZ65NXTWK1GNEZMW,True,3,False,True,True,,,,,,,,False,
01KJN6MMPQTMDYRN709968YFN1,01KJN78JVY5FN5QXW9XGGE72RG,Player,A,B,listener,0.0,refgame,2.0,page7-107,page7-107,True,2.0,01KJN7K5JFG12NBKQPGPVB7NDW,False,,,,,,,False,False,37.0,,0.0,1772388375251,1772388393006,17755,,01KJN78B0TFR8F59JDGD057XNS,True,3,False,True,True,,,,,,,,False,
01KJN6MMPQTMDYRN709DP5DSDA,01KJN79PCAAMFX7P2QF70Y3HJM,Repi,A,A,listener,4.0,refgame,2.0,page3-35,page3-35,True,2.0,01KJN7KZ5X7KJG8NWSNPRZKCCR,False,,,,,,,False,False,62.0,,0.0,1772388469790,1772388484269,14479,,01KJN79ZRTRDMY6RH8ZCYCM9NV,True,3,False,True,True,,,,,,,,False,
01KJN6MMPQTMDYRN709968YFN1,01KJN78B0TFR8F59JDGD057XNS,Player,A,A,listener,1.0,refgame,2.0,page9-46,page9-46,True,2.0,01KJN7K5QW5JZFE563TZ3V1T5B,False,,,,,,,False,False,43.0,,0.0,1772388514078,1772388534070,19992,,01KJN791EPN054R2NTQQ1BFXJ5,True,3,False,True,True,,,,,,,,False,
01KJN6MMPQTMDYRN709DP5DSDA,01KJN77XQHYQ5TVVY4HZM02E7R,Felu,C,C,speaker,1.0,refgame,1.0,page3-35,,,1.0,01KJN7KZ4SZP3K0F01DSDYSY4B,False,,,,,,,False,False,7.0,,0.0,1772387028378,1772387064882,36504,1.0,01KJN77XQHYQ5TVVY4HZM02E7R,,3,False,True,False,,,,,,,,False,
01KJN6MMPQTMDYRN709DP5DSDA,01KJN79PCAAMFX7P2QF70Y3HJM,Repi,A,A,listener,2.0,refgame,1.0,page7-107,page7-107,True,2.0,01KJN7KZ3TKA2G2034PKAJD3VQ,False,,,,,,,False,False,12.0,,0.0,1772387278345,1772387311206,32861,,01KJN7B32C1C5254NSG6ZK1GRK,True,3,False,True,True,,,,,,,,False,
01KJN6MMPQTMDYRN709DP5DSDA,01KJN7B4V2673GK7HGVSG52R2P,Hera,B,B,listener,5.0,refgame,1.0,page3-35,page3-35,True,2.0,01KJN7KYYXHVJJDVQGT2GSWXHY,False,,,,,,,False,False,34.0,,0.0,1772387953491,1772387970074,16583,,01KJN7BYA5X3A2G30KZECRY2HY,True,3,False,True,True,,,,,,,,False,
01KJN6MMPQTMDYRN709DP5DSDA,01KJN79ZRTRDMY6RH8ZCYCM9NV,Minu,A,A,listener,2.0,refgame,2.0,page3-35,page3-35,True,2.0,01KJN7KZ675C4DZYAWX412DRNF,False,,,,,,,False,False,49.0,,0.0,1772388265292,1772388271918,6626,,01KJN7B32C1C5254NSG6ZK1GRK,True,3,False,True,True,,,,,,,,False,
01KJN6MMPQTMDYRN709DP5DSDA,01KJN7AAWT4GWKRZ7B9775509P,Zuda,B,B,listener,3.0,refgame,2.0,page9-46,page9-46,True,2.0,01KJN7KZ4QMNMSWDESPF7REVXV,False,,,,,,,False,False,55.0,,0.0,1772388358226,1772388367836,9610,,01KJN7B4V2673GK7HGVSG52R2P,True,3,False,True,True,,,,,,,,False,
01KJN6MMPQTMDYRN709DP5DSDA,01KJN7931DXZ65NXTWK1GNEZMW,Nori,C,C,listener,3.0,refgame,2.0,page7-107,page7-107,True,2.0,01KJN7KZ4AQMTPYG5CPW2RCWSG,False,,,,,,,False,False,56.0,,0.0,1772388372542,1772388384910,12368,,01KJN79ZQD1E4YD03FE5CGJY8K,True,3,False,True,True,,,,,,,,False,
01KJN6MMPQTMDYRN709DP5DSDA,01KJN7B32C1C5254NSG6ZK1GRK,Laju,A,A,listener,3.0,refgame,2.0,page7-255,page7-255,True,2.0,01KJN7KZ2WME7KZMKY7BATVWYX,False,,,,,,,False,False,59.0,,0.0,1772388421080,1772388430273,9193,,01KJN79PCAAMFX7P2QF70Y3HJM,True,3,False,True,True,,,,,,,,False,
01KJN6MMPQTMDYRN709DP5DSDA,01KJN79ZRTRDMY6RH8ZCYCM9NV,Minu,A,A,listener,5.0,refgame,2.0,page-B,page-B,True,2.0,01KJN7KZ3D0HTVJZCVXH48W7YP,False,,,,,,,False,False,69.0,,0.0,1772388579779,1772388591448,11669,,01KJN7B32C1C5254NSG6ZK1GRK,True,3,False,True,True,,,,,,,,False,
01KJN6MMPQTMDYRN709968YFN1,01KJN78CQJ3KY7VMGAR6F3D4S0,Bavi,B,B,listener,1.0,refgame,1.0,page-B,page-B,True,2.0,01KJN7K5HQTXFWBF1AJA81RK0D,False,,,,,,,False,False,11.0,,0.0,1772387228685,1772387273691,45006,,01KJN788SPAKVVBHX9T9FDQWAF,True,3,False,True,True,,,,,,,,False,
01KJN6MMPQTMDYRN709DP5DSDA,01KJN7AAWT4GWKRZ7B9775509P,Zuda,B,B,speaker,4.0,refgame,1.0,page5-28,,,2.0,01KJN7KYWFXTPDV5GRYPW63TV1,False,,,,,,,False,False,24.0,,0.0,1772387688519,1772387709099,20580,2.0,01KJN7AAWT4GWKRZ7B9775509P,,3,False,True,False,,,,,,,,False,
01KJN6MMPQTMDYRN709DP5DSDA,01KJN7AAWT4GWKRZ7B9775509P,Zuda,B,B,listener,5.0,refgame,1.0,page5-28,page5-28,True,2.0,01KJN7KYZA3BRY3D1F5P0C9MSA,False,,,,,,,False,False,32.0,,0.0,1772387915811,1772387930604,14793,,01KJN7BYA5X3A2G30KZECRY2HY,True,3,False,True,True,,,,,,,,False,
01KJN6MMQ03KZPZN0275VZXK6R,01KJN79B14FBSYSKKCG2BYVBB6,Player,A,C,speaker,3.0,refgame,2.0,page7-255,,,1.0,01KJN7JJ1820G44H81ADMFG2AV,False,,,,,,,False,False,56.0,,0.0,1772388933170,1772388953175,20005,2.0,01KJN79B14FBSYSKKCG2BYVBB6,,3,False,True,False,,,,,,,,False,
01KJN6MMQ03KZPZN0275VZXK6R,01KJN78DQ6KC0F9N1HA0BPB44R,Nori,C,C,speaker,2.0,refgame,1.0,page7-107,,,2.0,01KJN7JJ0VF0RPKW84F3EHNK6T,False,,,,,,,False,False,16.0,,0.0,1772387410361,1772387435193,24832,1.0,01KJN78DQ6KC0F9N1HA0BPB44R,,3,False,True,False,,,,,,,,False,
01KJN6MMPQTMDYRN709DP5DSDA,01KJN7AAWT4GWKRZ7B9775509P,Zuda,B,B,listener,2.0,refgame,1.0,page5-28,page5-28,True,2.0,01KJN7KZ01302DTXHE0RJAA5M7,False,,,,,,,False,False,16.0,,0.0,1772387428738,1772387456895,28157,,01KJN7BYA5X3A2G30KZECRY2HY,True,3,False,True,True,,,,,,,,False,
01KJN6MMPQTMDYRN709DP5DSDA,01KJN7931DXZ65NXTWK1GNEZMW,Nori,C,C,listener,0.0,refgame,1.0,page3-35,page3-35,True,2.0,01KJN7KYVMH6VJC6N59GV39RY1,False,,,,,,,False,False,1.0,,0.0,1772386711287,1772386756289,45002,,01KJN79ZQD1E4YD03FE5CGJY8K,True,3,False,True,True,,,,,,,,False,
01KJN6MMPQTMDYRN709DP5DSDA,01KJN7AAWT4GWKRZ7B9775509P,Zuda,B,B,listener,2.0,refgame,1.0,page7-255,page5-63,False,0.0,01KJN7KZ1TSCX13H8GC3H8BDV7,False,,,,,,,False,False,15.0,,0.0,1772387380638,1772387422380,41742,,01KJN7BYA5X3A2G30KZECRY2HY,True,3,False,True,True,,,,,,,,False,
01KJN6MMPQTMDYRN709968YFN1,01KJN78JVY5FN5QXW9XGGE72RG,Player,A,B,listener,0.0,refgame,2.0,page3-35,page3-35,True,2.0,01KJN7K5R3HYPWVGJTVXZHHTBN,False,,,,,,,False,False,40.0,,0.0,1772388453370,1772388468333,14963,,01KJN78B0TFR8F59JDGD057XNS,True,3,False,True,True,,,,,,,,False,
01KJN6MMPQTMDYRN709968YFN1,01KJN78B0TFR8F59JDGD057XNS,Player,A,A,listener,5.0,refgame,2.0,page5-28,page5-28,True,2.0,01KJN7K5N4ST52DKC6PJKDD43H,False,,,,,,,False,False,70.0,,0.0,1772389079989,1772389089080,9091,,01KJN78CQJ3KY7VMGAR6F3D4S0,False,3,False,True,True,,,,,,,,False,
01KJN6MMQ03KZPZN0275VZXK6R,01KJN7863BFF3ZYZGVVSATZTH7,Player,C,B,listener,5.0,refgame,2.0,page7-107,page7-107,True,2.0,01KJN7JJ4DKT23HYM95ZYF4P0X,False,,,,,,,False,False,69.0,,0.0,1772389271826,1772389285927,14101,,01KJN78DQ6KC0F9N1HA0BPB44R,True,3,False,True,True,,,,,,,,False,
01KJN6MMPQTMDYRN709968YFN1,01KJN791EPN054R2NTQQ1BFXJ5,Minu,A,A,listener,5.0,refgame,1.0,page7-255,page7-255,True,2.0,01KJN7K5K5Y5YKVY7Z5PH8EA1C,False,,,,,,,False,False,34.0,,0.0,1772388215821,1772388254481,38660,,01KJN78JVY5FN5QXW9XGGE72RG,True,3,False,True,True,,,,,,,,False,
01KJN6MMPQTMDYRN709DP5DSDA,01KJN7931DXZ65NXTWK1GNEZMW,Nori,C,C,listener,3.0,refgame,2.0,page9-46,page9-46,True,2.0,01KJN7KZ4QMNMSWDESPF7REVXV,False,,,,,,,False,False,55.0,,0.0,1772388358226,1772388367836,9610,,01KJN79ZQD1E4YD03FE5CGJY8K,True,3,False,True,True,,,,,,,,False,
01KJN6MMPQTMDYRN709DP5DSDA,01KJN7B4V2673GK7HGVSG52R2P,Hera,B,B,speaker,3.0,refgame,1.0,page9-46,,,2.0,01KJN7KYX0NA6EE02CQYEKX5QJ,False,,,,,,,False,False,20.0,,0.0,1772387587210,1772387601216,14006,2.0,01KJN7B4V2673GK7HGVSG52R2P,,3,False,True,False,,,,,,,,False,
01KJN6MMQ03KZPZN0275VZXK6R,01KJN7C40WEQBDF48ACG18M0EV,Player,B,C,listener,2.0,refgame,2.0,page7-255,page5-64,False,0.0,01KJN7JJ17ZTZ9QC0YBJF7F8VH,False,,,,,,,False,False,49.0,,0.0,1772388742925,1772388762952,20027,,01KJN7AZC7FAG17CY924MRTCF7,False,3,False,True,True,,,,,,,,False,
01KJN6MMPQTMDYRN709DP5DSDA,01KJN7931DXZ65NXTWK1GNEZMW,Nori,C,C,speaker,2.0,refgame,1.0,page-B,,,2.0,01KJN7KZ33V5V719AES7EBWC0V,False,,,,,,,False,False,14.0,,0.0,1772387342438,1772387377362,34924,1.0,01KJN7931DXZ65NXTWK1GNEZMW,,3,False,True,False,,,,,,,,False,
01KJN6MMPQTMDYRN709DP5DSDA,01KJN7AAWT4GWKRZ7B9775509P,Zuda,B,B,listener,3.0,refgame,2.0,page7-107,page7-107,True,2.0,01KJN7KZ4AQMTPYG5CPW2RCWSG,False,,,,,,,False,False,56.0,,0.0,1772388372542,1772388384910,12368,,01KJN7B4V2673GK7HGVSG52R2P,True,3,False,True,True,,,,,,,,False,
01KJN6MMQ03KZPZN0275VZXK6R,01KJN792W85XPK9QGH8A6HSYSJ,Player,B,A,speaker,1.0,refgame,2.0,page9-46,,,1.0,01KJN7JJ13QJT8W0QKT01PY95R,False,,,,,,,False,False,45.0,,0.0,1772388615173,1772388635199,20026,1.0,01KJN792W85XPK9QGH8A6HSYSJ,,3,False,True,False,,,,,,,,False,
01KJN6MMQ03KZPZN0275VZXK6R,01KJN7863BFF3ZYZGVVSATZTH7,Player,C,B,speaker,4.0,refgame,2.0,page3-35,,,2.0,01KJN7JJ4KG1JY79DXAW7HB1X7,False,,,,,,,False,False,62.0,,0.0,1772389088043,1772389101379,13336,2.0,01KJN7863BFF3ZYZGVVSATZTH7,,3,False,True,False,,,,,,,,False,
01KJN6MMPQTMDYRN709DP5DSDA,01KJN79ZQD1E4YD03FE5CGJY8K,Lika,C,C,listener,5.0,refgame,1.0,page9-46,page9-46,True,2.0,01KJN7KYWCG0VSA4BGP1BA4VRQ,False,,,,,,,False,False,31.0,,0.0,1772387903476,1772387912499,9023,,01KJN7931DXZ65NXTWK1GNEZMW,True,3,False,True,True,,,,,,,,False,
01KJN6MMPQTMDYRN709968YFN1,01KJN79Y7T0VZNKHTSJRZWTDZ5,Player,B,B,listener,2.0,refgame,2.0,page5-28,page5-28,True,2.0,01KJN7K5H5ZRHXSPNRV2ZHHSXR,False,,,,,,,False,False,50.0,,0.0,1772388673634,1772388691807,18173,,01KJN78JVY5FN5QXW9XGGE72RG,False,3,False,True,True,,,,,,,,False,
01KJN6MMQ03KZPZN0275VZXK6R,01KJN7AAX1VHZ1A7ZB35BNRH8N,Player,A,C,listener,5.0,refgame,2.0,page7-255,page7-255,True,2.0,01KJN7JJ4EG9317PS97N14VR0A,False,,,,,,,False,False,67.0,,0.0,1772389216265,1772389236271,20006,,01KJN7AZC7FAG17CY924MRTCF7,True,3,False,True,True,,,,,,,,False,
01KJN6MMQ03KZPZN0275VZXK6R,01KJN79B14FBSYSKKCG2BYVBB6,Repi,A,A,listener,5.0,refgame,1.0,page-B,page-B,True,2.0,01KJN7JJ1MRR84KNB9E0DAG180,False,,,,,,,False,False,32.0,,0.0,1772388138113,1772388181120,43007,,01KJN7AZC7FAG17CY924MRTCF7,True,3,False,True,True,,,,,,,,False,
01KJN6MMQ03KZPZN0275VZXK6R,01KJN792W85XPK9QGH8A6HSYSJ,Zuda,B,B,listener,0.0,refgame,1.0,page9-46,page9-46,True,2.0,01KJN7JJ0WM538Q7726PW4BTD2,False,,,,,,,False,False,5.0,,0.0,1772386890514,1772386933734,43220,,01KJN7C40WEQBDF48ACG18M0EV,True,3,False,True,True,,,,,,,,False,
01KJN6MMPQTMDYRN709968YFN1,01KJN788SPAKVVBHX9T9FDQWAF,Zuda,B,B,speaker,1.0,refgame,1.0,page7-107,,,2.0,01KJN7K5FPBRARD9EVC2PVD07Q,False,,,,,,,False,False,8.0,,0.0,1772387081275,1772387110069,28794,1.0,01KJN788SPAKVVBHX9T9FDQWAF,,3,False,True,False,,,,,,,,False,
01KJN6MMPQTMDYRN709968YFN1,01KJN78JVY5FN5QXW9XGGE72RG,Laju,A,A,listener,3.0,refgame,1.0,page7-107,page7-107,True,2.0,01KJN7K5J4M8ZP49YPQF1AN3HY,False,,,,,,,False,False,19.0,,0.0,1772387620952,1772387665967,45015,,01KJN78B0TFR8F59JDGD057XNS,True,3,False,True,True,,,,,,,,False,
01KJN6MMPQTMDYRN709DP5DSDA,01KJN7931DXZ65NXTWK1GNEZMW,Nori,C,C,speaker,5.0,refgame,1.0,page9-46,,,2.0,01KJN7KYWCG0VSA4BGP1BA4VRQ,False,,,,,,,False,False,31.0,,0.0,1772387903476,1772387912499,9023,2.0,01KJN7931DXZ65NXTWK1GNEZMW,,3,False,True,False,,,,,,,,False,
01KJN6MMPQTMDYRN709DP5DSDA,01KJN79PCAAMFX7P2QF70Y3HJM,Repi,A,A,speaker,0.0,refgame,2.0,page-B,,,2.0,01KJN7KYYKG4J0XFNGWMZ2451X,False,,,,,,,False,False,36.0,,0.0,1772388039295,1772388059290,19995,1.0,01KJN79PCAAMFX7P2QF70Y3HJM,,3,False,True,False,,,,,,,,False,
01KJN6MMPQTMDYRN709DP5DSDA,01KJN7B32C1C5254NSG6ZK1GRK,Laju,A,A,listener,0.0,refgame,2.0,page3-35,page3-35,True,2.0,01KJN7KYYEBVY8X95NHX4BR4FV,False,,,,,,,False,False,37.0,,0.0,1772388064178,1772388076151,11973,,01KJN79PCAAMFX7P2QF70Y3HJM,True,3,False,True,True,,,,,,,,False,
01KJN6MMPQTMDYRN709968YFN1,01KJN78JVY5FN5QXW9XGGE72RG,Laju,A,A,listener,3.0,refgame,1.0,page5-28,page5-28,True,2.0,01KJN7K5NP3KHGDZYWKZZ35KWP,False,,,,,,,False,False,23.0,,0.0,1772387820081,1772387851750,31669,,01KJN78B0TFR8F59JDGD057XNS,True,3,False,True,True,,,,,,,,False,
01KJN6MMPQTMDYRN709968YFN1,01KJN78B0TFR8F59JDGD057XNS,Player,A,A,listener,4.0,refgame,2.0,page3-35,page3-35,True,2.0,01KJN7K5K695VY1A5FSVY4M3X0,False,,,,,,,False,False,63.0,,0.0,1772388944534,1772388952202,7668,,01KJN791EPN054R2NTQQ1BFXJ5,True,3,False,True,True,,,,,,,,False,
01KJN6MMPQTMDYRN709DP5DSDA,01KJN79ZQD1E4YD03FE5CGJY8K,Lika,C,C,speaker,0.0,refgame,1.0,page9-46,,,1.0,01KJN7KZ5QZB0KWEYKCMJ2KY6D,False,,,,,,,False,False,2.0,,0.0,1772386765466,1772386810471,45005,1.0,01KJN79ZQD1E4YD03FE5CGJY8K,,3,False,True,False,,,,,,,,False,
01KJN6MMPQTMDYRN709DP5DSDA,01KJN7BYA5X3A2G30KZECRY2HY,Bavi,B,B,speaker,2.0,refgame,1.0,page7-107,,,2.0,01KJN7KZ3TKA2G2034PKAJD3VQ,False,,,,,,,False,False,12.0,,0.0,1772387278345,1772387311206,32861,1.0,01KJN7BYA5X3A2G30KZECRY2HY,,3,False,True,False,,,,,,,,False,
01KJN6MMQ03KZPZN0275VZXK6R,01KJN78DQ6KC0F9N1HA0BPB44R,Nori,C,C,listener,3.0,refgame,1.0,page7-107,page7-107,True,2.0,01KJN7JJ46829SY13E2SZ3F6SZ,False,,,,,,,False,False,23.0,,0.0,1772387751836,1772387795619,43783,,01KJN79J529BWBWTESKB6D9MB7,True,3,False,True,True,,,,,,,,False,
01KJN6MMPQTMDYRN709DP5DSDA,01KJN7AAWT4GWKRZ7B9775509P,Zuda,B,B,speaker,1.0,refgame,2.0,page7-255,,,2.0,01KJN7KYX5K9668G0J8VAVZ5YF,False,,,,,,,False,False,43.0,,0.0,1772388168595,1772388178913,10318,1.0,01KJN7AAWT4GWKRZ7B9775509P,,3,False,True,False,,,,,,,,False,
01KJN6MMPQTMDYRN709DP5DSDA,01KJN7931DXZ65NXTWK1GNEZMW,Nori,C,C,listener,3.0,refgame,2.0,page3-35,page3-35,True,2.0,01KJN7KZ431YCMQ4BZRNENZDQR,False,,,,,,,False,False,57.0,,0.0,1772388389690,1772388398556,8866,,01KJN79ZQD1E4YD03FE5CGJY8K,True,3,False,True,True,,,,,,,,False,
01KJN6MMQ03KZPZN0275VZXK6R,01KJN79B14FBSYSKKCG2BYVBB6,Player,A,C,listener,2.0,refgame,2.0,page3-35,page3-35,True,2.0,01KJN7JJ106G1CY7M5WR0DQX8K,False,,,,,,,False,False,52.0,,0.0,1772388822410,1772388841310,18900,,01KJN78DQ6KC0F9N1HA0BPB44R,False,3,False,True,True,,,,,,,,False,
01KJN6MMPQTMDYRN709DP5DSDA,01KJN7B32C1C5254NSG6ZK1GRK,Laju,A,A,speaker,2.0,refgame,1.0,page7-107,,,2.0,01KJN7KZ3TKA2G2034PKAJD3VQ,False,,,,,,,False,False,12.0,,0.0,1772387278345,1772387311206,32861,1.0,01KJN7B32C1C5254NSG6ZK1GRK,,3,False,True,False,,,,,,,,False,
01KJN6MMPQTMDYRN709968YFN1,01KJN78CQJ3KY7VMGAR6F3D4S0,Bavi,B,B,speaker,2.0,refgame,1.0,page9-46,,,2.0,01KJN7K5HXVCRWCHH6JDWC7QS9,False,,,,,,,False,False,13.0,,0.0,1772387325214,1772387352995,27781,1.0,01KJN78CQJ3KY7VMGAR6F3D4S0,,3,False,True,False,,,,,,,,False,
01KJN6MMPQTMDYRN709968YFN1,01KJN79Y7T0VZNKHTSJRZWTDZ5,Hera,B,B,listener,2.0,refgame,1.0,page5-28,page7-26,False,0.0,01KJN7K5JK17KT4QXX6TA90JSY,False,,,,,,,False,False,17.0,,0.0,1772387520964,1772387561058,40094,,01KJN78CQJ3KY7VMGAR6F3D4S0,True,3,False,True,True,,,,,,,,False,
01KJN6MMQ03KZPZN0275VZXK6R,01KJN7C40WEQBDF48ACG18M0EV,Hera,B,B,listener,2.0,refgame,1.0,page7-255,page7-255,True,2.0,01KJN7JJ0YKPRCT8KSF0KQWF0X,False,,,,,,,False,False,14.0,,0.0,1772387327727,1772387351607,23880,,01KJN7A44GGBE9XR412KV5BFSC,True,3,False,True,True,,,,,,,,False,
01KJN6MMQ03KZPZN0275VZXK6R,01KJN79B14FBSYSKKCG2BYVBB6,Repi,A,A,listener,2.0,refgame,1.0,page7-107,page7-107,True,2.0,01KJN7JJ0VF0RPKW84F3EHNK6T,False,,,,,,,False,False,16.0,,0.0,1772387410361,1772387435193,24832,,01KJN7AZC7FAG17CY924MRTCF7,True,3,False,True,True,,,,,,,,False,
01KJN6MMQ03KZPZN0275VZXK6R,01KJN7863BFF3ZYZGVVSATZTH7,Felu,C,C,listener,3.0,refgame,1.0,page3-35,page3-35,True,2.0,01KJN7JJ49X2EQESMMJM9CKKQQ,False,,,,,,,False,False,21.0,,0.0,1772387640673,1772387685705,45032,,01KJN79J529BWBWTESKB6D9MB7,True,3,False,True,True,,,,,,,,False,
01KJN6MMPQTMDYRN709DP5DSDA,01KJN77XQHYQ5TVVY4HZM02E7R,Felu,C,C,speaker,4.0,refgame,2.0,page7-107,,,1.0,01KJN7KZ6AHC28MWRG7T2V9Z51,False,,,,,,,False,False,61.0,,0.0,1772388450895,1772388465106,14211,2.0,01KJN77XQHYQ5TVVY4HZM02E7R,,3,False,True,False,,,,,,,,False,
01KJN6MMPQTMDYRN709968YFN1,01KJN791EPN054R2NTQQ1BFXJ5,Player,A,B,listener,3.0,refgame,2.0,page-B,page-B,True,2.0,01KJN7K5KV1DMM3M0MZ8H6JHST,False,,,,,,,False,False,57.0,,0.0,1772388811463,1772388820940,9477,,01KJN78B0TFR8F59JDGD057XNS,True,3,False,True,True,,,,,,,,False,
01KJN6MMPQTMDYRN709968YFN1,01KJN78M7563R5D9TQE5G142DA,Lika,C,C,listener,4.0,refgame,1.0,page3-35,page3-35,True,2.0,01KJN7K5G5WAEHV15ZSNYXBM25,False,,,,,,,False,False,25.0,,0.0,1772387906351,1772387927135,20784,,01KJN796KT7FCNV2F9QNCQDSES,True,3,False,True,True,,,,,,,,False,
01KJN6MMPQTMDYRN709968YFN1,01KJN79Y7T0VZNKHTSJRZWTDZ5,Hera,B,B,speaker,0.0,refgame,1.0,page3-35,,,2.0,01KJN7K5HHFJZXYFX14TKSFBHN,False,,,,,,,False,False,4.0,,0.0,1772386867613,1772386912635,45022,1.0,01KJN79Y7T0VZNKHTSJRZWTDZ5,,3,False,True,False,,,,,,,,False,
01KJN6MMPQTMDYRN709968YFN1,01KJN788SPAKVVBHX9T9FDQWAF,Zuda,B,B,listener,3.0,refgame,1.0,page7-255,page7-255,True,2.0,01KJN7K5QG4CHFGPDNXVD1PEDF,False,,,,,,,False,False,22.0,,0.0,1772387769859,1772387810656,40797,,01KJN79Y7T0VZNKHTSJRZWTDZ5,True,3,False,True,True,,,,,,,,False,
01KJN6MMPQTMDYRN709DP5DSDA,01KJN7BYA5X3A2G30KZECRY2HY,Bavi,B,B,speaker,5.0,refgame,1.0,page5-28,,,2.0,01KJN7KYZA3BRY3D1F5P0C9MSA,False,,,,,,,False,False,32.0,,0.0,1772387915811,1772387930604,14793,2.0,01KJN7BYA5X3A2G30KZECRY2HY,,3,False,True,False,,,,,,,,False,
01KJN6MMQ03KZPZN0275VZXK6R,01KJN7AAX1VHZ1A7ZB35BNRH8N,Player,A,B,speaker,1.0,refgame,2.0,page3-35,,,2.0,01KJN7JJ1820G44H819DQJ8GMD,False,,,,,,,False,False,43.0,,0.0,1772388552835,1772388572920,20085,1.0,01KJN7AAX1VHZ1A7ZB35BNRH8N,,3,False,True,False,,,,,,,,False,
01KJN6MMQ03KZPZN0275VZXK6R,01KJN78DQ6KC0F9N1HA0BPB44R,Nori,C,C,listener,1.0,refgame,1.0,page5-28,page7-26,False,0.0,01KJN7JHZNKNR7P7NGWFBFRP56,False,,,,,,,False,False,8.0,,0.0,1772387040356,1772387085361,45005,,01KJN7863BFF3ZYZGVVSATZTH7,True,3,False,True,True,,,,,,,,False,
01KJN6MMPQTMDYRN709968YFN1,01KJN78M7563R5D9TQE5G142DA,Lika,C,C,speaker,3.0,refgame,1.0,page7-107,,,0.0,01KJN7K5J4M8ZP49YPQF1AN3HY,False,,,,,,,False,False,19.0,,0.0,1772387620952,1772387665967,45015,2.0,01KJN78M7563R5D9TQE5G142DA,,3,False,True,False,,,,,,,,False,
01KJN6MMQ03KZPZN0275VZXK6R,01KJN7863BFF3ZYZGVVSATZTH7,Felu,C,C,listener,5.0,refgame,1.0,page-B,page-B,True,2.0,01KJN7JJ1MRR84KNB9E0DAG180,False,,,,,,,False,False,32.0,,0.0,1772388138113,1772388181120,43007,,01KJN78DQ6KC0F9N1HA0BPB44R,True,3,False,True,True,,,,,,,,False,
01KJN6MMQ03KZPZN0275VZXK6R,01KJN7AAX1VHZ1A7ZB35BNRH8N,Player,A,A,listener,0.0,refgame,2.0,page-B,page-B,True,2.0,01KJN7JJ1CYQGSSJG1WBPKBVA9,False,,,,,,,False,False,36.0,,0.0,1772388356520,1772388376546,20026,,01KJN79J529BWBWTESKB6D9MB7,False,3,False,True,True,,,,,,,,False,
01KJN6MMPQTMDYRN709DP5DSDA,01KJN77XQHYQ5TVVY4HZM02E7R,Felu,C,C,listener,5.0,refgame,2.0,page9-46,page9-46,True,2.0,01KJN7KZ4514C3QZK5XNERM52K,False,,,,,,,False,False,67.0,,0.0,1772388551585,1772388565781,14196,,01KJN7931DXZ65NXTWK1GNEZMW,True,3,False,True,True,,,,,,,,False,
01KJN6MMPQTMDYRN709DP5DSDA,01KJN7B4V2673GK7HGVSG52R2P,Hera,B,B,speaker,0.0,refgame,1.0,page7-255,,,0.0,01KJN7KYY7ZXJQFEB6A26GX86K,False,,,,,,,False,False,3.0,,0.0,1772386819116,1772386858961,39845,1.0,01KJN7B4V2673GK7HGVSG52R2P,,3,False,True,False,,,,,,,,False,
01KJN6MMPQTMDYRN709968YFN1,01KJN79ZDP3YNFFHHQA302PJDP,Nori,C,C,speaker,2.0,refgame,1.0,page3-35,,,2.0,01KJN7K5JZQZB4NY8FJRJX504H,False,,,,,,,False,False,12.0,,0.0,1772387282349,1772387317911,35562,1.0,01KJN79ZDP3YNFFHHQA302PJDP,,3,False,True,False,,,,,,,,False,
01KJN6MMQ03KZPZN0275VZXK6R,01KJN7AAX1VHZ1A7ZB35BNRH8N,Minu,A,A,listener,3.0,refgame,1.0,page5-28,page5-28,True,2.0,01KJN7JJ4ABAFV6YM5DS9T3RJP,False,,,,,,,False,False,22.0,,0.0,1772387701843,1772387743214,41371,,01KJN79B14FBSYSKKCG2BYVBB6,True,3,False,True,True,,,,,,,,False,
01KJN6MMPQTMDYRN709968YFN1,01KJN79ZDP3YNFFHHQA302PJDP,Nori,C,C,listener,4.0,refgame,1.0,page5-28,page9-46,False,0.0,01KJN7K5KQ8WFY6EA4MTPDWMDN,False,,,,,,,False,False,27.0,,0.0,1772387967408,1772387993664,26256,,01KJN796KT7FCNV2F9QNCQDSES,True,3,False,True,True,,,,,,,,False,
01KJN6MMPQTMDYRN709DP5DSDA,01KJN7AAWT4GWKRZ7B9775509P,Zuda,B,B,listener,0.0,refgame,2.0,page3-35,page3-35,True,2.0,01KJN7KYYEBVY8X95NHX4BR4FV,False,,,,,,,False,False,37.0,,0.0,1772388064178,1772388076151,11973,,01KJN7B4V2673GK7HGVSG52R2P,True,3,False,True,True,,,,,,,,False,
01KJN6MMPQTMDYRN709DP5DSDA,01KJN77XQHYQ5TVVY4HZM02E7R,Felu,C,C,listener,3.0,refgame,2.0,page-B,,False,0.0,01KJN7KZ53A9914CYGA6DKSVTE,False,,,,,,,True,False,54.0,,0.0,1772388333789,1772388353858,20069,,01KJN79ZQD1E4YD03FE5CGJY8K,True,3,False,True,True,,,,,,,,False,
01KJN6MMPQTMDYRN709DP5DSDA,01KJN79ZRTRDMY6RH8ZCYCM9NV,Minu,A,A,speaker,4.0,refgame,2.0,page5-28,,,2.0,01KJN7KZ5A7Y4CEP43YBWJ659J,False,,,,,,,False,False,64.0,,0.0,1772388504343,1772388518698,14355,2.0,01KJN79ZRTRDMY6RH8ZCYCM9NV,,3,False,True,False,,,,,,,,False,
01KJN6MMQ03KZPZN0275VZXK6R,01KJN7AZC7FAG17CY924MRTCF7,Player,A,C,listener,3.0,refgame,2.0,page-B,page6-149,False,0.0,01KJN7JJ1CYQGSSJG1XAFMYT77,False,,,,,,,False,False,54.0,,0.0,1772388877448,1772388897486,20038,,01KJN79B14FBSYSKKCG2BYVBB6,True,3,False,True,True,,,,,,,,False,
01KJN6MMPQTMDYRN709968YFN1,01KJN788SPAKVVBHX9T9FDQWAF,Zuda,B,B,speaker,1.0,refgame,1.0,page3-35,,,2.0,01KJN7K5HFQ0YWS0B8B4TY02DQ,False,,,,,,,False,False,6.0,,0.0,1772386972417,1772387017438,45021,1.0,01KJN788SPAKVVBHX9T9FDQWAF,,3,False,True,False,,,,,,,,False,
01KJN6MMPQTMDYRN709DP5DSDA,01KJN7B4V2673GK7HGVSG52R2P,Hera,B,B,listener,4.0,refgame,1.0,page5-28,page5-28,True,2.0,01KJN7KYWFXTPDV5GRYPW63TV1,False,,,,,,,False,False,24.0,,0.0,1772387688519,1772387709099,20580,,01KJN7AAWT4GWKRZ7B9775509P,True,3,False,True,True,,,,,,,,False,
01KJN6MMQ03KZPZN0275VZXK6R,01KJN7863BFF3ZYZGVVSATZTH7,Felu,C,C,listener,0.0,refgame,1.0,page5-28,page4-157,False,0.0,01KJN7JHZFFFSQ6C949D4A45VQ,False,,,,,,,False,False,2.0,,0.0,1772386731115,1772386774129,43014,,01KJN79J529BWBWTESKB6D9MB7,True,3,False,True,True,,,,,,,,False,
01KJN6MMPQTMDYRN709DP5DSDA,01KJN7931DXZ65NXTWK1GNEZMW,Nori,C,C,listener,3.0,refgame,2.0,page5-28,page5-28,True,2.0,01KJN7KZ3Q92SVP2Y70T8S3RW4,False,,,,,,,False,False,58.0,,0.0,1772388403986,1772388416078,12092,,01KJN79ZQD1E4YD03FE5CGJY8K,True,3,False,True,True,,,,,,,,False,
01KJN6MMPQTMDYRN709DP5DSDA,01KJN7931DXZ65NXTWK1GNEZMW,Nori,C,C,listener,4.0,refgame,2.0,page5-28,page5-28,True,2.0,01KJN7KZ5A7Y4CEP43YBWJ659J,False,,,,,,,False,False,64.0,,0.0,1772388504343,1772388518698,14355,,01KJN77XQHYQ5TVVY4HZM02E7R,True,3,False,True,True,,,,,,,,False,
01KJN6MMQ03KZPZN0275VZXK6R,01KJN78DQ6KC0F9N1HA0BPB44R,Player,C,B,speaker,2.0,refgame,2.0,page5-28,,,2.0,01KJN7JJ144X9C126M86JNY5Y5,False,,,,,,,False,False,50.0,,0.0,1772388771422,1772388791447,20025,1.0,01KJN78DQ6KC0F9N1HA0BPB44R,,3,False,True,False,,,,,,,,False,
01KJN6MMPQTMDYRN709DP5DSDA,01KJN7B4V2673GK7HGVSG52R2P,Hera,B,B,speaker,0.0,refgame,1.0,page-B,,,0.0,01KJN7KZ574PYN6K4M6G2QP8KT,False,,,,,,,False,False,5.0,,0.0,1772386930515,1772386975529,45014,1.0,01KJN7B4V2673GK7HGVSG52R2P,,3,False,True,False,,,,,,,,False,
01KJN6MMPQTMDYRN709DP5DSDA,01KJN7B4V2673GK7HGVSG52R2P,Hera,B,B,listener,2.0,refgame,2.0,page3-35,page3-35,True,2.0,01KJN7KZ675C4DZYAWX412DRNF,False,,,,,,,False,False,49.0,,0.0,1772388265292,1772388271918,6626,,01KJN7BYA5X3A2G30KZECRY2HY,True,3,False,True,True,,,,,,,,False,
01KJN6MMPQTMDYRN709DP5DSDA,01KJN77XQHYQ5TVVY4HZM02E7R,Felu,C,C,speaker,4.0,refgame,2.0,page3-35,,,2.0,01KJN7KZ5X7KJG8NWSNPRZKCCR,False,,,,,,,False,False,62.0,,0.0,1772388469790,1772388484269,14479,2.0,01KJN77XQHYQ5TVVY4HZM02E7R,,3,False,True,False,,,,,,,,False,
01KJN6MMPQTMDYRN709DP5DSDA,01KJN7931DXZ65NXTWK1GNEZMW,Nori,C,C,listener,4.0,refgame,2.0,page3-35,page3-35,True,2.0,01KJN7KZ5X7KJG8NWSNPRZKCCR,False,,,,,,,False,False,62.0,,0.0,1772388469790,1772388484269,14479,,01KJN77XQHYQ5TVVY4HZM02E7R,True,3,False,True,True,,,,,,,,False,
01KJN6MMPQTMDYRN709968YFN1,01KJN791EPN054R2NTQQ1BFXJ5,Minu,A,A,listener,3.0,refgame,1.0,page3-35,page3-35,True,2.0,01KJN7K5J1ZRGX1V6B624J4KWP,False,,,,,,,False,False,21.0,,0.0,1772387727233,1772387763463,36230,,01KJN78B0TFR8F59JDGD057XNS,True,3,False,True,True,,,,,,,,False,
01KJN6MMPQTMDYRN709968YFN1,01KJN791EPN054R2NTQQ1BFXJ5,Player,A,A,listener,0.0,refgame,2.0,page5-28,page7-107,False,0.0,01KJN7K5JHH03N9GJWQ4QNWTP8,False,,,,,,,False,False,36.0,,0.0,1772388344987,1772388366474,21487,,01KJN79Y7T0VZNKHTSJRZWTDZ5,False,3,False,True,True,,,,,,,,False,
01KJN6MMPQTMDYRN709DP5DSDA,01KJN79ZQD1E4YD03FE5CGJY8K,Lika,C,C,listener,4.0,refgame,2.0,page-B,page-B,True,2.0,01KJN7KYZJSMEX4580M0EBGRRX,False,,,,,,,False,False,60.0,,0.0,1772388433928,1772388447118,13190,,01KJN77XQHYQ5TVVY4HZM02E7R,True,3,False,True,True,,,,,,,,False,
01KJN6MMQ03KZPZN0275VZXK6R,01KJN79B14FBSYSKKCG2BYVBB6,Repi,A,A,listener,4.0,refgame,1.0,page-B,page-B,True,2.0,01KJN7JJ1T0XBC815C25NRSF57,False,,,,,,,False,False,29.0,,0.0,1772388018523,1772388063879,45356,,01KJN7AAX1VHZ1A7ZB35BNRH8N,True,3,False,True,True,,,,,,,,False,
01KJN6MMPQTMDYRN709DP5DSDA,01KJN7BYA5X3A2G30KZECRY2HY,Bavi,B,B,listener,0.0,refgame,2.0,page5-28,page5-28,True,2.0,01KJN7KYY3G8VA1DGR0XCV0GC9,False,,,,,,,False,False,39.0,,0.0,1772388096966,1772388111396,14430,,01KJN7B4V2673GK7HGVSG52R2P,True,3,False,True,True,,,,,,,,False,
01KJN6MMQ03KZPZN0275VZXK6R,01KJN792W85XPK9QGH8A6HSYSJ,Player,B,A,listener,0.0,refgame,2.0,page9-46,page9-46,True,2.0,01KJN7JJ1R0ZCD3D5GW7K272MC,False,,,,,,,False,False,40.0,,0.0,1772388475619,1772388495644,20025,,01KJN79J529BWBWTESKB6D9MB7,False,3,False,True,True,,,,,,,,False,
01KJN6MMQ03KZPZN0275VZXK6R,01KJN78DQ6KC0F9N1HA0BPB44R,Player,C,A,listener,1.0,refgame,2.0,page7-255,page7-255,True,2.0,01KJN7JJ196KV3QWCGEJ4WFSSY,False,,,,,,,False,False,42.0,,0.0,1772388525929,1772388545961,20032,,01KJN7AAX1VHZ1A7ZB35BNRH8N,False,3,False,True,True,,,,,,,,False,
01KJN6MMQ03KZPZN0275VZXK6R,01KJN7A44GGBE9XR412KV5BFSC,Player,B,B,listener,4.0,refgame,2.0,page7-107,page7-107,True,2.0,01KJN7JJ4J76TV80J433JG2B0V,False,,,,,,,False,False,64.0,,0.0,1772389135659,1772389154915,19256,,01KJN792W85XPK9QGH8A6HSYSJ,True,3,False,True,True,,,,,,,,False,
01KJN6MMPQTMDYRN709968YFN1,01KJN791EPN054R2NTQQ1BFXJ5,Minu,A,A,listener,5.0,refgame,1.0,page5-28,page5-28,True,2.0,01KJN7K5KHS8NZF1KQV836M65V,False,,,,,,,False,False,32.0,,0.0,1772388150885,1772388181824,30939,,01KJN78JVY5FN5QXW9XGGE72RG,True,3,False,True,True,,,,,,,,False,
01KJN6MMQ03KZPZN0275VZXK6R,01KJN7AZC7FAG17CY924MRTCF7,Laju,A,A,speaker,5.0,refgame,1.0,page7-255,,,2.0,01KJN7JJ1FP44XD8PJXNFE1281,False,,,,,,,False,False,34.0,,0.0,1772388219015,1772388247646,28631,2.0,01KJN7AZC7FAG17CY924MRTCF7,,3,False,True,False,,,,,,,,False,
01KJN6MMPQTMDYRN709DP5DSDA,01KJN7BYA5X3A2G30KZECRY2HY,Bavi,B,B,speaker,2.0,refgame,2.0,page9-46,,,2.0,01KJN7KYX9412F6D9T4P6GZVTR,False,,,,,,,False,False,48.0,,0.0,1772388246013,1772388259312,13299,1.0,01KJN7BYA5X3A2G30KZECRY2HY,,3,False,True,False,,,,,,,,False,
01KJN6MMPQTMDYRN709968YFN1,01KJN78B0TFR8F59JDGD057XNS,Player,A,B,speaker,0.0,refgame,2.0,page-B,,,2.0,01KJN7K5QYJHXV5CARZ38T1JEN,False,,,,,,,False,False,41.0,,0.0,1772388472700,1772388487001,14301,1.0,01KJN78B0TFR8F59JDGD057XNS,,3,False,True,False,,,,,,,,False,
01KJN6MMQ03KZPZN0275VZXK6R,01KJN79J529BWBWTESKB6D9MB7,Player,C,C,listener,5.0,refgame,2.0,page3-35,page3-35,True,2.0,01KJN7JJ4F71QKFN9HJKMN6A4E,False,,,,,,,False,False,66.0,,0.0,1772389189262,1772389209322,20060,,01KJN78DQ6KC0F9N1HA0BPB44R,True,3,False,True,True,,,,,,,,False,
01KJN6MMPQTMDYRN709968YFN1,01KJN791EPN054R2NTQQ1BFXJ5,Minu,A,A,listener,0.0,refgame,1.0,page7-255,page9-46,False,0.0,01KJN7K5JCNXJGPF3SH23VVTP4,False,,,,,,,False,False,3.0,,0.0,1772386806901,1772386851896,44995,,01KJN78B0TFR8F59JDGD057XNS,True,3,False,True,True,,,,,,,,False,
01KJN6MMPQTMDYRN709968YFN1,01KJN79ZDP3YNFFHHQA302PJDP,Nori,C,C,listener,1.0,refgame,1.0,page7-107,page7-107,True,2.0,01KJN7K5FPBRARD9EVC2PVD07Q,False,,,,,,,False,False,8.0,,0.0,1772387081275,1772387110069,28794,,01KJN796KT7FCNV2F9QNCQDSES,True,3,False,True,True,,,,,,,,False,
01KJN6MMQ03KZPZN0275VZXK6R,01KJN7A44GGBE9XR412KV5BFSC,Bavi,B,B,speaker,2.0,refgame,1.0,page-B,,,0.0,01KJN7JJ0S1X2V7QFWX9C1FNPF,False,,,,,,,False,False,17.0,,0.0,1772387448618,1772387484496,35878,1.0,01KJN7A44GGBE9XR412KV5BFSC,,3,False,True,False,,,,,,,,False,
01KJN6MMQ03KZPZN0275VZXK6R,01KJN79B14FBSYSKKCG2BYVBB6,Repi,A,A,listener,4.0,refgame,1.0,page3-35,page3-35,True,2.0,01KJN7JJ4HZG5Q1EBE5FNHKG1D,False,,,,,,,False,False,24.0,,0.0,1772387807706,1772387836077,28371,,01KJN7AAX1VHZ1A7ZB35BNRH8N,True,3,False,True,True,,,,,,,,False,
01KJN6MMPQTMDYRN709DP5DSDA,01KJN7BYA5X3A2G30KZECRY2HY,Bavi,B,B,listener,4.0,refgame,2.0,page7-107,page7-107,True,2.0,01KJN7KZ6AHC28MWRG7T2V9Z51,False,,,,,,,False,False,61.0,,0.0,1772388450895,1772388465106,14211,,01KJN7AAWT4GWKRZ7B9775509P,True,3,False,True,True,,,,,,,,False,
01KJN6MMPQTMDYRN709968YFN1,01KJN796KT7FCNV2F9QNCQDSES,Felu,C,C,listener,3.0,refgame,1.0,page3-35,page3-35,True,2.0,01KJN7K5J1ZRGX1V6B624J4KWP,False,,,,,,,False,False,21.0,,0.0,1772387727233,1772387763463,36230,,01KJN78M7563R5D9TQE5G142DA,True,3,False,True,True,,,,,,,,False,
01KJN6MMPQTMDYRN709DP5DSDA,01KJN77XQHYQ5TVVY4HZM02E7R,Felu,C,C,listener,0.0,refgame,2.0,page5-28,page5-28,True,2.0,01KJN7KYY3G8VA1DGR0XCV0GC9,False,,,,,,,False,False,39.0,,0.0,1772388096966,1772388111396,14430,,01KJN79ZQD1E4YD03FE5CGJY8K,True,3,False,True,True,,,,,,,,False,
01KJN6MMQ03KZPZN0275VZXK6R,01KJN78DQ6KC0F9N1HA0BPB44R,Player,C,A,listener,1.0,refgame,2.0,page3-35,page3-35,True,2.0,01KJN7JJ1820G44H819DQJ8GMD,False,,,,,,,False,False,43.0,,0.0,1772388552835,1772388572920,20085,,01KJN792W85XPK9QGH8A6HSYSJ,False,3,False,True,True,,,,,,,,False,
01KJN6MMQ03KZPZN0275VZXK6R,01KJN792W85XPK9QGH8A6HSYSJ,Player,B,A,speaker,1.0,refgame,2.0,page3-35,,,2.0,01KJN7JJ1820G44H819DQJ8GMD,False,,,,,,,False,False,43.0,,0.0,1772388552835,1772388572920,20085,1.0,01KJN792W85XPK9QGH8A6HSYSJ,,3,False,True,False,,,,,,,,False,
01KJN6MMQ03KZPZN0275VZXK6R,01KJN7863BFF3ZYZGVVSATZTH7,Player,C,B,speaker,4.0,refgame,2.0,page5-28,,,2.0,01KJN7JJ4EG9317PS98S3CCXVS,False,,,,,,,False,False,65.0,,0.0,1772389164100,1772389184121,20021,2.0,01KJN7863BFF3ZYZGVVSATZTH7,,3,False,True,False,,,,,,,,False,
01KJN6MMQ03KZPZN0275VZXK6R,01KJN7AZC7FAG17CY924MRTCF7,Laju,A,A,listener,1.0,refgame,1.0,page7-107,page7-107,True,2.0,01KJN7JJ0RSHHPHCY0J0NJ4AA1,False,,,,,,,False,False,11.0,,0.0,1772387200129,1772387231040,30911,,01KJN7AAX1VHZ1A7ZB35BNRH8N,True,3,False,True,True,,,,,,,,False,
01KJN6MMQ03KZPZN0275VZXK6R,01KJN7863BFF3ZYZGVVSATZTH7,Felu,C,C,listener,2.0,refgame,1.0,page-B,page-B,True,2.0,01KJN7JJ0S1X2V7QFWX9C1FNPF,False,,,,,,,False,False,17.0,,0.0,1772387448618,1772387484496,35878,,01KJN78DQ6KC0F9N1HA0BPB44R,True,3,False,True,True,,,,,,,,False,
01KJN6MMPQTMDYRN709968YFN1,01KJN78B0TFR8F59JDGD057XNS,Repi,A,A,listener,4.0,refgame,1.0,page-B,page-B,True,2.0,01KJN7K5N24QKEVGWFQFH8SHND,False,,,,,,,False,False,24.0,,0.0,1772387859403,1772387894789,35386,,01KJN791EPN054R2NTQQ1BFXJ5,True,3,False,True,True,,,,,,,,False,
01KJN6MMQ03KZPZN0275VZXK6R,01KJN7863BFF3ZYZGVVSATZTH7,Felu,C,C,speaker,4.0,refgame,1.0,page-B,,,2.0,01KJN7JJ1T0XBC815C25NRSF57,False,,,,,,,False,False,29.0,,0.0,1772388018523,1772388063879,45356,2.0,01KJN7863BFF3ZYZGVVSATZTH7,,3,False,True,False,,,,,,,,False,
01KJN6MMPQTMDYRN709968YFN1,01KJN78JVY5FN5QXW9XGGE72RG,Laju,A,A,speaker,5.0,refgame,1.0,page-B,,,2.0,01KJN7K5KKDNJS2ZHY8A7BH7EB,False,,,,,,,False,False,31.0,,0.0,1772388107860,1772388143179,35319,2.0,01KJN78JVY5FN5QXW9XGGE72RG,,3,False,True,False,,,,,,,,False,
01KJN6MMPQTMDYRN709DP5DSDA,01KJN7B4V2673GK7HGVSG52R2P,Hera,B,B,speaker,0.0,refgame,2.0,page7-107,,,2.0,01KJN7KYXC39570NBM5M60XHPH,False,,,,,,,False,False,41.0,,0.0,1772388134092,1772388144332,10240,1.0,01KJN7B4V2673GK7HGVSG52R2P,,3,False,True,False,,,,,,,,False,
01KJN6MMQ03KZPZN0275VZXK6R,01KJN7863BFF3ZYZGVVSATZTH7,Player,C,C,speaker,4.0,refgame,2.0,page-B,,,2.0,01KJN7JJ4HZG5Q1EBE6H435ZZY,False,,,,,,,False,False,63.0,,0.0,1772389106854,1772389126859,20005,2.0,01KJN7863BFF3ZYZGVVSATZTH7,,3,False,True,False,,,,,,,,False,
01KJN6MMPQTMDYRN709DP5DSDA,01KJN7931DXZ65NXTWK1GNEZMW,Nori,C,C,speaker,5.0,refgame,2.0,page5-28,,,2.0,01KJN7KZ4GGBX7W2AQKMGYBFMR,False,,,,,,,False,False,66.0,,0.0,1772388537478,1772388547714,10236,2.0,01KJN7931DXZ65NXTWK1GNEZMW,,3,False,True,False,,,,,,,,False,
01KJN6MMPQTMDYRN709DP5DSDA,01KJN7931DXZ65NXTWK1GNEZMW,Nori,C,C,listener,4.0,refgame,1.0,page7-255,page7-255,True,2.0,01KJN7KYWTHVP18XWA27WSJNEC,False,,,,,,,False,False,27.0,,0.0,1772387770894,1772387815936,45042,,01KJN77XQHYQ5TVVY4HZM02E7R,True,3,False,True,True,,,,,,,,False,
01KJN6MMPQTMDYRN709DP5DSDA,01KJN7B32C1C5254NSG6ZK1GRK,Laju,A,A,speaker,5.0,refgame,1.0,page9-46,,,2.0,01KJN7KYWCG0VSA4BGP1BA4VRQ,False,,,,,,,False,False,31.0,,0.0,1772387903476,1772387912499,9023,2.0,01KJN7B32C1C5254NSG6ZK1GRK,,3,False,True,False,,,,,,,,False,
01KJN6MMPQTMDYRN709DP5DSDA,01KJN77XQHYQ5TVVY4HZM02E7R,Felu,C,C,speaker,1.0,refgame,2.0,page7-255,,,2.0,01KJN7KYX5K9668G0J8VAVZ5YF,False,,,,,,,False,False,43.0,,0.0,1772388168595,1772388178913,10318,1.0,01KJN77XQHYQ5TVVY4HZM02E7R,,3,False,True,False,,,,,,,,False,
01KJN6MMQ03KZPZN0275VZXK6R,01KJN7C40WEQBDF48ACG18M0EV,Hera,B,B,listener,5.0,refgame,1.0,page9-46,page9-46,True,2.0,01KJN7JJ1GTZ14GD5SHH1T9KDQ,False,,,,,,,False,False,33.0,,0.0,1772388186835,1772388202360,15525,,01KJN7A44GGBE9XR412KV5BFSC,True,3,False,True,True,,,,,,,,False,
01KJN6MMQ03KZPZN0275VZXK6R,01KJN7863BFF3ZYZGVVSATZTH7,Player,C,C,speaker,4.0,refgame,2.0,page9-46,,,2.0,01KJN7JJ4KG1JY79DX9WK2TCTT,False,,,,,,,False,False,61.0,,0.0,1772389065241,1772389081575,16334,2.0,01KJN7863BFF3ZYZGVVSATZTH7,,3,False,True,False,,,,,,,,False,
01KJN6MMPQTMDYRN709DP5DSDA,01KJN7AAWT4GWKRZ7B9775509P,Zuda,B,B,listener,2.0,refgame,1.0,page9-46,page9-46,True,2.0,01KJN7KYZVF0MZ734PHRTBKCFB,False,,,,,,,False,False,17.0,,0.0,1772387460255,1772387497754,37499,,01KJN7BYA5X3A2G30KZECRY2HY,True,3,False,True,True,,,,,,,,False,
01KJN6MMPQTMDYRN709DP5DSDA,01KJN79ZQD1E4YD03FE5CGJY8K,Lika,C,C,speaker,3.0,refgame,1.0,page7-255,,,2.0,01KJN7KYZNJ3BKWKDZS9HS506H,False,,,,,,,False,False,18.0,,0.0,1772387503339,1772387541863,38524,2.0,01KJN79ZQD1E4YD03FE5CGJY8K,,3,False,True,False,,,,,,,,False,
01KJN6MMPQTMDYRN709DP5DSDA,01KJN7B32C1C5254NSG6ZK1GRK,Laju,A,A,listener,3.0,refgame,2.0,page3-35,page3-35,True,2.0,01KJN7KZ431YCMQ4BZRNENZDQR,False,,,,,,,False,False,57.0,,0.0,1772388389690,1772388398556,8866,,01KJN79PCAAMFX7P2QF70Y3HJM,True,3,False,True,True,,,,,,,,False,
01KJN6MMQ03KZPZN0275VZXK6R,01KJN7AAX1VHZ1A7ZB35BNRH8N,Player,A,A,listener,3.0,refgame,2.0,page-B,page-B,True,2.0,01KJN7JJ1CYQGSSJG1XAFMYT77,False,,,,,,,False,False,54.0,,0.0,1772388877448,1772388897486,20038,,01KJN7C40WEQBDF48ACG18M0EV,False,3,False,True,True,,,,,,,,False,
01KJN6MMQ03KZPZN0275VZXK6R,01KJN7AZC7FAG17CY924MRTCF7,Player,A,A,speaker,5.0,refgame,2.0,page5-28,,,2.0,01KJN7JJ4CKNN14ST5YRKZ4T18,False,,,,,,,False,False,68.0,,0.0,1772389244705,1772389263979,19274,2.0,01KJN7AZC7FAG17CY924MRTCF7,,3,False,True,False,,,,,,,,False,
01KJN6MMPQTMDYRN709968YFN1,01KJN79Y7T0VZNKHTSJRZWTDZ5,Hera,B,B,speaker,0.0,refgame,1.0,page7-107,,,0.0,01KJN7K5FA1TQ33CB0SW5804S0,False,,,,,,,False,False,0.0,,0.0,1772386630486,1772386675490,45004,1.0,01KJN79Y7T0VZNKHTSJRZWTDZ5,,3,False,True,False,,,,,,,,False,
01KJN6MMPQTMDYRN709DP5DSDA,01KJN7931DXZ65NXTWK1GNEZMW,Nori,C,C,speaker,5.0,refgame,1.0,page7-255,,,2.0,01KJN7KYWAX41N5G0QPJ1GRFCF,False,,,,,,,False,False,35.0,,0.0,1772387974863,1772388005860,30997,2.0,01KJN7931DXZ65NXTWK1GNEZMW,,3,False,True,False,,,,,,,,False,
01KJN6MMPQTMDYRN709DP5DSDA,01KJN79ZRTRDMY6RH8ZCYCM9NV,Minu,A,A,listener,0.0,refgame,2.0,page5-28,page5-28,True,2.0,01KJN7KYY3G8VA1DGR0XCV0GC9,False,,,,,,,False,False,39.0,,0.0,1772388096966,1772388111396,14430,,01KJN79PCAAMFX7P2QF70Y3HJM,True,3,False,True,True,,,,,,,,False,
01KJN6MMQ03KZPZN0275VZXK6R,01KJN7A44GGBE9XR412KV5BFSC,Player,B,A,listener,0.0,refgame,2.0,page3-35,page3-35,True,2.0,01KJN7JJ1PF41J166TSJBZWQBB,False,,,,,,,False,False,41.0,,0.0,1772388502377,1772388519944,17567,,01KJN79B14FBSYSKKCG2BYVBB6,False,3,False,True,True,,,,,,,,False,
01KJN6MMQ03KZPZN0275VZXK6R,01KJN7AZC7FAG17CY924MRTCF7,Player,A,C,listener,1.0,refgame,2.0,page3-35,page3-35,True,2.0,01KJN7JJ1820G44H819DQJ8GMD,False,,,,,,,False,False,43.0,,0.0,1772388552835,1772388572920,20085,,01KJN7863BFF3ZYZGVVSATZTH7,False,3,False,True,True,,,,,,,,False,
01KJN6MMPQTMDYRN709968YFN1,01KJN78JVY5FN5QXW9XGGE72RG,Player,A,B,speaker,2.0,refgame,2.0,page7-107,,,2.0,01KJN7K5KWYEW2XHWSPH3S9Q47,False,,,,,,,False,False,49.0,,0.0,1772388657038,1772388669026,11988,1.0,01KJN78JVY5FN5QXW9XGGE72RG,,3,False,True,False,,,,,,,,False,
01KJN6MMQ03KZPZN0275VZXK6R,01KJN7AZC7FAG17CY924MRTCF7,Player,A,C,listener,3.0,refgame,2.0,page7-255,page7-255,True,2.0,01KJN7JJ1820G44H81ADMFG2AV,False,,,,,,,False,False,56.0,,0.0,1772388933170,1772388953175,20005,,01KJN79B14FBSYSKKCG2BYVBB6,True,3,False,True,True,,,,,,,,False,
01KJN6MMQ03KZPZN0275VZXK6R,01KJN7AZC7FAG17CY924MRTCF7,Player,A,C,listener,0.0,refgame,2.0,page7-107,page7-107,True,2.0,01KJN7JJ1A9ED4KAF42WD7ANR8,False,,,,,,,False,False,37.0,,0.0,1772388388706,1772388408142,19436,,01KJN79B14FBSYSKKCG2BYVBB6,True,3,False,True,True,,,,,,,,False,
01KJN6MMPQTMDYRN709DP5DSDA,01KJN79ZRTRDMY6RH8ZCYCM9NV,Minu,A,A,listener,5.0,refgame,2.0,page3-35,page3-35,True,2.0,01KJN7KZ3WZY96681Q55PTJZKP,False,,,,,,,False,False,68.0,,0.0,1772388569519,1772388575608,6089,,01KJN7B32C1C5254NSG6ZK1GRK,True,3,False,True,True,,,,,,,,False,
01KJN6MMPQTMDYRN709DP5DSDA,01KJN7931DXZ65NXTWK1GNEZMW,Nori,C,C,listener,0.0,refgame,2.0,page7-255,page7-255,True,2.0,01KJN7KYYA4F2NERJFZQJ023GY,False,,,,,,,False,False,38.0,,0.0,1772388082220,1772388092151,9931,,01KJN79ZQD1E4YD03FE5CGJY8K,True,3,False,True,True,,,,,,,,False,
01KJN6MMPQTMDYRN709968YFN1,01KJN796KT7FCNV2F9QNCQDSES,Felu,C,C,speaker,4.0,refgame,1.0,page7-107,,,2.0,01KJN7K5G2ENPCM8MXBD0JEWNB,False,,,,,,,False,False,26.0,,0.0,1772387935343,1772387955271,19928,2.0,01KJN796KT7FCNV2F9QNCQDSES,,3,False,True,False,,,,,,,,False,
01KJN6MMPQTMDYRN709DP5DSDA,01KJN7B4V2673GK7HGVSG52R2P,Hera,B,B,listener,1.0,refgame,2.0,page5-28,page5-28,True,2.0,01KJN7KYX76441G4MZVKJSBPHS,False,,,,,,,False,False,42.0,,0.0,1772388151863,1772388163936,12073,,01KJN7AAWT4GWKRZ7B9775509P,True,3,False,True,True,,,,,,,,False,
01KJN6MMPQTMDYRN709DP5DSDA,01KJN79ZRTRDMY6RH8ZCYCM9NV,Minu,A,A,listener,2.0,refgame,2.0,page7-107,page7-107,True,2.0,01KJN7KZ60KJRH45NA3K8P60R3,False,,,,,,,False,False,51.0,,0.0,1772388286950,1772388295678,8728,,01KJN7B32C1C5254NSG6ZK1GRK,True,3,False,True,True,,,,,,,,False,
01KJN6MMQ03KZPZN0275VZXK6R,01KJN7863BFF3ZYZGVVSATZTH7,Player,C,B,listener,2.0,refgame,2.0,page7-107,page7-107,True,2.0,01KJN7JJ0XW9B6G59FG765GH27,False,,,,,,,False,False,48.0,,0.0,1772388713668,1772388732477,18809,,01KJN78DQ6KC0F9N1HA0BPB44R,True,3,False,True,True,,,,,,,,False,
01KJN6MMPQTMDYRN709968YFN1,01KJN78B0TFR8F59JDGD057XNS,Repi,A,A,listener,1.0,refgame,1.0,page5-28,page5-28,True,2.0,01KJN7K5FN5PPN5PJKQY110P3Z,False,,,,,,,False,False,7.0,,0.0,1772387033134,1772387073532,40398,,01KJN791EPN054R2NTQQ1BFXJ5,True,3,False,True,True,,,,,,,,False,
01KJN6MMPQTMDYRN709968YFN1,01KJN791EPN054R2NTQQ1BFXJ5,Minu,A,A,listener,2.0,refgame,1.0,page-B,page4-15,False,0.0,01KJN7K5HVTWE9Y83V53TSRDDA,False,,,,,,,False,False,14.0,,0.0,1772387363810,1772387407994,44184,,01KJN78JVY5FN5QXW9XGGE72RG,True,3,False,True,True,,,,,,,,False,
01KJN6MMQ03KZPZN0275VZXK6R,01KJN7C40WEQBDF48ACG18M0EV,Hera,B,B,listener,4.0,refgame,1.0,page5-28,page5-28,True,2.0,01KJN7JJ1X1NXQGFN1B0VPVF00,False,,,,,,,False,False,26.0,,0.0,1772387875887,1772387920914,45027,,01KJN792W85XPK9QGH8A6HSYSJ,True,3,False,True,True,,,,,,,,False,
01KJN6MMPQTMDYRN709DP5DSDA,01KJN7BYA5X3A2G30KZECRY2HY,Bavi,B,B,listener,1.0,refgame,2.0,page3-35,page3-35,True,2.0,01KJN7KYXWXWC5F6JA6AZJ6Q67,False,,,,,,,False,False,46.0,,0.0,1772388216887,1772388227513,10626,,01KJN7AAWT4GWKRZ7B9775509P,True,3,False,True,True,,,,,,,,False,
01KJN6MMPQTMDYRN709968YFN1,01KJN78CQJ3KY7VMGAR6F3D4S0,Player,B,A,listener,0.0,refgame,2.0,page-B,page-B,True,2.0,01KJN7K5QYJHXV5CARZ38T1JEN,False,,,,,,,False,False,41.0,,0.0,1772388472700,1772388487001,14301,,01KJN79Y7T0VZNKHTSJRZWTDZ5,True,3,False,True,True,,,,,,,,False,
01KJN6MMQ03KZPZN0275VZXK6R,01KJN7C40WEQBDF48ACG18M0EV,Player,B,B,listener,1.0,refgame,2.0,page5-28,page5-28,True,2.0,01KJN7JJ16T4F6S4PFHQFRAY28,False,,,,,,,False,False,44.0,,0.0,1772388584626,1772388604653,20027,,01KJN7863BFF3ZYZGVVSATZTH7,False,3,False,True,True,,,,,,,,False,
01KJN6MMQ03KZPZN0275VZXK6R,01KJN7C40WEQBDF48ACG18M0EV,Player,B,A,listener,2.0,refgame,2.0,page-B,page-B,True,2.0,01KJN7JJ1N6V7EEQ6VZVXNRHV0,False,,,,,,,False,False,53.0,,0.0,1772388847281,1772388866268,18987,,01KJN78DQ6KC0F9N1HA0BPB44R,False,3,False,True,True,,,,,,,,False,
01KJN6MMQ03KZPZN0275VZXK6R,01KJN7AZC7FAG17CY924MRTCF7,Laju,A,A,listener,1.0,refgame,1.0,page3-35,page3-35,True,2.0,01KJN7JJ0MB1FQKFF8CTGJPYKN,False,,,,,,,False,False,9.0,,0.0,1772387096074,1772387140295,44221,,01KJN7AAX1VHZ1A7ZB35BNRH8N,True,3,False,True,True,,,,,,,,False,
01KJN6MMQ03KZPZN0275VZXK6R,01KJN79J529BWBWTESKB6D9MB7,Lika,C,C,listener,2.0,refgame,1.0,page5-28,page5-28,True,2.0,01KJN7JHZM2WM100YZYN6HXHWY,False,,,,,,,False,False,13.0,,0.0,1772387287191,1772387324321,37130,,01KJN78DQ6KC0F9N1HA0BPB44R,True,3,False,True,True,,,,,,,,False,
01KJN6MMQ03KZPZN0275VZXK6R,01KJN7AZC7FAG17CY924MRTCF7,Laju,A,A,speaker,2.0,refgame,1.0,page7-107,,,2.0,01KJN7JJ0VF0RPKW84F3EHNK6T,False,,,,,,,False,False,16.0,,0.0,1772387410361,1772387435193,24832,1.0,01KJN7AZC7FAG17CY924MRTCF7,,3,False,True,False,,,,,,,,False,
01KJN6MMPQTMDYRN709DP5DSDA,01KJN79PCAAMFX7P2QF70Y3HJM,Repi,A,A,listener,2.0,refgame,2.0,page5-28,page5-28,True,2.0,01KJN7KZ5TVXAD2SF4H87WAT8G,False,,,,,,,False,False,52.0,,0.0,1772388301163,1772388312752,11589,,01KJN7B32C1C5254NSG6ZK1GRK,True,3,False,True,True,,,,,,,,False,
01KJN6MMPQTMDYRN709DP5DSDA,01KJN79ZRTRDMY6RH8ZCYCM9NV,Minu,A,A,listener,3.0,refgame,2.0,page3-35,page3-35,True,2.0,01KJN7KZ431YCMQ4BZRNENZDQR,False,,,,,,,False,False,57.0,,0.0,1772388389690,1772388398556,8866,,01KJN79PCAAMFX7P2QF70Y3HJM,True,3,False,True,True,,,,,,,,False,
01KJN6MMPQTMDYRN709968YFN1,01KJN78CQJ3KY7VMGAR6F3D4S0,Player,B,A,speaker,5.0,refgame,2.0,page7-107,,,2.0,01KJN7K5R50JQ6DN8DECK17DTE,False,,,,,,,False,False,68.0,,0.0,1772389049638,1772389061860,12222,2.0,01KJN78CQJ3KY7VMGAR6F3D4S0,,3,False,True,False,,,,,,,,False,
01KJN6MMPQTMDYRN709DP5DSDA,01KJN79ZQD1E4YD03FE5CGJY8K,Lika,C,C,listener,2.0,refgame,2.0,page7-107,page7-107,True,2.0,01KJN7KZ60KJRH45NA3K8P60R3,False,,,,,,,False,False,51.0,,0.0,1772388286950,1772388295678,8728,,01KJN7931DXZ65NXTWK1GNEZMW,True,3,False,True,True,,,,,,,,False,
01KJN6MMQ03KZPZN0275VZXK6R,01KJN79B14FBSYSKKCG2BYVBB6,Player,A,A,listener,5.0,refgame,2.0,page-B,page-B,True,2.0,01KJN7JJ4CKNN14ST5Y145D20Z,False,,,,,,,False,False,70.0,,0.0,1772389290904,1772389309182,18278,,01KJN7AZC7FAG17CY924MRTCF7,True,3,False,True,True,,,,,,,,False,
01KJN6MMPQTMDYRN709968YFN1,01KJN788SPAKVVBHX9T9FDQWAF,Zuda,B,B,speaker,1.0,refgame,1.0,page9-46,,,2.0,01KJN7K5HZEKT6FNAA9GWA4F02,False,,,,,,,False,False,9.0,,0.0,1772387125823,1772387165178,39355,1.0,01KJN788SPAKVVBHX9T9FDQWAF,,3,False,True,False,,,,,,,,False,
01KJN6MMPQTMDYRN709DP5DSDA,01KJN79ZRTRDMY6RH8ZCYCM9NV,Minu,A,A,listener,2.0,refgame,1.0,page7-107,page7-107,True,2.0,01KJN7KZ3TKA2G2034PKAJD3VQ,False,,,,,,,False,False,12.0,,0.0,1772387278345,1772387311206,32861,,01KJN7B32C1C5254NSG6ZK1GRK,True,3,False,True,True,,,,,,,,False,
01KJN6MMPQTMDYRN709DP5DSDA,01KJN7B32C1C5254NSG6ZK1GRK,Laju,A,A,listener,3.0,refgame,1.0,page5-28,page5-28,True,2.0,01KJN7KYVX2YBMH8VCCFFKA25A,False,,,,,,,False,False,19.0,,0.0,1772387552131,1772387580313,28182,,01KJN79PCAAMFX7P2QF70Y3HJM,True,3,False,True,True,,,,,,,,False,
01KJN6MMPQTMDYRN709968YFN1,01KJN78JVY5FN5QXW9XGGE72RG,Laju,A,A,listener,3.0,refgame,1.0,page9-46,page9-46,True,2.0,01KJN7K5J3HZW6MM8NGDQP6NN7,False,,,,,,,False,False,20.0,,0.0,1772387676121,1772387720266,44145,,01KJN78B0TFR8F59JDGD057XNS,True,3,False,True,True,,,,,,,,False,
01KJN6MMPQTMDYRN709DP5DSDA,01KJN7AAWT4GWKRZ7B9775509P,Zuda,B,B,speaker,4.0,refgame,1.0,page9-46,,,2.0,01KJN7KYWH7DW8R8C7QY0ZK5NG,False,,,,,,,False,False,29.0,,0.0,1772387857212,1772387876093,18881,2.0,01KJN7AAWT4GWKRZ7B9775509P,,3,False,True,False,,,,,,,,False,
01KJN6MMPQTMDYRN709DP5DSDA,01KJN7BYA5X3A2G30KZECRY2HY,Bavi,B,B,speaker,5.0,refgame,1.0,page3-35,,,2.0,01KJN7KYYXHVJJDVQGT2GSWXHY,False,,,,,,,False,False,34.0,,0.0,1772387953491,1772387970074,16583,2.0,01KJN7BYA5X3A2G30KZECRY2HY,,3,False,True,False,,,,,,,,False,
01KJN6MMPQTMDYRN709DP5DSDA,01KJN7BYA5X3A2G30KZECRY2HY,Bavi,B,B,listener,1.0,refgame,2.0,page-B,page-B,True,2.0,01KJN7KYZ8JEEX9EFFC2G9SFJ0,False,,,,,,,False,False,44.0,,0.0,1772388184620,1772388200047,15427,,01KJN7AAWT4GWKRZ7B9775509P,True,3,False,True,True,,,,,,,,False,
01KJN6MMPQTMDYRN709DP5DSDA,01KJN7BYA5X3A2G30KZECRY2HY,Bavi,B,B,listener,3.0,refgame,2.0,page3-35,page3-35,True,2.0,01KJN7KZ431YCMQ4BZRNENZDQR,False,,,,,,,False,False,57.0,,0.0,1772388389690,1772388398556,8866,,01KJN7B4V2673GK7HGVSG52R2P,True,3,False,True,True,,,,,,,,False,
01KJN6MMPQTMDYRN709968YFN1,01KJN78B0TFR8F59JDGD057XNS,Player,A,B,listener,2.0,refgame,2.0,page-B,page-B,True,2.0,01KJN7K5MY9H32YKAM8HZYE4TJ,False,,,,,,,False,False,48.0,,0.0,1772388630580,1772388650609,20029,,01KJN78JVY5FN5QXW9XGGE72RG,True,3,False,True,True,,,,,,,,False,
01KJN6MMPQTMDYRN709968YFN1,01KJN791EPN054R2NTQQ1BFXJ5,Player,A,B,speaker,4.0,refgame,2.0,page5-28,,,2.0,01KJN7K5R759VFQZX7GK4PSP44,False,,,,,,,False,False,62.0,,0.0,1772388918371,1772388927960,9589,2.0,01KJN791EPN054R2NTQQ1BFXJ5,,3,False,True,False,,,,,,,,False,
01KJN6MMQ03KZPZN0275VZXK6R,01KJN7AAX1VHZ1A7ZB35BNRH8N,Player,A,C,listener,3.0,refgame,2.0,page5-28,page5-28,True,2.0,01KJN7JJ1J5VMG06JVQK7ZJSB1,False,,,,,,,False,False,57.0,,0.0,1772388960182,1772388980183,20001,,01KJN79J529BWBWTESKB6D9MB7,False,3,False,True,True,,,,,,,,False,
01KJN6MMQ03KZPZN0275VZXK6R,01KJN7863BFF3ZYZGVVSATZTH7,Felu,C,C,speaker,4.0,refgame,1.0,page3-35,,,2.0,01KJN7JJ4HZG5Q1EBE5FNHKG1D,False,,,,,,,False,False,24.0,,0.0,1772387807706,1772387836077,28371,2.0,01KJN7863BFF3ZYZGVVSATZTH7,,3,False,True,False,,,,,,,,False,
01KJN6MMPQTMDYRN709968YFN1,01KJN78B0TFR8F59JDGD057XNS,Repi,A,A,speaker,3.0,refgame,1.0,page5-28,,,2.0,01KJN7K5NP3KHGDZYWKZZ35KWP,False,,,,,,,False,False,23.0,,0.0,1772387820081,1772387851750,31669,2.0,01KJN78B0TFR8F59JDGD057XNS,,3,False,True,False,,,,,,,,False,
01KJN6MMPQTMDYRN709968YFN1,01KJN78CQJ3KY7VMGAR6F3D4S0,Bavi,B,B,listener,4.0,refgame,1.0,page9-46,page9-46,True,2.0,01KJN7K5KN8YW9VWX8RYNB7E0N,False,,,,,,,False,False,28.0,,0.0,1772388000797,1772388041511,40714,,01KJN788SPAKVVBHX9T9FDQWAF,True,3,False,True,True,,,,,,,,False,
01KJN6MMPQTMDYRN709DP5DSDA,01KJN77XQHYQ5TVVY4HZM02E7R,Felu,C,C,listener,0.0,refgame,1.0,page9-46,page7-255,False,0.0,01KJN7KZ5QZB0KWEYKCMJ2KY6D,False,,,,,,,False,False,2.0,,0.0,1772386765466,1772386810471,45005,,01KJN79ZQD1E4YD03FE5CGJY8K,True,3,False,True,True,,,,,,,,False,
01KJN6MMPQTMDYRN709968YFN1,01KJN78JVY5FN5QXW9XGGE72RG,Laju,A,A,listener,1.0,refgame,1.0,page-B,,False,0.0,01KJN7K5HQTXFWBF1AJA81RK0D,False,,,,,,,True,False,11.0,,0.0,1772387228685,1772387273691,45006,,01KJN791EPN054R2NTQQ1BFXJ5,True,3,False,True,True,,,,,,,,False,
01KJN6MMPQTMDYRN709DP5DSDA,01KJN79PCAAMFX7P2QF70Y3HJM,Repi,A,A,listener,4.0,refgame,1.0,page7-107,page7-107,True,2.0,01KJN7KYWYTD5D3M21S2X8P0AA,False,,,,,,,False,False,26.0,,0.0,1772387745826,1772387764604,18778,,01KJN79ZRTRDMY6RH8ZCYCM9NV,True,3,False,True,True,,,,,,,,False,
01KJN6MMPQTMDYRN709DP5DSDA,01KJN7B4V2673GK7HGVSG52R2P,Hera,B,B,listener,4.0,refgame,1.0,page7-255,page7-255,True,2.0,01KJN7KYWTHVP18XWA27WSJNEC,False,,,,,,,False,False,27.0,,0.0,1772387770894,1772387815936,45042,,01KJN7AAWT4GWKRZ7B9775509P,True,3,False,True,True,,,,,,,,False,
01KJN6MMPQTMDYRN709DP5DSDA,01KJN79ZQD1E4YD03FE5CGJY8K,Lika,C,C,listener,5.0,refgame,1.0,page7-107,page7-107,True,2.0,01KJN7KYZCYWANNP5JHHSNDKG7,False,,,,,,,False,False,30.0,,0.0,1772387883409,1772387895628,12219,,01KJN7931DXZ65NXTWK1GNEZMW,True,3,False,True,True,,,,,,,,False,
01KJN6MMPQTMDYRN709968YFN1,01KJN796KT7FCNV2F9QNCQDSES,Felu,C,C,listener,5.0,refgame,1.0,page5-28,page5-28,True,2.0,01KJN7K5KHS8NZF1KQV836M65V,False,,,,,,,False,False,32.0,,0.0,1772388150885,1772388181824,30939,,01KJN79ZDP3YNFFHHQA302PJDP,True,3,False,True,True,,,,,,,,False,
01KJN6MMPQTMDYRN709DP5DSDA,01KJN7B4V2673GK7HGVSG52R2P,Hera,B,B,listener,5.0,refgame,2.0,page3-35,page3-35,True,2.0,01KJN7KZ3WZY96681Q55PTJZKP,False,,,,,,,False,False,68.0,,0.0,1772388569519,1772388575608,6089,,01KJN7BYA5X3A2G30KZECRY2HY,True,3,False,True,True,,,,,,,,False,
01KJN6MMPQTMDYRN709968YFN1,01KJN788SPAKVVBHX9T9FDQWAF,Zuda,B,B,listener,2.0,refgame,1.0,page3-35,page3-35,True,2.0,01KJN7K5JZQZB4NY8FJRJX504H,False,,,,,,,False,False,12.0,,0.0,1772387282349,1772387317911,35562,,01KJN78CQJ3KY7VMGAR6F3D4S0,True,3,False,True,True,,,,,,,,False,
01KJN6MMPQTMDYRN709968YFN1,01KJN791EPN054R2NTQQ1BFXJ5,Minu,A,A,speaker,4.0,refgame,1.0,page7-255,,,2.0,01KJN7K5H8BSX37JV3WZMKDDX9,False,,,,,,,False,False,29.0,,0.0,1772388048043,1772388073516,25473,2.0,01KJN791EPN054R2NTQQ1BFXJ5,,3,False,True,False,,,,,,,,False,
01KJN6MMPQTMDYRN709DP5DSDA,01KJN79PCAAMFX7P2QF70Y3HJM,Repi,A,A,speaker,0.0,refgame,2.0,page7-107,,,2.0,01KJN7KYXC39570NBM5M60XHPH,False,,,,,,,False,False,41.0,,0.0,1772388134092,1772388144332,10240,1.0,01KJN79PCAAMFX7P2QF70Y3HJM,,3,False,True,False,,,,,,,,False,
01KJN6MMQ03KZPZN0275VZXK6R,01KJN7A44GGBE9XR412KV5BFSC,Bavi,B,B,speaker,2.0,refgame,1.0,page9-46,,,2.0,01KJN7JJ0VF0RPKW84FVTJC6FZ,False,,,,,,,False,False,15.0,,0.0,1772387357377,1772387402392,45015,1.0,01KJN7A44GGBE9XR412KV5BFSC,,3,False,True,False,,,,,,,,False,
01KJN6MMPQTMDYRN709DP5DSDA,01KJN7B32C1C5254NSG6ZK1GRK,Laju,A,A,speaker,2.0,refgame,1.0,page9-46,,,2.0,01KJN7KYZVF0MZ734PHRTBKCFB,False,,,,,,,False,False,17.0,,0.0,1772387460255,1772387497754,37499,1.0,01KJN7B32C1C5254NSG6ZK1GRK,,3,False,True,False,,,,,,,,False,
01KJN6MMPQTMDYRN709DP5DSDA,01KJN7931DXZ65NXTWK1GNEZMW,Nori,C,C,listener,4.0,refgame,1.0,page9-46,page9-46,True,2.0,01KJN7KYWH7DW8R8C7QY0ZK5NG,False,,,,,,,False,False,29.0,,0.0,1772387857212,1772387876093,18881,,01KJN77XQHYQ5TVVY4HZM02E7R,True,3,False,True,True,,,,,,,,False,
01KJN6MMPQTMDYRN709DP5DSDA,01KJN79ZRTRDMY6RH8ZCYCM9NV,Minu,A,A,listener,3.0,refgame,2.0,page5-28,page5-28,True,2.0,01KJN7KZ3Q92SVP2Y70T8S3RW4,False,,,,,,,False,False,58.0,,0.0,1772388403986,1772388416078,12092,,01KJN79PCAAMFX7P2QF70Y3HJM,True,3,False,True,True,,,,,,,,False,
01KJN6MMQ03KZPZN0275VZXK6R,01KJN7A44GGBE9XR412KV5BFSC,Bavi,B,B,speaker,2.0,refgame,1.0,page7-107,,,2.0,01KJN7JJ0VF0RPKW84F3EHNK6T,False,,,,,,,False,False,16.0,,0.0,1772387410361,1772387435193,24832,1.0,01KJN7A44GGBE9XR412KV5BFSC,,3,False,True,False,,,,,,,,False,
01KJN6MMPQTMDYRN709968YFN1,01KJN78M7563R5D9TQE5G142DA,Lika,C,C,speaker,3.0,refgame,1.0,page9-46,,,0.0,01KJN7K5J3HZW6MM8NGDQP6NN7,False,,,,,,,False,False,20.0,,0.0,1772387676121,1772387720266,44145,2.0,01KJN78M7563R5D9TQE5G142DA,,3,False,True,False,,,,,,,,False,
01KJN6MMPQTMDYRN709968YFN1,01KJN791EPN054R2NTQQ1BFXJ5,Player,A,A,speaker,4.0,refgame,2.0,page3-35,,,2.0,01KJN7K5K695VY1A5FSVY4M3X0,False,,,,,,,False,False,63.0,,0.0,1772388944534,1772388952202,7668,2.0,01KJN791EPN054R2NTQQ1BFXJ5,,3,False,True,False,,,,,,,,False,
01KJN6MMQ03KZPZN0275VZXK6R,01KJN79B14FBSYSKKCG2BYVBB6,Player,A,B,listener,4.0,refgame,2.0,page7-255,page7-255,True,2.0,01KJN7JJ4MVHVY4E5F7G465MK8,False,,,,,,,False,False,60.0,,0.0,1772389039235,1772389059240,20005,,01KJN7AAX1VHZ1A7ZB35BNRH8N,True,3,False,True,True,,,,,,,,False,
01KJN6MMQ03KZPZN0275VZXK6R,01KJN78DQ6KC0F9N1HA0BPB44R,Nori,C,C,speaker,2.0,refgame,1.0,page7-255,,,0.0,01KJN7JJ0YKPRCT8KSF0KQWF0X,False,,,,,,,False,False,14.0,,0.0,1772387327727,1772387351607,23880,1.0,01KJN78DQ6KC0F9N1HA0BPB44R,,3,False,True,False,,,,,,,,False,
01KJN6MMQ03KZPZN0275VZXK6R,01KJN79B14FBSYSKKCG2BYVBB6,Repi,A,A,listener,4.0,refgame,1.0,page5-28,page5-28,True,2.0,01KJN7JJ1X1NXQGFN1B0VPVF00,False,,,,,,,False,False,26.0,,0.0,1772387875887,1772387920914,45027,,01KJN7AAX1VHZ1A7ZB35BNRH8N,True,3,False,True,True,,,,,,,,False,
01KJN6MMPQTMDYRN709968YFN1,01KJN78CQJ3KY7VMGAR6F3D4S0,Bavi,B,B,listener,4.0,refgame,1.0,page3-35,page3-35,True,2.0,01KJN7K5G5WAEHV15ZSNYXBM25,False,,,,,,,False,False,25.0,,0.0,1772387906351,1772387927135,20784,,01KJN788SPAKVVBHX9T9FDQWAF,True,3,False,True,True,,,,,,,,False,
01KJN6MMPQTMDYRN709DP5DSDA,01KJN7B4V2673GK7HGVSG52R2P,Hera,B,B,speaker,0.0,refgame,2.0,page5-28,,,2.0,01KJN7KYY3G8VA1DGR0XCV0GC9,False,,,,,,,False,False,39.0,,0.0,1772388096966,1772388111396,14430,1.0,01KJN7B4V2673GK7HGVSG52R2P,,3,False,True,False,,,,,,,,False,
01KJN6MMPQTMDYRN709DP5DSDA,01KJN7BYA5X3A2G30KZECRY2HY,Bavi,B,B,listener,1.0,refgame,2.0,page5-28,page5-28,True,2.0,01KJN7KYX76441G4MZVKJSBPHS,False,,,,,,,False,False,42.0,,0.0,1772388151863,1772388163936,12073,,01KJN7AAWT4GWKRZ7B9775509P,True,3,False,True,True,,,,,,,,False,
01KJN6MMQ03KZPZN0275VZXK6R,01KJN79J529BWBWTESKB6D9MB7,Player,C,B,listener,1.0,refgame,2.0,page-B,,False,0.0,01KJN7JJ106G1CY7M5XQTG2KY4,False,,,,,,,True,False,46.0,,0.0,1772388652073,1772388672170,20097,,01KJN792W85XPK9QGH8A6HSYSJ,False,3,False,True,True,,,,,,,,False,
01KJN6MMPQTMDYRN709DP5DSDA,01KJN7BYA5X3A2G30KZECRY2HY,Bavi,B,B,listener,0.0,refgame,1.0,page7-255,page6-149,False,0.0,01KJN7KYY7ZXJQFEB6A26GX86K,False,,,,,,,False,False,3.0,,0.0,1772386819116,1772386858961,39845,,01KJN7B4V2673GK7HGVSG52R2P,True,3,False,True,True,,,,,,,,False,
01KJN6MMPQTMDYRN709DP5DSDA,01KJN7AAWT4GWKRZ7B9775509P,Zuda,B,B,speaker,1.0,refgame,2.0,page7-107,,,2.0,01KJN7KYXFQRPB40W6RYE3EFWM,False,,,,,,,False,False,47.0,,0.0,1772388231673,1772388242723,11050,1.0,01KJN7AAWT4GWKRZ7B9775509P,,3,False,True,False,,,,,,,,False,
01KJN6MMPQTMDYRN709DP5DSDA,01KJN79ZRTRDMY6RH8ZCYCM9NV,Minu,A,A,speaker,4.0,refgame,2.0,page7-107,,,2.0,01KJN7KZ6AHC28MWRG7T2V9Z51,False,,,,,,,False,False,61.0,,0.0,1772388450895,1772388465106,14211,2.0,01KJN79ZRTRDMY6RH8ZCYCM9NV,,3,False,True,False,,,,,,,,False,
01KJN6MMQ03KZPZN0275VZXK6R,01KJN7A44GGBE9XR412KV5BFSC,Player,B,A,speaker,2.0,refgame,2.0,page7-255,,,0.0,01KJN7JJ17ZTZ9QC0YBJF7F8VH,False,,,,,,,False,False,49.0,,0.0,1772388742925,1772388762952,20027,1.0,01KJN7A44GGBE9XR412KV5BFSC,,3,False,True,False,,,,,,,,False,
01KJN6MMQ03KZPZN0275VZXK6R,01KJN7AAX1VHZ1A7ZB35BNRH8N,Minu,A,A,speaker,4.0,refgame,1.0,page3-35,,,2.0,01KJN7JJ4HZG5Q1EBE5FNHKG1D,False,,,,,,,False,False,24.0,,0.0,1772387807706,1772387836077,28371,2.0,01KJN7AAX1VHZ1A7ZB35BNRH8N,,3,False,True,False,,,,,,,,False,
01KJN6MMQ03KZPZN0275VZXK6R,01KJN7C40WEQBDF48ACG18M0EV,Hera,B,B,listener,5.0,refgame,1.0,page3-35,page3-35,True,2.0,01KJN7JJ1FP44XD8PJWTZX3FH2,False,,,,,,,False,False,35.0,,0.0,1772388255722,1772388289959,34237,,01KJN7A44GGBE9XR412KV5BFSC,True,3,False,True,True,,,,,,,,False,
01KJN6MMPQTMDYRN709968YFN1,01KJN788SPAKVVBHX9T9FDQWAF,Zuda,B,B,listener,0.0,refgame,1.0,page5-28,,False,0.0,01KJN7K5FJH6VAH8DMSYVN52WF,False,,,,,,,True,False,1.0,,0.0,1772386685473,1772386730491,45018,,01KJN79Y7T0VZNKHTSJRZWTDZ5,True,3,False,True,True,,,,,,,,False,
01KJN6MMPQTMDYRN709968YFN1,01KJN79ZDP3YNFFHHQA302PJDP,Nori,C,C,listener,0.0,refgame,1.0,page-B,page-B,True,2.0,01KJN7K5R9WK49MVWHPP0N06TT,False,,,,,,,False,False,2.0,,0.0,1772386746187,1772386791211,45024,,01KJN78M7563R5D9TQE5G142DA,True,3,False,True,True,,,,,,,,False,
01KJN6MMPQTMDYRN709DP5DSDA,01KJN7AAWT4GWKRZ7B9775509P,Zuda,B,B,listener,0.0,refgame,1.0,page7-255,page6-149,False,0.0,01KJN7KYY7ZXJQFEB6A26GX86K,False,,,,,,,False,False,3.0,,0.0,1772386819116,1772386858961,39845,,01KJN7B4V2673GK7HGVSG52R2P,True,3,False,True,True,,,,,,,,False,
01KJN6MMPQTMDYRN709968YFN1,01KJN78B0TFR8F59JDGD057XNS,Repi,A,A,listener,5.0,refgame,1.0,page-B,page-B,True,2.0,01KJN7K5KKDNJS2ZHY8A7BH7EB,False,,,,,,,False,False,31.0,,0.0,1772388107860,1772388143179,35319,,01KJN78JVY5FN5QXW9XGGE72RG,True,3,False,True,True,,,,,,,,False,
01KJN6MMQ03KZPZN0275VZXK6R,01KJN79B14FBSYSKKCG2BYVBB6,Player,A,B,listener,5.0,refgame,2.0,page7-255,page7-255,True,2.0,01KJN7JJ4EG9317PS97N14VR0A,False,,,,,,,False,False,67.0,,0.0,1772389216265,1772389236271,20006,,01KJN78DQ6KC0F9N1HA0BPB44R,False,3,False,True,True,,,,,,,,False,
01KJN6MMPQTMDYRN709DP5DSDA,01KJN7BYA5X3A2G30KZECRY2HY,Bavi,B,B,listener,0.0,refgame,1.0,page9-46,page9-46,False,0.0,01KJN7KZ5QZB0KWEYKCMJ2KY6D,False,,,,,,,False,False,2.0,,0.0,1772386765466,1772386810471,45005,,01KJN7B4V2673GK7HGVSG52R2P,True,3,False,True,True,,,,,,,,False,
01KJN6MMPQTMDYRN709DP5DSDA,01KJN7BYA5X3A2G30KZECRY2HY,Bavi,B,B,listener,3.0,refgame,1.0,page7-255,page7-255,True,2.0,01KJN7KYZNJ3BKWKDZS9HS506H,False,,,,,,,False,False,18.0,,0.0,1772387503339,1772387541863,38524,,01KJN7B4V2673GK7HGVSG52R2P,True,3,False,True,True,,,,,,,,False,
01KJN6MMPQTMDYRN709DP5DSDA,01KJN7BYA5X3A2G30KZECRY2HY,Bavi,B,B,speaker,5.0,refgame,2.0,page5-28,,,2.0,01KJN7KZ4GGBX7W2AQKMGYBFMR,False,,,,,,,False,False,66.0,,0.0,1772388537478,1772388547714,10236,2.0,01KJN7BYA5X3A2G30KZECRY2HY,,3,False,True,False,,,,,,,,False,
01KJN6MMPQTMDYRN709DP5DSDA,01KJN79ZRTRDMY6RH8ZCYCM9NV,Minu,A,A,listener,5.0,refgame,1.0,page-B,page-B,True,2.0,01KJN7KYZ4BR3PV6SVPD7F89EN,False,,,,,,,False,False,33.0,,0.0,1772387934640,1772387950421,15781,,01KJN7B32C1C5254NSG6ZK1GRK,True,3,False,True,True,,,,,,,,False,
01KJN6MMPQTMDYRN709968YFN1,01KJN788SPAKVVBHX9T9FDQWAF,Zuda,B,B,speaker,4.0,refgame,1.0,page7-107,,,2.0,01KJN7K5G2ENPCM8MXBD0JEWNB,False,,,,,,,False,False,26.0,,0.0,1772387935343,1772387955271,19928,2.0,01KJN788SPAKVVBHX9T9FDQWAF,,3,False,True,False,,,,,,,,False,
01KJN6MMPQTMDYRN709DP5DSDA,01KJN77XQHYQ5TVVY4HZM02E7R,Felu,C,C,listener,2.0,refgame,2.0,page9-46,page9-46,True,2.0,01KJN7KYX9412F6D9T4P6GZVTR,False,,,,,,,False,False,48.0,,0.0,1772388246013,1772388259312,13299,,01KJN7931DXZ65NXTWK1GNEZMW,True,3,False,True,True,,,,,,,,False,
01KJN6MMPQTMDYRN709968YFN1,01KJN791EPN054R2NTQQ1BFXJ5,Minu,A,A,listener,3.0,refgame,1.0,page7-255,page7-255,True,2.0,01KJN7K5QG4CHFGPDNXVD1PEDF,False,,,,,,,False,False,22.0,,0.0,1772387769859,1772387810656,40797,,01KJN78B0TFR8F59JDGD057XNS,True,3,False,True,True,,,,,,,,False,
01KJN6MMPQTMDYRN709DP5DSDA,01KJN7B4V2673GK7HGVSG52R2P,Hera,B,B,speaker,0.0,refgame,2.0,page3-35,,,2.0,01KJN7KYYEBVY8X95NHX4BR4FV,False,,,,,,,False,False,37.0,,0.0,1772388064178,1772388076151,11973,1.0,01KJN7B4V2673GK7HGVSG52R2P,,3,False,True,False,,,,,,,,False,
01KJN6MMQ03KZPZN0275VZXK6R,01KJN7C40WEQBDF48ACG18M0EV,Hera,B,B,listener,5.0,refgame,1.0,page5-28,page5-28,True,2.0,01KJN7JJ1SMVGMC6BAWX0QWSAN,False,,,,,,,False,False,30.0,,0.0,1772388071482,1772388097743,26261,,01KJN7A44GGBE9XR412KV5BFSC,True,3,False,True,True,,,,,,,,False,
01KJN6MMPQTMDYRN709DP5DSDA,01KJN7B32C1C5254NSG6ZK1GRK,Laju,A,A,listener,1.0,refgame,2.0,page5-28,page5-28,True,2.0,01KJN7KYX76441G4MZVKJSBPHS,False,,,,,,,False,False,42.0,,0.0,1772388151863,1772388163936,12073,,01KJN79ZRTRDMY6RH8ZCYCM9NV,True,3,False,True,True,,,,,,,,False,
01KJN6MMPQTMDYRN709DP5DSDA,01KJN7AAWT4GWKRZ7B9775509P,Zuda,B,B,speaker,4.0,refgame,2.0,page9-46,,,2.0,01KJN7KZ4W10W8D9F17K7QA5ZZ,False,,,,,,,False,False,65.0,,0.0,1772388524053,1772388532195,8142,2.0,01KJN7AAWT4GWKRZ7B9775509P,,3,False,True,False,,,,,,,,False,
01KJN6MMPQTMDYRN709DP5DSDA,01KJN79ZRTRDMY6RH8ZCYCM9NV,Minu,A,A,speaker,1.0,refgame,1.0,page7-107,,,2.0,01KJN7KZ50SP860QQHX43BMD6K,False,,,,,,,False,False,6.0,,0.0,1772386983245,1772387024263,41018,1.0,01KJN79ZRTRDMY6RH8ZCYCM9NV,,3,False,True,False,,,,,,,,False,
01KJN6MMQ03KZPZN0275VZXK6R,01KJN7A44GGBE9XR412KV5BFSC,Player,B,B,listener,1.0,refgame,2.0,page3-35,page3-35,True,2.0,01KJN7JJ1820G44H819DQJ8GMD,False,,,,,,,False,False,43.0,,0.0,1772388552835,1772388572920,20085,,01KJN7AAX1VHZ1A7ZB35BNRH8N,False,3,False,True,True,,,,,,,,False,
01KJN6MMQ03KZPZN0275VZXK6R,01KJN7C40WEQBDF48ACG18M0EV,Player,B,B,listener,2.0,refgame,2.0,page3-35,page3-35,True,2.0,01KJN7JJ106G1CY7M5WR0DQX8K,False,,,,,,,False,False,52.0,,0.0,1772388822410,1772388841310,18900,,01KJN7AZC7FAG17CY924MRTCF7,False,3,False,True,True,,,,,,,,False,
01KJN6MMPQTMDYRN709DP5DSDA,01KJN79ZRTRDMY6RH8ZCYCM9NV,Minu,A,A,speaker,1.0,refgame,1.0,page7-255,,,1.0,01KJN7KZ48XCCWBNQKS0SJE7ES,False,,,,,,,False,False,10.0,,0.0,1772387170616,1772387215615,44999,1.0,01KJN79ZRTRDMY6RH8ZCYCM9NV,,3,False,True,False,,,,,,,,False,
01KJN6MMPQTMDYRN709DP5DSDA,01KJN79PCAAMFX7P2QF70Y3HJM,Repi,A,A,listener,5.0,refgame,2.0,page7-255,page7-255,True,2.0,01KJN7KZ2A7Y374PXRWXKQH250,False,,,,,,,False,False,70.0,,0.0,1772388596183,1772388603168,6985,,01KJN7B32C1C5254NSG6ZK1GRK,True,3,False,True,True,,,,,,,,False,
01KJN6MMPQTMDYRN709968YFN1,01KJN78M7563R5D9TQE5G142DA,Lika,C,C,listener,1.0,refgame,1.0,page5-28,page5-28,True,2.0,01KJN7K5FN5PPN5PJKQY110P3Z,False,,,,,,,False,False,7.0,,0.0,1772387033134,1772387073532,40398,,01KJN796KT7FCNV2F9QNCQDSES,True,3,False,True,True,,,,,,,,False,
01KJN6MMQ03KZPZN0275VZXK6R,01KJN7AAX1VHZ1A7ZB35BNRH8N,Minu,A,A,speaker,1.0,refgame,1.0,page5-28,,,1.0,01KJN7JHZNKNR7P7NGWFBFRP56,False,,,,,,,False,False,8.0,,0.0,1772387040356,1772387085361,45005,1.0,01KJN7AAX1VHZ1A7ZB35BNRH8N,,3,False,True,False,,,,,,,,False,
01KJN6MMPQTMDYRN709968YFN1,01KJN796KT7FCNV2F9QNCQDSES,Felu,C,C,listener,2.0,refgame,1.0,page9-46,page5-28,False,0.0,01KJN7K5HXVCRWCHH6JDWC7QS9,False,,,,,,,False,False,13.0,,0.0,1772387325214,1772387352995,27781,,01KJN79ZDP3YNFFHHQA302PJDP,True,3,False,True,True,,,,,,,,False,
01KJN6MMPQTMDYRN709968YFN1,01KJN788SPAKVVBHX9T9FDQWAF,Zuda,B,B,listener,3.0,refgame,1.0,page-B,page-B,True,2.0,01KJN7K5J6A9SFZW6X3QF5099N,False,,,,,,,False,False,18.0,,0.0,1772387569671,1772387614705,45034,,01KJN79Y7T0VZNKHTSJRZWTDZ5,True,3,False,True,True,,,,,,,,False,
01KJN6MMPQTMDYRN709DP5DSDA,01KJN77XQHYQ5TVVY4HZM02E7R,Felu,C,C,listener,0.0,refgame,2.0,page-B,,False,0.0,01KJN7KYYKG4J0XFNGWMZ2451X,False,,,,,,,True,False,36.0,,0.0,1772388039295,1772388059290,19995,,01KJN79ZQD1E4YD03FE5CGJY8K,True,3,False,True,True,,,,,,,,False,
01KJN6MMPQTMDYRN709968YFN1,01KJN78B0TFR8F59JDGD057XNS,Player,A,B,listener,1.0,refgame,2.0,page7-255,page-B,False,0.0,01KJN7K5H1PH5ESEXBMX7QYY9Q,False,,,,,,,False,False,44.0,,0.0,1772388543100,1772388563020,19920,,01KJN788SPAKVVBHX9T9FDQWAF,False,3,False,True,True,,,,,,,,False,
01KJN6MMQ03KZPZN0275VZXK6R,01KJN792W85XPK9QGH8A6HSYSJ,Zuda,B,B,listener,0.0,refgame,1.0,page-B,page-B,True,2.0,01KJN7JHZG39B3YEBM7VHA554N,False,,,,,,,False,False,4.0,,0.0,1772386841560,1772386883546,41986,,01KJN7C40WEQBDF48ACG18M0EV,True,3,False,True,True,,,,,,,,False,
01KJN6MMPQTMDYRN709DP5DSDA,01KJN7BYA5X3A2G30KZECRY2HY,Bavi,B,B,speaker,5.0,refgame,1.0,page7-255,,,2.0,01KJN7KYWAX41N5G0QPJ1GRFCF,False,,,,,,,False,False,35.0,,0.0,1772387974863,1772388005860,30997,2.0,01KJN7BYA5X3A2G30KZECRY2HY,,3,False,True,False,,,,,,,,False,
01KJN6MMPQTMDYRN709968YFN1,01KJN791EPN054R2NTQQ1BFXJ5,Player,A,A,listener,3.0,refgame,2.0,page5-28,page5-28,True,2.0,01KJN7K5KEK1TQNG8SEZSQCCXK,False,,,,,,,False,False,59.0,,0.0,1772388852279,1772388868305,16026,,01KJN78B0TFR8F59JDGD057XNS,True,3,False,True,True,,,,,,,,False,
01KJN6MMQ03KZPZN0275VZXK6R,01KJN7AZC7FAG17CY924MRTCF7,Laju,A,A,listener,0.0,refgame,1.0,page5-28,page4-15,False,0.0,01KJN7JHZFFFSQ6C949D4A45VQ,False,,,,,,,False,False,2.0,,0.0,1772386731115,1772386774129,43014,,01KJN79B14FBSYSKKCG2BYVBB6,True,3,False,True,True,,,,,,,,False,
01KJN6MMPQTMDYRN709DP5DSDA,01KJN77XQHYQ5TVVY4HZM02E7R,Felu,C,C,listener,0.0,refgame,2.0,page9-46,page9-46,True,2.0,01KJN7KYXP8T26GV24HNFMQXQP,False,,,,,,,False,False,40.0,,0.0,1772388115447,1772388127379,11932,,01KJN79ZQD1E4YD03FE5CGJY8K,True,3,False,True,True,,,,,,,,False,
01KJN6MMQ03KZPZN0275VZXK6R,01KJN7863BFF3ZYZGVVSATZTH7,Player,C,B,speaker,1.0,refgame,2.0,page5-28,,,2.0,01KJN7JJ16T4F6S4PFHQFRAY28,False,,,,,,,False,False,44.0,,0.0,1772388584626,1772388604653,20027,1.0,01KJN7863BFF3ZYZGVVSATZTH7,,3,False,True,False,,,,,,,,False,
01KJN6MMPQTMDYRN709968YFN1,01KJN788SPAKVVBHX9T9FDQWAF,Player,B,B,listener,3.0,refgame,2.0,page7-107,page7-107,True,2.0,01KJN7K5JRJN9SQSEXHP0BHV6E,False,,,,,,,False,False,56.0,,0.0,1772388793036,1772388804530,11494,,01KJN79Y7T0VZNKHTSJRZWTDZ5,True,3,False,True,True,,,,,,,,False,
01KJN6MMPQTMDYRN709968YFN1,01KJN788SPAKVVBHX9T9FDQWAF,Zuda,B,B,listener,0.0,refgame,1.0,page9-46,page7-26,False,0.0,01KJN7K5HM3GRXQJ2R4WDZ9A25,False,,,,,,,False,False,5.0,,0.0,1772386918334,1772386963323,44989,,01KJN79Y7T0VZNKHTSJRZWTDZ5,True,3,False,True,True,,,,,,,,False,
01KJN6MMPQTMDYRN709968YFN1,01KJN788SPAKVVBHX9T9FDQWAF,Player,B,B,listener,0.0,refgame,2.0,page7-107,page7-107,True,2.0,01KJN7K5JFG12NBKQPGPVB7NDW,False,,,,,,,False,False,37.0,,0.0,1772388375251,1772388393006,17755,,01KJN78B0TFR8F59JDGD057XNS,False,3,False,True,True,,,,,,,,False,
01KJN6MMQ03KZPZN0275VZXK6R,01KJN7AAX1VHZ1A7ZB35BNRH8N,Player,A,A,speaker,4.0,refgame,2.0,page3-35,,,2.0,01KJN7JJ4KG1JY79DXAW7HB1X7,False,,,,,,,False,False,62.0,,0.0,1772389088043,1772389101379,13336,2.0,01KJN7AAX1VHZ1A7ZB35BNRH8N,,3,False,True,False,,,,,,,,False,
01KJN6MMQ03KZPZN0275VZXK6R,01KJN7AZC7FAG17CY924MRTCF7,Laju,A,A,listener,3.0,refgame,1.0,page7-255,page7-255,True,2.0,01KJN7JJ4B103R31J8WHVA9DX7,False,,,,,,,False,False,20.0,,0.0,1772387585916,1772387626307,40391,,01KJN79B14FBSYSKKCG2BYVBB6,True,3,False,True,True,,,,,,,,False,
01KJN6MMQ03KZPZN0275VZXK6R,01KJN7A44GGBE9XR412KV5BFSC,Bavi,B,B,listener,4.0,refgame,1.0,page9-46,page9-46,True,2.0,01KJN7JJ1YCSZJVTYD3GC94ZHQ,False,,,,,,,False,False,25.0,,0.0,1772387850217,1772387872088,21871,,01KJN792W85XPK9QGH8A6HSYSJ,True,3,False,True,True,,,,,,,,False,
01KJN6MMPQTMDYRN709968YFN1,01KJN79ZDP3YNFFHHQA302PJDP,Nori,C,C,speaker,5.0,refgame,1.0,page9-46,,,1.0,01KJN7K5JWFN5D8CSNKKGAEAS0,False,,,,,,,False,False,35.0,,0.0,1772388261446,1772388306475,45029,2.0,01KJN79ZDP3YNFFHHQA302PJDP,,3,False,True,False,,,,,,,,False,
01KJN6MMPQTMDYRN709DP5DSDA,01KJN77XQHYQ5TVVY4HZM02E7R,Felu,C,C,listener,2.0,refgame,2.0,page7-107,page7-107,True,2.0,01KJN7KZ60KJRH45NA3K8P60R3,False,,,,,,,False,False,51.0,,0.0,1772388286950,1772388295678,8728,,01KJN7931DXZ65NXTWK1GNEZMW,True,3,False,True,True,,,,,,,,False,
01KJN6MMQ03KZPZN0275VZXK6R,01KJN79B14FBSYSKKCG2BYVBB6,Player,A,B,speaker,3.0,refgame,2.0,page5-28,,,2.0,01KJN7JJ1J5VMG06JVQK7ZJSB1,False,,,,,,,False,False,57.0,,0.0,1772388960182,1772388980183,20001,2.0,01KJN79B14FBSYSKKCG2BYVBB6,,3,False,True,False,,,,,,,,False,
01KJN6MMQ03KZPZN0275VZXK6R,01KJN7AZC7FAG17CY924MRTCF7,Player,A,A,speaker,5.0,refgame,2.0,page9-46,,,2.0,01KJN7JJ4B103R31J8V9CH41TX,False,,,,,,,False,False,71.0,,0.0,1772389316097,1772389335665,19568,2.0,01KJN7AZC7FAG17CY924MRTCF7,,3,False,True,False,,,,,,,,False,
01KJN6MMPQTMDYRN709968YFN1,01KJN78CQJ3KY7VMGAR6F3D4S0,Player,B,A,listener,1.0,refgame,2.0,page9-46,page9-46,True,2.0,01KJN7K5QW5JZFE563TZ3V1T5B,False,,,,,,,False,False,43.0,,0.0,1772388514078,1772388534070,19992,,01KJN791EPN054R2NTQQ1BFXJ5,False,3,False,True,True,,,,,,,,False,
01KJN6MMPQTMDYRN709968YFN1,01KJN79Y7T0VZNKHTSJRZWTDZ5,Player,B,B,listener,4.0,refgame,2.0,page3-35,page3-35,True,2.0,01KJN7K5K695VY1A5FSVY4M3X0,False,,,,,,,False,False,63.0,,0.0,1772388944534,1772388952202,7668,,01KJN788SPAKVVBHX9T9FDQWAF,True,3,False,True,True,,,,,,,,False,
01KJN6MMQ03KZPZN0275VZXK6R,01KJN7C40WEQBDF48ACG18M0EV,Hera,B,B,speaker,0.0,refgame,1.0,page7-107,,,2.0,01KJN7JJ1Z3Q1ZDKVBSP3H1EH5,False,,,,,,,False,False,3.0,,0.0,1772386783120,1772386825904,42784,1.0,01KJN7C40WEQBDF48ACG18M0EV,,3,False,True,False,,,,,,,,False,
01KJN6MMPQTMDYRN709968YFN1,01KJN78CQJ3KY7VMGAR6F3D4S0,Bavi,B,B,speaker,2.0,refgame,1.0,page5-28,,,1.0,01KJN7K5JK17KT4QXX6TA90JSY,False,,,,,,,False,False,17.0,,0.0,1772387520964,1772387561058,40094,1.0,01KJN78CQJ3KY7VMGAR6F3D4S0,,3,False,True,False,,,,,,,,False,
01KJN6MMPQTMDYRN709DP5DSDA,01KJN79PCAAMFX7P2QF70Y3HJM,Repi,A,A,listener,4.0,refgame,1.0,page9-46,page9-46,True,2.0,01KJN7KYWH7DW8R8C7QY0ZK5NG,False,,,,,,,False,False,29.0,,0.0,1772387857212,1772387876093,18881,,01KJN79ZRTRDMY6RH8ZCYCM9NV,True,3,False,True,True,,,,,,,,False,
01KJN6MMPQTMDYRN709DP5DSDA,01KJN7B32C1C5254NSG6ZK1GRK,Laju,A,A,speaker,5.0,refgame,2.0,page7-107,,,2.0,01KJN7KYZYF9F6E5Z5YS0W94HW,False,,,,,,,False,False,71.0,,0.0,1772388610371,1772388617882,7511,2.0,01KJN7B32C1C5254NSG6ZK1GRK,,3,False,True,False,,,,,,,,False,
01KJN6MMPQTMDYRN709968YFN1,01KJN79Y7T0VZNKHTSJRZWTDZ5,Player,B,A,listener,2.0,refgame,2.0,page7-107,page7-107,True,2.0,01KJN7K5KWYEW2XHWSPH3S9Q47,False,,,,,,,False,False,49.0,,0.0,1772388657038,1772388669026,11988,,01KJN78CQJ3KY7VMGAR6F3D4S0,True,3,False,True,True,,,,,,,,False,
01KJN6MMPQTMDYRN709DP5DSDA,01KJN7931DXZ65NXTWK1GNEZMW,Nori,C,C,listener,0.0,refgame,1.0,page7-107,page7-107,True,2.0,01KJN7KYV6KEYGF7WX6G0BANR9,False,,,,,,,False,False,0.0,,0.0,1772386657822,1772386702827,45005,,01KJN79ZQD1E4YD03FE5CGJY8K,True,3,False,True,True,,,,,,,,False,
01KJN6MMPQTMDYRN709DP5DSDA,01KJN79ZRTRDMY6RH8ZCYCM9NV,Minu,A,A,speaker,4.0,refgame,1.0,page9-46,,,2.0,01KJN7KYWH7DW8R8C7QY0ZK5NG,False,,,,,,,False,False,29.0,,0.0,1772387857212,1772387876093,18881,2.0,01KJN79ZRTRDMY6RH8ZCYCM9NV,,3,False,True,False,,,,,,,,False,
01KJN6MMPQTMDYRN709DP5DSDA,01KJN79ZQD1E4YD03FE5CGJY8K,Lika,C,C,listener,5.0,refgame,1.0,page7-255,page7-255,True,2.0,01KJN7KYWAX41N5G0QPJ1GRFCF,False,,,,,,,False,False,35.0,,0.0,1772387974863,1772388005860,30997,,01KJN7931DXZ65NXTWK1GNEZMW,True,3,False,True,True,,,,,,,,False,
01KJN6MMPQTMDYRN709DP5DSDA,01KJN77XQHYQ5TVVY4HZM02E7R,Felu,C,C,speaker,1.0,refgame,2.0,page9-46,,,2.0,01KJN7KYW7CVYKM5SHMJ89SKKM,False,,,,,,,False,False,45.0,,0.0,1772388203492,1772388213909,10417,1.0,01KJN77XQHYQ5TVVY4HZM02E7R,,3,False,True,False,,,,,,,,False,
01KJN6MMPQTMDYRN709DP5DSDA,01KJN77XQHYQ5TVVY4HZM02E7R,Felu,C,C,speaker,4.0,refgame,2.0,page7-255,,,2.0,01KJN7KZ5M1XWQ8FNDY900FYQM,False,,,,,,,False,False,63.0,,0.0,1772388488743,1772388499700,10957,2.0,01KJN77XQHYQ5TVVY4HZM02E7R,,3,False,True,False,,,,,,,,False,
01KJN6MMPQTMDYRN709968YFN1,01KJN796KT7FCNV2F9QNCQDSES,Felu,C,C,speaker,1.0,refgame,1.0,page9-46,,,0.0,01KJN7K5HZEKT6FNAA9GWA4F02,False,,,,,,,False,False,9.0,,0.0,1772387125823,1772387165178,39355,1.0,01KJN796KT7FCNV2F9QNCQDSES,,3,False,True,False,,,,,,,,False,
01KJN6MMQ03KZPZN0275VZXK6R,01KJN79J529BWBWTESKB6D9MB7,Lika,C,C,listener,2.0,refgame,1.0,page7-255,page4-15,False,0.0,01KJN7JJ0YKPRCT8KSF0KQWF0X,False,,,,,,,False,False,14.0,,0.0,1772387327727,1772387351607,23880,,01KJN78DQ6KC0F9N1HA0BPB44R,True,3,False,True,True,,,,,,,,False,
01KJN6MMPQTMDYRN709DP5DSDA,01KJN79PCAAMFX7P2QF70Y3HJM,Repi,A,A,speaker,0.0,refgame,2.0,page9-46,,,2.0,01KJN7KYXP8T26GV24HNFMQXQP,False,,,,,,,False,False,40.0,,0.0,1772388115447,1772388127379,11932,1.0,01KJN79PCAAMFX7P2QF70Y3HJM,,3,False,True,False,,,,,,,,False,
01KJN6MMPQTMDYRN709DP5DSDA,01KJN7B32C1C5254NSG6ZK1GRK,Laju,A,A,listener,1.0,refgame,2.0,page3-35,page3-35,True,2.0,01KJN7KYXWXWC5F6JA6AZJ6Q67,False,,,,,,,False,False,46.0,,0.0,1772388216887,1772388227513,10626,,01KJN79ZRTRDMY6RH8ZCYCM9NV,True,3,False,True,True,,,,,,,,False,
01KJN6MMQ03KZPZN0275VZXK6R,01KJN792W85XPK9QGH8A6HSYSJ,Zuda,B,B,listener,5.0,refgame,1.0,page-B,page-B,True,2.0,01KJN7JJ1MRR84KNB9E0DAG180,False,,,,,,,False,False,32.0,,0.0,1772388138113,1772388181120,43007,,01KJN7A44GGBE9XR412KV5BFSC,True,3,False,True,True,,,,,,,,False,
01KJN6MMPQTMDYRN709968YFN1,01KJN788SPAKVVBHX9T9FDQWAF,Player,B,A,listener,5.0,refgame,2.0,page3-35,page3-35,True,2.0,01KJN7K5NRR9A1HQWEJ86W9HKW,False,,,,,,,False,False,69.0,,0.0,1772389066515,1772389075504,8989,,01KJN78CQJ3KY7VMGAR6F3D4S0,True,3,False,True,True,,,,,,,,False,
01KJN6MMPQTMDYRN709968YFN1,01KJN796KT7FCNV2F9QNCQDSES,Felu,C,C,speaker,1.0,refgame,1.0,page7-107,,,2.0,01KJN7K5FPBRARD9EVC2PVD07Q,False,,,,,,,False,False,8.0,,0.0,1772387081275,1772387110069,28794,1.0,01KJN796KT7FCNV2F9QNCQDSES,,3,False,True,False,,,,,,,,False,
01KJN6MMPQTMDYRN709DP5DSDA,01KJN7AAWT4GWKRZ7B9775509P,Zuda,B,B,listener,3.0,refgame,1.0,page7-255,page6-149,False,0.0,01KJN7KYZNJ3BKWKDZS9HS506H,False,,,,,,,False,False,18.0,,0.0,1772387503339,1772387541863,38524,,01KJN7B4V2673GK7HGVSG52R2P,True,3,False,True,True,,,,,,,,False,
01KJN6MMPQTMDYRN709968YFN1,01KJN79ZDP3YNFFHHQA302PJDP,Nori,C,C,listener,3.0,refgame,1.0,page3-35,page3-35,True,2.0,01KJN7K5J1ZRGX1V6B624J4KWP,False,,,,,,,False,False,21.0,,0.0,1772387727233,1772387763463,36230,,01KJN78M7563R5D9TQE5G142DA,True,3,False,True,True,,,,,,,,False,
01KJN6MMPQTMDYRN709968YFN1,01KJN78M7563R5D9TQE5G142DA,Lika,C,C,listener,5.0,refgame,1.0,page5-28,page5-28,True,2.0,01KJN7K5KHS8NZF1KQV836M65V,False,,,,,,,False,False,32.0,,0.0,1772388150885,1772388181824,30939,,01KJN79ZDP3YNFFHHQA302PJDP,True,3,False,True,True,,,,,,,,False,
01KJN6MMQ03KZPZN0275VZXK6R,01KJN79J529BWBWTESKB6D9MB7,Player,C,C,speaker,0.0,refgame,2.0,page7-255,,,2.0,01KJN7JJ05JV700GGZABPCJM90,False,,,,,,,False,False,38.0,,0.0,1772388419803,1772388439818,20015,1.0,01KJN79J529BWBWTESKB6D9MB7,,3,False,True,False,,,,,,,,False,
01KJN6MMPQTMDYRN709968YFN1,01KJN788SPAKVVBHX9T9FDQWAF,Player,B,A,speaker,1.0,refgame,2.0,page3-35,,,2.0,01KJN7K5REBM6RWVHX992E731S,False,,,,,,,False,False,42.0,,0.0,1772388490943,1772388500294,9351,1.0,01KJN788SPAKVVBHX9T9FDQWAF,,3,False,True,False,,,,,,,,False,
01KJN6MMPQTMDYRN709DP5DSDA,01KJN79PCAAMFX7P2QF70Y3HJM,Repi,A,A,listener,1.0,refgame,2.0,page5-28,page5-28,True,2.0,01KJN7KYX76441G4MZVKJSBPHS,False,,,,,,,False,False,42.0,,0.0,1772388151863,1772388163936,12073,,01KJN79ZRTRDMY6RH8ZCYCM9NV,True,3,False,True,True,,,,,,,,False,
01KJN6MMPQTMDYRN709DP5DSDA,01KJN7BYA5X3A2G30KZECRY2HY,Bavi,B,B,listener,3.0,refgame,2.0,page5-28,page5-28,True,2.0,01KJN7KZ3Q92SVP2Y70T8S3RW4,False,,,,,,,False,False,58.0,,0.0,1772388403986,1772388416078,12092,,01KJN7B4V2673GK7HGVSG52R2P,True,3,False,True,True,,,,,,,,False,
01KJN6MMQ03KZPZN0275VZXK6R,01KJN78DQ6KC0F9N1HA0BPB44R,Player,C,A,speaker,2.0,refgame,2.0,page-B,,,2.0,01KJN7JJ1N6V7EEQ6VZVXNRHV0,False,,,,,,,False,False,53.0,,0.0,1772388847281,1772388866268,18987,1.0,01KJN78DQ6KC0F9N1HA0BPB44R,,3,False,True,False,,,,,,,,False,
01KJN6MMQ03KZPZN0275VZXK6R,01KJN79J529BWBWTESKB6D9MB7,Lika,C,C,listener,1.0,refgame,1.0,page5-28,page5-28,True,2.0,01KJN7JHZNKNR7P7NGWFBFRP56,False,,,,,,,False,False,8.0,,0.0,1772387040356,1772387085361,45005,,01KJN7863BFF3ZYZGVVSATZTH7,True,3,False,True,True,,,,,,,,False,
01KJN6MMPQTMDYRN709968YFN1,01KJN79Y7T0VZNKHTSJRZWTDZ5,Hera,B,B,listener,5.0,refgame,1.0,page-B,page-B,True,2.0,01KJN7K5KKDNJS2ZHY8A7BH7EB,False,,,,,,,False,False,31.0,,0.0,1772388107860,1772388143179,35319,,01KJN78CQJ3KY7VMGAR6F3D4S0,True,3,False,True,True,,,,,,,,False,
01KJN6MMQ03KZPZN0275VZXK6R,01KJN792W85XPK9QGH8A6HSYSJ,Zuda,B,B,listener,5.0,refgame,1.0,page3-35,page3-35,True,2.0,01KJN7JJ1FP44XD8PJWTZX3FH2,False,,,,,,,False,False,35.0,,0.0,1772388255722,1772388289959,34237,,01KJN7A44GGBE9XR412KV5BFSC,True,3,False,True,True,,,,,,,,False,
01KJN6MMQ03KZPZN0275VZXK6R,01KJN78DQ6KC0F9N1HA0BPB44R,Nori,C,C,listener,0.0,refgame,1.0,page9-46,page9-46,True,2.0,01KJN7JJ0WM538Q7726PW4BTD2,False,,,,,,,False,False,5.0,,0.0,1772386890514,1772386933734,43220,,01KJN79J529BWBWTESKB6D9MB7,True,3,False,True,True,,,,,,,,False,
01KJN6MMPQTMDYRN709DP5DSDA,01KJN7AAWT4GWKRZ7B9775509P,Zuda,B,B,listener,5.0,refgame,1.0,page9-46,page9-46,True,2.0,01KJN7KYWCG0VSA4BGP1BA4VRQ,False,,,,,,,False,False,31.0,,0.0,1772387903476,1772387912499,9023,,01KJN7BYA5X3A2G30KZECRY2HY,True,3,False,True,True,,,,,,,,False,
01KJN6MMPQTMDYRN709968YFN1,01KJN788SPAKVVBHX9T9FDQWAF,Player,B,B,listener,2.0,refgame,2.0,page-B,page-B,True,2.0,01KJN7K5MY9H32YKAM8HZYE4TJ,False,,,,,,,False,False,48.0,,0.0,1772388630580,1772388650609,20029,,01KJN78JVY5FN5QXW9XGGE72RG,False,3,False,True,True,,,,,,,,False,
01KJN6MMPQTMDYRN709968YFN1,01KJN79ZDP3YNFFHHQA302PJDP,Nori,C,C,listener,1.0,refgame,1.0,page7-255,page7-255,True,2.0,01KJN7K5HSCQA43VSFADGE0Q2T,False,,,,,,,False,False,10.0,,0.0,1772387173083,1772387218062,44979,,01KJN796KT7FCNV2F9QNCQDSES,True,3,False,True,True,,,,,,,,False,
01KJN6MMPQTMDYRN709DP5DSDA,01KJN7931DXZ65NXTWK1GNEZMW,Nori,C,C,listener,0.0,refgame,2.0,page9-46,page9-46,True,2.0,01KJN7KYXP8T26GV24HNFMQXQP,False,,,,,,,False,False,40.0,,0.0,1772388115447,1772388127379,11932,,01KJN79ZQD1E4YD03FE5CGJY8K,True,3,False,True,True,,,,,,,,False,
01KJN6MMQ03KZPZN0275VZXK6R,01KJN79B14FBSYSKKCG2BYVBB6,Player,A,A,listener,1.0,refgame,2.0,page9-46,page5-63,False,0.0,01KJN7JJ13QJT8W0QKT01PY95R,False,,,,,,,False,False,45.0,,0.0,1772388615173,1772388635199,20026,,01KJN792W85XPK9QGH8A6HSYSJ,False,3,False,True,True,,,,,,,,False,
01KJN6MMPQTMDYRN709DP5DSDA,01KJN79ZRTRDMY6RH8ZCYCM9NV,Minu,A,A,speaker,1.0,refgame,1.0,page9-46,,,1.0,01KJN7KZ4DBDW3YBYDCHQRBRVZ,False,,,,,,,False,False,9.0,,0.0,1772387132400,1772387164842,32442,1.0,01KJN79ZRTRDMY6RH8ZCYCM9NV,,3,False,True,False,,,,,,,,False,
01KJN6MMPQTMDYRN709968YFN1,01KJN78B0TFR8F59JDGD057XNS,Repi,A,A,listener,2.0,refgame,1.0,page5-28,page5-28,True,2.0,01KJN7K5JK17KT4QXX6TA90JSY,False,,,,,,,False,False,17.0,,0.0,1772387520964,1772387561058,40094,,01KJN78JVY5FN5QXW9XGGE72RG,True,3,False,True,True,,,,,,,,False,
01KJN6MMQ03KZPZN0275VZXK6R,01KJN7AAX1VHZ1A7ZB35BNRH8N,Minu,A,A,listener,5.0,refgame,1.0,page9-46,page9-46,True,2.0,01KJN7JJ1GTZ14GD5SHH1T9KDQ,False,,,,,,,False,False,33.0,,0.0,1772388186835,1772388202360,15525,,01KJN7AZC7FAG17CY924MRTCF7,True,3,False,True,True,,,,,,,,False,
01KJN6MMQ03KZPZN0275VZXK6R,01KJN792W85XPK9QGH8A6HSYSJ,Zuda,B,B,listener,5.0,refgame,1.0,page7-255,page9-7,False,0.0,01KJN7JJ1FP44XD8PJXNFE1281,False,,,,,,,False,False,34.0,,0.0,1772388219015,1772388247646,28631,,01KJN7A44GGBE9XR412KV5BFSC,True,3,False,True,True,,,,,,,,False,
01KJN6MMQ03KZPZN0275VZXK6R,01KJN792W85XPK9QGH8A6HSYSJ,Player,B,A,listener,2.0,refgame,2.0,page7-255,page9-7,False,0.0,01KJN7JJ17ZTZ9QC0YBJF7F8VH,False,,,,,,,False,False,49.0,,0.0,1772388742925,1772388762952,20027,,01KJN7A44GGBE9XR412KV5BFSC,True,3,False,True,True,,,,,,,,False,
01KJN6MMPQTMDYRN709968YFN1,01KJN788SPAKVVBHX9T9FDQWAF,Player,B,A,speaker,4.0,refgame,2.0,page9-46,,,2.0,01KJN7K5RH8WAK5SD7F93EBYXB,False,,,,,,,False,False,65.0,,0.0,1772388983249,1772388994056,10807,2.0,01KJN788SPAKVVBHX9T9FDQWAF,,3,False,True,False,,,,,,,,False,
01KJN6MMQ03KZPZN0275VZXK6R,01KJN79J529BWBWTESKB6D9MB7,Player,C,C,listener,4.0,refgame,2.0,page9-46,page9-46,True,2.0,01KJN7JJ4KG1JY79DX9WK2TCTT,False,,,,,,,False,False,61.0,,0.0,1772389065241,1772389081575,16334,,01KJN7863BFF3ZYZGVVSATZTH7,True,3,False,True,True,,,,,,,,False,
01KJN6MMQ03KZPZN0275VZXK6R,01KJN7AZC7FAG17CY924MRTCF7,Player,A,C,listener,1.0,refgame,2.0,page5-28,page5-28,True,2.0,01KJN7JJ16T4F6S4PFHQFRAY28,False,,,,,,,False,False,44.0,,0.0,1772388584626,1772388604653,20027,,01KJN7AAX1VHZ1A7ZB35BNRH8N,True,3,False,True,True,,,,,,,,False,
01KJN6MMPQTMDYRN709DP5DSDA,01KJN79ZRTRDMY6RH8ZCYCM9NV,Minu,A,A,speaker,4.0,refgame,1.0,page-B,,,2.0,01KJN7KYX36Y98PXYV7H3VMGZH,False,,,,,,,False,False,25.0,,0.0,1772387714423,1772387741324,26901,2.0,01KJN79ZRTRDMY6RH8ZCYCM9NV,,3,False,True,False,,,,,,,,False,
01KJN6MMQ03KZPZN0275VZXK6R,01KJN7AAX1VHZ1A7ZB35BNRH8N,Player,A,A,listener,3.0,refgame,2.0,page7-255,,False,0.0,01KJN7JJ1820G44H81ADMFG2AV,False,,,,,,,True,False,56.0,,0.0,1772388933170,1772388953175,20005,,01KJN7C40WEQBDF48ACG18M0EV,False,3,False,True,True,,,,,,,,False,
01KJN6MMPQTMDYRN709968YFN1,01KJN78B0TFR8F59JDGD057XNS,Player,A,B,listener,4.0,refgame,2.0,page-B,page-B,True,2.0,01KJN7K5K20BTBV5B0XHZTHSK8,False,,,,,,,False,False,64.0,,0.0,1772388962366,1772388972779,10413,,01KJN788SPAKVVBHX9T9FDQWAF,False,3,False,True,True,,,,,,,,False,
01KJN6MMPQTMDYRN709DP5DSDA,01KJN79ZQD1E4YD03FE5CGJY8K,Lika,C,C,speaker,0.0,refgame,1.0,page5-28,,,1.0,01KJN7KZ5HH7NR0ZCH3MQS757H,False,,,,,,,False,False,4.0,,0.0,1772386874658,1772386919662,45004,1.0,01KJN79ZQD1E4YD03FE5CGJY8K,,3,False,True,False,,,,,,,,False,
01KJN6MMQ03KZPZN0275VZXK6R,01KJN7AAX1VHZ1A7ZB35BNRH8N,Minu,A,A,listener,3.0,refgame,1.0,page3-35,page3-35,True,2.0,01KJN7JJ49X2EQESMMJM9CKKQQ,False,,,,,,,False,False,21.0,,0.0,1772387640673,1772387685705,45032,,01KJN79B14FBSYSKKCG2BYVBB6,True,3,False,True,True,,,,,,,,False,
01KJN6MMPQTMDYRN709DP5DSDA,01KJN79ZQD1E4YD03FE5CGJY8K,Lika,C,C,listener,4.0,refgame,1.0,page7-255,page7-255,True,2.0,01KJN7KYWTHVP18XWA27WSJNEC,False,,,,,,,False,False,27.0,,0.0,1772387770894,1772387815936,45042,,01KJN77XQHYQ5TVVY4HZM02E7R,True,3,False,True,True,,,,,,,,False,
01KJN6MMPQTMDYRN709DP5DSDA,01KJN7AAWT4GWKRZ7B9775509P,Zuda,B,B,speaker,1.0,refgame,2.0,page5-28,,,2.0,01KJN7KYX76441G4MZVKJSBPHS,False,,,,,,,False,False,42.0,,0.0,1772388151863,1772388163936,12073,1.0,01KJN7AAWT4GWKRZ7B9775509P,,3,False,True,False,,,,,,,,False,
01KJN6MMQ03KZPZN0275VZXK6R,01KJN7863BFF3ZYZGVVSATZTH7,Player,C,C,listener,0.0,refgame,2.0,page-B,page-B,True,2.0,01KJN7JJ1CYQGSSJG1WBPKBVA9,False,,,,,,,False,False,36.0,,0.0,1772388356520,1772388376546,20026,,01KJN7C40WEQBDF48ACG18M0EV,False,3,False,True,True,,,,,,,,False,
01KJN6MMPQTMDYRN709DP5DSDA,01KJN79ZQD1E4YD03FE5CGJY8K,Lika,C,C,listener,1.0,refgame,1.0,page5-28,page5-28,True,2.0,01KJN7KZ409T5ZHRW9SE4CM2P9,False,,,,,,,False,False,11.0,,0.0,1772387222771,1772387265429,42658,,01KJN77XQHYQ5TVVY4HZM02E7R,True,3,False,True,True,,,,,,,,False,
01KJN6MMPQTMDYRN709968YFN1,01KJN79Y7T0VZNKHTSJRZWTDZ5,Player,B,B,listener,4.0,refgame,2.0,page7-107,,False,0.0,01KJN7K5HAJG21SWCHMY8SXPNH,False,,,,,,,True,False,60.0,,0.0,1772388872168,1772388892199,20031,,01KJN791EPN054R2NTQQ1BFXJ5,False,3,False,False,False,,,,,,,,False,
01KJN6MMPQTMDYRN709968YFN1,01KJN791EPN054R2NTQQ1BFXJ5,Minu,A,A,listener,0.0,refgame,1.0,page-B,page-B,True,2.0,01KJN7K5R9WK49MVWHPP0N06TT,False,,,,,,,False,False,2.0,,0.0,1772386746187,1772386791211,45024,,01KJN78B0TFR8F59JDGD057XNS,True,3,False,True,True,,,,,,,,False,
01KJN6MMPQTMDYRN709DP5DSDA,01KJN7931DXZ65NXTWK1GNEZMW,Nori,C,C,listener,3.0,refgame,1.0,page5-28,page5-28,True,2.0,01KJN7KYVX2YBMH8VCCFFKA25A,False,,,,,,,False,False,19.0,,0.0,1772387552131,1772387580313,28182,,01KJN79ZQD1E4YD03FE5CGJY8K,True,3,False,True,True,,,,,,,,False,
01KJN6MMPQTMDYRN709DP5DSDA,01KJN7931DXZ65NXTWK1GNEZMW,Nori,C,C,listener,4.0,refgame,1.0,page7-107,page7-107,True,2.0,01KJN7KYWYTD5D3M21S2X8P0AA,False,,,,,,,False,False,26.0,,0.0,1772387745826,1772387764604,18778,,01KJN77XQHYQ5TVVY4HZM02E7R,True,3,False,True,True,,,,,,,,False,
01KJN6MMQ03KZPZN0275VZXK6R,01KJN792W85XPK9QGH8A6HSYSJ,Zuda,B,B,listener,3.0,refgame,1.0,page7-107,page7-107,True,2.0,01KJN7JJ46829SY13E2SZ3F6SZ,False,,,,,,,False,False,23.0,,0.0,1772387751836,1772387795619,43783,,01KJN7C40WEQBDF48ACG18M0EV,True,3,False,True,True,,,,,,,,False,
01KJN6MMPQTMDYRN709DP5DSDA,01KJN7AAWT4GWKRZ7B9775509P,Zuda,B,B,listener,2.0,refgame,2.0,page3-35,page3-35,True,2.0,01KJN7KZ675C4DZYAWX412DRNF,False,,,,,,,False,False,49.0,,0.0,1772388265292,1772388271918,6626,,01KJN7BYA5X3A2G30KZECRY2HY,True,3,False,True,True,,,,,,,,False,
01KJN6MMPQTMDYRN709968YFN1,01KJN78JVY5FN5QXW9XGGE72RG,Laju,A,A,listener,1.0,refgame,1.0,page7-107,page7-107,True,2.0,01KJN7K5FPBRARD9EVC2PVD07Q,False,,,,,,,False,False,8.0,,0.0,1772387081275,1772387110069,28794,,01KJN791EPN054R2NTQQ1BFXJ5,True,3,False,True,True,,,,,,,,False,
01KJN6MMPQTMDYRN709DP5DSDA,01KJN7931DXZ65NXTWK1GNEZMW,Nori,C,C,speaker,5.0,refgame,1.0,page5-28,,,2.0,01KJN7KYZA3BRY3D1F5P0C9MSA,False,,,,,,,False,False,32.0,,0.0,1772387915811,1772387930604,14793,2.0,01KJN7931DXZ65NXTWK1GNEZMW,,3,False,True,False,,,,,,,,False,
01KJN6MMQ03KZPZN0275VZXK6R,01KJN78DQ6KC0F9N1HA0BPB44R,Nori,C,C,listener,1.0,refgame,1.0,page9-46,page9-46,True,2.0,01KJN7JHZQSRK24Z41VVEYNBPE,False,,,,,,,False,False,7.0,,0.0,1772386990498,1772387026658,36160,,01KJN7863BFF3ZYZGVVSATZTH7,True,3,False,True,True,,,,,,,,False,
01KJN6MMPQTMDYRN709DP5DSDA,01KJN7BYA5X3A2G30KZECRY2HY,Bavi,B,B,listener,4.0,refgame,2.0,page7-255,page7-255,True,2.0,01KJN7KZ5M1XWQ8FNDY900FYQM,False,,,,,,,False,False,63.0,,0.0,1772388488743,1772388499700,10957,,01KJN7AAWT4GWKRZ7B9775509P,True,3,False,True,True,,,,,,,,False,
01KJN6MMPQTMDYRN709DP5DSDA,01KJN79PCAAMFX7P2QF70Y3HJM,Repi,A,A,listener,4.0,refgame,2.0,page5-28,page5-28,True,2.0,01KJN7KZ5A7Y4CEP43YBWJ659J,False,,,,,,,False,False,64.0,,0.0,1772388504343,1772388518698,14355,,01KJN79ZRTRDMY6RH8ZCYCM9NV,True,3,False,True,True,,,,,,,,False,
01KJN6MMPQTMDYRN709968YFN1,01KJN78B0TFR8F59JDGD057XNS,Player,A,B,listener,2.0,refgame,2.0,page7-107,page7-107,True,2.0,01KJN7K5KWYEW2XHWSPH3S9Q47,False,,,,,,,False,False,49.0,,0.0,1772388657038,1772388669026,11988,,01KJN78JVY5FN5QXW9XGGE72RG,True,3,False,True,True,,,,,,,,False,
01KJN6MMPQTMDYRN709968YFN1,01KJN788SPAKVVBHX9T9FDQWAF,Player,B,B,listener,2.0,refgame,2.0,page7-255,page7-255,True,2.0,01KJN7K5K80HK3VGDQE5RKG8VX,False,,,,,,,False,False,53.0,,0.0,1772388730747,1772388750777,20030,,01KJN78CQJ3KY7VMGAR6F3D4S0,True,3,False,True,True,,,,,,,,False,
01KJN6MMQ03KZPZN0275VZXK6R,01KJN792W85XPK9QGH8A6HSYSJ,Player,B,A,listener,5.0,refgame,2.0,page7-255,,False,0.0,01KJN7JJ4EG9317PS97N14VR0A,False,,,,,,,True,False,67.0,,0.0,1772389216265,1772389236271,20006,,01KJN7A44GGBE9XR412KV5BFSC,True,3,False,True,True,,,,,,,,False,
01KJN6MMPQTMDYRN709DP5DSDA,01KJN77XQHYQ5TVVY4HZM02E7R,Felu,C,C,listener,3.0,refgame,1.0,page9-46,page9-46,True,2.0,01KJN7KYX0NA6EE02CQYEKX5QJ,False,,,,,,,False,False,20.0,,0.0,1772387587210,1772387601216,14006,,01KJN79ZQD1E4YD03FE5CGJY8K,True,3,False,True,True,,,,,,,,False,
01KJN6MMQ03KZPZN0275VZXK6R,01KJN79J529BWBWTESKB6D9MB7,Lika,C,C,listener,5.0,refgame,1.0,page5-28,page5-28,True,2.0,01KJN7JJ1SMVGMC6BAWX0QWSAN,False,,,,,,,False,False,30.0,,0.0,1772388071482,1772388097743,26261,,01KJN78DQ6KC0F9N1HA0BPB44R,True,3,False,True,True,,,,,,,,False,
01KJN6MMQ03KZPZN0275VZXK6R,01KJN7AZC7FAG17CY924MRTCF7,Laju,A,A,speaker,5.0,refgame,1.0,page9-46,,,2.0,01KJN7JJ1GTZ14GD5SHH1T9KDQ,False,,,,,,,False,False,33.0,,0.0,1772388186835,1772388202360,15525,2.0,01KJN7AZC7FAG17CY924MRTCF7,,3,False,True,False,,,,,,,,False,
01KJN6MMPQTMDYRN709968YFN1,01KJN78JVY5FN5QXW9XGGE72RG,Laju,A,A,listener,3.0,refgame,1.0,page-B,page-B,True,2.0,01KJN7K5J6A9SFZW6X3QF5099N,False,,,,,,,False,False,18.0,,0.0,1772387569671,1772387614705,45034,,01KJN78B0TFR8F59JDGD057XNS,True,3,False,True,True,,,,,,,,False,
01KJN6MMPQTMDYRN709968YFN1,01KJN78B0TFR8F59JDGD057XNS,Repi,A,A,speaker,3.0,refgame,1.0,page3-35,,,2.0,01KJN7K5J1ZRGX1V6B624J4KWP,False,,,,,,,False,False,21.0,,0.0,1772387727233,1772387763463,36230,2.0,01KJN78B0TFR8F59JDGD057XNS,,3,False,True,False,,,,,,,,False,
01KJN6MMQ03KZPZN0275VZXK6R,01KJN792W85XPK9QGH8A6HSYSJ,Zuda,B,B,speaker,4.0,refgame,1.0,page9-46,,,2.0,01KJN7JJ1YCSZJVTYD3GC94ZHQ,False,,,,,,,False,False,25.0,,0.0,1772387850217,1772387872088,21871,2.0,01KJN792W85XPK9QGH8A6HSYSJ,,3,False,True,False,,,,,,,,False,
01KJN6MMQ03KZPZN0275VZXK6R,01KJN7AZC7FAG17CY924MRTCF7,Laju,A,A,listener,4.0,refgame,1.0,page7-255,page7-255,True,2.0,01KJN7JJ0KAZ122DZJNX1TKJ9D,False,,,,,,,False,False,28.0,,0.0,1772387968164,1772388013165,45001,,01KJN7AAX1VHZ1A7ZB35BNRH8N,True,3,False,True,True,,,,,,,,False,
01KJN6MMPQTMDYRN709968YFN1,01KJN791EPN054R2NTQQ1BFXJ5,Player,A,B,listener,5.0,refgame,2.0,page5-28,page5-28,True,2.0,01KJN7K5N4ST52DKC6PJKDD43H,False,,,,,,,False,False,70.0,,0.0,1772389079989,1772389089080,9091,,01KJN78JVY5FN5QXW9XGGE72RG,True,3,False,True,True,,,,,,,,False,
01KJN6MMQ03KZPZN0275VZXK6R,01KJN78DQ6KC0F9N1HA0BPB44R,Nori,C,C,listener,1.0,refgame,1.0,page3-35,page3-35,True,2.0,01KJN7JJ0MB1FQKFF8CTGJPYKN,False,,,,,,,False,False,9.0,,0.0,1772387096074,1772387140295,44221,,01KJN7863BFF3ZYZGVVSATZTH7,True,3,False,True,True,,,,,,,,False,
01KJN6MMQ03KZPZN0275VZXK6R,01KJN7C40WEQBDF48ACG18M0EV,Hera,B,B,speaker,3.0,refgame,1.0,page5-28,,,1.0,01KJN7JJ4ABAFV6YM5DS9T3RJP,False,,,,,,,False,False,22.0,,0.0,1772387701843,1772387743214,41371,2.0,01KJN7C40WEQBDF48ACG18M0EV,,3,False,True,False,,,,,,,,False,
01KJN6MMQ03KZPZN0275VZXK6R,01KJN79J529BWBWTESKB6D9MB7,Lika,C,C,listener,5.0,refgame,1.0,page-B,page-B,True,2.0,01KJN7JJ1MRR84KNB9E0DAG180,False,,,,,,,False,False,32.0,,0.0,1772388138113,1772388181120,43007,,01KJN78DQ6KC0F9N1HA0BPB44R,True,3,False,True,True,,,,,,,,False,
01KJN6MMQ03KZPZN0275VZXK6R,01KJN7C40WEQBDF48ACG18M0EV,Player,B,B,listener,1.0,refgame,2.0,page7-255,page4-15,False,0.0,01KJN7JJ196KV3QWCGEJ4WFSSY,False,,,,,,,False,False,42.0,,0.0,1772388525929,1772388545961,20032,,01KJN792W85XPK9QGH8A6HSYSJ,True,3,False,True,True,,,,,,,,False,
01KJN6MMPQTMDYRN709DP5DSDA,01KJN7BYA5X3A2G30KZECRY2HY,Bavi,B,B,speaker,5.0,refgame,2.0,page9-46,,,2.0,01KJN7KZ4514C3QZK5XNERM52K,False,,,,,,,False,False,67.0,,0.0,1772388551585,1772388565781,14196,2.0,01KJN7BYA5X3A2G30KZECRY2HY,,3,False,True,False,,,,,,,,False,
01KJN6MMPQTMDYRN709968YFN1,01KJN79Y7T0VZNKHTSJRZWTDZ5,Player,B,A,listener,2.0,refgame,2.0,page9-46,page9-46,True,2.0,01KJN7K5KGSV4XEV8JEA43KKXE,False,,,,,,,False,False,52.0,,0.0,1772388712405,1772388726564,14159,,01KJN78CQJ3KY7VMGAR6F3D4S0,True,3,False,True,True,,,,,,,,False,
01KJN6MMPQTMDYRN709DP5DSDA,01KJN77XQHYQ5TVVY4HZM02E7R,Felu,C,C,speaker,4.0,refgame,1.0,page3-35,,,2.0,01KJN7KYWQFV3P23NSADGCXAHG,False,,,,,,,False,False,28.0,,0.0,1772387820802,1772387842921,22119,2.0,01KJN77XQHYQ5TVVY4HZM02E7R,,3,False,True,False,,,,,,,,False,
01KJN6MMPQTMDYRN709DP5DSDA,01KJN7931DXZ65NXTWK1GNEZMW,Nori,C,C,listener,4.0,refgame,1.0,page3-35,page3-35,True,2.0,01KJN7KYWQFV3P23NSADGCXAHG,False,,,,,,,False,False,28.0,,0.0,1772387820802,1772387842921,22119,,01KJN77XQHYQ5TVVY4HZM02E7R,True,3,False,True,True,,,,,,,,False,
01KJN6MMPQTMDYRN709DP5DSDA,01KJN7931DXZ65NXTWK1GNEZMW,Nori,C,C,speaker,2.0,refgame,2.0,page-B,,,2.0,01KJN7KZ5EPEYHDMQ29DK9VY0Z,False,,,,,,,False,False,53.0,,0.0,1772388316505,1772388330049,13544,1.0,01KJN7931DXZ65NXTWK1GNEZMW,,3,False,True,False,,,,,,,,False,
01KJN6MMQ03KZPZN0275VZXK6R,01KJN7AAX1VHZ1A7ZB35BNRH8N,Player,A,B,speaker,4.0,refgame,2.0,page7-255,,,1.0,01KJN7JJ4MVHVY4E5F7G465MK8,False,,,,,,,False,False,60.0,,0.0,1772389039235,1772389059240,20005,2.0,01KJN7AAX1VHZ1A7ZB35BNRH8N,,3,False,True,False,,,,,,,,False,
01KJN6MMPQTMDYRN709968YFN1,01KJN79ZDP3YNFFHHQA302PJDP,Nori,C,C,speaker,2.0,refgame,1.0,page7-107,,,1.0,01KJN7K5JPV4BFRM0HRJFFT23R,False,,,,,,,False,False,16.0,,0.0,1772387467532,1772387509956,42424,1.0,01KJN79ZDP3YNFFHHQA302PJDP,,3,False,True,False,,,,,,,,False,
01KJN6MMPQTMDYRN709968YFN1,01KJN78CQJ3KY7VMGAR6F3D4S0,Bavi,B,B,listener,3.0,refgame,1.0,page7-107,page7-107,True,2.0,01KJN7K5J4M8ZP49YPQF1AN3HY,False,,,,,,,False,False,19.0,,0.0,1772387620952,1772387665967,45015,,01KJN79Y7T0VZNKHTSJRZWTDZ5,True,3,False,True,True,,,,,,,,False,
01KJN6MMQ03KZPZN0275VZXK6R,01KJN792W85XPK9QGH8A6HSYSJ,Player,B,B,speaker,1.0,refgame,2.0,page7-255,,,0.0,01KJN7JJ196KV3QWCGEJ4WFSSY,False,,,,,,,False,False,42.0,,0.0,1772388525929,1772388545961,20032,1.0,01KJN792W85XPK9QGH8A6HSYSJ,,3,False,True,False,,,,,,,,False,
01KJN6MMPQTMDYRN709DP5DSDA,01KJN79ZQD1E4YD03FE5CGJY8K,Lika,C,C,listener,2.0,refgame,1.0,page-B,page-B,True,2.0,01KJN7KZ33V5V719AES7EBWC0V,False,,,,,,,False,False,14.0,,0.0,1772387342438,1772387377362,34924,,01KJN7931DXZ65NXTWK1GNEZMW,True,3,False,True,True,,,,,,,,False,
01KJN6MMQ03KZPZN0275VZXK6R,01KJN7C40WEQBDF48ACG18M0EV,Hera,B,B,speaker,3.0,refgame,1.0,page7-255,,,1.0,01KJN7JJ4B103R31J8WHVA9DX7,False,,,,,,,False,False,20.0,,0.0,1772387585916,1772387626307,40391,2.0,01KJN7C40WEQBDF48ACG18M0EV,,3,False,True,False,,,,,,,,False,
01KJN6MMQ03KZPZN0275VZXK6R,01KJN7A44GGBE9XR412KV5BFSC,Bavi,B,B,listener,4.0,refgame,1.0,page7-255,,False,0.0,01KJN7JJ0KAZ122DZJNX1TKJ9D,False,,,,,,,True,False,28.0,,0.0,1772387968164,1772388013165,45001,,01KJN792W85XPK9QGH8A6HSYSJ,True,3,False,True,True,,,,,,,,False,
01KJN6MMPQTMDYRN709DP5DSDA,01KJN79ZRTRDMY6RH8ZCYCM9NV,Minu,A,A,listener,3.0,refgame,2.0,page9-46,page9-46,True,2.0,01KJN7KZ4QMNMSWDESPF7REVXV,False,,,,,,,False,False,55.0,,0.0,1772388358226,1772388367836,9610,,01KJN79PCAAMFX7P2QF70Y3HJM,True,3,False,True,True,,,,,,,,False,
01KJN6MMPQTMDYRN709DP5DSDA,01KJN79ZQD1E4YD03FE5CGJY8K,Lika,C,C,listener,2.0,refgame,1.0,page5-28,page5-28,True,2.0,01KJN7KZ01302DTXHE0RJAA5M7,False,,,,,,,False,False,16.0,,0.0,1772387428738,1772387456895,28157,,01KJN7931DXZ65NXTWK1GNEZMW,True,3,False,True,True,,,,,,,,False,
01KJN6MMQ03KZPZN0275VZXK6R,01KJN7C40WEQBDF48ACG18M0EV,Hera,B,B,listener,4.0,refgame,1.0,page9-46,page9-46,True,2.0,01KJN7JJ1YCSZJVTYD3GC94ZHQ,False,,,,,,,False,False,25.0,,0.0,1772387850217,1772387872088,21871,,01KJN792W85XPK9QGH8A6HSYSJ,True,3,False,True,True,,,,,,,,False,
01KJN6MMQ03KZPZN0275VZXK6R,01KJN7863BFF3ZYZGVVSATZTH7,Felu,C,C,listener,5.0,refgame,1.0,page7-107,page7-107,True,2.0,01KJN7JJ1QAVBM4RS4B0A8K9MV,False,,,,,,,False,False,31.0,,0.0,1772388113268,1772388133523,20255,,01KJN78DQ6KC0F9N1HA0BPB44R,True,3,False,True,True,,,,,,,,False,
01KJN6MMPQTMDYRN709DP5DSDA,01KJN79ZRTRDMY6RH8ZCYCM9NV,Minu,A,A,speaker,1.0,refgame,2.0,page5-28,,,2.0,01KJN7KYX76441G4MZVKJSBPHS,False,,,,,,,False,False,42.0,,0.0,1772388151863,1772388163936,12073,1.0,01KJN79ZRTRDMY6RH8ZCYCM9NV,,3,False,True,False,,,,,,,,False,
01KJN6MMPQTMDYRN709DP5DSDA,01KJN7BYA5X3A2G30KZECRY2HY,Bavi,B,B,speaker,5.0,refgame,2.0,page-B,,,2.0,01KJN7KZ3D0HTVJZCVXH48W7YP,False,,,,,,,False,False,69.0,,0.0,1772388579779,1772388591448,11669,2.0,01KJN7BYA5X3A2G30KZECRY2HY,,3,False,True,False,,,,,,,,False,
01KJN6MMPQTMDYRN709968YFN1,01KJN79ZDP3YNFFHHQA302PJDP,Nori,C,C,listener,0.0,refgame,1.0,page5-28,,False,0.0,01KJN7K5FJH6VAH8DMSYVN52WF,False,,,,,,,True,False,1.0,,0.0,1772386685473,1772386730491,45018,,01KJN78M7563R5D9TQE5G142DA,True,3,False,False,False,,,,,,,,False,
01KJN6MMQ03KZPZN0275VZXK6R,01KJN79B14FBSYSKKCG2BYVBB6,Repi,A,A,speaker,0.0,refgame,1.0,page-B,,,0.0,01KJN7JHZG39B3YEBM7VHA554N,False,,,,,,,False,False,4.0,,0.0,1772386841560,1772386883546,41986,1.0,01KJN79B14FBSYSKKCG2BYVBB6,,3,False,True,False,,,,,,,,False,
01KJN6MMPQTMDYRN709968YFN1,01KJN78CQJ3KY7VMGAR6F3D4S0,Bavi,B,B,listener,3.0,refgame,1.0,page9-46,page9-46,True,2.0,01KJN7K5J3HZW6MM8NGDQP6NN7,False,,,,,,,False,False,20.0,,0.0,1772387676121,1772387720266,44145,,01KJN79Y7T0VZNKHTSJRZWTDZ5,True,3,False,True,True,,,,,,,,False,
01KJN6MMPQTMDYRN709DP5DSDA,01KJN7AAWT4GWKRZ7B9775509P,Zuda,B,B,listener,5.0,refgame,1.0,page-B,page-B,True,2.0,01KJN7KYZ4BR3PV6SVPD7F89EN,False,,,,,,,False,False,33.0,,0.0,1772387934640,1772387950421,15781,,01KJN7BYA5X3A2G30KZECRY2HY,True,3,False,True,True,,,,,,,,False,
01KJN6MMQ03KZPZN0275VZXK6R,01KJN7AZC7FAG17CY924MRTCF7,Laju,A,A,speaker,5.0,refgame,1.0,page7-107,,,2.0,01KJN7JJ1QAVBM4RS4B0A8K9MV,False,,,,,,,False,False,31.0,,0.0,1772388113268,1772388133523,20255,2.0,01KJN7AZC7FAG17CY924MRTCF7,,3,False,True,False,,,,,,,,False,
01KJN6MMPQTMDYRN709DP5DSDA,01KJN7AAWT4GWKRZ7B9775509P,Zuda,B,B,speaker,4.0,refgame,1.0,page7-107,,,2.0,01KJN7KYWYTD5D3M21S2X8P0AA,False,,,,,,,False,False,26.0,,0.0,1772387745826,1772387764604,18778,2.0,01KJN7AAWT4GWKRZ7B9775509P,,3,False,True,False,,,,,,,,False,
01KJN6MMPQTMDYRN709968YFN1,01KJN79Y7T0VZNKHTSJRZWTDZ5,Hera,B,B,listener,5.0,refgame,1.0,page7-107,page7-107,True,2.0,01KJN7K5FY9W5FE9ETY2P4WBNM,False,,,,,,,False,False,30.0,,0.0,1772388079202,1772388103303,24101,,01KJN78CQJ3KY7VMGAR6F3D4S0,True,3,False,True,True,,,,,,,,False,
01KJN6MMQ03KZPZN0275VZXK6R,01KJN7863BFF3ZYZGVVSATZTH7,Felu,C,C,speaker,1.0,refgame,1.0,page7-255,,,2.0,01KJN7JJ0XW9B6G59FFDBG8AT1,False,,,,,,,False,False,6.0,,0.0,1772386940062,1772386985080,45018,1.0,01KJN7863BFF3ZYZGVVSATZTH7,,3,False,True,False,,,,,,,,False,
01KJN6MMPQTMDYRN709DP5DSDA,01KJN7BYA5X3A2G30KZECRY2HY,Bavi,B,B,listener,3.0,refgame,1.0,page5-28,page5-28,True,2.0,01KJN7KYVX2YBMH8VCCFFKA25A,False,,,,,,,False,False,19.0,,0.0,1772387552131,1772387580313,28182,,01KJN7B4V2673GK7HGVSG52R2P,True,3,False,True,True,,,,,,,,False,
01KJN6MMQ03KZPZN0275VZXK6R,01KJN7AAX1VHZ1A7ZB35BNRH8N,Player,A,A,listener,3.0,refgame,2.0,page9-46,page9-46,True,2.0,01KJN7JJ1E3ET2MMDFS57Q4ATE,False,,,,,,,False,False,55.0,,0.0,1772388904023,1772388924052,20029,,01KJN79B14FBSYSKKCG2BYVBB6,True,3,False,True,True,,,,,,,,False,
01KJN6MMQ03KZPZN0275VZXK6R,01KJN792W85XPK9QGH8A6HSYSJ,Player,B,C,listener,5.0,refgame,2.0,page9-46,page9-46,True,2.0,01KJN7JJ4B103R31J8V9CH41TX,False,,,,,,,False,False,71.0,,0.0,1772389316097,1772389335665,19568,,01KJN7A44GGBE9XR412KV5BFSC,True,3,False,True,True,,,,,,,,False,
01KJN6MMQ03KZPZN0275VZXK6R,01KJN7AAX1VHZ1A7ZB35BNRH8N,Minu,A,A,speaker,4.0,refgame,1.0,page-B,,,2.0,01KJN7JJ1T0XBC815C25NRSF57,False,,,,,,,False,False,29.0,,0.0,1772388018523,1772388063879,45356,2.0,01KJN7AAX1VHZ1A7ZB35BNRH8N,,3,False,True,False,,,,,,,,False,
01KJN6MMQ03KZPZN0275VZXK6R,01KJN79J529BWBWTESKB6D9MB7,Lika,C,C,listener,1.0,refgame,1.0,page3-35,page3-35,True,2.0,01KJN7JJ0MB1FQKFF8CTGJPYKN,False,,,,,,,False,False,9.0,,0.0,1772387096074,1772387140295,44221,,01KJN7863BFF3ZYZGVVSATZTH7,True,3,False,True,True,,,,,,,,False,
01KJN6MMQ03KZPZN0275VZXK6R,01KJN7AAX1VHZ1A7ZB35BNRH8N,Player,A,B,speaker,1.0,refgame,2.0,page7-107,,,2.0,01KJN7JJ0ZHPHTDK0XMJNPQY31,False,,,,,,,False,False,47.0,,0.0,1772388682955,1772388702993,20038,1.0,01KJN7AAX1VHZ1A7ZB35BNRH8N,,3,False,True,False,,,,,,,,False,
01KJN6MMPQTMDYRN709968YFN1,01KJN788SPAKVVBHX9T9FDQWAF,Player,B,B,listener,2.0,refgame,2.0,page3-35,page3-35,True,2.0,01KJN7K5G03ASRSWR507S1E4ZN,False,,,,,,,False,False,51.0,,0.0,1772388698776,1772388708362,9586,,01KJN78JVY5FN5QXW9XGGE72RG,False,3,False,True,True,,,,,,,,False,
01KJN6MMPQTMDYRN709DP5DSDA,01KJN79ZQD1E4YD03FE5CGJY8K,Lika,C,C,listener,5.0,refgame,2.0,page7-107,page7-107,True,2.0,01KJN7KYZYF9F6E5Z5YS0W94HW,False,,,,,,,False,False,71.0,,0.0,1772388610371,1772388617882,7511,,01KJN7931DXZ65NXTWK1GNEZMW,True,3,False,True,True,,,,,,,,False,
01KJN6MMQ03KZPZN0275VZXK6R,01KJN7C40WEQBDF48ACG18M0EV,Player,B,A,listener,4.0,refgame,2.0,page7-255,page4-15,False,0.0,01KJN7JJ4MVHVY4E5F7G465MK8,False,,,,,,,False,False,60.0,,0.0,1772389039235,1772389059240,20005,,01KJN792W85XPK9QGH8A6HSYSJ,True,3,False,True,True,,,,,,,,False,
01KJN6MMQ03KZPZN0275VZXK6R,01KJN792W85XPK9QGH8A6HSYSJ,Player,B,A,listener,2.0,refgame,2.0,page9-46,page9-46,True,2.0,01KJN7JJ123XE0WCHG834D1V4V,False,,,,,,,False,False,51.0,,0.0,1772388798958,1772388816891,17933,,01KJN7A44GGBE9XR412KV5BFSC,True,3,False,True,True,,,,,,,,False,
01KJN6MMPQTMDYRN709968YFN1,01KJN78JVY5FN5QXW9XGGE72RG,Player,A,B,listener,4.0,refgame,2.0,page5-28,page5-28,True,2.0,01KJN7K5R759VFQZX7GK4PSP44,False,,,,,,,False,False,62.0,,0.0,1772388918371,1772388927960,9589,,01KJN791EPN054R2NTQQ1BFXJ5,True,3,False,True,True,,,,,,,,False,
01KJP22PXRH9VYFY7Z1HZVNSMN,01KJP2SNNP4ZB6K1QMGZX5CC0T,Player,C,B,speaker,3.0,refgame,2.0,page7-255,,,1.0,01KJP3CMDE74QAQYSEDB6YATWE,False,,,,,,,False,False,55.0,,0.0,1772418245217,1772418269532,24315,2.0,01KJP2SNNP4ZB6K1QMGZX5CC0T,,3,False,True,False,,,,,,,,False,
01KJP22PXRH9VYFY7Z1HZVNSMN,01KJP2SDQCR0935BS4E06A6D2G,Felu,C,C,listener,2.0,refgame,1.0,page7-107,page7-107,True,2.0,01KJP3CMACAF76HADC02P8KA11,False,,,,,,,False,False,15.0,,0.0,1772416596314,1772416627994,31680,,01KJP2Q9Z7MR3VPYE4MH3SC9C8,True,3,False,True,True,,,,,,,,False,
01KJP22PXRH9VYFY7Z1HZVNSMN,01KJP2Q9Z7MR3VPYE4MH3SC9C8,Nori,C,C,speaker,2.0,refgame,1.0,page7-107,,,2.0,01KJP3CMACAF76HADC02P8KA11,False,,,,,,,False,False,15.0,,0.0,1772416596314,1772416627994,31680,1.0,01KJP2Q9Z7MR3VPYE4MH3SC9C8,,3,False,True,False,,,,,,,,False,
01KJP22PXRH9VYFY7Z1HZVNSMN,01KJP2SGRYQPGESDGRKTMMAJX4,Minu,A,A,listener,2.0,refgame,1.0,page5-28,page7-26,False,0.0,01KJP3CMAB1G61PNACVKVNQ61J,False,,,,,,,False,False,16.0,,0.0,1772416633453,1772416671923,38470,,01KJP2RBVR6E36EKC8HYRAV5GF,True,3,False,True,True,,,,,,,,False,
01KJP22PXRH9VYFY7Z1HZVNSMN,01KJP2SDQCR0935BS4E06A6D2G,Player,C,A,listener,0.0,refgame,2.0,page3-35,page3-35,True,2.0,01KJP3CM9ZZCXCMMAE2E0RMM7V,False,,,,,,,False,False,36.0,,0.0,1772417582895,1772417607900,25005,,01KJP2RH1QNE571FNJRJ0ZHM7W,False,3,False,True,True,,,,,,,,False,
01KJP22PXRH9VYFY7Z1HZVNSMN,01KJP2Q4FMMNPG4DTS771Y4V70,Repi,A,A,speaker,3.0,refgame,1.0,page3-35,,,1.0,01KJP3CMAB1G61PNACWEZ35PYR,False,,,,,,,False,False,23.0,,0.0,1772416957977,1772416999372,41395,2.0,01KJP2Q4FMMNPG4DTS771Y4V70,,3,False,True,False,,,,,,,,False,
01KJP22PXRH9VYFY7Z1HZVNSMN,01KJP2SNNP4ZB6K1QMGZX5CC0T,Player,C,A,speaker,3.0,refgame,2.0,page9-46,,,1.0,01KJP3CMBWC2VTRPN2G686DK6W,False,,,,,,,False,False,58.0,,0.0,1772418336083,1772418360522,24439,2.0,01KJP2SNNP4ZB6K1QMGZX5CC0T,,3,False,True,False,,,,,,,,False,
01KJP22PXRH9VYFY7Z1HZVNSMN,01KJP2RVD8SK7AN1X5EMGRM458,Player,B,B,speaker,4.0,refgame,2.0,page5-28,,,2.0,01KJP3CMBKFK80J9EKRNSR927F,False,,,,,,,False,False,62.0,,0.0,1772418472007,1772418489800,17793,2.0,01KJP2RVD8SK7AN1X5EMGRM458,,3,False,True,False,,,,,,,,False,
01KJP22PXRH9VYFY7Z1HZVNSMN,01KJP2SNNP4ZB6K1QMGZX5CC0T,Lika,C,C,speaker,0.0,refgame,1.0,page7-107,,,1.0,01KJP3CM91MTSHTCQY8JW98BQT,False,,,,,,,False,False,1.0,,0.0,1772415833896,1772415878906,45010,1.0,01KJP2SNNP4ZB6K1QMGZX5CC0T,,3,False,True,False,,,,,,,,False,
01KJP22PXRH9VYFY7Z1HZVNSMN,01KJP2SDQCR0935BS4E06A6D2G,Felu,C,C,speaker,1.0,refgame,1.0,page5-28,,,2.0,01KJP3CMA8RYSHRF0RJRCZH50A,False,,,,,,,False,False,9.0,,0.0,1772416274721,1772416319071,44350,1.0,01KJP2SDQCR0935BS4E06A6D2G,,3,False,True,False,,,,,,,,False,
01KJP22PXRH9VYFY7Z1HZVNSMN,01KJP2SNNP4ZB6K1QMGZX5CC0T,Lika,C,C,speaker,3.0,refgame,1.0,page7-255,,,2.0,01KJP3CMA8RYSHRF0RKHSGK2ZM,False,,,,,,,False,False,19.0,,0.0,1772416763366,1772416804864,41498,2.0,01KJP2SNNP4ZB6K1QMGZX5CC0T,,3,False,True,False,,,,,,,,False,
01KJP22PXRH9VYFY7Z1HZVNSMN,01KJP2RBVR6E36EKC8HYRAV5GF,Laju,A,A,listener,3.0,refgame,1.0,page9-46,page9-46,True,2.0,01KJP3CMA6W7PDKD1XA0DCC90G,False,,,,,,,False,False,20.0,,0.0,1772416811101,1772416853689,42588,,01KJP2Q4FMMNPG4DTS771Y4V70,True,3,False,True,True,,,,,,,,False,
01KJP22PXRH9VYFY7Z1HZVNSMN,01KJP2Q4FMMNPG4DTS771Y4V70,Player,A,C,speaker,2.0,refgame,2.0,page3-35,,,2.0,01KJP3CMDM8CDWRZ2R580XTXJP,False,,,,,,,False,False,53.0,,0.0,1772418176905,1772418201631,24726,2.0,01KJP2Q4FMMNPG4DTS771Y4V70,,2,True,True,False,,,,,,,,False,
01KJP22PXRH9VYFY7Z1HZVNSMN,01KJP2RVD8SK7AN1X5EMGRM458,Zuda,B,B,listener,0.0,refgame,1.0,page7-255,page6-149,False,0.0,01KJP3CM9JB14AY8MBMF4VCE4W,False,,,,,,,False,False,3.0,,0.0,1772415943043,1772415987348,44305,,01KJP2RH1QNE571FNJRJ0ZHM7W,True,3,False,True,True,,,,,,,,False,
01KJP22PXRH9VYFY7Z1HZVNSMN,01KJP2Q4FMMNPG4DTS771Y4V70,Repi,A,A,listener,2.0,refgame,1.0,page3-35,page3-35,True,2.0,01KJP3CMA2DMARPZNDKST5PAHK,False,,,,,,,False,False,12.0,,0.0,1772416445742,1772416490748,45006,,01KJP2RBVR6E36EKC8HYRAV5GF,True,3,False,True,True,,,,,,,,False,
01KJP22PXRH9VYFY7Z1HZVNSMN,01KJP2SGRYQPGESDGRKTMMAJX4,Minu,A,A,listener,3.0,refgame,1.0,page7-255,page5-64,False,0.0,01KJP3CMA8RYSHRF0RKHSGK2ZM,False,,,,,,,False,False,19.0,,0.0,1772416763366,1772416804864,41498,,01KJP2Q4FMMNPG4DTS771Y4V70,True,3,False,True,True,,,,,,,,False,
01KJP22PXRH9VYFY7Z1HZVNSMN,01KJP2RVD8SK7AN1X5EMGRM458,Player,B,B,listener,2.0,refgame,2.0,page9-46,page9-46,True,2.0,01KJP3CMBN46GH887MBYTMMXFZ,False,,,,,,,False,False,48.0,,0.0,1772417999847,1772418024851,25004,,01KJP2Q9Z7MR3VPYE4MH3SC9C8,False,3,False,True,True,,,,,,,,False,
01KJP22PXRH9VYFY7Z1HZVNSMN,01KJP2RVD8SK7AN1X5EMGRM458,Player,B,B,speaker,1.0,refgame,2.0,page9-46,,,2.0,01KJP3CMBPAK2HC2TNBMD5J772,False,,,,,,,False,False,46.0,,0.0,1772417933938,1772417957914,23976,1.0,01KJP2RVD8SK7AN1X5EMGRM458,,3,False,True,False,,,,,,,,False,
01KJP22PXRH9VYFY7Z1HZVNSMN,01KJP2RH1QNE571FNJRJ0ZHM7W,Player,B,B,listener,2.0,refgame,2.0,page7-107,page7-107,True,2.0,01KJP3CMBKFK80J9EKSVWKNESX,False,,,,,,,False,False,52.0,,0.0,1772418139976,1772418164622,24646,,01KJP2RBVR6E36EKC8HYRAV5GF,False,3,False,True,True,,,,,,,,False,
01KJP22PXRH9VYFY7Z1HZVNSMN,01KJP2RH1QNE571FNJRJ0ZHM7W,Player,B,A,speaker,3.0,refgame,2.0,page7-255,,,0.0,01KJP3CMDE74QAQYSEDB6YATWE,False,,,,,,,False,False,55.0,,0.0,1772418245217,1772418269532,24315,3.0,01KJP2RH1QNE571FNJRJ0ZHM7W,,3,False,True,False,,,,,,,,False,
01KJP22PXRH9VYFY7Z1HZVNSMN,01KJP2RBVR6E36EKC8HYRAV5GF,Player,A,A,listener,4.0,refgame,2.0,page5-28,page5-28,True,2.0,01KJP3CMBKFK80J9EKRNSR927F,False,,,,,,,False,False,62.0,,0.0,1772418472007,1772418489800,17793,,01KJP2SDQCR0935BS4E06A6D2G,False,3,False,True,True,,,,,,,,False,
01KJP22PXRH9VYFY7Z1HZVNSMN,01KJP2SDQCR0935BS4E06A6D2G,Felu,C,C,listener,2.0,refgame,1.0,page7-255,page7-255,True,2.0,01KJP3CMACAF76HADC108S9D9K,False,,,,,,,False,False,14.0,,0.0,1772416545721,1772416589453,43732,,01KJP2Q9Z7MR3VPYE4MH3SC9C8,True,3,False,True,True,,,,,,,,False,
01KJP22PXRH9VYFY7Z1HZVNSMN,01KJP2RVD8SK7AN1X5EMGRM458,Zuda,B,B,speaker,5.0,refgame,1.0,page7-255,,,2.0,01KJP3CM9G3FDFJTW5V5C4PXCB,False,,,,,,,False,False,35.0,,0.0,1772417482303,1772417515679,33376,3.0,01KJP2RVD8SK7AN1X5EMGRM458,,2,True,True,False,,,,,,,,False,
01KJP22PXRH9VYFY7Z1HZVNSMN,01KJP2RBVR6E36EKC8HYRAV5GF,Player,A,B,listener,0.0,refgame,2.0,page7-107,page7-107,True,2.0,01KJP3CMAKBY4EQ2P7F82DKW77,False,,,,,,,False,False,37.0,,0.0,1772417623661,1772417647924,24263,,01KJP2RH1QNE571FNJRJ0ZHM7W,False,3,False,True,True,,,,,,,,False,
01KJP22PXRH9VYFY7Z1HZVNSMN,01KJP2SNNP4ZB6K1QMGZX5CC0T,Player,C,C,speaker,3.0,refgame,2.0,page3-35,,,2.0,01KJP3CMDD0K8FB8PPX8QTR2TD,False,,,,,,,False,False,57.0,,0.0,1772418312476,1772418328668,16192,2.0,01KJP2SNNP4ZB6K1QMGZX5CC0T,,2,False,True,False,,,,,,,,False,
01KJP22PXRH9VYFY7Z1HZVNSMN,01KJP2SGRYQPGESDGRKTMMAJX4,Player,A,A,listener,5.0,refgame,2.0,page7-107,page7-107,True,2.0,01KJP3CMDE74QAQYSEE95EGXZR,False,,,,,,,False,False,68.0,,0.0,1772418644666,1772418667628,22962,,01KJP2RBVR6E36EKC8HYRAV5GF,True,3,False,True,True,,,,,,,,False,
01KJP22PXRH9VYFY7Z1HZVNSMN,01KJP2RBVR6E36EKC8HYRAV5GF,Player,A,B,listener,0.0,refgame,2.0,page3-35,page3-35,True,2.0,01KJP3CM9ZZCXCMMAE2E0RMM7V,False,,,,,,,False,False,36.0,,0.0,1772417582895,1772417607900,25005,,01KJP2Q4FMMNPG4DTS771Y4V70,True,3,False,True,True,,,,,,,,False,
01KJP22PXRH9VYFY7Z1HZVNSMN,01KJP2Q9Z7MR3VPYE4MH3SC9C8,Player,C,A,listener,1.0,refgame,2.0,page-B,page-B,True,2.0,01KJP3CMBR8ZCV7RSYCY2M8G0Z,False,,,,,,,False,False,47.0,,0.0,1772417964513,1772417987750,23237,,01KJP2RVD8SK7AN1X5EMGRM458,False,3,False,True,True,,,,,,,,False,
01KJP22PXRH9VYFY7Z1HZVNSMN,01KJP2SGRYQPGESDGRKTMMAJX4,Player,A,B,listener,3.0,refgame,2.0,page-B,page-B,True,2.0,01KJP3CMD9PVBS9GJ9WZCK65VZ,False,,,,,,,False,False,56.0,,0.0,1772418280302,1772418303304,23002,,01KJP2RH1QNE571FNJRJ0ZHM7W,False,3,False,True,True,,,,,,,,False,
01KJP22PXRH9VYFY7Z1HZVNSMN,01KJP2RVD8SK7AN1X5EMGRM458,Zuda,B,B,speaker,1.0,refgame,1.0,page3-35,,,0.0,01KJP3CMDKBS9JFM59T1D0FC34,False,,,,,,,False,False,6.0,,0.0,1772416118102,1772416163098,44996,1.0,01KJP2RVD8SK7AN1X5EMGRM458,,3,False,True,False,,,,,,,,False,
01KJP22PXRH9VYFY7Z1HZVNSMN,01KJP2RH1QNE571FNJRJ0ZHM7W,Hera,B,B,speaker,2.0,refgame,1.0,page3-35,,,0.0,01KJP3CMA2DMARPZNDKST5PAHK,False,,,,,,,False,False,12.0,,0.0,1772416445742,1772416490748,45006,2.0,01KJP2RH1QNE571FNJRJ0ZHM7W,,2,True,False,False,,,,,,,,False,
01KJP22PXRH9VYFY7Z1HZVNSMN,01KJP2SGRYQPGESDGRKTMMAJX4,Minu,A,A,speaker,4.0,refgame,1.0,page5-28,,,2.0,01KJP3CM9C5PRKR0P4VR7QK685,False,,,,,,,False,False,28.0,,0.0,1772417178776,1772417221242,42466,2.0,01KJP2SGRYQPGESDGRKTMMAJX4,,3,False,True,False,,,,,,,,False,
01KJP22PXRH9VYFY7Z1HZVNSMN,01KJP2SGRYQPGESDGRKTMMAJX4,Minu,A,A,listener,5.0,refgame,1.0,page7-255,page7-26,False,0.0,01KJP3CM9G3FDFJTW5V5C4PXCB,False,,,,,,,False,False,35.0,,0.0,1772417482303,1772417515679,33376,,01KJP2RBVR6E36EKC8HYRAV5GF,True,3,False,True,True,,,,,,,,False,
01KJP22PXRH9VYFY7Z1HZVNSMN,01KJP2RH1QNE571FNJRJ0ZHM7W,Hera,B,B,speaker,0.0,refgame,1.0,page7-107,,,1.0,01KJP3CM91MTSHTCQY8JW98BQT,False,,,,,,,False,False,1.0,,0.0,1772415833896,1772415878906,45010,1.0,01KJP2RH1QNE571FNJRJ0ZHM7W,,3,False,True,False,,,,,,,,False,
01KJP22PXRH9VYFY7Z1HZVNSMN,01KJP2SGRYQPGESDGRKTMMAJX4,Player,A,B,speaker,1.0,refgame,2.0,page-B,,,1.0,01KJP3CMBR8ZCV7RSYCY2M8G0Z,False,,,,,,,False,False,47.0,,0.0,1772417964513,1772417987750,23237,1.0,01KJP2SGRYQPGESDGRKTMMAJX4,,3,False,True,False,,,,,,,,False,
01KJP22PXRH9VYFY7Z1HZVNSMN,01KJP2Q9Z7MR3VPYE4MH3SC9C8,Nori,C,C,listener,3.0,refgame,1.0,page7-107,page7-107,True,2.0,01KJP3CMA9QVGAE5H6MN94KJAD,False,,,,,,,False,False,18.0,,0.0,1772416729555,1772416757538,27983,,01KJP2SNNP4ZB6K1QMGZX5CC0T,True,3,False,True,True,,,,,,,,False,
01KJP22PXRH9VYFY7Z1HZVNSMN,01KJP2RH1QNE571FNJRJ0ZHM7W,Hera,B,B,listener,4.0,refgame,1.0,page7-255,page7-255,True,2.0,01KJP3CMA9QVGAE5H6NH66V55J,False,,,,,,,False,False,24.0,,0.0,1772417004762,1772417048010,43248,,01KJP2RVD8SK7AN1X5EMGRM458,True,2,False,True,True,,,,,,,,False,
01KJP22PXRH9VYFY7Z1HZVNSMN,01KJP2RH1QNE571FNJRJ0ZHM7W,Player,B,B,listener,2.0,refgame,2.0,page-B,page6-149,False,0.0,01KJP3CMBN46GH887MB8939EJF,False,,,,,,,False,False,49.0,,0.0,1772418040570,1772418062764,22194,,01KJP2Q9Z7MR3VPYE4MH3SC9C8,False,3,False,True,True,,,,,,,,False,
01KJP22PXRH9VYFY7Z1HZVNSMN,01KJP2RVD8SK7AN1X5EMGRM458,Player,B,B,listener,2.0,refgame,2.0,page7-107,page7-107,True,2.0,01KJP3CMBKFK80J9EKSVWKNESX,False,,,,,,,False,False,52.0,,0.0,1772418139976,1772418164622,24646,,01KJP2RBVR6E36EKC8HYRAV5GF,False,3,False,True,True,,,,,,,,False,
01KJP22PXRH9VYFY7Z1HZVNSMN,01KJP2SDQCR0935BS4E06A6D2G,Player,C,A,listener,3.0,refgame,2.0,page7-255,page5-142,False,0.0,01KJP3CMDE74QAQYSEDB6YATWE,False,,,,,,,False,False,55.0,,0.0,1772418245217,1772418269532,24315,,01KJP2RH1QNE571FNJRJ0ZHM7W,False,3,False,True,True,,,,,,,,False,
01KJP22PXRH9VYFY7Z1HZVNSMN,01KJP2SNNP4ZB6K1QMGZX5CC0T,Player,C,B,listener,4.0,refgame,2.0,page3-35,,False,0.0,01KJP3CMBFNTBZF2KSY334MWHD,False,,,,,,,True,False,61.0,,0.0,1772418436198,1772418461202,25004,,01KJP2SGRYQPGESDGRKTMMAJX4,False,3,False,True,True,,,,,,,,False,
01KJP22PXRH9VYFY7Z1HZVNSMN,01KJP2RBVR6E36EKC8HYRAV5GF,Player,A,B,speaker,5.0,refgame,2.0,page-B,,,2.0,01KJP3CMBHX9HPW6E4YX45KJW2,False,,,,,,,False,False,66.0,,0.0,1772418582533,1772418607546,25013,2.0,01KJP2RBVR6E36EKC8HYRAV5GF,,3,False,True,False,,,,,,,,False,
01KJP22PXRH9VYFY7Z1HZVNSMN,01KJP2SDQCR0935BS4E06A6D2G,Player,C,B,listener,5.0,refgame,2.0,page7-107,page7-107,True,2.0,01KJP3CMDE74QAQYSEE95EGXZR,False,,,,,,,False,False,68.0,,0.0,1772418644666,1772418667628,22962,,01KJP2Q9Z7MR3VPYE4MH3SC9C8,True,3,False,True,True,,,,,,,,False,
01KJP22PXRH9VYFY7Z1HZVNSMN,01KJP2RVD8SK7AN1X5EMGRM458,Zuda,B,B,listener,0.0,refgame,1.0,page3-35,page-B,False,0.0,01KJP3CMBEY573MQS1TAMZDBC6,False,,,,,,,False,False,2.0,,0.0,1772415890738,1772415935743,45005,,01KJP2RH1QNE571FNJRJ0ZHM7W,True,3,False,True,True,,,,,,,,False,
01KJP22PXRH9VYFY7Z1HZVNSMN,01KJP2Q9Z7MR3VPYE4MH3SC9C8,Nori,C,C,listener,0.0,refgame,1.0,page7-255,page7-255,True,2.0,01KJP3CM9JB14AY8MBMF4VCE4W,False,,,,,,,False,False,3.0,,0.0,1772415943043,1772415987348,44305,,01KJP2SNNP4ZB6K1QMGZX5CC0T,True,3,False,True,True,,,,,,,,False,
01KJP22PXRH9VYFY7Z1HZVNSMN,01KJP2SGRYQPGESDGRKTMMAJX4,Minu,A,A,speaker,1.0,refgame,1.0,page-B,,,1.0,01KJP3CM9EWMZPWBESND7H6YTZ,False,,,,,,,False,False,8.0,,0.0,1772416218674,1772416263477,44803,1.0,01KJP2SGRYQPGESDGRKTMMAJX4,,3,False,True,False,,,,,,,,False,
01KJP22PXRH9VYFY7Z1HZVNSMN,01KJP2RH1QNE571FNJRJ0ZHM7W,Player,B,B,listener,1.0,refgame,2.0,page7-255,page9-7,False,0.0,01KJP3CMBS7SJQ0F7Z33HXTGTJ,False,,,,,,,False,False,43.0,,0.0,1772417831849,1772417856147,24298,,01KJP2SGRYQPGESDGRKTMMAJX4,False,3,False,True,True,,,,,,,,False,
01KJP22PXRH9VYFY7Z1HZVNSMN,01KJP2Q4FMMNPG4DTS771Y4V70,Repi,A,A,speaker,3.0,refgame,1.0,page7-255,,,1.0,01KJP3CMA8RYSHRF0RKHSGK2ZM,False,,,,,,,False,False,19.0,,0.0,1772416763366,1772416804864,41498,2.0,01KJP2Q4FMMNPG4DTS771Y4V70,,3,False,True,False,,,,,,,,False,
01KJP22PXRH9VYFY7Z1HZVNSMN,01KJP2Q4FMMNPG4DTS771Y4V70,Repi,A,A,listener,5.0,refgame,1.0,page7-107,page7-107,True,2.0,01KJP3CM9YVD44Y09Z8C1M640P,False,,,,,,,False,False,33.0,,0.0,1772417426655,1772417443945,17290,,01KJP2RBVR6E36EKC8HYRAV5GF,True,3,False,True,True,,,,,,,,False,
01KJP22PXRH9VYFY7Z1HZVNSMN,01KJP2Q9Z7MR3VPYE4MH3SC9C8,Player,C,A,listener,0.0,refgame,2.0,page-B,page-B,True,2.0,01KJP3CMAGD4HB935DN5TH93XE,False,,,,,,,False,False,39.0,,0.0,1772417694283,1772417716925,22642,,01KJP2SNNP4ZB6K1QMGZX5CC0T,True,3,False,True,True,,,,,,,,False,
01KJP22PXRH9VYFY7Z1HZVNSMN,01KJP2RBVR6E36EKC8HYRAV5GF,Player,A,A,listener,1.0,refgame,2.0,page7-107,page7-107,True,2.0,01KJP3CMBS7SJQ0F7Z43MYKRY0,False,,,,,,,False,False,42.0,,0.0,1772417793753,1772417817632,23879,,01KJP2SGRYQPGESDGRKTMMAJX4,True,3,False,True,True,,,,,,,,False,
01KJP22PXRH9VYFY7Z1HZVNSMN,01KJP2SNNP4ZB6K1QMGZX5CC0T,Player,C,C,speaker,2.0,refgame,2.0,page-B,,,2.0,01KJP3CMBN46GH887MB8939EJF,False,,,,,,,False,False,49.0,,0.0,1772418040570,1772418062764,22194,2.0,01KJP2SNNP4ZB6K1QMGZX5CC0T,,2,True,True,False,,,,,,,,False,
01KJP22PXRH9VYFY7Z1HZVNSMN,01KJP2SGRYQPGESDGRKTMMAJX4,Player,A,A,speaker,4.0,refgame,2.0,page9-46,,,2.0,01KJP3CMBJ6PGF7BT2TXXQ87BN,False,,,,,,,False,False,63.0,,0.0,1772418495566,1772418518083,22517,2.0,01KJP2SGRYQPGESDGRKTMMAJX4,,3,False,True,False,,,,,,,,False,
01KJP22PXRH9VYFY7Z1HZVNSMN,01KJP2SGRYQPGESDGRKTMMAJX4,Minu,A,A,listener,0.0,refgame,1.0,page3-35,page4-157,False,0.0,01KJP3CMBEY573MQS1TAMZDBC6,False,,,,,,,False,False,2.0,,0.0,1772415890738,1772415935743,45005,,01KJP2Q4FMMNPG4DTS771Y4V70,True,3,False,True,True,,,,,,,,False,
01KJP22PXRH9VYFY7Z1HZVNSMN,01KJP2RVD8SK7AN1X5EMGRM458,Zuda,B,B,listener,2.0,refgame,1.0,page9-46,page5-64,False,0.0,01KJP3CMAAFMWCTT6MNKJ2FZXV,False,,,,,,,False,False,17.0,,0.0,1772416677429,1772416714007,36578,,01KJP2RH1QNE571FNJRJ0ZHM7W,True,2,True,True,True,,,,,,,,False,
01KJP22PXRH9VYFY7Z1HZVNSMN,01KJP2SNNP4ZB6K1QMGZX5CC0T,Player,C,C,speaker,0.0,refgame,2.0,page7-255,,,0.0,01KJP3CMAHF5MFM19XH831Z9DY,False,,,,,,,False,False,38.0,,0.0,1772417661266,1772417686270,25004,1.0,01KJP2SNNP4ZB6K1QMGZX5CC0T,,2,False,True,False,,,,,,,,False,
01KJP22PXRH9VYFY7Z1HZVNSMN,01KJP2RH1QNE571FNJRJ0ZHM7W,Hera,B,B,speaker,2.0,refgame,1.0,page7-107,,,2.0,01KJP3CMACAF76HADC02P8KA11,False,,,,,,,False,False,15.0,,0.0,1772416596314,1772416627994,31680,2.0,01KJP2RH1QNE571FNJRJ0ZHM7W,,2,True,True,False,,,,,,,,False,
01KJP22PXRH9VYFY7Z1HZVNSMN,01KJP2RVD8SK7AN1X5EMGRM458,Zuda,B,B,listener,3.0,refgame,1.0,page7-255,page7-255,True,2.0,01KJP3CMA8RYSHRF0RKHSGK2ZM,False,,,,,,,False,False,19.0,,0.0,1772416763366,1772416804864,41498,,01KJP2RH1QNE571FNJRJ0ZHM7W,True,2,False,True,True,,,,,,,,False,
01KJP22PXRH9VYFY7Z1HZVNSMN,01KJP2Q4FMMNPG4DTS771Y4V70,Repi,A,A,listener,4.0,refgame,1.0,page7-107,page7-107,True,2.0,01KJP3CMAD2X6CDPC7HYN07AK8,False,,,,,,,False,False,27.0,,0.0,1772417134703,1772417167040,32337,,01KJP2SGRYQPGESDGRKTMMAJX4,True,3,False,True,True,,,,,,,,False,
01KJP22PXRH9VYFY7Z1HZVNSMN,01KJP2SDQCR0935BS4E06A6D2G,Player,C,A,speaker,1.0,refgame,2.0,page3-35,,,2.0,01KJP3CMBVE81PP15CPHWYHTW1,False,,,,,,,False,False,44.0,,0.0,1772417865170,1772417889629,24459,1.0,01KJP2SDQCR0935BS4E06A6D2G,,3,False,True,False,,,,,,,,False,
01KJP22PXRH9VYFY7Z1HZVNSMN,01KJP2RVD8SK7AN1X5EMGRM458,Player,B,B,listener,0.0,refgame,2.0,page5-28,page5-28,True,2.0,01KJP3CMBTAF42N8FWMHY0NA6A,False,,,,,,,False,False,41.0,,0.0,1772417758644,1772417783639,24995,,01KJP2RH1QNE571FNJRJ0ZHM7W,True,3,False,True,True,,,,,,,,False,
01KJP22PXRH9VYFY7Z1HZVNSMN,01KJP2RBVR6E36EKC8HYRAV5GF,Player,A,B,listener,1.0,refgame,2.0,page7-255,page7-255,True,2.0,01KJP3CMBS7SJQ0F7Z33HXTGTJ,False,,,,,,,False,False,43.0,,0.0,1772417831849,1772417856147,24298,,01KJP2SGRYQPGESDGRKTMMAJX4,True,3,False,True,True,,,,,,,,False,
01KJP22PXRH9VYFY7Z1HZVNSMN,01KJP2SDQCR0935BS4E06A6D2G,Felu,C,C,listener,3.0,refgame,1.0,page3-35,page3-35,True,2.0,01KJP3CMAB1G61PNACWEZ35PYR,False,,,,,,,False,False,23.0,,0.0,1772416957977,1772416999372,41395,,01KJP2SNNP4ZB6K1QMGZX5CC0T,True,3,False,True,True,,,,,,,,False,
01KJP22PXRH9VYFY7Z1HZVNSMN,01KJP2RVD8SK7AN1X5EMGRM458,Zuda,B,B,speaker,4.0,refgame,1.0,page3-35,,,2.0,01KJP3CMAJJ6FAGMTSETZNHFNY,False,,,,,,,False,False,29.0,,0.0,1772417236856,1772417281876,45020,2.0,01KJP2RVD8SK7AN1X5EMGRM458,,2,False,True,False,,,,,,,,False,
01KJP22PXRH9VYFY7Z1HZVNSMN,01KJP2Q4FMMNPG4DTS771Y4V70,Player,A,C,speaker,0.0,refgame,2.0,page7-107,,,2.0,01KJP3CMAKBY4EQ2P7F82DKW77,False,,,,,,,False,False,37.0,,0.0,1772417623661,1772417647924,24263,1.0,01KJP2Q4FMMNPG4DTS771Y4V70,,2,False,True,False,,,,,,,,False,
01KJP22PXRH9VYFY7Z1HZVNSMN,01KJP2SDQCR0935BS4E06A6D2G,Player,C,A,listener,0.0,refgame,2.0,page-B,page-B,True,2.0,01KJP3CMAGD4HB935DN5TH93XE,False,,,,,,,False,False,39.0,,0.0,1772417694283,1772417716925,22642,,01KJP2SNNP4ZB6K1QMGZX5CC0T,True,3,False,True,True,,,,,,,,False,
01KJP22PXRH9VYFY7Z1HZVNSMN,01KJP2RH1QNE571FNJRJ0ZHM7W,Hera,B,B,listener,5.0,refgame,1.0,page3-35,page3-35,True,2.0,01KJP3CMAGD4HB935DP0CPFF8B,False,,,,,,,False,False,31.0,,0.0,1772417335304,1772417378365,43061,,01KJP2RVD8SK7AN1X5EMGRM458,True,2,True,True,True,,,,,,,,False,
01KJP22PXRH9VYFY7Z1HZVNSMN,01KJP2RH1QNE571FNJRJ0ZHM7W,Player,B,B,listener,4.0,refgame,2.0,page9-46,page9-46,True,2.0,01KJP3CMBJ6PGF7BT2TXXQ87BN,False,,,,,,,False,False,63.0,,0.0,1772418495566,1772418518083,22517,,01KJP2RVD8SK7AN1X5EMGRM458,True,3,False,True,True,,,,,,,,False,
01KJP22PXRH9VYFY7Z1HZVNSMN,01KJP2SDQCR0935BS4E06A6D2G,Felu,C,C,listener,5.0,refgame,1.0,page7-255,page7-255,True,2.0,01KJP3CM9G3FDFJTW5V5C4PXCB,False,,,,,,,False,False,35.0,,0.0,1772417482303,1772417515679,33376,,01KJP2Q9Z7MR3VPYE4MH3SC9C8,True,3,False,True,True,,,,,,,,False,
01KJP22PXRH9VYFY7Z1HZVNSMN,01KJP2Q9Z7MR3VPYE4MH3SC9C8,Player,C,B,listener,3.0,refgame,2.0,page5-28,page5-28,True,2.0,01KJP3CMBTAF42N8FWNN77CPQ0,False,,,,,,,False,False,59.0,,0.0,1772418369857,1772418391461,21604,,01KJP2SNNP4ZB6K1QMGZX5CC0T,True,3,False,True,True,,,,,,,,False,
01KJP22PXRH9VYFY7Z1HZVNSMN,01KJP2SDQCR0935BS4E06A6D2G,Player,C,A,speaker,4.0,refgame,2.0,page5-28,,,2.0,01KJP3CMBKFK80J9EKRNSR927F,False,,,,,,,False,False,62.0,,0.0,1772418472007,1772418489800,17793,2.0,01KJP2SDQCR0935BS4E06A6D2G,,3,False,True,False,,,,,,,,False,
01KJP22PXRH9VYFY7Z1HZVNSMN,01KJP2Q9Z7MR3VPYE4MH3SC9C8,Nori,C,C,listener,0.0,refgame,1.0,page5-28,page7-26,False,0.0,01KJP3CM84AESF18BN538TN2V3,False,,,,,,,False,False,0.0,,0.0,1772415773295,1772415818302,45007,,01KJP2SNNP4ZB6K1QMGZX5CC0T,True,3,False,True,True,,,,,,,,False,
01KJP22PXRH9VYFY7Z1HZVNSMN,01KJP2RH1QNE571FNJRJ0ZHM7W,Hera,B,B,speaker,3.0,refgame,1.0,page9-46,,,2.0,01KJP3CMA6W7PDKD1XA0DCC90G,False,,,,,,,False,False,20.0,,0.0,1772416811101,1772416853689,42588,3.0,01KJP2RH1QNE571FNJRJ0ZHM7W,,2,False,True,False,,,,,,,,False,
01KJP22PXRH9VYFY7Z1HZVNSMN,01KJP2SDQCR0935BS4E06A6D2G,Felu,C,C,speaker,4.0,refgame,1.0,page5-28,,,2.0,01KJP3CM9C5PRKR0P4VR7QK685,False,,,,,,,False,False,28.0,,0.0,1772417178776,1772417221242,42466,2.0,01KJP2SDQCR0935BS4E06A6D2G,,3,False,True,False,,,,,,,,False,
01KJP22PXRH9VYFY7Z1HZVNSMN,01KJP2Q4FMMNPG4DTS771Y4V70,Repi,A,A,listener,5.0,refgame,1.0,page7-255,page4-15,False,0.0,01KJP3CM9G3FDFJTW5V5C4PXCB,False,,,,,,,False,False,35.0,,0.0,1772417482303,1772417515679,33376,,01KJP2RBVR6E36EKC8HYRAV5GF,True,3,False,True,True,,,,,,,,False,
01KJP22PXRH9VYFY7Z1HZVNSMN,01KJP2RVD8SK7AN1X5EMGRM458,Player,B,C,listener,3.0,refgame,2.0,page-B,page-B,True,2.0,01KJP3CMD9PVBS9GJ9WZCK65VZ,False,,,,,,,False,False,56.0,,0.0,1772418280302,1772418303304,23002,,01KJP2SNNP4ZB6K1QMGZX5CC0T,False,2,False,True,True,,,,,,,,False,
01KJP22PXRH9VYFY7Z1HZVNSMN,01KJP2SGRYQPGESDGRKTMMAJX4,Minu,A,A,listener,2.0,refgame,1.0,page7-255,page7-255,True,2.0,01KJP3CMACAF76HADC108S9D9K,False,,,,,,,False,False,14.0,,0.0,1772416545721,1772416589453,43732,,01KJP2RBVR6E36EKC8HYRAV5GF,True,3,False,True,True,,,,,,,,False,
01KJP22PXRH9VYFY7Z1HZVNSMN,01KJP2RVD8SK7AN1X5EMGRM458,Zuda,B,B,speaker,4.0,refgame,1.0,page9-46,,,2.0,01KJP3CMA9QVGAE5H6KRSK0ZEP,False,,,,,,,False,False,25.0,,0.0,1772417054805,1772417094399,39594,2.0,01KJP2RVD8SK7AN1X5EMGRM458,,2,False,True,False,,,,,,,,False,
01KJP22PXRH9VYFY7Z1HZVNSMN,01KJP2RH1QNE571FNJRJ0ZHM7W,Hera,B,B,listener,5.0,refgame,1.0,page9-46,page9-46,True,2.0,01KJP3CMAJJ6FAGMTSE004241H,False,,,,,,,False,False,30.0,,0.0,1772417288714,1772417327581,38867,,01KJP2RVD8SK7AN1X5EMGRM458,True,2,True,True,True,,,,,,,,False,
01KJP22PXRH9VYFY7Z1HZVNSMN,01KJP2SDQCR0935BS4E06A6D2G,Felu,C,C,listener,5.0,refgame,1.0,page7-107,page7-107,True,2.0,01KJP3CM9YVD44Y09Z8C1M640P,False,,,,,,,False,False,33.0,,0.0,1772417426655,1772417443945,17290,,01KJP2Q9Z7MR3VPYE4MH3SC9C8,True,3,False,True,True,,,,,,,,False,
01KJP22PXRH9VYFY7Z1HZVNSMN,01KJP2RBVR6E36EKC8HYRAV5GF,Player,A,A,listener,4.0,refgame,2.0,page7-107,page7-107,True,2.0,01KJP3CMBJ6PGF7BT2RW2QY71K,False,,,,,,,False,False,65.0,,0.0,1772418556753,1772418577526,20773,,01KJP2SGRYQPGESDGRKTMMAJX4,True,3,False,True,True,,,,,,,,False,
01KJP22PXRH9VYFY7Z1HZVNSMN,01KJP2SDQCR0935BS4E06A6D2G,Player,C,B,listener,5.0,refgame,2.0,page9-46,page9-46,True,2.0,01KJP3CMAMAX1FJ6WS8R3SAA33,False,,,,,,,False,False,70.0,,0.0,1772418702644,1772418726049,23405,,01KJP2Q9Z7MR3VPYE4MH3SC9C8,True,3,False,True,True,,,,,,,,False,
01KJP22PXRH9VYFY7Z1HZVNSMN,01KJP2SNNP4ZB6K1QMGZX5CC0T,Lika,C,C,speaker,0.0,refgame,1.0,page9-46,,,0.0,01KJP3CM90G2E34Z7VFPJ6SB8Y,False,,,,,,,False,False,4.0,,0.0,1772415997388,1772416042395,45007,1.0,01KJP2SNNP4ZB6K1QMGZX5CC0T,,3,False,True,False,,,,,,,,False,
01KJP22PXRH9VYFY7Z1HZVNSMN,01KJP2RVD8SK7AN1X5EMGRM458,Zuda,B,B,listener,0.0,refgame,1.0,page-B,page-B,True,2.0,01KJP3CM8ZYP036H2YRH1YFW0A,False,,,,,,,False,False,5.0,,0.0,1772416057609,1772416102612,45003,,01KJP2RH1QNE571FNJRJ0ZHM7W,True,3,False,True,True,,,,,,,,False,
01KJP22PXRH9VYFY7Z1HZVNSMN,01KJP2Q4FMMNPG4DTS771Y4V70,Repi,A,A,speaker,3.0,refgame,1.0,page9-46,,,1.0,01KJP3CMA6W7PDKD1XA0DCC90G,False,,,,,,,False,False,20.0,,0.0,1772416811101,1772416853689,42588,2.0,01KJP2Q4FMMNPG4DTS771Y4V70,,3,False,True,False,,,,,,,,False,
01KJP22PXRH9VYFY7Z1HZVNSMN,01KJP2SDQCR0935BS4E06A6D2G,Felu,C,C,speaker,4.0,refgame,1.0,page7-107,,,2.0,01KJP3CMAD2X6CDPC7HYN07AK8,False,,,,,,,False,False,27.0,,0.0,1772417134703,1772417167040,32337,2.0,01KJP2SDQCR0935BS4E06A6D2G,,3,False,True,False,,,,,,,,False,
01KJP22PXRH9VYFY7Z1HZVNSMN,01KJP2SGRYQPGESDGRKTMMAJX4,Minu,A,A,listener,3.0,refgame,1.0,page7-107,page7-107,True,2.0,01KJP3CMA9QVGAE5H6MN94KJAD,False,,,,,,,False,False,18.0,,0.0,1772416729555,1772416757538,27983,,01KJP2Q4FMMNPG4DTS771Y4V70,True,3,False,True,True,,,,,,,,False,
01KJP22PXRH9VYFY7Z1HZVNSMN,01KJP2Q4FMMNPG4DTS771Y4V70,Repi,A,A,listener,5.0,refgame,1.0,page9-46,page9-46,True,2.0,01KJP3CMAJJ6FAGMTSE004241H,False,,,,,,,False,False,30.0,,0.0,1772417288714,1772417327581,38867,,01KJP2RBVR6E36EKC8HYRAV5GF,True,3,False,True,True,,,,,,,,False,
01KJP22PXRH9VYFY7Z1HZVNSMN,01KJP2SGRYQPGESDGRKTMMAJX4,Player,A,C,speaker,4.0,refgame,2.0,page5-28,,,2.0,01KJP3CMBKFK80J9EKRNSR927F,False,,,,,,,False,False,62.0,,0.0,1772418472007,1772418489800,17793,2.0,01KJP2SGRYQPGESDGRKTMMAJX4,,2,False,True,False,,,,,,,,False,
01KJP22PXRH9VYFY7Z1HZVNSMN,01KJP3CAPT7YVD80D6Z6R9Y5ZZ,Bavi,B,B,listener,0.0,refgame,1.0,page7-107,page9-7,False,0.0,01KJP3CM91MTSHTCQY8JW98BQT,False,,,,,,,False,False,1.0,,0.0,1772415833896,1772415878906,45010,,01KJP2RH1QNE571FNJRJ0ZHM7W,True,3,False,True,True,,,,,,,,False,
01KJP22PXRH9VYFY7Z1HZVNSMN,01KJP2Q9Z7MR3VPYE4MH3SC9C8,Nori,C,C,speaker,2.0,refgame,1.0,page-B,,,1.0,01KJP3CMAAFMWCTT6MPFEXD6K7,False,,,,,,,False,False,13.0,,0.0,1772416500681,1772416539324,38643,1.0,01KJP2Q9Z7MR3VPYE4MH3SC9C8,,3,False,True,False,,,,,,,,False,
01KJP22PXRH9VYFY7Z1HZVNSMN,01KJP2RBVR6E36EKC8HYRAV5GF,Player,A,A,listener,0.0,refgame,2.0,page7-255,page7-255,True,2.0,01KJP3CMAHF5MFM19XH831Z9DY,False,,,,,,,False,False,38.0,,0.0,1772417661266,1772417686270,25004,,01KJP2Q4FMMNPG4DTS771Y4V70,True,3,False,True,True,,,,,,,,False,
01KJP22PXRH9VYFY7Z1HZVNSMN,01KJP2RH1QNE571FNJRJ0ZHM7W,Hera,B,B,speaker,2.0,refgame,1.0,page9-46,,,0.0,01KJP3CMAAFMWCTT6MNKJ2FZXV,False,,,,,,,False,False,17.0,,0.0,1772416677429,1772416714007,36578,2.0,01KJP2RH1QNE571FNJRJ0ZHM7W,,2,True,True,False,,,,,,,,False,
01KJP22PXRH9VYFY7Z1HZVNSMN,01KJP2Q4FMMNPG4DTS771Y4V70,Player,A,C,listener,5.0,refgame,2.0,page7-107,page7-107,True,2.0,01KJP3CMDE74QAQYSEE95EGXZR,False,,,,,,,False,False,68.0,,0.0,1772418644666,1772418667628,22962,,01KJP2RVD8SK7AN1X5EMGRM458,False,2,True,True,True,,,,,,,,False,
01KJP22PXRH9VYFY7Z1HZVNSMN,01KJP2SGRYQPGESDGRKTMMAJX4,Minu,A,A,listener,0.0,refgame,1.0,page9-46,page7-255,False,0.0,01KJP3CM90G2E34Z7VFPJ6SB8Y,False,,,,,,,False,False,4.0,,0.0,1772415997388,1772416042395,45007,,01KJP2Q4FMMNPG4DTS771Y4V70,True,3,False,True,True,,,,,,,,False,
01KJP22PXRH9VYFY7Z1HZVNSMN,01KJP2RVD8SK7AN1X5EMGRM458,Zuda,B,B,speaker,1.0,refgame,1.0,page9-46,,,2.0,01KJP3CMDF13YBPRZEZ33TW845,False,,,,,,,False,False,7.0,,0.0,1772416171398,1772416210423,39025,1.0,01KJP2RVD8SK7AN1X5EMGRM458,,2,False,True,False,,,,,,,,False,
01KJP22PXRH9VYFY7Z1HZVNSMN,01KJP2RBVR6E36EKC8HYRAV5GF,Laju,A,A,speaker,2.0,refgame,1.0,page9-46,,,1.0,01KJP3CMAAFMWCTT6MNKJ2FZXV,False,,,,,,,False,False,17.0,,0.0,1772416677429,1772416714007,36578,1.0,01KJP2RBVR6E36EKC8HYRAV5GF,,3,False,True,False,,,,,,,,False,
01KJP22PXRH9VYFY7Z1HZVNSMN,01KJP2RVD8SK7AN1X5EMGRM458,Player,B,C,speaker,4.0,refgame,2.0,page7-107,,,2.0,01KJP3CMBJ6PGF7BT2RW2QY71K,False,,,,,,,False,False,65.0,,0.0,1772418556753,1772418577526,20773,2.0,01KJP2RVD8SK7AN1X5EMGRM458,,2,False,True,False,,,,,,,,False,
01KJP22PXRH9VYFY7Z1HZVNSMN,01KJP2SDQCR0935BS4E06A6D2G,Felu,C,C,speaker,4.0,refgame,1.0,page3-35,,,1.0,01KJP3CMAJJ6FAGMTSETZNHFNY,False,,,,,,,False,False,29.0,,0.0,1772417236856,1772417281876,45020,2.0,01KJP2SDQCR0935BS4E06A6D2G,,3,False,True,False,,,,,,,,False,
01KJP22PXRH9VYFY7Z1HZVNSMN,01KJP2RVD8SK7AN1X5EMGRM458,Player,B,C,listener,2.0,refgame,2.0,page3-35,page3-35,True,2.0,01KJP3CMDM8CDWRZ2R580XTXJP,False,,,,,,,False,False,53.0,,0.0,1772418176905,1772418201631,24726,,01KJP2Q4FMMNPG4DTS771Y4V70,False,2,True,True,True,,,,,,,,False,
01KJP22PXRH9VYFY7Z1HZVNSMN,01KJP2SGRYQPGESDGRKTMMAJX4,Player,A,C,listener,3.0,refgame,2.0,page7-255,page3-35,False,0.0,01KJP3CMDE74QAQYSEDB6YATWE,False,,,,,,,False,False,55.0,,0.0,1772418245217,1772418269532,24315,,01KJP2Q4FMMNPG4DTS771Y4V70,True,2,False,True,True,,,,,,,,False,
01KJP22PXRH9VYFY7Z1HZVNSMN,01KJP2Q4FMMNPG4DTS771Y4V70,Player,A,C,speaker,3.0,refgame,2.0,page9-46,,,2.0,01KJP3CMBWC2VTRPN2G686DK6W,False,,,,,,,False,False,58.0,,0.0,1772418336083,1772418360522,24439,3.0,01KJP2Q4FMMNPG4DTS771Y4V70,,2,False,True,False,,,,,,,,False,
01KJP22PXRH9VYFY7Z1HZVNSMN,01KJP2SGRYQPGESDGRKTMMAJX4,Minu,A,A,listener,5.0,refgame,1.0,page9-46,page7-107,False,0.0,01KJP3CMAJJ6FAGMTSE004241H,False,,,,,,,False,False,30.0,,0.0,1772417288714,1772417327581,38867,,01KJP2RBVR6E36EKC8HYRAV5GF,True,3,False,True,True,,,,,,,,False,
01KJP22PXRH9VYFY7Z1HZVNSMN,01KJP2SNNP4ZB6K1QMGZX5CC0T,Lika,C,C,listener,1.0,refgame,1.0,page-B,page-B,True,2.0,01KJP3CM9EWMZPWBESND7H6YTZ,False,,,,,,,False,False,8.0,,0.0,1772416218674,1772416263477,44803,,01KJP2SDQCR0935BS4E06A6D2G,True,3,False,True,True,,,,,,,,False,
01KJP22PXRH9VYFY7Z1HZVNSMN,01KJP2SNNP4ZB6K1QMGZX5CC0T,Lika,C,C,speaker,3.0,refgame,1.0,page9-46,,,2.0,01KJP3CMA6W7PDKD1XA0DCC90G,False,,,,,,,False,False,20.0,,0.0,1772416811101,1772416853689,42588,2.0,01KJP2SNNP4ZB6K1QMGZX5CC0T,,3,False,True,False,,,,,,,,False,
01KJP22PXRH9VYFY7Z1HZVNSMN,01KJP2SNNP4ZB6K1QMGZX5CC0T,Lika,C,C,listener,4.0,refgame,1.0,page-B,page-B,True,2.0,01KJP3CM9HM5VMN0HF5GSQJZ6G,False,,,,,,,False,False,26.0,,0.0,1772417105848,1772417128011,22163,,01KJP2SDQCR0935BS4E06A6D2G,True,3,False,True,True,,,,,,,,False,
01KJP22PXRH9VYFY7Z1HZVNSMN,01KJP2RVD8SK7AN1X5EMGRM458,Player,B,C,listener,2.0,refgame,2.0,page7-255,page7-255,True,2.0,01KJP3CMBMKHYMYM5B8F70E256,False,,,,,,,False,False,51.0,,0.0,1772418108402,1772418131487,23085,,01KJP2RH1QNE571FNJRJ0ZHM7W,True,2,True,True,True,,,,,,,,False,
01KJP22PXRH9VYFY7Z1HZVNSMN,01KJP2Q9Z7MR3VPYE4MH3SC9C8,Player,C,A,listener,4.0,refgame,2.0,page3-35,page3-35,True,2.0,01KJP3CMBFNTBZF2KSY334MWHD,False,,,,,,,False,False,61.0,,0.0,1772418436198,1772418461202,25004,,01KJP2SDQCR0935BS4E06A6D2G,True,3,False,True,True,,,,,,,,False,
01KJP22PXRH9VYFY7Z1HZVNSMN,01KJP2Q4FMMNPG4DTS771Y4V70,Repi,A,A,speaker,0.0,refgame,1.0,page7-107,,,0.0,01KJP3CM91MTSHTCQY8JW98BQT,False,,,,,,,False,False,1.0,,0.0,1772415833896,1772415878906,45010,1.0,01KJP2Q4FMMNPG4DTS771Y4V70,,3,False,True,False,,,,,,,,False,
01KJP22PXRH9VYFY7Z1HZVNSMN,01KJP2SNNP4ZB6K1QMGZX5CC0T,Lika,C,C,listener,2.0,refgame,1.0,page7-107,page7-107,True,2.0,01KJP3CMACAF76HADC02P8KA11,False,,,,,,,False,False,15.0,,0.0,1772416596314,1772416627994,31680,,01KJP2Q9Z7MR3VPYE4MH3SC9C8,True,3,False,True,True,,,,,,,,False,
01KJP22PXRH9VYFY7Z1HZVNSMN,01KJP2RBVR6E36EKC8HYRAV5GF,Laju,A,A,listener,3.0,refgame,1.0,page7-255,page7-255,True,2.0,01KJP3CMA8RYSHRF0RKHSGK2ZM,False,,,,,,,False,False,19.0,,0.0,1772416763366,1772416804864,41498,,01KJP2Q4FMMNPG4DTS771Y4V70,True,3,False,True,True,,,,,,,,False,
01KJP22PXRH9VYFY7Z1HZVNSMN,01KJP2RVD8SK7AN1X5EMGRM458,Zuda,B,B,speaker,5.0,refgame,1.0,page5-28,,,2.0,01KJP3CMAFDPF36KC3154ZNWEH,False,,,,,,,False,False,32.0,,0.0,1772417383448,1772417411969,28521,3.0,01KJP2RVD8SK7AN1X5EMGRM458,,2,True,True,False,,,,,,,,False,
01KJP22PXRH9VYFY7Z1HZVNSMN,01KJP2RH1QNE571FNJRJ0ZHM7W,Player,B,C,listener,4.0,refgame,2.0,page-B,page4-157,False,0.0,01KJP3CMDM8CDWRZ2R68BD7RN9,False,,,,,,,False,False,60.0,,0.0,1772418399813,1772418423771,23958,,01KJP2SDQCR0935BS4E06A6D2G,False,2,False,True,True,,,,,,,,False,
01KJP22PXRH9VYFY7Z1HZVNSMN,01KJP2Q9Z7MR3VPYE4MH3SC9C8,Player,C,B,speaker,5.0,refgame,2.0,page3-35,,,2.0,01KJP3CMANPM1WF7S7TT86YKYC,False,,,,,,,False,False,69.0,,0.0,1772418672997,1772418696210,23213,2.0,01KJP2Q9Z7MR3VPYE4MH3SC9C8,,3,False,True,False,,,,,,,,False,
01KJP22PXRH9VYFY7Z1HZVNSMN,01KJP2RH1QNE571FNJRJ0ZHM7W,Hera,B,B,speaker,2.0,refgame,1.0,page-B,,,2.0,01KJP3CMAAFMWCTT6MPFEXD6K7,False,,,,,,,False,False,13.0,,0.0,1772416500681,1772416539324,38643,2.0,01KJP2RH1QNE571FNJRJ0ZHM7W,,2,True,True,False,,,,,,,,False,
01KJP22PXRH9VYFY7Z1HZVNSMN,01KJP2SDQCR0935BS4E06A6D2G,Felu,C,C,speaker,4.0,refgame,1.0,page7-255,,,2.0,01KJP3CMA9QVGAE5H6NH66V55J,False,,,,,,,False,False,24.0,,0.0,1772417004762,1772417048010,43248,2.0,01KJP2SDQCR0935BS4E06A6D2G,,3,False,True,False,,,,,,,,False,
01KJP22PXRH9VYFY7Z1HZVNSMN,01KJP2RH1QNE571FNJRJ0ZHM7W,Hera,B,B,listener,5.0,refgame,1.0,page7-255,page7-255,True,2.0,01KJP3CM9G3FDFJTW5V5C4PXCB,False,,,,,,,False,False,35.0,,0.0,1772417482303,1772417515679,33376,,01KJP2RVD8SK7AN1X5EMGRM458,True,2,True,True,True,,,,,,,,False,
01KJP22PXRH9VYFY7Z1HZVNSMN,01KJP2SGRYQPGESDGRKTMMAJX4,Player,A,A,listener,3.0,refgame,2.0,page9-46,page4-15,False,0.0,01KJP3CMBWC2VTRPN2G686DK6W,False,,,,,,,False,False,58.0,,0.0,1772418336083,1772418360522,24439,,01KJP2SNNP4ZB6K1QMGZX5CC0T,False,3,False,True,True,,,,,,,,False,
01KJP22PXRH9VYFY7Z1HZVNSMN,01KJP2Q4FMMNPG4DTS771Y4V70,Player,A,C,listener,5.0,refgame,2.0,page7-255,page7-255,True,2.0,01KJP3CMBGR1HCV8WZ77VGDR39,False,,,,,,,False,False,67.0,,0.0,1772418616561,1772418636536,19975,,01KJP2RVD8SK7AN1X5EMGRM458,False,2,True,True,True,,,,,,,,False,
01KJP22PXRH9VYFY7Z1HZVNSMN,01KJP2RBVR6E36EKC8HYRAV5GF,Laju,A,A,listener,1.0,refgame,1.0,page9-46,page7-26,False,0.0,01KJP3CMDF13YBPRZEZ33TW845,False,,,,,,,False,False,7.0,,0.0,1772416171398,1772416210423,39025,,01KJP2SGRYQPGESDGRKTMMAJX4,True,3,False,True,True,,,,,,,,False,
01KJP22PXRH9VYFY7Z1HZVNSMN,01KJP2Q9Z7MR3VPYE4MH3SC9C8,Nori,C,C,listener,3.0,refgame,1.0,page7-255,page7-255,True,2.0,01KJP3CMA8RYSHRF0RKHSGK2ZM,False,,,,,,,False,False,19.0,,0.0,1772416763366,1772416804864,41498,,01KJP2SNNP4ZB6K1QMGZX5CC0T,True,3,False,True,True,,,,,,,,False,
01KJP22PXRH9VYFY7Z1HZVNSMN,01KJP2SDQCR0935BS4E06A6D2G,Felu,C,C,speaker,4.0,refgame,1.0,page9-46,,,2.0,01KJP3CMA9QVGAE5H6KRSK0ZEP,False,,,,,,,False,False,25.0,,0.0,1772417054805,1772417094399,39594,2.0,01KJP2SDQCR0935BS4E06A6D2G,,3,False,True,False,,,,,,,,False,
01KJP22PXRH9VYFY7Z1HZVNSMN,01KJP2RVD8SK7AN1X5EMGRM458,Zuda,B,B,speaker,4.0,refgame,1.0,page7-107,,,2.0,01KJP3CMAD2X6CDPC7HYN07AK8,False,,,,,,,False,False,27.0,,0.0,1772417134703,1772417167040,32337,2.0,01KJP2RVD8SK7AN1X5EMGRM458,,2,False,True,False,,,,,,,,False,
01KJP22PXRH9VYFY7Z1HZVNSMN,01KJP2RVD8SK7AN1X5EMGRM458,Zuda,B,B,speaker,5.0,refgame,1.0,page7-107,,,2.0,01KJP3CM9YVD44Y09Z8C1M640P,False,,,,,,,False,False,33.0,,0.0,1772417426655,1772417443945,17290,3.0,01KJP2RVD8SK7AN1X5EMGRM458,,2,True,True,False,,,,,,,,False,
01KJP22PXRH9VYFY7Z1HZVNSMN,01KJP2SNNP4ZB6K1QMGZX5CC0T,Player,C,B,speaker,3.0,refgame,2.0,page5-28,,,2.0,01KJP3CMBTAF42N8FWNN77CPQ0,False,,,,,,,False,False,59.0,,0.0,1772418369857,1772418391461,21604,2.0,01KJP2SNNP4ZB6K1QMGZX5CC0T,,3,False,True,False,,,,,,,,False,
01KJP22PXRH9VYFY7Z1HZVNSMN,01KJP2RH1QNE571FNJRJ0ZHM7W,Hera,B,B,listener,1.0,refgame,1.0,page-B,page-B,True,2.0,01KJP3CM9EWMZPWBESND7H6YTZ,False,,,,,,,False,False,8.0,,0.0,1772416218674,1772416263477,44803,,01KJP2RVD8SK7AN1X5EMGRM458,True,2,False,True,True,,,,,,,,False,
01KJP22PXRH9VYFY7Z1HZVNSMN,01KJP2SNNP4ZB6K1QMGZX5CC0T,Lika,C,C,listener,1.0,refgame,1.0,page7-107,page7-107,True,2.0,01KJP3CMA40B4VRTJH6C7V9B9C,False,,,,,,,False,False,10.0,,0.0,1772416330634,1772416371775,41141,,01KJP2SDQCR0935BS4E06A6D2G,True,3,False,True,True,,,,,,,,False,
01KJP22PXRH9VYFY7Z1HZVNSMN,01KJP2SNNP4ZB6K1QMGZX5CC0T,Player,C,C,listener,4.0,refgame,2.0,page9-46,page9-46,True,2.0,01KJP3CMBJ6PGF7BT2TXXQ87BN,False,,,,,,,False,False,63.0,,0.0,1772418495566,1772418518083,22517,,01KJP2SDQCR0935BS4E06A6D2G,True,2,False,True,True,,,,,,,,False,
01KJP22PXRH9VYFY7Z1HZVNSMN,01KJP2RH1QNE571FNJRJ0ZHM7W,Player,B,B,speaker,3.0,refgame,2.0,page9-46,,,2.0,01KJP3CMBWC2VTRPN2G686DK6W,False,,,,,,,False,False,58.0,,0.0,1772418336083,1772418360522,24439,2.0,01KJP2RH1QNE571FNJRJ0ZHM7W,,3,False,True,False,,,,,,,,False,
01KJP22PXRH9VYFY7Z1HZVNSMN,01KJP2SDQCR0935BS4E06A6D2G,Player,C,C,speaker,4.0,refgame,2.0,page-B,,,0.0,01KJP3CMDM8CDWRZ2R68BD7RN9,False,,,,,,,False,False,60.0,,0.0,1772418399813,1772418423771,23958,2.0,01KJP2SDQCR0935BS4E06A6D2G,,2,False,True,False,,,,,,,,False,
01KJP22PXRH9VYFY7Z1HZVNSMN,01KJP2SDQCR0935BS4E06A6D2G,Player,C,C,speaker,5.0,refgame,2.0,page5-28,,,2.0,01KJP3CMAKBY4EQ2P7G6PBW0XK,False,,,,,,,False,False,71.0,,0.0,1772418736369,1772418756728,20359,3.0,01KJP2SDQCR0935BS4E06A6D2G,,2,True,True,False,,,,,,,,False,
01KJP22PXRH9VYFY7Z1HZVNSMN,01KJP2RBVR6E36EKC8HYRAV5GF,Laju,A,A,listener,1.0,refgame,1.0,page7-107,page7-107,True,2.0,01KJP3CMA40B4VRTJH6C7V9B9C,False,,,,,,,False,False,10.0,,0.0,1772416330634,1772416371775,41141,,01KJP2SGRYQPGESDGRKTMMAJX4,True,3,False,True,True,,,,,,,,False,
01KJP22PXRH9VYFY7Z1HZVNSMN,01KJP2SGRYQPGESDGRKTMMAJX4,Minu,A,A,listener,5.0,refgame,1.0,page7-107,page7-107,True,2.0,01KJP3CM9YVD44Y09Z8C1M640P,False,,,,,,,False,False,33.0,,0.0,1772417426655,1772417443945,17290,,01KJP2RBVR6E36EKC8HYRAV5GF,True,3,False,True,True,,,,,,,,False,
01KJP22PXRH9VYFY7Z1HZVNSMN,01KJP2SNNP4ZB6K1QMGZX5CC0T,Player,C,C,listener,1.0,refgame,2.0,page7-107,page7-107,True,2.0,01KJP3CMBS7SJQ0F7Z43MYKRY0,False,,,,,,,False,False,42.0,,0.0,1772417793753,1772417817632,23879,,01KJP2RVD8SK7AN1X5EMGRM458,False,2,False,True,True,,,,,,,,False,
01KJP22PXRH9VYFY7Z1HZVNSMN,01KJP2Q9Z7MR3VPYE4MH3SC9C8,Player,C,A,speaker,2.0,refgame,2.0,page7-107,,,2.0,01KJP3CMBKFK80J9EKSVWKNESX,False,,,,,,,False,False,52.0,,0.0,1772418139976,1772418164622,24646,1.0,01KJP2Q9Z7MR3VPYE4MH3SC9C8,,3,False,True,False,,,,,,,,False,
01KJP22PXRH9VYFY7Z1HZVNSMN,01KJP2RH1QNE571FNJRJ0ZHM7W,Hera,B,B,listener,1.0,refgame,1.0,page7-107,page7-107,True,2.0,01KJP3CMA40B4VRTJH6C7V9B9C,False,,,,,,,False,False,10.0,,0.0,1772416330634,1772416371775,41141,,01KJP2RVD8SK7AN1X5EMGRM458,True,2,False,True,True,,,,,,,,False,
01KJP22PXRH9VYFY7Z1HZVNSMN,01KJP2RVD8SK7AN1X5EMGRM458,Zuda,B,B,listener,2.0,refgame,1.0,page7-107,page7-107,True,2.0,01KJP3CMACAF76HADC02P8KA11,False,,,,,,,False,False,15.0,,0.0,1772416596314,1772416627994,31680,,01KJP2RH1QNE571FNJRJ0ZHM7W,True,2,True,True,True,,,,,,,,False,
01KJP22PXRH9VYFY7Z1HZVNSMN,01KJP2SNNP4ZB6K1QMGZX5CC0T,Player,C,C,listener,5.0,refgame,2.0,page9-46,page7-26,False,0.0,01KJP3CMAMAX1FJ6WS8R3SAA33,False,,,,,,,False,False,70.0,,0.0,1772418702644,1772418726049,23405,,01KJP2SGRYQPGESDGRKTMMAJX4,False,2,True,True,True,,,,,,,,False,
01KJP22PXRH9VYFY7Z1HZVNSMN,01KJP2Q4FMMNPG4DTS771Y4V70,Repi,A,A,listener,1.0,refgame,1.0,page5-28,page5-64,False,0.0,01KJP3CMA8RYSHRF0RJRCZH50A,False,,,,,,,False,False,9.0,,0.0,1772416274721,1772416319071,44350,,01KJP2SGRYQPGESDGRKTMMAJX4,True,3,False,True,True,,,,,,,,False,
01KJP22PXRH9VYFY7Z1HZVNSMN,01KJP2Q4FMMNPG4DTS771Y4V70,Player,A,A,listener,1.0,refgame,2.0,page9-46,page9-46,True,2.0,01KJP3CMBPAK2HC2TNBMD5J772,False,,,,,,,False,False,46.0,,0.0,1772417933938,1772417957914,23976,,01KJP2SGRYQPGESDGRKTMMAJX4,True,3,False,True,True,,,,,,,,False,
01KJP22PXRH9VYFY7Z1HZVNSMN,01KJP2RBVR6E36EKC8HYRAV5GF,Laju,A,A,listener,0.0,refgame,1.0,page9-46,page7-26,False,0.0,01KJP3CM90G2E34Z7VFPJ6SB8Y,False,,,,,,,False,False,4.0,,0.0,1772415997388,1772416042395,45007,,01KJP2Q4FMMNPG4DTS771Y4V70,True,3,False,True,True,,,,,,,,False,
01KJP22PXRH9VYFY7Z1HZVNSMN,01KJP2Q9Z7MR3VPYE4MH3SC9C8,Nori,C,C,listener,1.0,refgame,1.0,page7-255,page7-255,True,2.0,01KJP3CMA3QJVBG0N9R3K5JB6B,False,,,,,,,False,False,11.0,,0.0,1772416387374,1772416432380,45006,,01KJP2SDQCR0935BS4E06A6D2G,True,3,False,True,True,,,,,,,,False,
01KJP22PXRH9VYFY7Z1HZVNSMN,01KJP2Q4FMMNPG4DTS771Y4V70,Player,A,C,speaker,3.0,refgame,2.0,page7-255,,,0.0,01KJP3CMDE74QAQYSEDB6YATWE,False,,,,,,,False,False,55.0,,0.0,1772418245217,1772418269532,24315,2.0,01KJP2Q4FMMNPG4DTS771Y4V70,,2,False,True,False,,,,,,,,False,
01KJP22PXRH9VYFY7Z1HZVNSMN,01KJP2SGRYQPGESDGRKTMMAJX4,Player,A,B,speaker,4.0,refgame,2.0,page-B,,,1.0,01KJP3CMDM8CDWRZ2R68BD7RN9,False,,,,,,,False,False,60.0,,0.0,1772418399813,1772418423771,23958,2.0,01KJP2SGRYQPGESDGRKTMMAJX4,,3,False,True,False,,,,,,,,False,
01KJP22PXRH9VYFY7Z1HZVNSMN,01KJP2Q4FMMNPG4DTS771Y4V70,Repi,A,A,listener,1.0,refgame,1.0,page7-107,page7-107,True,2.0,01KJP3CMA40B4VRTJH6C7V9B9C,False,,,,,,,False,False,10.0,,0.0,1772416330634,1772416371775,41141,,01KJP2SGRYQPGESDGRKTMMAJX4,True,3,False,True,True,,,,,,,,False,
01KJP22PXRH9VYFY7Z1HZVNSMN,01KJP2RVD8SK7AN1X5EMGRM458,Zuda,B,B,speaker,5.0,refgame,1.0,page3-35,,,2.0,01KJP3CMAGD4HB935DP0CPFF8B,False,,,,,,,False,False,31.0,,0.0,1772417335304,1772417378365,43061,3.0,01KJP2RVD8SK7AN1X5EMGRM458,,2,True,True,False,,,,,,,,False,
01KJP22PXRH9VYFY7Z1HZVNSMN,01KJP2RVD8SK7AN1X5EMGRM458,Player,B,C,speaker,1.0,refgame,2.0,page7-107,,,2.0,01KJP3CMBS7SJQ0F7Z43MYKRY0,False,,,,,,,False,False,42.0,,0.0,1772417793753,1772417817632,23879,1.0,01KJP2RVD8SK7AN1X5EMGRM458,,2,False,True,False,,,,,,,,False,
01KJP22PXRH9VYFY7Z1HZVNSMN,01KJP2SDQCR0935BS4E06A6D2G,Player,C,A,listener,2.0,refgame,2.0,page7-107,page7-107,True,2.0,01KJP3CMBKFK80J9EKSVWKNESX,False,,,,,,,False,False,52.0,,0.0,1772418139976,1772418164622,24646,,01KJP2Q9Z7MR3VPYE4MH3SC9C8,True,3,False,True,True,,,,,,,,False,
01KJP22PXRH9VYFY7Z1HZVNSMN,01KJP2Q4FMMNPG4DTS771Y4V70,Repi,A,A,listener,2.0,refgame,1.0,page7-255,page7-255,True,2.0,01KJP3CMACAF76HADC108S9D9K,False,,,,,,,False,False,14.0,,0.0,1772416545721,1772416589453,43732,,01KJP2RBVR6E36EKC8HYRAV5GF,True,3,False,True,True,,,,,,,,False,
01KJP22PXRH9VYFY7Z1HZVNSMN,01KJP2Q9Z7MR3VPYE4MH3SC9C8,Nori,C,C,listener,3.0,refgame,1.0,page-B,page-B,True,2.0,01KJP3CM98VB3ANAH3DG90CB31,False,,,,,,,False,False,21.0,,0.0,1772416861111,1772416896424,35313,,01KJP2SNNP4ZB6K1QMGZX5CC0T,True,3,False,True,True,,,,,,,,False,
01KJP22PXRH9VYFY7Z1HZVNSMN,01KJP2RBVR6E36EKC8HYRAV5GF,Player,A,A,speaker,5.0,refgame,2.0,page9-46,,,2.0,01KJP3CMAMAX1FJ6WS8R3SAA33,False,,,,,,,False,False,70.0,,0.0,1772418702644,1772418726049,23405,2.0,01KJP2RBVR6E36EKC8HYRAV5GF,,3,False,True,False,,,,,,,,False,
01KJP22PXRH9VYFY7Z1HZVNSMN,01KJP2SGRYQPGESDGRKTMMAJX4,Minu,A,A,speaker,1.0,refgame,1.0,page9-46,,,1.0,01KJP3CMDF13YBPRZEZ33TW845,False,,,,,,,False,False,7.0,,0.0,1772416171398,1772416210423,39025,1.0,01KJP2SGRYQPGESDGRKTMMAJX4,,3,False,True,False,,,,,,,,False,
01KJP22PXRH9VYFY7Z1HZVNSMN,01KJP2SNNP4ZB6K1QMGZX5CC0T,Lika,C,C,listener,5.0,refgame,1.0,page5-28,page5-28,True,2.0,01KJP3CMAFDPF36KC3154ZNWEH,False,,,,,,,False,False,32.0,,0.0,1772417383448,1772417411969,28521,,01KJP2Q9Z7MR3VPYE4MH3SC9C8,True,3,False,True,True,,,,,,,,False,
01KJP22PXRH9VYFY7Z1HZVNSMN,01KJP2Q4FMMNPG4DTS771Y4V70,Player,A,C,speaker,2.0,refgame,2.0,page9-46,,,0.0,01KJP3CMBN46GH887MBYTMMXFZ,False,,,,,,,False,False,48.0,,0.0,1772417999847,1772418024851,25004,2.0,01KJP2Q4FMMNPG4DTS771Y4V70,,2,True,True,False,,,,,,,,False,
01KJP22PXRH9VYFY7Z1HZVNSMN,01KJP2SNNP4ZB6K1QMGZX5CC0T,Player,C,A,listener,2.0,refgame,2.0,page5-28,page5-28,True,2.0,01KJP3CMBN46GH887MCP71WBKK,False,,,,,,,False,False,50.0,,0.0,1772418072923,1772418092683,19760,,01KJP2RBVR6E36EKC8HYRAV5GF,False,3,False,True,True,,,,,,,,False,
01KJP22PXRH9VYFY7Z1HZVNSMN,01KJP2SNNP4ZB6K1QMGZX5CC0T,Player,C,A,listener,4.0,refgame,2.0,page7-107,page7-107,True,2.0,01KJP3CMBJ6PGF7BT2RW2QY71K,False,,,,,,,False,False,65.0,,0.0,1772418556753,1772418577526,20773,,01KJP2SGRYQPGESDGRKTMMAJX4,False,3,False,True,True,,,,,,,,False,
01KJP22PXRH9VYFY7Z1HZVNSMN,01KJP2SGRYQPGESDGRKTMMAJX4,Minu,A,A,listener,2.0,refgame,1.0,page3-35,page5-142,False,0.0,01KJP3CMA2DMARPZNDKST5PAHK,False,,,,,,,False,False,12.0,,0.0,1772416445742,1772416490748,45006,,01KJP2RBVR6E36EKC8HYRAV5GF,True,3,False,True,True,,,,,,,,False,
01KJP22PXRH9VYFY7Z1HZVNSMN,01KJP2SGRYQPGESDGRKTMMAJX4,Minu,A,A,listener,2.0,refgame,1.0,page-B,page-B,True,2.0,01KJP3CMAAFMWCTT6MPFEXD6K7,False,,,,,,,False,False,13.0,,0.0,1772416500681,1772416539324,38643,,01KJP2RBVR6E36EKC8HYRAV5GF,True,3,False,True,True,,,,,,,,False,
01KJP22PXRH9VYFY7Z1HZVNSMN,01KJP2RVD8SK7AN1X5EMGRM458,Zuda,B,B,speaker,4.0,refgame,1.0,page5-28,,,2.0,01KJP3CM9C5PRKR0P4VR7QK685,False,,,,,,,False,False,28.0,,0.0,1772417178776,1772417221242,42466,2.0,01KJP2RVD8SK7AN1X5EMGRM458,,2,False,True,False,,,,,,,,False,
01KJP22PXRH9VYFY7Z1HZVNSMN,01KJP2RBVR6E36EKC8HYRAV5GF,Laju,A,A,speaker,5.0,refgame,1.0,page9-46,,,1.0,01KJP3CMAJJ6FAGMTSE004241H,False,,,,,,,False,False,30.0,,0.0,1772417288714,1772417327581,38867,2.0,01KJP2RBVR6E36EKC8HYRAV5GF,,3,False,True,False,,,,,,,,False,
01KJP22PXRH9VYFY7Z1HZVNSMN,01KJP2RVD8SK7AN1X5EMGRM458,Player,B,C,speaker,5.0,refgame,2.0,page7-107,,,2.0,01KJP3CMDE74QAQYSEE95EGXZR,False,,,,,,,False,False,68.0,,0.0,1772418644666,1772418667628,22962,3.0,01KJP2RVD8SK7AN1X5EMGRM458,,2,True,True,False,,,,,,,,False,
01KJP22PXRH9VYFY7Z1HZVNSMN,01KJP2Q9Z7MR3VPYE4MH3SC9C8,Player,C,B,listener,3.0,refgame,2.0,page7-255,page7-255,True,2.0,01KJP3CMDE74QAQYSEDB6YATWE,False,,,,,,,False,False,55.0,,0.0,1772418245217,1772418269532,24315,,01KJP2SNNP4ZB6K1QMGZX5CC0T,True,3,False,True,True,,,,,,,,False,
01KJP22PXRH9VYFY7Z1HZVNSMN,01KJP2RVD8SK7AN1X5EMGRM458,Player,B,C,listener,3.0,refgame,2.0,page5-28,page9-46,False,0.0,01KJP3CMBTAF42N8FWNN77CPQ0,False,,,,,,,False,False,59.0,,0.0,1772418369857,1772418391461,21604,,01KJP2Q4FMMNPG4DTS771Y4V70,False,2,False,True,True,,,,,,,,False,
01KJP22PXRH9VYFY7Z1HZVNSMN,01KJP2SGRYQPGESDGRKTMMAJX4,Player,A,B,listener,5.0,refgame,2.0,page-B,page-B,True,2.0,01KJP3CMBHX9HPW6E4YX45KJW2,False,,,,,,,False,False,66.0,,0.0,1772418582533,1772418607546,25013,,01KJP2RBVR6E36EKC8HYRAV5GF,True,3,False,True,True,,,,,,,,False,
01KJP22PXRH9VYFY7Z1HZVNSMN,01KJP2RBVR6E36EKC8HYRAV5GF,Player,A,A,speaker,5.0,refgame,2.0,page7-107,,,2.0,01KJP3CMDE74QAQYSEE95EGXZR,False,,,,,,,False,False,68.0,,0.0,1772418644666,1772418667628,22962,2.0,01KJP2RBVR6E36EKC8HYRAV5GF,,3,False,True,False,,,,,,,,False,
01KJP22PXRH9VYFY7Z1HZVNSMN,01KJP2SNNP4ZB6K1QMGZX5CC0T,Player,C,B,listener,5.0,refgame,2.0,page-B,page-B,True,2.0,01KJP3CMBHX9HPW6E4YX45KJW2,False,,,,,,,False,False,66.0,,0.0,1772418582533,1772418607546,25013,,01KJP2RBVR6E36EKC8HYRAV5GF,False,3,False,True,True,,,,,,,,False,
01KJP22PXRH9VYFY7Z1HZVNSMN,01KJP2RVD8SK7AN1X5EMGRM458,Zuda,B,B,speaker,1.0,refgame,1.0,page7-107,,,2.0,01KJP3CMA40B4VRTJH6C7V9B9C,False,,,,,,,False,False,10.0,,0.0,1772416330634,1772416371775,41141,1.0,01KJP2RVD8SK7AN1X5EMGRM458,,2,False,True,False,,,,,,,,False,
01KJP22PXRH9VYFY7Z1HZVNSMN,01KJP2SNNP4ZB6K1QMGZX5CC0T,Lika,C,C,listener,4.0,refgame,1.0,page3-35,page3-35,True,2.0,01KJP3CMAJJ6FAGMTSETZNHFNY,False,,,,,,,False,False,29.0,,0.0,1772417236856,1772417281876,45020,,01KJP2SDQCR0935BS4E06A6D2G,True,3,False,True,True,,,,,,,,False,
01KJP22PXRH9VYFY7Z1HZVNSMN,01KJP2RH1QNE571FNJRJ0ZHM7W,Hera,B,B,listener,5.0,refgame,1.0,page-B,page-B,True,2.0,01KJP3CM9HM5VMN0HF6D1NF2HN,False,,,,,,,False,False,34.0,,0.0,1772417454965,1772417477166,22201,,01KJP2RVD8SK7AN1X5EMGRM458,True,2,True,True,True,,,,,,,,False,
01KJP22PXRH9VYFY7Z1HZVNSMN,01KJP2RBVR6E36EKC8HYRAV5GF,Player,A,B,listener,4.0,refgame,2.0,page7-255,page7-255,True,2.0,01KJP3CMBJ6PGF7BT2SWHN128N,False,,,,,,,False,False,64.0,,0.0,1772418525368,1772418550373,25005,,01KJP2SGRYQPGESDGRKTMMAJX4,True,3,False,True,True,,,,,,,,False,
01KJP22PXRH9VYFY7Z1HZVNSMN,01KJP2Q9Z7MR3VPYE4MH3SC9C8,Nori,C,C,listener,1.0,refgame,1.0,page-B,page-B,True,2.0,01KJP3CM9EWMZPWBESND7H6YTZ,False,,,,,,,False,False,8.0,,0.0,1772416218674,1772416263477,44803,,01KJP2SDQCR0935BS4E06A6D2G,True,3,False,True,True,,,,,,,,False,
01KJP22PXRH9VYFY7Z1HZVNSMN,01KJP2SDQCR0935BS4E06A6D2G,Felu,C,C,listener,5.0,refgame,1.0,page3-35,page3-35,True,2.0,01KJP3CMAGD4HB935DP0CPFF8B,False,,,,,,,False,False,31.0,,0.0,1772417335304,1772417378365,43061,,01KJP2Q9Z7MR3VPYE4MH3SC9C8,True,3,False,True,True,,,,,,,,False,
01KJP22PXRH9VYFY7Z1HZVNSMN,01KJP2SNNP4ZB6K1QMGZX5CC0T,Lika,C,C,listener,5.0,refgame,1.0,page7-255,page7-255,True,2.0,01KJP3CM9G3FDFJTW5V5C4PXCB,False,,,,,,,False,False,35.0,,0.0,1772417482303,1772417515679,33376,,01KJP2Q9Z7MR3VPYE4MH3SC9C8,True,3,False,True,True,,,,,,,,False,
01KJP22PXRH9VYFY7Z1HZVNSMN,01KJP2RH1QNE571FNJRJ0ZHM7W,Player,B,B,speaker,3.0,refgame,2.0,page3-35,,,2.0,01KJP3CMDD0K8FB8PPX8QTR2TD,False,,,,,,,False,False,57.0,,0.0,1772418312476,1772418328668,16192,2.0,01KJP2RH1QNE571FNJRJ0ZHM7W,,3,False,True,False,,,,,,,,False,
01KJP22PXRH9VYFY7Z1HZVNSMN,01KJP2SGRYQPGESDGRKTMMAJX4,Player,A,A,listener,3.0,refgame,2.0,page3-35,page5-142,False,0.0,01KJP3CMDD0K8FB8PPX8QTR2TD,False,,,,,,,False,False,57.0,,0.0,1772418312476,1772418328668,16192,,01KJP2Q4FMMNPG4DTS771Y4V70,True,3,False,True,True,,,,,,,,False,
01KJP22PXRH9VYFY7Z1HZVNSMN,01KJP2RVD8SK7AN1X5EMGRM458,Player,B,C,speaker,4.0,refgame,2.0,page7-255,,,0.0,01KJP3CMBJ6PGF7BT2SWHN128N,False,,,,,,,False,False,64.0,,0.0,1772418525368,1772418550373,25005,2.0,01KJP2RVD8SK7AN1X5EMGRM458,,2,False,True,False,,,,,,,,False,
01KJP22PXRH9VYFY7Z1HZVNSMN,01KJP2SGRYQPGESDGRKTMMAJX4,Player,A,A,speaker,4.0,refgame,2.0,page7-107,,,2.0,01KJP3CMBJ6PGF7BT2RW2QY71K,False,,,,,,,False,False,65.0,,0.0,1772418556753,1772418577526,20773,2.0,01KJP2SGRYQPGESDGRKTMMAJX4,,3,False,True,False,,,,,,,,False,
01KJP22PXRH9VYFY7Z1HZVNSMN,01KJP2SDQCR0935BS4E06A6D2G,Player,C,A,listener,5.0,refgame,2.0,page3-35,page3-35,True,2.0,01KJP3CMANPM1WF7S7TT86YKYC,False,,,,,,,False,False,69.0,,0.0,1772418672997,1772418696210,23213,,01KJP2RBVR6E36EKC8HYRAV5GF,False,3,False,True,True,,,,,,,,False,
01KJP22PXRH9VYFY7Z1HZVNSMN,01KJP2RBVR6E36EKC8HYRAV5GF,Laju,A,A,speaker,2.0,refgame,1.0,page3-35,,,1.0,01KJP3CMA2DMARPZNDKST5PAHK,False,,,,,,,False,False,12.0,,0.0,1772416445742,1772416490748,45006,1.0,01KJP2RBVR6E36EKC8HYRAV5GF,,3,False,True,False,,,,,,,,False,
01KJP22PXRH9VYFY7Z1HZVNSMN,01KJP2RBVR6E36EKC8HYRAV5GF,Laju,A,A,listener,4.0,refgame,1.0,page7-107,page7-107,True,2.0,01KJP3CMAD2X6CDPC7HYN07AK8,False,,,,,,,False,False,27.0,,0.0,1772417134703,1772417167040,32337,,01KJP2SGRYQPGESDGRKTMMAJX4,True,3,False,True,True,,,,,,,,False,
01KJP22PXRH9VYFY7Z1HZVNSMN,01KJP2RH1QNE571FNJRJ0ZHM7W,Player,B,C,listener,1.0,refgame,2.0,page9-46,page4-157,False,0.0,01KJP3CMBPAK2HC2TNBMD5J772,False,,,,,,,False,False,46.0,,0.0,1772417933938,1772417957914,23976,,01KJP2SDQCR0935BS4E06A6D2G,False,2,False,True,True,,,,,,,,False,
01KJP22PXRH9VYFY7Z1HZVNSMN,01KJP2RBVR6E36EKC8HYRAV5GF,Player,A,B,speaker,2.0,refgame,2.0,page7-107,,,2.0,01KJP3CMBKFK80J9EKSVWKNESX,False,,,,,,,False,False,52.0,,0.0,1772418139976,1772418164622,24646,1.0,01KJP2RBVR6E36EKC8HYRAV5GF,,3,False,True,False,,,,,,,,False,
01KJP22PXRH9VYFY7Z1HZVNSMN,01KJP2SDQCR0935BS4E06A6D2G,Player,C,A,listener,2.0,refgame,2.0,page9-46,page9-46,True,2.0,01KJP3CMBN46GH887MBYTMMXFZ,False,,,,,,,False,False,48.0,,0.0,1772417999847,1772418024851,25004,,01KJP2RBVR6E36EKC8HYRAV5GF,False,3,False,True,True,,,,,,,,False,
01KJP22PXRH9VYFY7Z1HZVNSMN,01KJP2Q9Z7MR3VPYE4MH3SC9C8,Player,C,B,speaker,2.0,refgame,2.0,page3-35,,,1.0,01KJP3CMDM8CDWRZ2R580XTXJP,False,,,,,,,False,False,53.0,,0.0,1772418176905,1772418201631,24726,1.0,01KJP2Q9Z7MR3VPYE4MH3SC9C8,,3,False,True,False,,,,,,,,False,
01KJP22PXRH9VYFY7Z1HZVNSMN,01KJP2RBVR6E36EKC8HYRAV5GF,Player,A,B,listener,3.0,refgame,2.0,page7-107,page7-107,True,2.0,01KJP3CMDF13YBPRZEY3AS2DBQ,False,,,,,,,False,False,54.0,,0.0,1772418210077,1772418233582,23505,,01KJP2RH1QNE571FNJRJ0ZHM7W,False,3,False,True,True,,,,,,,,False,
01KJP22PXRH9VYFY7Z1HZVNSMN,01KJP2RH1QNE571FNJRJ0ZHM7W,Hera,B,B,listener,4.0,refgame,1.0,page-B,page-B,True,2.0,01KJP3CM9HM5VMN0HF5GSQJZ6G,False,,,,,,,False,False,26.0,,0.0,1772417105848,1772417128011,22163,,01KJP2RVD8SK7AN1X5EMGRM458,True,2,False,True,True,,,,,,,,False,
01KJP22PXRH9VYFY7Z1HZVNSMN,01KJP2SGRYQPGESDGRKTMMAJX4,Minu,A,A,speaker,4.0,refgame,1.0,page3-35,,,0.0,01KJP3CMAJJ6FAGMTSETZNHFNY,False,,,,,,,False,False,29.0,,0.0,1772417236856,1772417281876,45020,2.0,01KJP2SGRYQPGESDGRKTMMAJX4,,3,False,True,False,,,,,,,,False,
01KJP22PXRH9VYFY7Z1HZVNSMN,01KJP2SDQCR0935BS4E06A6D2G,Player,C,A,listener,0.0,refgame,2.0,page7-107,page7-107,True,2.0,01KJP3CMAKBY4EQ2P7F82DKW77,False,,,,,,,False,False,37.0,,0.0,1772417623661,1772417647924,24263,,01KJP2SNNP4ZB6K1QMGZX5CC0T,True,3,False,True,True,,,,,,,,False,
01KJP22PXRH9VYFY7Z1HZVNSMN,01KJP2SDQCR0935BS4E06A6D2G,Felu,C,C,speaker,1.0,refgame,1.0,page-B,,,2.0,01KJP3CM9EWMZPWBESND7H6YTZ,False,,,,,,,False,False,8.0,,0.0,1772416218674,1772416263477,44803,1.0,01KJP2SDQCR0935BS4E06A6D2G,,3,False,True,False,,,,,,,,False,
01KJP22PXRH9VYFY7Z1HZVNSMN,01KJP2Q9Z7MR3VPYE4MH3SC9C8,Nori,C,C,speaker,2.0,refgame,1.0,page3-35,,,0.0,01KJP3CMA2DMARPZNDKST5PAHK,False,,,,,,,False,False,12.0,,0.0,1772416445742,1772416490748,45006,1.0,01KJP2Q9Z7MR3VPYE4MH3SC9C8,,3,False,True,False,,,,,,,,False,
01KJP22PXRH9VYFY7Z1HZVNSMN,01KJP2SNNP4ZB6K1QMGZX5CC0T,Lika,C,C,listener,2.0,refgame,1.0,page7-255,page7-255,True,2.0,01KJP3CMACAF76HADC108S9D9K,False,,,,,,,False,False,14.0,,0.0,1772416545721,1772416589453,43732,,01KJP2Q9Z7MR3VPYE4MH3SC9C8,True,3,False,True,True,,,,,,,,False,
01KJP22PXRH9VYFY7Z1HZVNSMN,01KJP2Q4FMMNPG4DTS771Y4V70,Repi,A,A,listener,4.0,refgame,1.0,page-B,page-B,True,2.0,01KJP3CM9HM5VMN0HF5GSQJZ6G,False,,,,,,,False,False,26.0,,0.0,1772417105848,1772417128011,22163,,01KJP2SGRYQPGESDGRKTMMAJX4,True,3,False,True,True,,,,,,,,False,
01KJP22PXRH9VYFY7Z1HZVNSMN,01KJP2SNNP4ZB6K1QMGZX5CC0T,Lika,C,C,speaker,0.0,refgame,1.0,page3-35,,,2.0,01KJP3CMBEY573MQS1TAMZDBC6,False,,,,,,,False,False,2.0,,0.0,1772415890738,1772415935743,45005,1.0,01KJP2SNNP4ZB6K1QMGZX5CC0T,,3,False,True,False,,,,,,,,False,
01KJP22PXRH9VYFY7Z1HZVNSMN,01KJP2Q4FMMNPG4DTS771Y4V70,Repi,A,A,speaker,0.0,refgame,1.0,page7-255,,,1.0,01KJP3CM9JB14AY8MBMF4VCE4W,False,,,,,,,False,False,3.0,,0.0,1772415943043,1772415987348,44305,1.0,01KJP2Q4FMMNPG4DTS771Y4V70,,3,False,True,False,,,,,,,,False,
01KJP22PXRH9VYFY7Z1HZVNSMN,01KJP2Q4FMMNPG4DTS771Y4V70,Repi,A,A,speaker,3.0,refgame,1.0,page-B,,,2.0,01KJP3CM98VB3ANAH3DG90CB31,False,,,,,,,False,False,21.0,,0.0,1772416861111,1772416896424,35313,2.0,01KJP2Q4FMMNPG4DTS771Y4V70,,3,False,True,False,,,,,,,,False,
01KJP22PXRH9VYFY7Z1HZVNSMN,01KJP2SNNP4ZB6K1QMGZX5CC0T,Player,C,C,listener,1.0,refgame,2.0,page7-255,page7-255,True,2.0,01KJP3CMBS7SJQ0F7Z33HXTGTJ,False,,,,,,,False,False,43.0,,0.0,1772417831849,1772417856147,24298,,01KJP2RVD8SK7AN1X5EMGRM458,False,2,False,True,True,,,,,,,,False,
01KJP22PXRH9VYFY7Z1HZVNSMN,01KJP2SNNP4ZB6K1QMGZX5CC0T,Player,C,B,listener,4.0,refgame,2.0,page-B,page7-255,False,0.0,01KJP3CMDM8CDWRZ2R68BD7RN9,False,,,,,,,False,False,60.0,,0.0,1772418399813,1772418423771,23958,,01KJP2SGRYQPGESDGRKTMMAJX4,False,3,False,True,True,,,,,,,,False,
01KJP22PXRH9VYFY7Z1HZVNSMN,01KJP2RVD8SK7AN1X5EMGRM458,Player,B,C,speaker,5.0,refgame,2.0,page7-255,,,2.0,01KJP3CMBGR1HCV8WZ77VGDR39,False,,,,,,,False,False,67.0,,0.0,1772418616561,1772418636536,19975,3.0,01KJP2RVD8SK7AN1X5EMGRM458,,2,True,True,False,,,,,,,,False,
01KJP22PXRH9VYFY7Z1HZVNSMN,01KJP2RBVR6E36EKC8HYRAV5GF,Laju,A,A,listener,3.0,refgame,1.0,page-B,page-B,True,2.0,01KJP3CM98VB3ANAH3DG90CB31,False,,,,,,,False,False,21.0,,0.0,1772416861111,1772416896424,35313,,01KJP2Q4FMMNPG4DTS771Y4V70,True,3,False,True,True,,,,,,,,False,
01KJP22PXRH9VYFY7Z1HZVNSMN,01KJP2RVD8SK7AN1X5EMGRM458,Zuda,B,B,speaker,4.0,refgame,1.0,page-B,,,2.0,01KJP3CM9HM5VMN0HF5GSQJZ6G,False,,,,,,,False,False,26.0,,0.0,1772417105848,1772417128011,22163,2.0,01KJP2RVD8SK7AN1X5EMGRM458,,2,False,True,False,,,,,,,,False,
01KJP22PXRH9VYFY7Z1HZVNSMN,01KJP2SNNP4ZB6K1QMGZX5CC0T,Lika,C,C,listener,5.0,refgame,1.0,page-B,page-B,True,2.0,01KJP3CM9HM5VMN0HF6D1NF2HN,False,,,,,,,False,False,34.0,,0.0,1772417454965,1772417477166,22201,,01KJP2Q9Z7MR3VPYE4MH3SC9C8,True,3,False,True,True,,,,,,,,False,
01KJP22PXRH9VYFY7Z1HZVNSMN,01KJP2SDQCR0935BS4E06A6D2G,Player,C,B,speaker,1.0,refgame,2.0,page7-107,,,2.0,01KJP3CMBS7SJQ0F7Z43MYKRY0,False,,,,,,,False,False,42.0,,0.0,1772417793753,1772417817632,23879,1.0,01KJP2SDQCR0935BS4E06A6D2G,,3,False,True,False,,,,,,,,False,
01KJP22PXRH9VYFY7Z1HZVNSMN,01KJP2Q9Z7MR3VPYE4MH3SC9C8,Nori,C,C,speaker,2.0,refgame,1.0,page7-255,,,2.0,01KJP3CMACAF76HADC108S9D9K,False,,,,,,,False,False,14.0,,0.0,1772416545721,1772416589453,43732,1.0,01KJP2Q9Z7MR3VPYE4MH3SC9C8,,3,False,True,False,,,,,,,,False,
01KJP22PXRH9VYFY7Z1HZVNSMN,01KJP2RH1QNE571FNJRJ0ZHM7W,Player,B,B,speaker,3.0,refgame,2.0,page7-107,,,2.0,01KJP3CMDF13YBPRZEY3AS2DBQ,False,,,,,,,False,False,54.0,,0.0,1772418210077,1772418233582,23505,2.0,01KJP2RH1QNE571FNJRJ0ZHM7W,,3,False,True,False,,,,,,,,False,
01KJP22PXRH9VYFY7Z1HZVNSMN,01KJP2RBVR6E36EKC8HYRAV5GF,Player,A,B,listener,3.0,refgame,2.0,page-B,page-B,True,2.0,01KJP3CMD9PVBS9GJ9WZCK65VZ,False,,,,,,,False,False,56.0,,0.0,1772418280302,1772418303304,23002,,01KJP2RH1QNE571FNJRJ0ZHM7W,False,3,False,True,True,,,,,,,,False,
01KJP22PXRH9VYFY7Z1HZVNSMN,01KJP2Q9Z7MR3VPYE4MH3SC9C8,Nori,C,C,listener,0.0,refgame,1.0,page7-107,page7-107,True,2.0,01KJP3CM91MTSHTCQY8JW98BQT,False,,,,,,,False,False,1.0,,0.0,1772415833896,1772415878906,45010,,01KJP2SNNP4ZB6K1QMGZX5CC0T,True,3,False,True,True,,,,,,,,False,
01KJP22PXRH9VYFY7Z1HZVNSMN,01KJP2RBVR6E36EKC8HYRAV5GF,Laju,A,A,listener,0.0,refgame,1.0,page7-255,page7-255,True,2.0,01KJP3CM9JB14AY8MBMF4VCE4W,False,,,,,,,False,False,3.0,,0.0,1772415943043,1772415987348,44305,,01KJP2Q4FMMNPG4DTS771Y4V70,True,3,False,True,True,,,,,,,,False,
01KJP22PXRH9VYFY7Z1HZVNSMN,01KJP2RBVR6E36EKC8HYRAV5GF,Laju,A,A,listener,1.0,refgame,1.0,page3-35,page7-107,False,0.0,01KJP3CMDKBS9JFM59T1D0FC34,False,,,,,,,False,False,6.0,,0.0,1772416118102,1772416163098,44996,,01KJP2SGRYQPGESDGRKTMMAJX4,True,3,False,True,True,,,,,,,,False,
01KJP22PXRH9VYFY7Z1HZVNSMN,01KJP2RBVR6E36EKC8HYRAV5GF,Laju,A,A,speaker,5.0,refgame,1.0,page3-35,,,1.0,01KJP3CMAGD4HB935DP0CPFF8B,False,,,,,,,False,False,31.0,,0.0,1772417335304,1772417378365,43061,2.0,01KJP2RBVR6E36EKC8HYRAV5GF,,3,False,True,False,,,,,,,,False,
01KJP22PXRH9VYFY7Z1HZVNSMN,01KJP2SGRYQPGESDGRKTMMAJX4,Minu,A,A,speaker,1.0,refgame,1.0,page5-28,,,0.0,01KJP3CMA8RYSHRF0RJRCZH50A,False,,,,,,,False,False,9.0,,0.0,1772416274721,1772416319071,44350,1.0,01KJP2SGRYQPGESDGRKTMMAJX4,,3,False,True,False,,,,,,,,False,
01KJP22PXRH9VYFY7Z1HZVNSMN,01KJP2SNNP4ZB6K1QMGZX5CC0T,Lika,C,C,listener,2.0,refgame,1.0,page3-35,page5-64,False,0.0,01KJP3CMA2DMARPZNDKST5PAHK,False,,,,,,,False,False,12.0,,0.0,1772416445742,1772416490748,45006,,01KJP2Q9Z7MR3VPYE4MH3SC9C8,True,3,False,True,True,,,,,,,,False,
01KJP22PXRH9VYFY7Z1HZVNSMN,01KJP2RBVR6E36EKC8HYRAV5GF,Laju,A,A,speaker,2.0,refgame,1.0,page-B,,,2.0,01KJP3CMAAFMWCTT6MPFEXD6K7,False,,,,,,,False,False,13.0,,0.0,1772416500681,1772416539324,38643,1.0,01KJP2RBVR6E36EKC8HYRAV5GF,,3,False,True,False,,,,,,,,False,
01KJP22PXRH9VYFY7Z1HZVNSMN,01KJP2Q9Z7MR3VPYE4MH3SC9C8,Nori,C,C,listener,3.0,refgame,1.0,page5-28,page5-28,True,2.0,01KJP3CMAD2X6CDPC7GPW0TA12,False,,,,,,,False,False,22.0,,0.0,1772416906218,1772416942372,36154,,01KJP2SNNP4ZB6K1QMGZX5CC0T,True,3,False,True,True,,,,,,,,False,
01KJP22PXRH9VYFY7Z1HZVNSMN,01KJP2RBVR6E36EKC8HYRAV5GF,Player,A,B,listener,1.0,refgame,2.0,page3-35,page3-35,True,2.0,01KJP3CMBVE81PP15CPHWYHTW1,False,,,,,,,False,False,44.0,,0.0,1772417865170,1772417889629,24459,,01KJP2RVD8SK7AN1X5EMGRM458,False,3,False,True,True,,,,,,,,False,
01KJP22PXRH9VYFY7Z1HZVNSMN,01KJP2SDQCR0935BS4E06A6D2G,Player,C,A,listener,3.0,refgame,2.0,page-B,page-B,True,2.0,01KJP3CMD9PVBS9GJ9WZCK65VZ,False,,,,,,,False,False,56.0,,0.0,1772418280302,1772418303304,23002,,01KJP2Q4FMMNPG4DTS771Y4V70,False,3,False,True,True,,,,,,,,False,
01KJP22PXRH9VYFY7Z1HZVNSMN,01KJP2RBVR6E36EKC8HYRAV5GF,Player,A,A,speaker,5.0,refgame,2.0,page3-35,,,1.0,01KJP3CMANPM1WF7S7TT86YKYC,False,,,,,,,False,False,69.0,,0.0,1772418672997,1772418696210,23213,2.0,01KJP2RBVR6E36EKC8HYRAV5GF,,3,False,True,False,,,,,,,,False,
01KJP22PXRH9VYFY7Z1HZVNSMN,01KJP2RH1QNE571FNJRJ0ZHM7W,Hera,B,B,speaker,0.0,refgame,1.0,page5-28,,,1.0,01KJP3CM84AESF18BN538TN2V3,False,,,,,,,False,False,0.0,,0.0,1772415773295,1772415818302,45007,1.0,01KJP2RH1QNE571FNJRJ0ZHM7W,,3,False,True,False,,,,,,,,False,
01KJP22PXRH9VYFY7Z1HZVNSMN,01KJP2RVD8SK7AN1X5EMGRM458,Zuda,B,B,listener,0.0,refgame,1.0,page9-46,page6-149,False,0.0,01KJP3CM90G2E34Z7VFPJ6SB8Y,False,,,,,,,False,False,4.0,,0.0,1772415997388,1772416042395,45007,,01KJP2RH1QNE571FNJRJ0ZHM7W,True,3,False,True,True,,,,,,,,False,
01KJP22PXRH9VYFY7Z1HZVNSMN,01KJP2RVD8SK7AN1X5EMGRM458,Zuda,B,B,speaker,1.0,refgame,1.0,page5-28,,,2.0,01KJP3CMA8RYSHRF0RJRCZH50A,False,,,,,,,False,False,9.0,,0.0,1772416274721,1772416319071,44350,1.0,01KJP2RVD8SK7AN1X5EMGRM458,,2,False,True,False,,,,,,,,False,
01KJP22PXRH9VYFY7Z1HZVNSMN,01KJP2Q9Z7MR3VPYE4MH3SC9C8,Player,C,A,listener,0.0,refgame,2.0,page5-28,page5-28,True,2.0,01KJP3CMBTAF42N8FWMHY0NA6A,False,,,,,,,False,False,41.0,,0.0,1772417758644,1772417783639,24995,,01KJP2SNNP4ZB6K1QMGZX5CC0T,True,3,False,True,True,,,,,,,,False,
01KJP22PXRH9VYFY7Z1HZVNSMN,01KJP2Q9Z7MR3VPYE4MH3SC9C8,Nori,C,C,speaker,5.0,refgame,1.0,page-B,,,2.0,01KJP3CM9HM5VMN0HF6D1NF2HN,False,,,,,,,False,False,34.0,,0.0,1772417454965,1772417477166,22201,2.0,01KJP2Q9Z7MR3VPYE4MH3SC9C8,,3,False,True,False,,,,,,,,False,
01KJP22PXRH9VYFY7Z1HZVNSMN,01KJP2RVD8SK7AN1X5EMGRM458,Player,B,A,speaker,1.0,refgame,2.0,page5-28,,,0.0,01KJP3CMBR8ZCV7RSYDX6Q6Y1A,False,,,,,,,False,False,45.0,,0.0,1772417896960,1772417919628,22668,1.0,01KJP2RVD8SK7AN1X5EMGRM458,,3,False,True,False,,,,,,,,False,
01KJP22PXRH9VYFY7Z1HZVNSMN,01KJP2Q4FMMNPG4DTS771Y4V70,Player,A,C,speaker,2.0,refgame,2.0,page7-107,,,2.0,01KJP3CMBKFK80J9EKSVWKNESX,False,,,,,,,False,False,52.0,,0.0,1772418139976,1772418164622,24646,2.0,01KJP2Q4FMMNPG4DTS771Y4V70,,2,True,True,False,,,,,,,,False,
01KJP22PXRH9VYFY7Z1HZVNSMN,01KJP2RVD8SK7AN1X5EMGRM458,Zuda,B,B,listener,2.0,refgame,1.0,page3-35,,False,0.0,01KJP3CMA2DMARPZNDKST5PAHK,False,,,,,,,True,False,12.0,,0.0,1772416445742,1772416490748,45006,,01KJP2RH1QNE571FNJRJ0ZHM7W,True,2,True,False,False,,,,,,,,False,
01KJP22PXRH9VYFY7Z1HZVNSMN,01KJP2Q9Z7MR3VPYE4MH3SC9C8,Nori,C,C,speaker,2.0,refgame,1.0,page5-28,,,2.0,01KJP3CMAB1G61PNACVKVNQ61J,False,,,,,,,False,False,16.0,,0.0,1772416633453,1772416671923,38470,1.0,01KJP2Q9Z7MR3VPYE4MH3SC9C8,,3,False,True,False,,,,,,,,False,
01KJP22PXRH9VYFY7Z1HZVNSMN,01KJP2SNNP4ZB6K1QMGZX5CC0T,Lika,C,C,speaker,3.0,refgame,1.0,page-B,,,2.0,01KJP3CM98VB3ANAH3DG90CB31,False,,,,,,,False,False,21.0,,0.0,1772416861111,1772416896424,35313,2.0,01KJP2SNNP4ZB6K1QMGZX5CC0T,,3,False,True,False,,,,,,,,False,
01KJP22PXRH9VYFY7Z1HZVNSMN,01KJP2SGRYQPGESDGRKTMMAJX4,Minu,A,A,listener,0.0,refgame,1.0,page-B,page3-193,False,0.0,01KJP3CM8ZYP036H2YRH1YFW0A,False,,,,,,,False,False,5.0,,0.0,1772416057609,1772416102612,45003,,01KJP2Q4FMMNPG4DTS771Y4V70,True,3,False,True,True,,,,,,,,False,
01KJP22PXRH9VYFY7Z1HZVNSMN,01KJP2SDQCR0935BS4E06A6D2G,Player,C,B,speaker,1.0,refgame,2.0,page5-28,,,2.0,01KJP3CMBR8ZCV7RSYDX6Q6Y1A,False,,,,,,,False,False,45.0,,0.0,1772417896960,1772417919628,22668,1.0,01KJP2SDQCR0935BS4E06A6D2G,,3,False,True,False,,,,,,,,False,
01KJP22PXRH9VYFY7Z1HZVNSMN,01KJP2Q9Z7MR3VPYE4MH3SC9C8,Player,C,B,speaker,2.0,refgame,2.0,page9-46,,,1.0,01KJP3CMBN46GH887MBYTMMXFZ,False,,,,,,,False,False,48.0,,0.0,1772417999847,1772418024851,25004,1.0,01KJP2Q9Z7MR3VPYE4MH3SC9C8,,3,False,True,False,,,,,,,,False,
01KJP22PXRH9VYFY7Z1HZVNSMN,01KJP2SNNP4ZB6K1QMGZX5CC0T,Lika,C,C,listener,1.0,refgame,1.0,page5-28,page5-28,True,2.0,01KJP3CMA8RYSHRF0RJRCZH50A,False,,,,,,,False,False,9.0,,0.0,1772416274721,1772416319071,44350,,01KJP2SDQCR0935BS4E06A6D2G,True,3,False,True,True,,,,,,,,False,
01KJP22PXRH9VYFY7Z1HZVNSMN,01KJP2SDQCR0935BS4E06A6D2G,Felu,C,C,speaker,4.0,refgame,1.0,page-B,,,2.0,01KJP3CM9HM5VMN0HF5GSQJZ6G,False,,,,,,,False,False,26.0,,0.0,1772417105848,1772417128011,22163,2.0,01KJP2SDQCR0935BS4E06A6D2G,,3,False,True,False,,,,,,,,False,
01KJP22PXRH9VYFY7Z1HZVNSMN,01KJP2SGRYQPGESDGRKTMMAJX4,Player,A,B,speaker,1.0,refgame,2.0,page7-255,,,1.0,01KJP3CMBS7SJQ0F7Z33HXTGTJ,False,,,,,,,False,False,43.0,,0.0,1772417831849,1772417856147,24298,1.0,01KJP2SGRYQPGESDGRKTMMAJX4,,3,False,True,False,,,,,,,,False,
01KJP22PXRH9VYFY7Z1HZVNSMN,01KJP2SNNP4ZB6K1QMGZX5CC0T,Player,C,C,speaker,3.0,refgame,2.0,page-B,,,2.0,01KJP3CMD9PVBS9GJ9WZCK65VZ,False,,,,,,,False,False,56.0,,0.0,1772418280302,1772418303304,23002,3.0,01KJP2SNNP4ZB6K1QMGZX5CC0T,,2,False,True,False,,,,,,,,False,
01KJP22PXRH9VYFY7Z1HZVNSMN,01KJP2RBVR6E36EKC8HYRAV5GF,Player,A,A,listener,3.0,refgame,2.0,page9-46,page9-46,True,2.0,01KJP3CMBWC2VTRPN2G686DK6W,False,,,,,,,False,False,58.0,,0.0,1772418336083,1772418360522,24439,,01KJP2SNNP4ZB6K1QMGZX5CC0T,False,3,False,True,True,,,,,,,,False,
01KJP22PXRH9VYFY7Z1HZVNSMN,01KJP2Q9Z7MR3VPYE4MH3SC9C8,Player,C,B,speaker,5.0,refgame,2.0,page5-28,,,2.0,01KJP3CMAKBY4EQ2P7G6PBW0XK,False,,,,,,,False,False,71.0,,0.0,1772418736369,1772418756728,20359,2.0,01KJP2Q9Z7MR3VPYE4MH3SC9C8,,3,False,True,False,,,,,,,,False,
01KJP22PXRH9VYFY7Z1HZVNSMN,01KJP2Q4FMMNPG4DTS771Y4V70,Repi,A,A,listener,1.0,refgame,1.0,page9-46,page9-46,True,2.0,01KJP3CMDF13YBPRZEZ33TW845,False,,,,,,,False,False,7.0,,0.0,1772416171398,1772416210423,39025,,01KJP2SGRYQPGESDGRKTMMAJX4,True,3,False,True,True,,,,,,,,False,
01KJP22PXRH9VYFY7Z1HZVNSMN,01KJP2SGRYQPGESDGRKTMMAJX4,Player,A,C,listener,2.0,refgame,2.0,page9-46,page5-142,False,0.0,01KJP3CMBN46GH887MBYTMMXFZ,False,,,,,,,False,False,48.0,,0.0,1772417999847,1772418024851,25004,,01KJP2Q4FMMNPG4DTS771Y4V70,True,2,True,True,True,,,,,,,,False,
01KJP22PXRH9VYFY7Z1HZVNSMN,01KJP2RBVR6E36EKC8HYRAV5GF,Player,A,A,speaker,2.0,refgame,2.0,page7-255,,,1.0,01KJP3CMBMKHYMYM5B8F70E256,False,,,,,,,False,False,51.0,,0.0,1772418108402,1772418131487,23085,1.0,01KJP2RBVR6E36EKC8HYRAV5GF,,3,False,True,False,,,,,,,,False,
01KJP22PXRH9VYFY7Z1HZVNSMN,01KJP2RH1QNE571FNJRJ0ZHM7W,Player,B,A,speaker,3.0,refgame,2.0,page5-28,,,1.0,01KJP3CMBTAF42N8FWNN77CPQ0,False,,,,,,,False,False,59.0,,0.0,1772418369857,1772418391461,21604,2.0,01KJP2RH1QNE571FNJRJ0ZHM7W,,3,False,True,False,,,,,,,,False,
01KJP22PXRH9VYFY7Z1HZVNSMN,01KJP2SGRYQPGESDGRKTMMAJX4,Minu,A,A,listener,5.0,refgame,1.0,page5-28,page5-28,True,2.0,01KJP3CMAFDPF36KC3154ZNWEH,False,,,,,,,False,False,32.0,,0.0,1772417383448,1772417411969,28521,,01KJP2RBVR6E36EKC8HYRAV5GF,True,3,False,True,True,,,,,,,,False,
01KJP22PXRH9VYFY7Z1HZVNSMN,01KJP2Q4FMMNPG4DTS771Y4V70,Repi,A,A,listener,5.0,refgame,1.0,page-B,page-B,True,2.0,01KJP3CM9HM5VMN0HF6D1NF2HN,False,,,,,,,False,False,34.0,,0.0,1772417454965,1772417477166,22201,,01KJP2RBVR6E36EKC8HYRAV5GF,True,3,False,True,True,,,,,,,,False,
01KJP22PXRH9VYFY7Z1HZVNSMN,01KJP2SGRYQPGESDGRKTMMAJX4,Player,A,C,speaker,1.0,refgame,2.0,page3-35,,,0.0,01KJP3CMBVE81PP15CPHWYHTW1,False,,,,,,,False,False,44.0,,0.0,1772417865170,1772417889629,24459,1.0,01KJP2SGRYQPGESDGRKTMMAJX4,,2,False,True,False,,,,,,,,False,
01KJP22PXRH9VYFY7Z1HZVNSMN,01KJP2RVD8SK7AN1X5EMGRM458,Player,B,A,speaker,1.0,refgame,2.0,page-B,,,2.0,01KJP3CMBR8ZCV7RSYCY2M8G0Z,False,,,,,,,False,False,47.0,,0.0,1772417964513,1772417987750,23237,1.0,01KJP2RVD8SK7AN1X5EMGRM458,,3,False,True,False,,,,,,,,False,
01KJP22PXRH9VYFY7Z1HZVNSMN,01KJP2RH1QNE571FNJRJ0ZHM7W,Player,B,C,listener,1.0,refgame,2.0,page5-28,page9-46,False,0.0,01KJP3CMBR8ZCV7RSYDX6Q6Y1A,False,,,,,,,False,False,45.0,,0.0,1772417896960,1772417919628,22668,,01KJP2SGRYQPGESDGRKTMMAJX4,False,2,False,True,True,,,,,,,,False,
01KJP22PXRH9VYFY7Z1HZVNSMN,01KJP2Q9Z7MR3VPYE4MH3SC9C8,Nori,C,C,listener,0.0,refgame,1.0,page3-35,page3-35,True,2.0,01KJP3CMBEY573MQS1TAMZDBC6,False,,,,,,,False,False,2.0,,0.0,1772415890738,1772415935743,45005,,01KJP2SNNP4ZB6K1QMGZX5CC0T,True,3,False,True,True,,,,,,,,False,
01KJP22PXRH9VYFY7Z1HZVNSMN,01KJP2SGRYQPGESDGRKTMMAJX4,Minu,A,A,listener,2.0,refgame,1.0,page7-107,page7-107,True,2.0,01KJP3CMACAF76HADC02P8KA11,False,,,,,,,False,False,15.0,,0.0,1772416596314,1772416627994,31680,,01KJP2RBVR6E36EKC8HYRAV5GF,True,3,False,True,True,,,,,,,,False,
01KJP22PXRH9VYFY7Z1HZVNSMN,01KJP2Q4FMMNPG4DTS771Y4V70,Repi,A,A,listener,4.0,refgame,1.0,page9-46,page9-46,True,2.0,01KJP3CMA9QVGAE5H6KRSK0ZEP,False,,,,,,,False,False,25.0,,0.0,1772417054805,1772417094399,39594,,01KJP2SGRYQPGESDGRKTMMAJX4,True,3,False,True,True,,,,,,,,False,
01KJP22PXRH9VYFY7Z1HZVNSMN,01KJP2Q4FMMNPG4DTS771Y4V70,Player,A,A,listener,1.0,refgame,2.0,page5-28,page7-26,False,0.0,01KJP3CMBR8ZCV7RSYDX6Q6Y1A,False,,,,,,,False,False,45.0,,0.0,1772417896960,1772417919628,22668,,01KJP2RVD8SK7AN1X5EMGRM458,False,3,False,True,True,,,,,,,,False,
01KJP22PXRH9VYFY7Z1HZVNSMN,01KJP2RVD8SK7AN1X5EMGRM458,Player,B,B,listener,0.0,refgame,2.0,page7-255,page7-255,True,2.0,01KJP3CMAHF5MFM19XH831Z9DY,False,,,,,,,False,False,38.0,,0.0,1772417661266,1772417686270,25004,,01KJP2RH1QNE571FNJRJ0ZHM7W,True,3,False,True,True,,,,,,,,False,
01KJP22PXRH9VYFY7Z1HZVNSMN,01KJP2Q4FMMNPG4DTS771Y4V70,Player,A,C,listener,1.0,refgame,2.0,page3-35,page4-15,False,0.0,01KJP3CMBVE81PP15CPHWYHTW1,False,,,,,,,False,False,44.0,,0.0,1772417865170,1772417889629,24459,,01KJP2SGRYQPGESDGRKTMMAJX4,True,2,False,True,True,,,,,,,,False,
01KJP22PXRH9VYFY7Z1HZVNSMN,01KJP2Q4FMMNPG4DTS771Y4V70,Player,A,C,listener,4.0,refgame,2.0,page7-107,page7-107,True,2.0,01KJP3CMBJ6PGF7BT2RW2QY71K,False,,,,,,,False,False,65.0,,0.0,1772418556753,1772418577526,20773,,01KJP2RVD8SK7AN1X5EMGRM458,False,2,False,True,True,,,,,,,,False,
01KJP22PXRH9VYFY7Z1HZVNSMN,01KJP2RH1QNE571FNJRJ0ZHM7W,Hera,B,B,listener,1.0,refgame,1.0,page7-255,page7-255,True,2.0,01KJP3CMA3QJVBG0N9R3K5JB6B,False,,,,,,,False,False,11.0,,0.0,1772416387374,1772416432380,45006,,01KJP2RVD8SK7AN1X5EMGRM458,True,2,False,True,True,,,,,,,,False,
01KJP22PXRH9VYFY7Z1HZVNSMN,01KJP2Q4FMMNPG4DTS771Y4V70,Repi,A,A,listener,5.0,refgame,1.0,page3-35,page3-35,True,2.0,01KJP3CMAGD4HB935DP0CPFF8B,False,,,,,,,False,False,31.0,,0.0,1772417335304,1772417378365,43061,,01KJP2RBVR6E36EKC8HYRAV5GF,True,3,False,True,True,,,,,,,,False,
01KJP22PXRH9VYFY7Z1HZVNSMN,01KJP2Q9Z7MR3VPYE4MH3SC9C8,Player,C,A,speaker,5.0,refgame,2.0,page-B,,,1.0,01KJP3CMBHX9HPW6E4YX45KJW2,False,,,,,,,False,False,66.0,,0.0,1772418582533,1772418607546,25013,2.0,01KJP2Q9Z7MR3VPYE4MH3SC9C8,,3,False,True,False,,,,,,,,False,
01KJP22PXRH9VYFY7Z1HZVNSMN,01KJP2RVD8SK7AN1X5EMGRM458,Player,B,A,listener,2.0,refgame,2.0,page-B,page-B,True,2.0,01KJP3CMBN46GH887MB8939EJF,False,,,,,,,False,False,49.0,,0.0,1772418040570,1772418062764,22194,,01KJP2RBVR6E36EKC8HYRAV5GF,False,3,False,True,True,,,,,,,,False,
01KJP22PXRH9VYFY7Z1HZVNSMN,01KJP2Q9Z7MR3VPYE4MH3SC9C8,Player,C,B,speaker,5.0,refgame,2.0,page7-107,,,2.0,01KJP3CMDE74QAQYSEE95EGXZR,False,,,,,,,False,False,68.0,,0.0,1772418644666,1772418667628,22962,2.0,01KJP2Q9Z7MR3VPYE4MH3SC9C8,,3,False,True,False,,,,,,,,False,
01KJP22PXRH9VYFY7Z1HZVNSMN,01KJP2SNNP4ZB6K1QMGZX5CC0T,Lika,C,C,listener,4.0,refgame,1.0,page7-107,page7-107,True,2.0,01KJP3CMAD2X6CDPC7HYN07AK8,False,,,,,,,False,False,27.0,,0.0,1772417134703,1772417167040,32337,,01KJP2SDQCR0935BS4E06A6D2G,True,3,False,True,True,,,,,,,,False,
01KJP22PXRH9VYFY7Z1HZVNSMN,01KJP2SGRYQPGESDGRKTMMAJX4,Minu,A,A,listener,5.0,refgame,1.0,page3-35,page5-63,False,0.0,01KJP3CMAGD4HB935DP0CPFF8B,False,,,,,,,False,False,31.0,,0.0,1772417335304,1772417378365,43061,,01KJP2RBVR6E36EKC8HYRAV5GF,True,3,False,True,True,,,,,,,,False,
01KJP22PXRH9VYFY7Z1HZVNSMN,01KJP2RVD8SK7AN1X5EMGRM458,Zuda,B,B,speaker,5.0,refgame,1.0,page-B,,,2.0,01KJP3CM9HM5VMN0HF6D1NF2HN,False,,,,,,,False,False,34.0,,0.0,1772417454965,1772417477166,22201,3.0,01KJP2RVD8SK7AN1X5EMGRM458,,2,True,True,False,,,,,,,,False,
01KJP22PXRH9VYFY7Z1HZVNSMN,01KJP2Q4FMMNPG4DTS771Y4V70,Player,A,C,listener,1.0,refgame,2.0,page-B,page4-15,False,0.0,01KJP3CMBR8ZCV7RSYCY2M8G0Z,False,,,,,,,False,False,47.0,,0.0,1772417964513,1772417987750,23237,,01KJP2SDQCR0935BS4E06A6D2G,False,2,False,True,True,,,,,,,,False,
01KJP22PXRH9VYFY7Z1HZVNSMN,01KJP2RVD8SK7AN1X5EMGRM458,Player,B,B,listener,3.0,refgame,2.0,page3-35,page3-35,True,2.0,01KJP3CMDD0K8FB8PPX8QTR2TD,False,,,,,,,False,False,57.0,,0.0,1772418312476,1772418328668,16192,,01KJP2RH1QNE571FNJRJ0ZHM7W,True,3,False,True,True,,,,,,,,False,
01KJP22PXRH9VYFY7Z1HZVNSMN,01KJP2Q4FMMNPG4DTS771Y4V70,Player,A,C,listener,4.0,refgame,2.0,page5-28,page5-28,True,2.0,01KJP3CMBKFK80J9EKRNSR927F,False,,,,,,,False,False,62.0,,0.0,1772418472007,1772418489800,17793,,01KJP2SGRYQPGESDGRKTMMAJX4,True,2,False,True,True,,,,,,,,False,
01KJP22PXRH9VYFY7Z1HZVNSMN,01KJP2Q9Z7MR3VPYE4MH3SC9C8,Player,C,B,listener,4.0,refgame,2.0,page7-107,page7-107,True,2.0,01KJP3CMBJ6PGF7BT2RW2QY71K,False,,,,,,,False,False,65.0,,0.0,1772418556753,1772418577526,20773,,01KJP2SDQCR0935BS4E06A6D2G,True,3,False,True,True,,,,,,,,False,
01KJP22PXRH9VYFY7Z1HZVNSMN,01KJP2SNNP4ZB6K1QMGZX5CC0T,Player,C,B,listener,5.0,refgame,2.0,page7-107,page7-107,True,2.0,01KJP3CMDE74QAQYSEE95EGXZR,False,,,,,,,False,False,68.0,,0.0,1772418644666,1772418667628,22962,,01KJP2Q9Z7MR3VPYE4MH3SC9C8,True,3,False,True,True,,,,,,,,False,
01KJP22PXRH9VYFY7Z1HZVNSMN,01KJP2Q4FMMNPG4DTS771Y4V70,Repi,A,A,listener,4.0,refgame,1.0,page5-28,page5-28,True,2.0,01KJP3CM9C5PRKR0P4VR7QK685,False,,,,,,,False,False,28.0,,0.0,1772417178776,1772417221242,42466,,01KJP2SGRYQPGESDGRKTMMAJX4,True,3,False,True,True,,,,,,,,False,
01KJP22PXRH9VYFY7Z1HZVNSMN,01KJP2SNNP4ZB6K1QMGZX5CC0T,Lika,C,C,listener,5.0,refgame,1.0,page7-107,page7-107,True,2.0,01KJP3CM9YVD44Y09Z8C1M640P,False,,,,,,,False,False,33.0,,0.0,1772417426655,1772417443945,17290,,01KJP2Q9Z7MR3VPYE4MH3SC9C8,True,3,False,True,True,,,,,,,,False,
01KJP22PXRH9VYFY7Z1HZVNSMN,01KJP2Q9Z7MR3VPYE4MH3SC9C8,Player,C,A,listener,1.0,refgame,2.0,page7-255,page7-255,True,2.0,01KJP3CMBS7SJQ0F7Z33HXTGTJ,False,,,,,,,False,False,43.0,,0.0,1772417831849,1772417856147,24298,,01KJP2SDQCR0935BS4E06A6D2G,True,3,False,True,True,,,,,,,,False,
01KJP22PXRH9VYFY7Z1HZVNSMN,01KJP2Q4FMMNPG4DTS771Y4V70,Player,A,C,listener,4.0,refgame,2.0,page7-255,page-B,False,0.0,01KJP3CMBJ6PGF7BT2SWHN128N,False,,,,,,,False,False,64.0,,0.0,1772418525368,1772418550373,25005,,01KJP2RVD8SK7AN1X5EMGRM458,False,2,False,True,True,,,,,,,,False,
01KJP22PXRH9VYFY7Z1HZVNSMN,01KJP2RVD8SK7AN1X5EMGRM458,Player,B,B,listener,5.0,refgame,2.0,page5-28,page5-28,True,2.0,01KJP3CMAKBY4EQ2P7G6PBW0XK,False,,,,,,,False,False,71.0,,0.0,1772418736369,1772418756728,20359,,01KJP2Q9Z7MR3VPYE4MH3SC9C8,False,3,False,True,True,,,,,,,,False,
01KJP22PXRH9VYFY7Z1HZVNSMN,01KJP2RH1QNE571FNJRJ0ZHM7W,Hera,B,B,speaker,2.0,refgame,1.0,page7-255,,,2.0,01KJP3CMACAF76HADC108S9D9K,False,,,,,,,False,False,14.0,,0.0,1772416545721,1772416589453,43732,2.0,01KJP2RH1QNE571FNJRJ0ZHM7W,,2,True,True,False,,,,,,,,False,
01KJP22PXRH9VYFY7Z1HZVNSMN,01KJP2SNNP4ZB6K1QMGZX5CC0T,Lika,C,C,speaker,3.0,refgame,1.0,page7-107,,,2.0,01KJP3CMA9QVGAE5H6MN94KJAD,False,,,,,,,False,False,18.0,,0.0,1772416729555,1772416757538,27983,2.0,01KJP2SNNP4ZB6K1QMGZX5CC0T,,3,False,True,False,,,,,,,,False,
01KJP22PXRH9VYFY7Z1HZVNSMN,01KJP2Q4FMMNPG4DTS771Y4V70,Repi,A,A,listener,4.0,refgame,1.0,page7-255,page7-255,True,2.0,01KJP3CMA9QVGAE5H6NH66V55J,False,,,,,,,False,False,24.0,,0.0,1772417004762,1772417048010,43248,,01KJP2SGRYQPGESDGRKTMMAJX4,True,3,False,True,True,,,,,,,,False,
01KJP22PXRH9VYFY7Z1HZVNSMN,01KJP2Q9Z7MR3VPYE4MH3SC9C8,Player,C,A,listener,1.0,refgame,2.0,page5-28,page7-26,False,0.0,01KJP3CMBR8ZCV7RSYDX6Q6Y1A,False,,,,,,,False,False,45.0,,0.0,1772417896960,1772417919628,22668,,01KJP2RVD8SK7AN1X5EMGRM458,False,3,False,True,True,,,,,,,,False,
01KJP22PXRH9VYFY7Z1HZVNSMN,01KJP2RH1QNE571FNJRJ0ZHM7W,Player,B,B,speaker,0.0,refgame,2.0,page7-107,,,2.0,01KJP3CMAKBY4EQ2P7F82DKW77,False,,,,,,,False,False,37.0,,0.0,1772417623661,1772417647924,24263,1.0,01KJP2RH1QNE571FNJRJ0ZHM7W,,3,False,True,False,,,,,,,,False,
01KJP22PXRH9VYFY7Z1HZVNSMN,01KJP2RVD8SK7AN1X5EMGRM458,Player,B,A,listener,2.0,refgame,2.0,page5-28,page7-26,False,0.0,01KJP3CMBN46GH887MCP71WBKK,False,,,,,,,False,False,50.0,,0.0,1772418072923,1772418092683,19760,,01KJP2RBVR6E36EKC8HYRAV5GF,False,3,False,True,True,,,,,,,,False,
01KJP22PXRH9VYFY7Z1HZVNSMN,01KJP3CAPT7YVD80D6Z6R9Y5ZZ,Bavi,B,B,listener,0.0,refgame,1.0,page9-46,,False,0.0,01KJP3CM90G2E34Z7VFPJ6SB8Y,False,,,,,,,True,False,4.0,,0.0,1772415997388,1772416042395,45007,,01KJP2RH1QNE571FNJRJ0ZHM7W,True,3,False,True,True,,,,,,,,False,
01KJP22PXRH9VYFY7Z1HZVNSMN,01KJP2RH1QNE571FNJRJ0ZHM7W,Hera,B,B,listener,1.0,refgame,1.0,page5-28,page5-28,True,2.0,01KJP3CMA8RYSHRF0RJRCZH50A,False,,,,,,,False,False,9.0,,0.0,1772416274721,1772416319071,44350,,01KJP2RVD8SK7AN1X5EMGRM458,True,2,False,True,True,,,,,,,,False,
01KJP22PXRH9VYFY7Z1HZVNSMN,01KJP2Q4FMMNPG4DTS771Y4V70,Repi,A,A,listener,5.0,refgame,1.0,page5-28,page5-28,True,2.0,01KJP3CMAFDPF36KC3154ZNWEH,False,,,,,,,False,False,32.0,,0.0,1772417383448,1772417411969,28521,,01KJP2RBVR6E36EKC8HYRAV5GF,True,3,False,True,True,,,,,,,,False,
01KJP22PXRH9VYFY7Z1HZVNSMN,01KJP2SGRYQPGESDGRKTMMAJX4,Player,A,C,speaker,1.0,refgame,2.0,page5-28,,,0.0,01KJP3CMBR8ZCV7RSYDX6Q6Y1A,False,,,,,,,False,False,45.0,,0.0,1772417896960,1772417919628,22668,1.0,01KJP2SGRYQPGESDGRKTMMAJX4,,2,False,True,False,,,,,,,,False,
01KJP22PXRH9VYFY7Z1HZVNSMN,01KJP2Q9Z7MR3VPYE4MH3SC9C8,Player,C,B,speaker,2.0,refgame,2.0,page5-28,,,1.0,01KJP3CMBN46GH887MCP71WBKK,False,,,,,,,False,False,50.0,,0.0,1772418072923,1772418092683,19760,1.0,01KJP2Q9Z7MR3VPYE4MH3SC9C8,,3,False,True,False,,,,,,,,False,
01KJP22PXRH9VYFY7Z1HZVNSMN,01KJP2Q9Z7MR3VPYE4MH3SC9C8,Player,C,B,listener,3.0,refgame,2.0,page9-46,page9-46,True,2.0,01KJP3CMBWC2VTRPN2G686DK6W,False,,,,,,,False,False,58.0,,0.0,1772418336083,1772418360522,24439,,01KJP2RH1QNE571FNJRJ0ZHM7W,False,3,False,True,True,,,,,,,,False,
01KJP22PXRH9VYFY7Z1HZVNSMN,01KJP2SNNP4ZB6K1QMGZX5CC0T,Player,C,B,listener,5.0,refgame,2.0,page7-255,page7-255,True,2.0,01KJP3CMBGR1HCV8WZ77VGDR39,False,,,,,,,False,False,67.0,,0.0,1772418616561,1772418636536,19975,,01KJP2RBVR6E36EKC8HYRAV5GF,False,3,False,True,True,,,,,,,,False,
01KJP22PXRH9VYFY7Z1HZVNSMN,01KJP2RH1QNE571FNJRJ0ZHM7W,Hera,B,B,speaker,0.0,refgame,1.0,page9-46,,,0.0,01KJP3CM90G2E34Z7VFPJ6SB8Y,False,,,,,,,False,False,4.0,,0.0,1772415997388,1772416042395,45007,1.0,01KJP2RH1QNE571FNJRJ0ZHM7W,,3,False,True,False,,,,,,,,False,
01KJP22PXRH9VYFY7Z1HZVNSMN,01KJP2Q9Z7MR3VPYE4MH3SC9C8,Nori,C,C,listener,4.0,refgame,1.0,page9-46,page9-46,True,2.0,01KJP3CMA9QVGAE5H6KRSK0ZEP,False,,,,,,,False,False,25.0,,0.0,1772417054805,1772417094399,39594,,01KJP2SDQCR0935BS4E06A6D2G,True,3,False,True,True,,,,,,,,False,
01KJP22PXRH9VYFY7Z1HZVNSMN,01KJP2RVD8SK7AN1X5EMGRM458,Zuda,B,B,speaker,5.0,refgame,1.0,page9-46,,,2.0,01KJP3CMAJJ6FAGMTSE004241H,False,,,,,,,False,False,30.0,,0.0,1772417288714,1772417327581,38867,3.0,01KJP2RVD8SK7AN1X5EMGRM458,,2,True,True,False,,,,,,,,False,
01KJP22PXRH9VYFY7Z1HZVNSMN,01KJP2RVD8SK7AN1X5EMGRM458,Player,B,B,speaker,1.0,refgame,2.0,page3-35,,,2.0,01KJP3CMBVE81PP15CPHWYHTW1,False,,,,,,,False,False,44.0,,0.0,1772417865170,1772417889629,24459,1.0,01KJP2RVD8SK7AN1X5EMGRM458,,3,False,True,False,,,,,,,,False,
01KJP22PXRH9VYFY7Z1HZVNSMN,01KJP2SGRYQPGESDGRKTMMAJX4,Player,A,A,listener,5.0,refgame,2.0,page5-28,page5-28,True,2.0,01KJP3CMAKBY4EQ2P7G6PBW0XK,False,,,,,,,False,False,71.0,,0.0,1772418736369,1772418756728,20359,,01KJP2RBVR6E36EKC8HYRAV5GF,True,3,False,True,True,,,,,,,,False,
01KJP22PXRH9VYFY7Z1HZVNSMN,01KJP2SGRYQPGESDGRKTMMAJX4,Player,A,A,speaker,1.0,refgame,2.0,page9-46,,,1.0,01KJP3CMBPAK2HC2TNBMD5J772,False,,,,,,,False,False,46.0,,0.0,1772417933938,1772417957914,23976,1.0,01KJP2SGRYQPGESDGRKTMMAJX4,,3,False,True,False,,,,,,,,False,
01KJP22PXRH9VYFY7Z1HZVNSMN,01KJP2RVD8SK7AN1X5EMGRM458,Zuda,B,B,listener,3.0,refgame,1.0,page3-35,page3-35,True,2.0,01KJP3CMAB1G61PNACWEZ35PYR,False,,,,,,,False,False,23.0,,0.0,1772416957977,1772416999372,41395,,01KJP2RH1QNE571FNJRJ0ZHM7W,True,2,False,True,True,,,,,,,,False,
01KJP22PXRH9VYFY7Z1HZVNSMN,01KJP2Q9Z7MR3VPYE4MH3SC9C8,Nori,C,C,listener,4.0,refgame,1.0,page3-35,,False,0.0,01KJP3CMAJJ6FAGMTSETZNHFNY,False,,,,,,,True,False,29.0,,0.0,1772417236856,1772417281876,45020,,01KJP2SDQCR0935BS4E06A6D2G,True,3,False,True,True,,,,,,,,False,
01KJP22PXRH9VYFY7Z1HZVNSMN,01KJP2RBVR6E36EKC8HYRAV5GF,Laju,A,A,speaker,5.0,refgame,1.0,page7-107,,,2.0,01KJP3CM9YVD44Y09Z8C1M640P,False,,,,,,,False,False,33.0,,0.0,1772417426655,1772417443945,17290,2.0,01KJP2RBVR6E36EKC8HYRAV5GF,,3,False,True,False,,,,,,,,False,
01KJP22PXRH9VYFY7Z1HZVNSMN,01KJP2SDQCR0935BS4E06A6D2G,Player,C,A,listener,0.0,refgame,2.0,page7-255,page4-15,False,0.0,01KJP3CMAHF5MFM19XH831Z9DY,False,,,,,,,False,False,38.0,,0.0,1772417661266,1772417686270,25004,,01KJP2Q4FMMNPG4DTS771Y4V70,False,3,False,True,True,,,,,,,,False,
01KJP22PXRH9VYFY7Z1HZVNSMN,01KJP2SGRYQPGESDGRKTMMAJX4,Player,A,A,speaker,1.0,refgame,2.0,page7-107,,,2.0,01KJP3CMBS7SJQ0F7Z43MYKRY0,False,,,,,,,False,False,42.0,,0.0,1772417793753,1772417817632,23879,1.0,01KJP2SGRYQPGESDGRKTMMAJX4,,3,False,True,False,,,,,,,,False,
01KJP22PXRH9VYFY7Z1HZVNSMN,01KJP2SNNP4ZB6K1QMGZX5CC0T,Player,C,A,listener,2.0,refgame,2.0,page3-35,page3-193,False,0.0,01KJP3CMDM8CDWRZ2R580XTXJP,False,,,,,,,False,False,53.0,,0.0,1772418176905,1772418201631,24726,,01KJP2RBVR6E36EKC8HYRAV5GF,False,3,False,True,True,,,,,,,,False,
01KJP22PXRH9VYFY7Z1HZVNSMN,01KJP2SDQCR0935BS4E06A6D2G,Player,C,C,speaker,4.0,refgame,2.0,page9-46,,,2.0,01KJP3CMBJ6PGF7BT2TXXQ87BN,False,,,,,,,False,False,63.0,,0.0,1772418495566,1772418518083,22517,2.0,01KJP2SDQCR0935BS4E06A6D2G,,2,False,True,False,,,,,,,,False,
01KJP22PXRH9VYFY7Z1HZVNSMN,01KJP2RBVR6E36EKC8HYRAV5GF,Laju,A,A,listener,0.0,refgame,1.0,page5-28,page5-142,False,0.0,01KJP3CM84AESF18BN538TN2V3,False,,,,,,,False,False,0.0,,0.0,1772415773295,1772415818302,45007,,01KJP2Q4FMMNPG4DTS771Y4V70,True,3,False,True,True,,,,,,,,False,
01KJP22PXRH9VYFY7Z1HZVNSMN,01KJP2SGRYQPGESDGRKTMMAJX4,Minu,A,A,listener,2.0,refgame,1.0,page9-46,page7-107,False,0.0,01KJP3CMAAFMWCTT6MNKJ2FZXV,False,,,,,,,False,False,17.0,,0.0,1772416677429,1772416714007,36578,,01KJP2RBVR6E36EKC8HYRAV5GF,True,3,False,True,True,,,,,,,,False,
01KJP22PXRH9VYFY7Z1HZVNSMN,01KJP2RBVR6E36EKC8HYRAV5GF,Laju,A,A,speaker,5.0,refgame,1.0,page7-255,,,0.0,01KJP3CM9G3FDFJTW5V5C4PXCB,False,,,,,,,False,False,35.0,,0.0,1772417482303,1772417515679,33376,2.0,01KJP2RBVR6E36EKC8HYRAV5GF,,3,False,True,False,,,,,,,,False,
01KJP22PXRH9VYFY7Z1HZVNSMN,01KJP2RVD8SK7AN1X5EMGRM458,Zuda,B,B,speaker,1.0,refgame,1.0,page7-255,,,2.0,01KJP3CMA3QJVBG0N9R3K5JB6B,False,,,,,,,False,False,11.0,,0.0,1772416387374,1772416432380,45006,1.0,01KJP2RVD8SK7AN1X5EMGRM458,,2,False,True,False,,,,,,,,False,
01KJP22PXRH9VYFY7Z1HZVNSMN,01KJP2Q4FMMNPG4DTS771Y4V70,Player,A,B,speaker,0.0,refgame,2.0,page3-35,,,1.0,01KJP3CM9ZZCXCMMAE2E0RMM7V,False,,,,,,,False,False,36.0,,0.0,1772417582895,1772417607900,25005,1.0,01KJP2Q4FMMNPG4DTS771Y4V70,,3,False,True,False,,,,,,,,False,
01KJP22PXRH9VYFY7Z1HZVNSMN,01KJP2RVD8SK7AN1X5EMGRM458,Player,B,B,listener,0.0,refgame,2.0,page-B,page-B,True,2.0,01KJP3CMAGD4HB935DN5TH93XE,False,,,,,,,False,False,39.0,,0.0,1772417694283,1772417716925,22642,,01KJP2RH1QNE571FNJRJ0ZHM7W,True,3,False,True,True,,,,,,,,False,
01KJP22PXRH9VYFY7Z1HZVNSMN,01KJP2RBVR6E36EKC8HYRAV5GF,Player,A,A,listener,3.0,refgame,2.0,page5-28,page5-28,True,2.0,01KJP3CMBTAF42N8FWNN77CPQ0,False,,,,,,,False,False,59.0,,0.0,1772418369857,1772418391461,21604,,01KJP2RH1QNE571FNJRJ0ZHM7W,False,3,False,True,True,,,,,,,,False,
01KJP22PXRH9VYFY7Z1HZVNSMN,01KJP2SGRYQPGESDGRKTMMAJX4,Minu,A,A,speaker,1.0,refgame,1.0,page7-107,,,2.0,01KJP3CMA40B4VRTJH6C7V9B9C,False,,,,,,,False,False,10.0,,0.0,1772416330634,1772416371775,41141,1.0,01KJP2SGRYQPGESDGRKTMMAJX4,,3,False,True,False,,,,,,,,False,
01KJP22PXRH9VYFY7Z1HZVNSMN,01KJP2Q4FMMNPG4DTS771Y4V70,Repi,A,A,listener,2.0,refgame,1.0,page9-46,page9-46,True,2.0,01KJP3CMAAFMWCTT6MNKJ2FZXV,False,,,,,,,False,False,17.0,,0.0,1772416677429,1772416714007,36578,,01KJP2RBVR6E36EKC8HYRAV5GF,True,3,False,True,True,,,,,,,,False,
01KJP22PXRH9VYFY7Z1HZVNSMN,01KJP2SDQCR0935BS4E06A6D2G,Player,C,C,speaker,1.0,refgame,2.0,page9-46,,,0.0,01KJP3CMBPAK2HC2TNBMD5J772,False,,,,,,,False,False,46.0,,0.0,1772417933938,1772417957914,23976,1.0,01KJP2SDQCR0935BS4E06A6D2G,,2,False,True,False,,,,,,,,False,
01KJP22PXRH9VYFY7Z1HZVNSMN,01KJP2SGRYQPGESDGRKTMMAJX4,Player,A,B,listener,2.0,refgame,2.0,page-B,page7-26,False,0.0,01KJP3CMBN46GH887MB8939EJF,False,,,,,,,False,False,49.0,,0.0,1772418040570,1772418062764,22194,,01KJP2Q9Z7MR3VPYE4MH3SC9C8,False,3,False,True,True,,,,,,,,False,
01KJP22PXRH9VYFY7Z1HZVNSMN,01KJP2SNNP4ZB6K1QMGZX5CC0T,Player,C,B,listener,1.0,refgame,2.0,page9-46,page9-46,True,2.0,01KJP3CMBPAK2HC2TNBMD5J772,False,,,,,,,False,False,46.0,,0.0,1772417933938,1772417957914,23976,,01KJP2RVD8SK7AN1X5EMGRM458,False,3,False,True,True,,,,,,,,False,
01KJP22PXRH9VYFY7Z1HZVNSMN,01KJP2SDQCR0935BS4E06A6D2G,Player,C,C,speaker,1.0,refgame,2.0,page-B,,,0.0,01KJP3CMBR8ZCV7RSYCY2M8G0Z,False,,,,,,,False,False,47.0,,0.0,1772417964513,1772417987750,23237,1.0,01KJP2SDQCR0935BS4E06A6D2G,,2,False,True,False,,,,,,,,False,
01KJP22PXRH9VYFY7Z1HZVNSMN,01KJP2SNNP4ZB6K1QMGZX5CC0T,Player,C,B,listener,4.0,refgame,2.0,page5-28,page5-28,True,2.0,01KJP3CMBKFK80J9EKRNSR927F,False,,,,,,,False,False,62.0,,0.0,1772418472007,1772418489800,17793,,01KJP2RVD8SK7AN1X5EMGRM458,False,3,False,True,True,,,,,,,,False,
01KJP22PXRH9VYFY7Z1HZVNSMN,01KJP2RH1QNE571FNJRJ0ZHM7W,Hera,B,B,speaker,0.0,refgame,1.0,page7-255,,,0.0,01KJP3CM9JB14AY8MBMF4VCE4W,False,,,,,,,False,False,3.0,,0.0,1772415943043,1772415987348,44305,1.0,01KJP2RH1QNE571FNJRJ0ZHM7W,,3,False,True,False,,,,,,,,False,
01KJP22PXRH9VYFY7Z1HZVNSMN,01KJP2RVD8SK7AN1X5EMGRM458,Zuda,B,B,listener,2.0,refgame,1.0,page-B,page-B,True,2.0,01KJP3CMAAFMWCTT6MPFEXD6K7,False,,,,,,,False,False,13.0,,0.0,1772416500681,1772416539324,38643,,01KJP2RH1QNE571FNJRJ0ZHM7W,True,2,True,True,True,,,,,,,,False,
01KJP22PXRH9VYFY7Z1HZVNSMN,01KJP2Q4FMMNPG4DTS771Y4V70,Player,A,C,speaker,0.0,refgame,2.0,page9-46,,,0.0,01KJP3CMAEZZDYNJYRPCZA06KT,False,,,,,,,False,False,40.0,,0.0,1772417728013,1772417751030,23017,1.0,01KJP2Q4FMMNPG4DTS771Y4V70,,2,False,True,False,,,,,,,,False,
01KJP22PXRH9VYFY7Z1HZVNSMN,01KJP2RBVR6E36EKC8HYRAV5GF,Player,A,B,listener,1.0,refgame,2.0,page5-28,page5-28,True,2.0,01KJP3CMBR8ZCV7RSYDX6Q6Y1A,False,,,,,,,False,False,45.0,,0.0,1772417896960,1772417919628,22668,,01KJP2SDQCR0935BS4E06A6D2G,False,3,False,True,True,,,,,,,,False,
01KJP22PXRH9VYFY7Z1HZVNSMN,01KJP2Q9Z7MR3VPYE4MH3SC9C8,Player,C,B,listener,4.0,refgame,2.0,page9-46,page9-46,True,2.0,01KJP3CMBJ6PGF7BT2TXXQ87BN,False,,,,,,,False,False,63.0,,0.0,1772418495566,1772418518083,22517,,01KJP2RVD8SK7AN1X5EMGRM458,False,3,False,True,True,,,,,,,,False,
01KJP22PXRH9VYFY7Z1HZVNSMN,01KJP2Q4FMMNPG4DTS771Y4V70,Player,A,C,listener,5.0,refgame,2.0,page-B,page-B,True,2.0,01KJP3CMBHX9HPW6E4YX45KJW2,False,,,,,,,False,False,66.0,,0.0,1772418582533,1772418607546,25013,,01KJP2SDQCR0935BS4E06A6D2G,False,2,True,True,True,,,,,,,,False,
01KJP22PXRH9VYFY7Z1HZVNSMN,01KJP2Q9Z7MR3VPYE4MH3SC9C8,Player,C,A,speaker,5.0,refgame,2.0,page7-255,,,1.0,01KJP3CMBGR1HCV8WZ77VGDR39,False,,,,,,,False,False,67.0,,0.0,1772418616561,1772418636536,19975,2.0,01KJP2Q9Z7MR3VPYE4MH3SC9C8,,3,False,True,False,,,,,,,,False,
01KJP22PXRH9VYFY7Z1HZVNSMN,01KJP2RH1QNE571FNJRJ0ZHM7W,Hera,B,B,listener,1.0,refgame,1.0,page9-46,page9-46,True,2.0,01KJP3CMDF13YBPRZEZ33TW845,False,,,,,,,False,False,7.0,,0.0,1772416171398,1772416210423,39025,,01KJP2RVD8SK7AN1X5EMGRM458,True,2,False,True,True,,,,,,,,False,
01KJP22PXRH9VYFY7Z1HZVNSMN,01KJP2SGRYQPGESDGRKTMMAJX4,Player,A,B,listener,0.0,refgame,2.0,page9-46,page9-46,True,2.0,01KJP3CMAEZZDYNJYRPCZA06KT,False,,,,,,,False,False,40.0,,0.0,1772417728013,1772417751030,23017,,01KJP2RH1QNE571FNJRJ0ZHM7W,False,3,False,True,True,,,,,,,,False,
01KJP22PXRH9VYFY7Z1HZVNSMN,01KJP2RBVR6E36EKC8HYRAV5GF,Laju,A,A,listener,0.0,refgame,1.0,page-B,page-B,True,2.0,01KJP3CM8ZYP036H2YRH1YFW0A,False,,,,,,,False,False,5.0,,0.0,1772416057609,1772416102612,45003,,01KJP2Q4FMMNPG4DTS771Y4V70,True,3,False,True,True,,,,,,,,False,
01KJP22PXRH9VYFY7Z1HZVNSMN,01KJP2RH1QNE571FNJRJ0ZHM7W,Hera,B,B,speaker,3.0,refgame,1.0,page7-107,,,2.0,01KJP3CMA9QVGAE5H6MN94KJAD,False,,,,,,,False,False,18.0,,0.0,1772416729555,1772416757538,27983,3.0,01KJP2RH1QNE571FNJRJ0ZHM7W,,2,False,True,False,,,,,,,,False,
01KJP22PXRH9VYFY7Z1HZVNSMN,01KJP2RH1QNE571FNJRJ0ZHM7W,Hera,B,B,listener,5.0,refgame,1.0,page5-28,page5-28,True,2.0,01KJP3CMAFDPF36KC3154ZNWEH,False,,,,,,,False,False,32.0,,0.0,1772417383448,1772417411969,28521,,01KJP2RVD8SK7AN1X5EMGRM458,True,2,True,True,True,,,,,,,,False,
01KJP22PXRH9VYFY7Z1HZVNSMN,01KJP2SGRYQPGESDGRKTMMAJX4,Player,A,C,listener,0.0,refgame,2.0,page7-255,page3-193,False,0.0,01KJP3CMAHF5MFM19XH831Z9DY,False,,,,,,,False,False,38.0,,0.0,1772417661266,1772417686270,25004,,01KJP2SNNP4ZB6K1QMGZX5CC0T,False,2,False,True,True,,,,,,,,False,
01KJP22PXRH9VYFY7Z1HZVNSMN,01KJP2RH1QNE571FNJRJ0ZHM7W,Player,B,A,speaker,0.0,refgame,2.0,page3-35,,,1.0,01KJP3CM9ZZCXCMMAE2E0RMM7V,False,,,,,,,False,False,36.0,,0.0,1772417582895,1772417607900,25005,1.0,01KJP2RH1QNE571FNJRJ0ZHM7W,,3,False,True,False,,,,,,,,False,
01KJP22PXRH9VYFY7Z1HZVNSMN,01KJP2SGRYQPGESDGRKTMMAJX4,Player,A,C,listener,0.0,refgame,2.0,page5-28,page5-28,True,2.0,01KJP3CMBTAF42N8FWMHY0NA6A,False,,,,,,,False,False,41.0,,0.0,1772417758644,1772417783639,24995,,01KJP2Q4FMMNPG4DTS771Y4V70,True,2,False,True,True,,,,,,,,False,
01KJP22PXRH9VYFY7Z1HZVNSMN,01KJP2Q4FMMNPG4DTS771Y4V70,Player,A,B,listener,5.0,refgame,2.0,page5-28,page5-28,True,2.0,01KJP3CMAKBY4EQ2P7G6PBW0XK,False,,,,,,,False,False,71.0,,0.0,1772418736369,1772418756728,20359,,01KJP2Q9Z7MR3VPYE4MH3SC9C8,False,3,False,True,True,,,,,,,,False,
01KJP22PXRH9VYFY7Z1HZVNSMN,01KJP2SGRYQPGESDGRKTMMAJX4,Minu,A,A,speaker,1.0,refgame,1.0,page7-255,,,0.0,01KJP3CMA3QJVBG0N9R3K5JB6B,False,,,,,,,False,False,11.0,,0.0,1772416387374,1772416432380,45006,1.0,01KJP2SGRYQPGESDGRKTMMAJX4,,3,False,True,False,,,,,,,,False,
01KJP22PXRH9VYFY7Z1HZVNSMN,01KJP2SGRYQPGESDGRKTMMAJX4,Minu,A,A,listener,3.0,refgame,1.0,page5-28,page5-28,True,2.0,01KJP3CMAD2X6CDPC7GPW0TA12,False,,,,,,,False,False,22.0,,0.0,1772416906218,1772416942372,36154,,01KJP2Q4FMMNPG4DTS771Y4V70,True,3,False,True,True,,,,,,,,False,
01KJP22PXRH9VYFY7Z1HZVNSMN,01KJP2SGRYQPGESDGRKTMMAJX4,Minu,A,A,listener,5.0,refgame,1.0,page-B,page-B,True,2.0,01KJP3CM9HM5VMN0HF6D1NF2HN,False,,,,,,,False,False,34.0,,0.0,1772417454965,1772417477166,22201,,01KJP2RBVR6E36EKC8HYRAV5GF,True,3,False,True,True,,,,,,,,False,
01KJP22PXRH9VYFY7Z1HZVNSMN,01KJP2Q9Z7MR3VPYE4MH3SC9C8,Player,C,A,listener,0.0,refgame,2.0,page7-107,page7-107,True,2.0,01KJP3CMAKBY4EQ2P7F82DKW77,False,,,,,,,False,False,37.0,,0.0,1772417623661,1772417647924,24263,,01KJP2SNNP4ZB6K1QMGZX5CC0T,True,3,False,True,True,,,,,,,,False,
01KJP22PXRH9VYFY7Z1HZVNSMN,01KJP2RH1QNE571FNJRJ0ZHM7W,Hera,B,B,listener,4.0,refgame,1.0,page3-35,page3-35,True,2.0,01KJP3CMAJJ6FAGMTSETZNHFNY,False,,,,,,,False,False,29.0,,0.0,1772417236856,1772417281876,45020,,01KJP2RVD8SK7AN1X5EMGRM458,True,2,False,True,True,,,,,,,,False,
01KJP22PXRH9VYFY7Z1HZVNSMN,01KJP2Q9Z7MR3VPYE4MH3SC9C8,Nori,C,C,speaker,5.0,refgame,1.0,page5-28,,,2.0,01KJP3CMAFDPF36KC3154ZNWEH,False,,,,,,,False,False,32.0,,0.0,1772417383448,1772417411969,28521,2.0,01KJP2Q9Z7MR3VPYE4MH3SC9C8,,3,False,True,False,,,,,,,,False,
01KJP22PXRH9VYFY7Z1HZVNSMN,01KJP2Q9Z7MR3VPYE4MH3SC9C8,Player,C,B,speaker,5.0,refgame,2.0,page9-46,,,1.0,01KJP3CMAMAX1FJ6WS8R3SAA33,False,,,,,,,False,False,70.0,,0.0,1772418702644,1772418726049,23405,2.0,01KJP2Q9Z7MR3VPYE4MH3SC9C8,,3,False,True,False,,,,,,,,False,
01KJP22PXRH9VYFY7Z1HZVNSMN,01KJP2SNNP4ZB6K1QMGZX5CC0T,Lika,C,C,listener,2.0,refgame,1.0,page-B,page-B,True,2.0,01KJP3CMAAFMWCTT6MPFEXD6K7,False,,,,,,,False,False,13.0,,0.0,1772416500681,1772416539324,38643,,01KJP2Q9Z7MR3VPYE4MH3SC9C8,True,3,False,True,True,,,,,,,,False,
01KJP22PXRH9VYFY7Z1HZVNSMN,01KJP2SNNP4ZB6K1QMGZX5CC0T,Lika,C,C,listener,4.0,refgame,1.0,page9-46,page9-46,True,2.0,01KJP3CMA9QVGAE5H6KRSK0ZEP,False,,,,,,,False,False,25.0,,0.0,1772417054805,1772417094399,39594,,01KJP2SDQCR0935BS4E06A6D2G,True,3,False,True,True,,,,,,,,False,
01KJP22PXRH9VYFY7Z1HZVNSMN,01KJP2Q4FMMNPG4DTS771Y4V70,Player,A,A,listener,2.0,refgame,2.0,page-B,page-B,True,2.0,01KJP3CMBN46GH887MB8939EJF,False,,,,,,,False,False,49.0,,0.0,1772418040570,1772418062764,22194,,01KJP2RBVR6E36EKC8HYRAV5GF,True,3,False,True,True,,,,,,,,False,
01KJP22PXRH9VYFY7Z1HZVNSMN,01KJP2SDQCR0935BS4E06A6D2G,Player,C,B,listener,5.0,refgame,2.0,page7-255,page7-255,True,2.0,01KJP3CMBGR1HCV8WZ77VGDR39,False,,,,,,,False,False,67.0,,0.0,1772418616561,1772418636536,19975,,01KJP2RBVR6E36EKC8HYRAV5GF,False,3,False,True,True,,,,,,,,False,
01KJP22PXRH9VYFY7Z1HZVNSMN,01KJP2RH1QNE571FNJRJ0ZHM7W,Player,B,B,speaker,0.0,refgame,2.0,page9-46,,,2.0,01KJP3CMAEZZDYNJYRPCZA06KT,False,,,,,,,False,False,40.0,,0.0,1772417728013,1772417751030,23017,1.0,01KJP2RH1QNE571FNJRJ0ZHM7W,,3,False,True,False,,,,,,,,False,
01KJP22PXRH9VYFY7Z1HZVNSMN,01KJP2SGRYQPGESDGRKTMMAJX4,Player,A,C,listener,2.0,refgame,2.0,page7-107,page7-107,True,2.0,01KJP3CMBKFK80J9EKSVWKNESX,False,,,,,,,False,False,52.0,,0.0,1772418139976,1772418164622,24646,,01KJP2Q4FMMNPG4DTS771Y4V70,True,2,True,True,True,,,,,,,,False,
01KJP22PXRH9VYFY7Z1HZVNSMN,01KJP2RBVR6E36EKC8HYRAV5GF,Player,A,A,speaker,2.0,refgame,2.0,page3-35,,,0.0,01KJP3CMDM8CDWRZ2R580XTXJP,False,,,,,,,False,False,53.0,,0.0,1772418176905,1772418201631,24726,1.0,01KJP2RBVR6E36EKC8HYRAV5GF,,3,False,True,False,,,,,,,,False,
01KJP22PXRH9VYFY7Z1HZVNSMN,01KJP2SGRYQPGESDGRKTMMAJX4,Minu,A,A,listener,3.0,refgame,1.0,page-B,page-B,True,2.0,01KJP3CM98VB3ANAH3DG90CB31,False,,,,,,,False,False,21.0,,0.0,1772416861111,1772416896424,35313,,01KJP2Q4FMMNPG4DTS771Y4V70,True,3,False,True,True,,,,,,,,False,
01KJP22PXRH9VYFY7Z1HZVNSMN,01KJP2RVD8SK7AN1X5EMGRM458,Zuda,B,B,speaker,4.0,refgame,1.0,page7-255,,,2.0,01KJP3CMA9QVGAE5H6NH66V55J,False,,,,,,,False,False,24.0,,0.0,1772417004762,1772417048010,43248,2.0,01KJP2RVD8SK7AN1X5EMGRM458,,2,False,True,False,,,,,,,,False,
01KJP22PXRH9VYFY7Z1HZVNSMN,01KJP2SDQCR0935BS4E06A6D2G,Felu,C,C,listener,5.0,refgame,1.0,page5-28,page5-28,True,2.0,01KJP3CMAFDPF36KC3154ZNWEH,False,,,,,,,False,False,32.0,,0.0,1772417383448,1772417411969,28521,,01KJP2Q9Z7MR3VPYE4MH3SC9C8,True,3,False,True,True,,,,,,,,False,
01KJP22PXRH9VYFY7Z1HZVNSMN,01KJP2SDQCR0935BS4E06A6D2G,Felu,C,C,listener,5.0,refgame,1.0,page-B,page-B,True,2.0,01KJP3CM9HM5VMN0HF6D1NF2HN,False,,,,,,,False,False,34.0,,0.0,1772417454965,1772417477166,22201,,01KJP2Q9Z7MR3VPYE4MH3SC9C8,True,3,False,True,True,,,,,,,,False,
01KJP22PXRH9VYFY7Z1HZVNSMN,01KJP2RBVR6E36EKC8HYRAV5GF,Laju,A,A,listener,0.0,refgame,1.0,page3-35,page4-157,False,0.0,01KJP3CMBEY573MQS1TAMZDBC6,False,,,,,,,False,False,2.0,,0.0,1772415890738,1772415935743,45005,,01KJP2Q4FMMNPG4DTS771Y4V70,True,3,False,True,True,,,,,,,,False,
01KJP22PXRH9VYFY7Z1HZVNSMN,01KJP3CAPT7YVD80D6Z6R9Y5ZZ,Bavi,B,B,listener,1.0,refgame,1.0,page3-35,,,,01KJP3CMDKBS9JFM59T1D0FC34,False,,,,,,,True,False,6.0,,0.0,1772416118102,1772416163098,44996,,01KJP2RVD8SK7AN1X5EMGRM458,True,3,False,True,True,,,,,,,,False,
01KJP22PXRH9VYFY7Z1HZVNSMN,01KJP2RBVR6E36EKC8HYRAV5GF,Laju,A,A,listener,1.0,refgame,1.0,page7-255,page4-15,False,0.0,01KJP3CMA3QJVBG0N9R3K5JB6B,False,,,,,,,False,False,11.0,,0.0,1772416387374,1772416432380,45006,,01KJP2SGRYQPGESDGRKTMMAJX4,True,3,False,True,True,,,,,,,,False,
01KJP22PXRH9VYFY7Z1HZVNSMN,01KJP2RVD8SK7AN1X5EMGRM458,Player,B,C,listener,3.0,refgame,2.0,page9-46,page9-46,True,2.0,01KJP3CMBWC2VTRPN2G686DK6W,False,,,,,,,False,False,58.0,,0.0,1772418336083,1772418360522,24439,,01KJP2Q4FMMNPG4DTS771Y4V70,False,2,False,True,True,,,,,,,,False,
01KJP22PXRH9VYFY7Z1HZVNSMN,01KJP2SNNP4ZB6K1QMGZX5CC0T,Player,C,B,listener,5.0,refgame,2.0,page3-35,page3-35,True,2.0,01KJP3CMANPM1WF7S7TT86YKYC,False,,,,,,,False,False,69.0,,0.0,1772418672997,1772418696210,23213,,01KJP2Q9Z7MR3VPYE4MH3SC9C8,True,3,False,True,True,,,,,,,,False,
01KJP22PXRH9VYFY7Z1HZVNSMN,01KJP2RBVR6E36EKC8HYRAV5GF,Player,A,A,listener,3.0,refgame,2.0,page7-255,page-B,False,0.0,01KJP3CMDE74QAQYSEDB6YATWE,False,,,,,,,False,False,55.0,,0.0,1772418245217,1772418269532,24315,,01KJP2RH1QNE571FNJRJ0ZHM7W,False,3,False,True,True,,,,,,,,False,
01KJP22PXRH9VYFY7Z1HZVNSMN,01KJP2SDQCR0935BS4E06A6D2G,Player,C,C,listener,3.0,refgame,2.0,page3-35,page3-35,True,2.0,01KJP3CMDD0K8FB8PPX8QTR2TD,False,,,,,,,False,False,57.0,,0.0,1772418312476,1772418328668,16192,,01KJP2SNNP4ZB6K1QMGZX5CC0T,True,2,False,True,True,,,,,,,,False,
01KJP22PXRH9VYFY7Z1HZVNSMN,01KJP2SGRYQPGESDGRKTMMAJX4,Player,A,C,speaker,5.0,refgame,2.0,page3-35,,,0.0,01KJP3CMANPM1WF7S7TT86YKYC,False,,,,,,,False,False,69.0,,0.0,1772418672997,1772418696210,23213,3.0,01KJP2SGRYQPGESDGRKTMMAJX4,,2,True,True,False,,,,,,,,False,
01KJP22PXRH9VYFY7Z1HZVNSMN,01KJP2RH1QNE571FNJRJ0ZHM7W,Hera,B,B,speaker,0.0,refgame,1.0,page3-35,,,0.0,01KJP3CMBEY573MQS1TAMZDBC6,False,,,,,,,False,False,2.0,,0.0,1772415890738,1772415935743,45005,1.0,01KJP2RH1QNE571FNJRJ0ZHM7W,,3,False,True,False,,,,,,,,False,
01KJP22PXRH9VYFY7Z1HZVNSMN,01KJP2SDQCR0935BS4E06A6D2G,Felu,C,C,listener,0.0,refgame,1.0,page-B,page7-26,False,0.0,01KJP3CM8ZYP036H2YRH1YFW0A,False,,,,,,,False,False,5.0,,0.0,1772416057609,1772416102612,45003,,01KJP2SNNP4ZB6K1QMGZX5CC0T,True,3,False,True,True,,,,,,,,False,
01KJP22PXRH9VYFY7Z1HZVNSMN,01KJP2SDQCR0935BS4E06A6D2G,Felu,C,C,listener,2.0,refgame,1.0,page-B,page4-15,False,0.0,01KJP3CMAAFMWCTT6MPFEXD6K7,False,,,,,,,False,False,13.0,,0.0,1772416500681,1772416539324,38643,,01KJP2Q9Z7MR3VPYE4MH3SC9C8,True,3,False,True,True,,,,,,,,False,
01KJP22PXRH9VYFY7Z1HZVNSMN,01KJP2RBVR6E36EKC8HYRAV5GF,Player,A,B,listener,1.0,refgame,2.0,page-B,page-B,True,2.0,01KJP3CMBR8ZCV7RSYCY2M8G0Z,False,,,,,,,False,False,47.0,,0.0,1772417964513,1772417987750,23237,,01KJP2SGRYQPGESDGRKTMMAJX4,True,3,False,True,True,,,,,,,,False,
01KJP22PXRH9VYFY7Z1HZVNSMN,01KJP2RVD8SK7AN1X5EMGRM458,Player,B,C,speaker,4.0,refgame,2.0,page3-35,,,2.0,01KJP3CMBFNTBZF2KSY334MWHD,False,,,,,,,False,False,61.0,,0.0,1772418436198,1772418461202,25004,2.0,01KJP2RVD8SK7AN1X5EMGRM458,,2,False,True,False,,,,,,,,False,
01KJP22PXRH9VYFY7Z1HZVNSMN,01KJP2RBVR6E36EKC8HYRAV5GF,Player,A,A,listener,4.0,refgame,2.0,page9-46,page9-46,True,2.0,01KJP3CMBJ6PGF7BT2TXXQ87BN,False,,,,,,,False,False,63.0,,0.0,1772418495566,1772418518083,22517,,01KJP2SGRYQPGESDGRKTMMAJX4,True,3,False,True,True,,,,,,,,False,
01KJP22PXRH9VYFY7Z1HZVNSMN,01KJP2Q9Z7MR3VPYE4MH3SC9C8,Nori,C,C,listener,3.0,refgame,1.0,page9-46,page9-46,True,2.0,01KJP3CMA6W7PDKD1XA0DCC90G,False,,,,,,,False,False,20.0,,0.0,1772416811101,1772416853689,42588,,01KJP2SNNP4ZB6K1QMGZX5CC0T,True,3,False,True,True,,,,,,,,False,
01KJP22PXRH9VYFY7Z1HZVNSMN,01KJP2RBVR6E36EKC8HYRAV5GF,Laju,A,A,listener,4.0,refgame,1.0,page5-28,page5-28,True,2.0,01KJP3CM9C5PRKR0P4VR7QK685,False,,,,,,,False,False,28.0,,0.0,1772417178776,1772417221242,42466,,01KJP2SGRYQPGESDGRKTMMAJX4,True,3,False,True,True,,,,,,,,False,
01KJP22PXRH9VYFY7Z1HZVNSMN,01KJP2Q9Z7MR3VPYE4MH3SC9C8,Nori,C,C,listener,4.0,refgame,1.0,page5-28,page5-28,True,2.0,01KJP3CM9C5PRKR0P4VR7QK685,False,,,,,,,False,False,28.0,,0.0,1772417178776,1772417221242,42466,,01KJP2SDQCR0935BS4E06A6D2G,True,3,False,True,True,,,,,,,,False,
01KJP22PXRH9VYFY7Z1HZVNSMN,01KJP2RBVR6E36EKC8HYRAV5GF,Player,A,B,listener,0.0,refgame,2.0,page5-28,page3-121,False,0.0,01KJP3CMBTAF42N8FWMHY0NA6A,False,,,,,,,False,False,41.0,,0.0,1772417758644,1772417783639,24995,,01KJP2RH1QNE571FNJRJ0ZHM7W,False,3,False,True,True,,,,,,,,False,
01KJP22PXRH9VYFY7Z1HZVNSMN,01KJP2RVD8SK7AN1X5EMGRM458,Player,B,C,listener,0.0,refgame,2.0,page7-107,page7-107,True,2.0,01KJP3CMAKBY4EQ2P7F82DKW77,False,,,,,,,False,False,37.0,,0.0,1772417623661,1772417647924,24263,,01KJP2Q4FMMNPG4DTS771Y4V70,False,2,False,True,True,,,,,,,,False,
01KJP22PXRH9VYFY7Z1HZVNSMN,01KJP2RH1QNE571FNJRJ0ZHM7W,Player,B,A,listener,5.0,refgame,2.0,page3-35,page3-193,False,0.0,01KJP3CMANPM1WF7S7TT86YKYC,False,,,,,,,False,False,69.0,,0.0,1772418672997,1772418696210,23213,,01KJP2RBVR6E36EKC8HYRAV5GF,False,3,False,True,True,,,,,,,,False,
01KJP22PXRH9VYFY7Z1HZVNSMN,01KJP2SDQCR0935BS4E06A6D2G,Felu,C,C,listener,0.0,refgame,1.0,page9-46,page4-157,False,0.0,01KJP3CM90G2E34Z7VFPJ6SB8Y,False,,,,,,,False,False,4.0,,0.0,1772415997388,1772416042395,45007,,01KJP2SNNP4ZB6K1QMGZX5CC0T,True,3,False,True,True,,,,,,,,False,
01KJP22PXRH9VYFY7Z1HZVNSMN,01KJP2Q9Z7MR3VPYE4MH3SC9C8,Nori,C,C,listener,4.0,refgame,1.0,page-B,page-B,True,2.0,01KJP3CM9HM5VMN0HF5GSQJZ6G,False,,,,,,,False,False,26.0,,0.0,1772417105848,1772417128011,22163,,01KJP2SDQCR0935BS4E06A6D2G,True,3,False,True,True,,,,,,,,False,
01KJP22PXRH9VYFY7Z1HZVNSMN,01KJP2RBVR6E36EKC8HYRAV5GF,Player,A,B,listener,0.0,refgame,2.0,page9-46,page9-46,True,2.0,01KJP3CMAEZZDYNJYRPCZA06KT,False,,,,,,,False,False,40.0,,0.0,1772417728013,1772417751030,23017,,01KJP2RH1QNE571FNJRJ0ZHM7W,False,3,False,True,True,,,,,,,,False,
01KJP22PXRH9VYFY7Z1HZVNSMN,01KJP2SGRYQPGESDGRKTMMAJX4,Player,A,B,listener,2.0,refgame,2.0,page3-35,page9-46,False,0.0,01KJP3CMDM8CDWRZ2R580XTXJP,False,,,,,,,False,False,53.0,,0.0,1772418176905,1772418201631,24726,,01KJP2Q9Z7MR3VPYE4MH3SC9C8,False,3,False,True,True,,,,,,,,False,
01KJP22PXRH9VYFY7Z1HZVNSMN,01KJP2RBVR6E36EKC8HYRAV5GF,Player,A,B,speaker,5.0,refgame,2.0,page7-255,,,2.0,01KJP3CMBGR1HCV8WZ77VGDR39,False,,,,,,,False,False,67.0,,0.0,1772418616561,1772418636536,19975,2.0,01KJP2RBVR6E36EKC8HYRAV5GF,,3,False,True,False,,,,,,,,False,
01KJP22PXRH9VYFY7Z1HZVNSMN,01KJP2Q9Z7MR3VPYE4MH3SC9C8,Player,C,A,listener,1.0,refgame,2.0,page9-46,page7-26,False,0.0,01KJP3CMBPAK2HC2TNBMD5J772,False,,,,,,,False,False,46.0,,0.0,1772417933938,1772417957914,23976,,01KJP2SGRYQPGESDGRKTMMAJX4,False,3,False,True,True,,,,,,,,False,
01KJP22PXRH9VYFY7Z1HZVNSMN,01KJP2Q9Z7MR3VPYE4MH3SC9C8,Player,C,B,speaker,2.0,refgame,2.0,page7-255,,,1.0,01KJP3CMBMKHYMYM5B8F70E256,False,,,,,,,False,False,51.0,,0.0,1772418108402,1772418131487,23085,1.0,01KJP2Q9Z7MR3VPYE4MH3SC9C8,,3,False,True,False,,,,,,,,False,
01KJP22PXRH9VYFY7Z1HZVNSMN,01KJP2SGRYQPGESDGRKTMMAJX4,Player,A,A,listener,3.0,refgame,2.0,page5-28,page3-121,False,0.0,01KJP3CMBTAF42N8FWNN77CPQ0,False,,,,,,,False,False,59.0,,0.0,1772418369857,1772418391461,21604,,01KJP2RH1QNE571FNJRJ0ZHM7W,False,3,False,True,True,,,,,,,,False,
01KJP22PXRH9VYFY7Z1HZVNSMN,01KJP2SGRYQPGESDGRKTMMAJX4,Player,A,B,speaker,4.0,refgame,2.0,page7-255,,,1.0,01KJP3CMBJ6PGF7BT2SWHN128N,False,,,,,,,False,False,64.0,,0.0,1772418525368,1772418550373,25005,2.0,01KJP2SGRYQPGESDGRKTMMAJX4,,3,False,True,False,,,,,,,,False,
01KJP22PXRH9VYFY7Z1HZVNSMN,01KJP2SDQCR0935BS4E06A6D2G,Felu,C,C,speaker,1.0,refgame,1.0,page3-35,,,1.0,01KJP3CMDKBS9JFM59T1D0FC34,False,,,,,,,False,False,6.0,,0.0,1772416118102,1772416163098,44996,1.0,01KJP2SDQCR0935BS4E06A6D2G,,3,False,True,False,,,,,,,,False,
01KJP22PXRH9VYFY7Z1HZVNSMN,01KJP2RH1QNE571FNJRJ0ZHM7W,Hera,B,B,speaker,3.0,refgame,1.0,page-B,,,2.0,01KJP3CM98VB3ANAH3DG90CB31,False,,,,,,,False,False,21.0,,0.0,1772416861111,1772416896424,35313,3.0,01KJP2RH1QNE571FNJRJ0ZHM7W,,2,False,True,False,,,,,,,,False,
01KJP22PXRH9VYFY7Z1HZVNSMN,01KJP2Q9Z7MR3VPYE4MH3SC9C8,Nori,C,C,speaker,5.0,refgame,1.0,page3-35,,,2.0,01KJP3CMAGD4HB935DP0CPFF8B,False,,,,,,,False,False,31.0,,0.0,1772417335304,1772417378365,43061,2.0,01KJP2Q9Z7MR3VPYE4MH3SC9C8,,3,False,True,False,,,,,,,,False,
01KJP22PXRH9VYFY7Z1HZVNSMN,01KJP2SDQCR0935BS4E06A6D2G,Player,C,C,listener,2.0,refgame,2.0,page-B,page-B,True,2.0,01KJP3CMBN46GH887MB8939EJF,False,,,,,,,False,False,49.0,,0.0,1772418040570,1772418062764,22194,,01KJP2SNNP4ZB6K1QMGZX5CC0T,True,2,True,True,True,,,,,,,,False,
01KJP22PXRH9VYFY7Z1HZVNSMN,01KJP2RBVR6E36EKC8HYRAV5GF,Laju,A,A,listener,1.0,refgame,1.0,page5-28,page3-193,False,0.0,01KJP3CMA8RYSHRF0RJRCZH50A,False,,,,,,,False,False,9.0,,0.0,1772416274721,1772416319071,44350,,01KJP2SGRYQPGESDGRKTMMAJX4,True,3,False,True,True,,,,,,,,False,
01KJP22PXRH9VYFY7Z1HZVNSMN,01KJP2RVD8SK7AN1X5EMGRM458,Player,B,A,speaker,4.0,refgame,2.0,page-B,,,2.0,01KJP3CMDM8CDWRZ2R68BD7RN9,False,,,,,,,False,False,60.0,,0.0,1772418399813,1772418423771,23958,2.0,01KJP2RVD8SK7AN1X5EMGRM458,,3,False,True,False,,,,,,,,False,
01KJP22PXRH9VYFY7Z1HZVNSMN,01KJP2SGRYQPGESDGRKTMMAJX4,Player,A,C,speaker,5.0,refgame,2.0,page9-46,,,0.0,01KJP3CMAMAX1FJ6WS8R3SAA33,False,,,,,,,False,False,70.0,,0.0,1772418702644,1772418726049,23405,3.0,01KJP2SGRYQPGESDGRKTMMAJX4,,2,True,True,False,,,,,,,,False,
01KJP22PXRH9VYFY7Z1HZVNSMN,01KJP2SDQCR0935BS4E06A6D2G,Felu,C,C,listener,0.0,refgame,1.0,page5-28,page5-28,True,2.0,01KJP3CM84AESF18BN538TN2V3,False,,,,,,,False,False,0.0,,0.0,1772415773295,1772415818302,45007,,01KJP2SNNP4ZB6K1QMGZX5CC0T,True,3,False,True,True,,,,,,,,False,
01KJP22PXRH9VYFY7Z1HZVNSMN,01KJP2Q4FMMNPG4DTS771Y4V70,Repi,A,A,speaker,0.0,refgame,1.0,page-B,,,1.0,01KJP3CM8ZYP036H2YRH1YFW0A,False,,,,,,,False,False,5.0,,0.0,1772416057609,1772416102612,45003,1.0,01KJP2Q4FMMNPG4DTS771Y4V70,,3,False,True,False,,,,,,,,False,
01KJP22PXRH9VYFY7Z1HZVNSMN,01KJP2RBVR6E36EKC8HYRAV5GF,Player,A,B,listener,0.0,refgame,2.0,page-B,page-B,True,2.0,01KJP3CMAGD4HB935DN5TH93XE,False,,,,,,,False,False,39.0,,0.0,1772417694283,1772417716925,22642,,01KJP2RH1QNE571FNJRJ0ZHM7W,False,3,False,True,True,,,,,,,,False,
01KJP22PXRH9VYFY7Z1HZVNSMN,01KJP2SDQCR0935BS4E06A6D2G,Player,C,A,speaker,1.0,refgame,2.0,page7-255,,,2.0,01KJP3CMBS7SJQ0F7Z33HXTGTJ,False,,,,,,,False,False,43.0,,0.0,1772417831849,1772417856147,24298,1.0,01KJP2SDQCR0935BS4E06A6D2G,,3,False,True,False,,,,,,,,False,
01KJP22PXRH9VYFY7Z1HZVNSMN,01KJP2SDQCR0935BS4E06A6D2G,Player,C,B,listener,3.0,refgame,2.0,page5-28,page5-28,True,2.0,01KJP3CMBTAF42N8FWNN77CPQ0,False,,,,,,,False,False,59.0,,0.0,1772418369857,1772418391461,21604,,01KJP2SNNP4ZB6K1QMGZX5CC0T,True,3,False,True,True,,,,,,,,False,
01KJP22PXRH9VYFY7Z1HZVNSMN,01KJP2RH1QNE571FNJRJ0ZHM7W,Hera,B,B,listener,4.0,refgame,1.0,page9-46,page9-46,True,2.0,01KJP3CMA9QVGAE5H6KRSK0ZEP,False,,,,,,,False,False,25.0,,0.0,1772417054805,1772417094399,39594,,01KJP2RVD8SK7AN1X5EMGRM458,True,2,False,True,True,,,,,,,,False,
01KJP22PXRH9VYFY7Z1HZVNSMN,01KJP2RVD8SK7AN1X5EMGRM458,Player,B,C,listener,0.0,refgame,2.0,page9-46,page6-149,False,0.0,01KJP3CMAEZZDYNJYRPCZA06KT,False,,,,,,,False,False,40.0,,0.0,1772417728013,1772417751030,23017,,01KJP2Q4FMMNPG4DTS771Y4V70,False,2,False,True,True,,,,,,,,False,
01KJP22PXRH9VYFY7Z1HZVNSMN,01KJP2SGRYQPGESDGRKTMMAJX4,Player,A,B,listener,2.0,refgame,2.0,page7-255,page3-193,False,0.0,01KJP3CMBMKHYMYM5B8F70E256,False,,,,,,,False,False,51.0,,0.0,1772418108402,1772418131487,23085,,01KJP2Q9Z7MR3VPYE4MH3SC9C8,False,3,False,True,True,,,,,,,,False,
01KJP22PXRH9VYFY7Z1HZVNSMN,01KJP2RBVR6E36EKC8HYRAV5GF,Laju,A,A,listener,0.0,refgame,1.0,page7-107,page3-121,False,0.0,01KJP3CM91MTSHTCQY8JW98BQT,False,,,,,,,False,False,1.0,,0.0,1772415833896,1772415878906,45010,,01KJP2Q4FMMNPG4DTS771Y4V70,True,3,False,True,True,,,,,,,,False,
01KJP22PXRH9VYFY7Z1HZVNSMN,01KJP2RH1QNE571FNJRJ0ZHM7W,Player,B,A,listener,1.0,refgame,2.0,page-B,page-B,True,2.0,01KJP3CMBR8ZCV7RSYCY2M8G0Z,False,,,,,,,False,False,47.0,,0.0,1772417964513,1772417987750,23237,,01KJP2RVD8SK7AN1X5EMGRM458,True,3,False,True,True,,,,,,,,False,
01KJP22PXRH9VYFY7Z1HZVNSMN,01KJP2SNNP4ZB6K1QMGZX5CC0T,Player,C,B,listener,1.0,refgame,2.0,page-B,page7-255,False,0.0,01KJP3CMBR8ZCV7RSYCY2M8G0Z,False,,,,,,,False,False,47.0,,0.0,1772417964513,1772417987750,23237,,01KJP2SGRYQPGESDGRKTMMAJX4,False,3,False,True,True,,,,,,,,False,
01KJP22PXRH9VYFY7Z1HZVNSMN,01KJP2Q9Z7MR3VPYE4MH3SC9C8,Player,C,A,listener,0.0,refgame,2.0,page9-46,page9-46,True,2.0,01KJP3CMAEZZDYNJYRPCZA06KT,False,,,,,,,False,False,40.0,,0.0,1772417728013,1772417751030,23017,,01KJP2SNNP4ZB6K1QMGZX5CC0T,True,3,False,True,True,,,,,,,,False,
01KJP22PXRH9VYFY7Z1HZVNSMN,01KJP2RBVR6E36EKC8HYRAV5GF,Player,A,A,listener,4.0,refgame,2.0,page-B,page-B,True,2.0,01KJP3CMDM8CDWRZ2R68BD7RN9,False,,,,,,,False,False,60.0,,0.0,1772418399813,1772418423771,23958,,01KJP2RVD8SK7AN1X5EMGRM458,False,3,False,True,True,,,,,,,,False,
01KJP22PXRH9VYFY7Z1HZVNSMN,01KJP2RBVR6E36EKC8HYRAV5GF,Laju,A,A,listener,1.0,refgame,1.0,page-B,page7-255,False,0.0,01KJP3CM9EWMZPWBESND7H6YTZ,False,,,,,,,False,False,8.0,,0.0,1772416218674,1772416263477,44803,,01KJP2SGRYQPGESDGRKTMMAJX4,True,3,False,True,True,,,,,,,,False,
01KJP22PXRH9VYFY7Z1HZVNSMN,01KJP2SDQCR0935BS4E06A6D2G,Felu,C,C,listener,2.0,refgame,1.0,page3-35,page9-7,False,0.0,01KJP3CMA2DMARPZNDKST5PAHK,False,,,,,,,False,False,12.0,,0.0,1772416445742,1772416490748,45006,,01KJP2Q9Z7MR3VPYE4MH3SC9C8,True,3,False,True,True,,,,,,,,False,
01KJP22PXRH9VYFY7Z1HZVNSMN,01KJP2SDQCR0935BS4E06A6D2G,Felu,C,C,listener,3.0,refgame,1.0,page-B,page-B,True,2.0,01KJP3CM98VB3ANAH3DG90CB31,False,,,,,,,False,False,21.0,,0.0,1772416861111,1772416896424,35313,,01KJP2SNNP4ZB6K1QMGZX5CC0T,True,3,False,True,True,,,,,,,,False,
01KJP22PXRH9VYFY7Z1HZVNSMN,01KJP2SGRYQPGESDGRKTMMAJX4,Minu,A,A,speaker,4.0,refgame,1.0,page7-255,,,2.0,01KJP3CMA9QVGAE5H6NH66V55J,False,,,,,,,False,False,24.0,,0.0,1772417004762,1772417048010,43248,2.0,01KJP2SGRYQPGESDGRKTMMAJX4,,3,False,True,False,,,,,,,,False,
01KJP22PXRH9VYFY7Z1HZVNSMN,01KJP2SDQCR0935BS4E06A6D2G,Felu,C,C,listener,0.0,refgame,1.0,page7-107,page4-15,False,0.0,01KJP3CM91MTSHTCQY8JW98BQT,False,,,,,,,False,False,1.0,,0.0,1772415833896,1772415878906,45010,,01KJP2SNNP4ZB6K1QMGZX5CC0T,True,3,False,True,True,,,,,,,,False,
01KJP22PXRH9VYFY7Z1HZVNSMN,01KJP2Q9Z7MR3VPYE4MH3SC9C8,Nori,C,C,listener,4.0,refgame,1.0,page7-107,page7-107,True,2.0,01KJP3CMAD2X6CDPC7HYN07AK8,False,,,,,,,False,False,27.0,,0.0,1772417134703,1772417167040,32337,,01KJP2SDQCR0935BS4E06A6D2G,True,3,False,True,True,,,,,,,,False,
01KJP22PXRH9VYFY7Z1HZVNSMN,01KJP2Q4FMMNPG4DTS771Y4V70,Player,A,A,speaker,0.0,refgame,2.0,page7-255,,,1.0,01KJP3CMAHF5MFM19XH831Z9DY,False,,,,,,,False,False,38.0,,0.0,1772417661266,1772417686270,25004,1.0,01KJP2Q4FMMNPG4DTS771Y4V70,,3,False,True,False,,,,,,,,False,
01KJP22PXRH9VYFY7Z1HZVNSMN,01KJP2RH1QNE571FNJRJ0ZHM7W,Player,B,B,speaker,0.0,refgame,2.0,page7-255,,,2.0,01KJP3CMAHF5MFM19XH831Z9DY,False,,,,,,,False,False,38.0,,0.0,1772417661266,1772417686270,25004,1.0,01KJP2RH1QNE571FNJRJ0ZHM7W,,3,False,True,False,,,,,,,,False,
01KJP22PXRH9VYFY7Z1HZVNSMN,01KJP2SDQCR0935BS4E06A6D2G,Player,C,A,listener,3.0,refgame,2.0,page7-107,page7-107,True,2.0,01KJP3CMDF13YBPRZEY3AS2DBQ,False,,,,,,,False,False,54.0,,0.0,1772418210077,1772418233582,23505,,01KJP2Q4FMMNPG4DTS771Y4V70,False,3,False,True,True,,,,,,,,False,
01KJP22PXRH9VYFY7Z1HZVNSMN,01KJP2SDQCR0935BS4E06A6D2G,Player,C,B,listener,3.0,refgame,2.0,page9-46,page9-46,True,2.0,01KJP3CMBWC2VTRPN2G686DK6W,False,,,,,,,False,False,58.0,,0.0,1772418336083,1772418360522,24439,,01KJP2RH1QNE571FNJRJ0ZHM7W,False,3,False,True,True,,,,,,,,False,
01KJP22PXRH9VYFY7Z1HZVNSMN,01KJP2SGRYQPGESDGRKTMMAJX4,Minu,A,A,listener,3.0,refgame,1.0,page9-46,page4-15,False,0.0,01KJP3CMA6W7PDKD1XA0DCC90G,False,,,,,,,False,False,20.0,,0.0,1772416811101,1772416853689,42588,,01KJP2Q4FMMNPG4DTS771Y4V70,True,3,False,True,True,,,,,,,,False,
01KJP22PXRH9VYFY7Z1HZVNSMN,01KJP2Q4FMMNPG4DTS771Y4V70,Player,A,C,speaker,0.0,refgame,2.0,page-B,,,2.0,01KJP3CMAGD4HB935DN5TH93XE,False,,,,,,,False,False,39.0,,0.0,1772417694283,1772417716925,22642,1.0,01KJP2Q4FMMNPG4DTS771Y4V70,,2,False,True,False,,,,,,,,False,
01KJP22PXRH9VYFY7Z1HZVNSMN,01KJP2RH1QNE571FNJRJ0ZHM7W,Player,B,B,speaker,0.0,refgame,2.0,page5-28,,,1.0,01KJP3CMBTAF42N8FWMHY0NA6A,False,,,,,,,False,False,41.0,,0.0,1772417758644,1772417783639,24995,1.0,01KJP2RH1QNE571FNJRJ0ZHM7W,,3,False,True,False,,,,,,,,False,
01KJP22PXRH9VYFY7Z1HZVNSMN,01KJP2Q4FMMNPG4DTS771Y4V70,Player,A,A,listener,5.0,refgame,2.0,page9-46,page9-46,True,2.0,01KJP3CMAMAX1FJ6WS8R3SAA33,False,,,,,,,False,False,70.0,,0.0,1772418702644,1772418726049,23405,,01KJP2RBVR6E36EKC8HYRAV5GF,True,3,False,True,True,,,,,,,,False,
01KJP22PXRH9VYFY7Z1HZVNSMN,01KJP2Q4FMMNPG4DTS771Y4V70,Repi,A,A,speaker,0.0,refgame,1.0,page3-35,,,0.0,01KJP3CMBEY573MQS1TAMZDBC6,False,,,,,,,False,False,2.0,,0.0,1772415890738,1772415935743,45005,1.0,01KJP2Q4FMMNPG4DTS771Y4V70,,3,False,True,False,,,,,,,,False,
01KJP22PXRH9VYFY7Z1HZVNSMN,01KJP2Q4FMMNPG4DTS771Y4V70,Repi,A,A,speaker,3.0,refgame,1.0,page5-28,,,2.0,01KJP3CMAD2X6CDPC7GPW0TA12,False,,,,,,,False,False,22.0,,0.0,1772416906218,1772416942372,36154,2.0,01KJP2Q4FMMNPG4DTS771Y4V70,,3,False,True,False,,,,,,,,False,
01KJP22PXRH9VYFY7Z1HZVNSMN,01KJP2RH1QNE571FNJRJ0ZHM7W,Player,B,B,listener,2.0,refgame,2.0,page9-46,,False,0.0,01KJP3CMBN46GH887MBYTMMXFZ,False,,,,,,,True,False,48.0,,0.0,1772417999847,1772418024851,25004,,01KJP2Q9Z7MR3VPYE4MH3SC9C8,False,3,False,True,True,,,,,,,,False,
01KJP22PXRH9VYFY7Z1HZVNSMN,01KJP2RH1QNE571FNJRJ0ZHM7W,Hera,B,B,listener,4.0,refgame,1.0,page7-107,page7-107,True,2.0,01KJP3CMAD2X6CDPC7HYN07AK8,False,,,,,,,False,False,27.0,,0.0,1772417134703,1772417167040,32337,,01KJP2RVD8SK7AN1X5EMGRM458,True,2,False,True,True,,,,,,,,False,
01KJP22PXRH9VYFY7Z1HZVNSMN,01KJP2Q4FMMNPG4DTS771Y4V70,Repi,A,A,listener,4.0,refgame,1.0,page3-35,page4-15,False,0.0,01KJP3CMAJJ6FAGMTSETZNHFNY,False,,,,,,,False,False,29.0,,0.0,1772417236856,1772417281876,45020,,01KJP2SGRYQPGESDGRKTMMAJX4,True,3,False,True,True,,,,,,,,False,
01KJP22PXRH9VYFY7Z1HZVNSMN,01KJP2SNNP4ZB6K1QMGZX5CC0T,Player,C,C,speaker,0.0,refgame,2.0,page3-35,,,0.0,01KJP3CM9ZZCXCMMAE2E0RMM7V,False,,,,,,,False,False,36.0,,0.0,1772417582895,1772417607900,25005,1.0,01KJP2SNNP4ZB6K1QMGZX5CC0T,,2,False,True,False,,,,,,,,False,
01KJP22PXRH9VYFY7Z1HZVNSMN,01KJP2RH1QNE571FNJRJ0ZHM7W,Player,B,C,speaker,2.0,refgame,2.0,page7-255,,,2.0,01KJP3CMBMKHYMYM5B8F70E256,False,,,,,,,False,False,51.0,,0.0,1772418108402,1772418131487,23085,2.0,01KJP2RH1QNE571FNJRJ0ZHM7W,,2,True,True,False,,,,,,,,False,
01KJP22PXRH9VYFY7Z1HZVNSMN,01KJP2SNNP4ZB6K1QMGZX5CC0T,Player,C,A,listener,5.0,refgame,2.0,page5-28,page5-28,True,2.0,01KJP3CMAKBY4EQ2P7G6PBW0XK,False,,,,,,,False,False,71.0,,0.0,1772418736369,1772418756728,20359,,01KJP2RBVR6E36EKC8HYRAV5GF,False,3,False,True,True,,,,,,,,False,
01KJP22PXRH9VYFY7Z1HZVNSMN,01KJP2Q9Z7MR3VPYE4MH3SC9C8,Nori,C,C,listener,1.0,refgame,1.0,page5-28,page5-28,True,2.0,01KJP3CMA8RYSHRF0RJRCZH50A,False,,,,,,,False,False,9.0,,0.0,1772416274721,1772416319071,44350,,01KJP2SDQCR0935BS4E06A6D2G,True,3,False,True,True,,,,,,,,False,
01KJP22PXRH9VYFY7Z1HZVNSMN,01KJP2RBVR6E36EKC8HYRAV5GF,Player,A,A,speaker,2.0,refgame,2.0,page9-46,,,2.0,01KJP3CMBN46GH887MBYTMMXFZ,False,,,,,,,False,False,48.0,,0.0,1772417999847,1772418024851,25004,1.0,01KJP2RBVR6E36EKC8HYRAV5GF,,3,False,True,False,,,,,,,,False,
01KJP22PXRH9VYFY7Z1HZVNSMN,01KJP2RH1QNE571FNJRJ0ZHM7W,Hera,B,B,speaker,3.0,refgame,1.0,page3-35,,,2.0,01KJP3CMAB1G61PNACWEZ35PYR,False,,,,,,,False,False,23.0,,0.0,1772416957977,1772416999372,41395,3.0,01KJP2RH1QNE571FNJRJ0ZHM7W,,2,False,True,False,,,,,,,,False,
01KJP22PXRH9VYFY7Z1HZVNSMN,01KJP2RBVR6E36EKC8HYRAV5GF,Laju,A,A,listener,4.0,refgame,1.0,page7-255,page7-255,True,2.0,01KJP3CMA9QVGAE5H6NH66V55J,False,,,,,,,False,False,24.0,,0.0,1772417004762,1772417048010,43248,,01KJP2SGRYQPGESDGRKTMMAJX4,True,3,False,True,True,,,,,,,,False,
01KJP22PXRH9VYFY7Z1HZVNSMN,01KJP2Q9Z7MR3VPYE4MH3SC9C8,Nori,C,C,listener,1.0,refgame,1.0,page3-35,page4-157,False,0.0,01KJP3CMDKBS9JFM59T1D0FC34,False,,,,,,,False,False,6.0,,0.0,1772416118102,1772416163098,44996,,01KJP2SDQCR0935BS4E06A6D2G,True,3,False,True,True,,,,,,,,False,
01KJP22PXRH9VYFY7Z1HZVNSMN,01KJP2SDQCR0935BS4E06A6D2G,Felu,C,C,listener,3.0,refgame,1.0,page9-46,page9-46,True,2.0,01KJP3CMA6W7PDKD1XA0DCC90G,False,,,,,,,False,False,20.0,,0.0,1772416811101,1772416853689,42588,,01KJP2SNNP4ZB6K1QMGZX5CC0T,True,3,False,True,True,,,,,,,,False,
01KJP22PXRH9VYFY7Z1HZVNSMN,01KJP2RH1QNE571FNJRJ0ZHM7W,Hera,B,B,speaker,3.0,refgame,1.0,page5-28,,,2.0,01KJP3CMAD2X6CDPC7GPW0TA12,False,,,,,,,False,False,22.0,,0.0,1772416906218,1772416942372,36154,3.0,01KJP2RH1QNE571FNJRJ0ZHM7W,,2,False,True,False,,,,,,,,False,
01KJP22PXRH9VYFY7Z1HZVNSMN,01KJP2Q4FMMNPG4DTS771Y4V70,Player,A,A,speaker,3.0,refgame,2.0,page7-107,,,2.0,01KJP3CMDF13YBPRZEY3AS2DBQ,False,,,,,,,False,False,54.0,,0.0,1772418210077,1772418233582,23505,3.0,01KJP2Q4FMMNPG4DTS771Y4V70,,3,False,True,False,,,,,,,,False,
01KJP22PXRH9VYFY7Z1HZVNSMN,01KJP2SNNP4ZB6K1QMGZX5CC0T,Lika,C,C,speaker,0.0,refgame,1.0,page7-255,,,1.0,01KJP3CM9JB14AY8MBMF4VCE4W,False,,,,,,,False,False,3.0,,0.0,1772415943043,1772415987348,44305,1.0,01KJP2SNNP4ZB6K1QMGZX5CC0T,,3,False,True,False,,,,,,,,False,
01KJP22PXRH9VYFY7Z1HZVNSMN,01KJP2SDQCR0935BS4E06A6D2G,Felu,C,C,speaker,1.0,refgame,1.0,page9-46,,,0.0,01KJP3CMDF13YBPRZEZ33TW845,False,,,,,,,False,False,7.0,,0.0,1772416171398,1772416210423,39025,1.0,01KJP2SDQCR0935BS4E06A6D2G,,3,False,True,False,,,,,,,,False,
01KJP22PXRH9VYFY7Z1HZVNSMN,01KJP2RBVR6E36EKC8HYRAV5GF,Laju,A,A,listener,4.0,refgame,1.0,page9-46,page9-46,True,2.0,01KJP3CMA9QVGAE5H6KRSK0ZEP,False,,,,,,,False,False,25.0,,0.0,1772417054805,1772417094399,39594,,01KJP2SGRYQPGESDGRKTMMAJX4,True,3,False,True,True,,,,,,,,False,
01KJP22PXRH9VYFY7Z1HZVNSMN,01KJP2Q9Z7MR3VPYE4MH3SC9C8,Nori,C,C,speaker,5.0,refgame,1.0,page9-46,,,2.0,01KJP3CMAJJ6FAGMTSE004241H,False,,,,,,,False,False,30.0,,0.0,1772417288714,1772417327581,38867,2.0,01KJP2Q9Z7MR3VPYE4MH3SC9C8,,3,False,True,False,,,,,,,,False,
01KJP22PXRH9VYFY7Z1HZVNSMN,01KJP2SDQCR0935BS4E06A6D2G,Felu,C,C,listener,3.0,refgame,1.0,page7-107,page7-107,True,2.0,01KJP3CMA9QVGAE5H6MN94KJAD,False,,,,,,,False,False,18.0,,0.0,1772416729555,1772416757538,27983,,01KJP2SNNP4ZB6K1QMGZX5CC0T,True,3,False,True,True,,,,,,,,False,
01KJP22PXRH9VYFY7Z1HZVNSMN,01KJP2Q4FMMNPG4DTS771Y4V70,Player,A,A,speaker,3.0,refgame,2.0,page-B,,,2.0,01KJP3CMD9PVBS9GJ9WZCK65VZ,False,,,,,,,False,False,56.0,,0.0,1772418280302,1772418303304,23002,2.0,01KJP2Q4FMMNPG4DTS771Y4V70,,3,False,True,False,,,,,,,,False,
01KJP22PXRH9VYFY7Z1HZVNSMN,01KJP2RH1QNE571FNJRJ0ZHM7W,Player,B,A,listener,4.0,refgame,2.0,page5-28,page5-28,True,2.0,01KJP3CMBKFK80J9EKRNSR927F,False,,,,,,,False,False,62.0,,0.0,1772418472007,1772418489800,17793,,01KJP2SDQCR0935BS4E06A6D2G,False,3,False,True,True,,,,,,,,False,
01KJP22PXRH9VYFY7Z1HZVNSMN,01KJP2RVD8SK7AN1X5EMGRM458,Zuda,B,B,listener,3.0,refgame,1.0,page9-46,page9-46,True,2.0,01KJP3CMA6W7PDKD1XA0DCC90G,False,,,,,,,False,False,20.0,,0.0,1772416811101,1772416853689,42588,,01KJP2RH1QNE571FNJRJ0ZHM7W,True,2,False,True,True,,,,,,,,False,
01KJP22PXRH9VYFY7Z1HZVNSMN,01KJP2RVD8SK7AN1X5EMGRM458,Zuda,B,B,listener,3.0,refgame,1.0,page-B,page-B,True,2.0,01KJP3CM98VB3ANAH3DG90CB31,False,,,,,,,False,False,21.0,,0.0,1772416861111,1772416896424,35313,,01KJP2RH1QNE571FNJRJ0ZHM7W,True,2,False,True,True,,,,,,,,False,
01KJP22PXRH9VYFY7Z1HZVNSMN,01KJP2Q9Z7MR3VPYE4MH3SC9C8,Player,C,B,speaker,2.0,refgame,2.0,page-B,,,0.0,01KJP3CMBN46GH887MB8939EJF,False,,,,,,,False,False,49.0,,0.0,1772418040570,1772418062764,22194,1.0,01KJP2Q9Z7MR3VPYE4MH3SC9C8,,3,False,True,False,,,,,,,,False,
01KJP22PXRH9VYFY7Z1HZVNSMN,01KJP2RH1QNE571FNJRJ0ZHM7W,Hera,B,B,speaker,0.0,refgame,1.0,page-B,,,1.0,01KJP3CM8ZYP036H2YRH1YFW0A,False,,,,,,,False,False,5.0,,0.0,1772416057609,1772416102612,45003,1.0,01KJP2RH1QNE571FNJRJ0ZHM7W,,3,False,True,False,,,,,,,,False,
01KJP22PXRH9VYFY7Z1HZVNSMN,01KJP2SNNP4ZB6K1QMGZX5CC0T,Lika,C,C,listener,1.0,refgame,1.0,page9-46,page7-26,False,0.0,01KJP3CMDF13YBPRZEZ33TW845,False,,,,,,,False,False,7.0,,0.0,1772416171398,1772416210423,39025,,01KJP2SDQCR0935BS4E06A6D2G,True,3,False,True,True,,,,,,,,False,
01KJP22PXRH9VYFY7Z1HZVNSMN,01KJP2Q4FMMNPG4DTS771Y4V70,Repi,A,A,listener,2.0,refgame,1.0,page7-107,page7-107,True,2.0,01KJP3CMACAF76HADC02P8KA11,False,,,,,,,False,False,15.0,,0.0,1772416596314,1772416627994,31680,,01KJP2RBVR6E36EKC8HYRAV5GF,True,3,False,True,True,,,,,,,,False,
01KJP22PXRH9VYFY7Z1HZVNSMN,01KJP2Q4FMMNPG4DTS771Y4V70,Repi,A,A,speaker,3.0,refgame,1.0,page7-107,,,2.0,01KJP3CMA9QVGAE5H6MN94KJAD,False,,,,,,,False,False,18.0,,0.0,1772416729555,1772416757538,27983,2.0,01KJP2Q4FMMNPG4DTS771Y4V70,,3,False,True,False,,,,,,,,False,
01KJP22PXRH9VYFY7Z1HZVNSMN,01KJP2RH1QNE571FNJRJ0ZHM7W,Player,B,B,listener,2.0,refgame,2.0,page3-35,page3-35,True,2.0,01KJP3CMDM8CDWRZ2R580XTXJP,False,,,,,,,False,False,53.0,,0.0,1772418176905,1772418201631,24726,,01KJP2Q9Z7MR3VPYE4MH3SC9C8,False,3,False,True,True,,,,,,,,False,
01KJP22PXRH9VYFY7Z1HZVNSMN,01KJP2RVD8SK7AN1X5EMGRM458,Player,B,B,listener,3.0,refgame,2.0,page7-255,page6-149,False,0.0,01KJP3CMDE74QAQYSEDB6YATWE,False,,,,,,,False,False,55.0,,0.0,1772418245217,1772418269532,24315,,01KJP2SNNP4ZB6K1QMGZX5CC0T,False,3,False,True,True,,,,,,,,False,
01KJP22PXRH9VYFY7Z1HZVNSMN,01KJP2Q4FMMNPG4DTS771Y4V70,Player,A,A,listener,4.0,refgame,2.0,page-B,page-B,True,2.0,01KJP3CMDM8CDWRZ2R68BD7RN9,False,,,,,,,False,False,60.0,,0.0,1772418399813,1772418423771,23958,,01KJP2RVD8SK7AN1X5EMGRM458,False,3,False,True,True,,,,,,,,False,
01KJP22PXRH9VYFY7Z1HZVNSMN,01KJP2SGRYQPGESDGRKTMMAJX4,Player,A,B,listener,3.0,refgame,2.0,page7-107,page7-107,True,2.0,01KJP3CMDF13YBPRZEY3AS2DBQ,False,,,,,,,False,False,54.0,,0.0,1772418210077,1772418233582,23505,,01KJP2RH1QNE571FNJRJ0ZHM7W,False,3,False,True,True,,,,,,,,False,
01KJP22PXRH9VYFY7Z1HZVNSMN,01KJP2RH1QNE571FNJRJ0ZHM7W,Hera,B,B,speaker,2.0,refgame,1.0,page5-28,,,2.0,01KJP3CMAB1G61PNACVKVNQ61J,False,,,,,,,False,False,16.0,,0.0,1772416633453,1772416671923,38470,2.0,01KJP2RH1QNE571FNJRJ0ZHM7W,,2,True,True,False,,,,,,,,False,
01KJP22PXRH9VYFY7Z1HZVNSMN,01KJP2SGRYQPGESDGRKTMMAJX4,Player,A,B,listener,0.0,refgame,2.0,page7-107,page7-107,True,2.0,01KJP3CMAKBY4EQ2P7F82DKW77,False,,,,,,,False,False,37.0,,0.0,1772417623661,1772417647924,24263,,01KJP2RH1QNE571FNJRJ0ZHM7W,False,3,False,True,True,,,,,,,,False,
01KJP22PXRH9VYFY7Z1HZVNSMN,01KJP2Q9Z7MR3VPYE4MH3SC9C8,Player,C,B,listener,0.0,refgame,2.0,page7-255,page7-255,True,2.0,01KJP3CMAHF5MFM19XH831Z9DY,False,,,,,,,False,False,38.0,,0.0,1772417661266,1772417686270,25004,,01KJP2RH1QNE571FNJRJ0ZHM7W,False,3,False,True,True,,,,,,,,False,
01KJP22PXRH9VYFY7Z1HZVNSMN,01KJP2Q4FMMNPG4DTS771Y4V70,Player,A,C,speaker,2.0,refgame,2.0,page5-28,,,2.0,01KJP3CMBN46GH887MCP71WBKK,False,,,,,,,False,False,50.0,,0.0,1772418072923,1772418092683,19760,2.0,01KJP2Q4FMMNPG4DTS771Y4V70,,2,True,True,False,,,,,,,,False,
01KJP22PXRH9VYFY7Z1HZVNSMN,01KJP2RVD8SK7AN1X5EMGRM458,Player,B,B,listener,5.0,refgame,2.0,page3-35,page3-35,True,2.0,01KJP3CMANPM1WF7S7TT86YKYC,False,,,,,,,False,False,69.0,,0.0,1772418672997,1772418696210,23213,,01KJP2Q9Z7MR3VPYE4MH3SC9C8,False,3,False,True,True,,,,,,,,False,
01KJP22PXRH9VYFY7Z1HZVNSMN,01KJP2Q9Z7MR3VPYE4MH3SC9C8,Nori,C,C,listener,0.0,refgame,1.0,page-B,page-B,True,2.0,01KJP3CM8ZYP036H2YRH1YFW0A,False,,,,,,,False,False,5.0,,0.0,1772416057609,1772416102612,45003,,01KJP2SNNP4ZB6K1QMGZX5CC0T,True,3,False,True,True,,,,,,,,False,
01KJP22PXRH9VYFY7Z1HZVNSMN,01KJP2Q4FMMNPG4DTS771Y4V70,Player,A,A,listener,2.0,refgame,2.0,page7-255,page7-255,True,2.0,01KJP3CMBMKHYMYM5B8F70E256,False,,,,,,,False,False,51.0,,0.0,1772418108402,1772418131487,23085,,01KJP2RBVR6E36EKC8HYRAV5GF,True,3,False,True,True,,,,,,,,False,
01KJP22PXRH9VYFY7Z1HZVNSMN,01KJP2Q4FMMNPG4DTS771Y4V70,Player,A,C,listener,5.0,refgame,2.0,page3-35,page7-255,False,0.0,01KJP3CMANPM1WF7S7TT86YKYC,False,,,,,,,False,False,69.0,,0.0,1772418672997,1772418696210,23213,,01KJP2SGRYQPGESDGRKTMMAJX4,True,2,True,True,True,,,,,,,,False,
01KJP22PXRH9VYFY7Z1HZVNSMN,01KJP2SNNP4ZB6K1QMGZX5CC0T,Lika,C,C,listener,1.0,refgame,1.0,page3-35,page3-35,True,2.0,01KJP3CMDKBS9JFM59T1D0FC34,False,,,,,,,False,False,6.0,,0.0,1772416118102,1772416163098,44996,,01KJP2SDQCR0935BS4E06A6D2G,True,3,False,True,True,,,,,,,,False,
01KJP22PXRH9VYFY7Z1HZVNSMN,01KJP2SNNP4ZB6K1QMGZX5CC0T,Player,C,B,listener,1.0,refgame,2.0,page5-28,page5-28,True,2.0,01KJP3CMBR8ZCV7RSYDX6Q6Y1A,False,,,,,,,False,False,45.0,,0.0,1772417896960,1772417919628,22668,,01KJP2SDQCR0935BS4E06A6D2G,True,3,False,True,True,,,,,,,,False,
01KJP22PXRH9VYFY7Z1HZVNSMN,01KJP2SDQCR0935BS4E06A6D2G,Player,C,A,listener,2.0,refgame,2.0,page3-35,page3-193,False,0.0,01KJP3CMDM8CDWRZ2R580XTXJP,False,,,,,,,False,False,53.0,,0.0,1772418176905,1772418201631,24726,,01KJP2RBVR6E36EKC8HYRAV5GF,False,3,False,True,True,,,,,,,,False,
01KJP22PXRH9VYFY7Z1HZVNSMN,01KJP2Q4FMMNPG4DTS771Y4V70,Player,A,C,listener,4.0,refgame,2.0,page3-35,page3-35,True,2.0,01KJP3CMBFNTBZF2KSY334MWHD,False,,,,,,,False,False,61.0,,0.0,1772418436198,1772418461202,25004,,01KJP2RVD8SK7AN1X5EMGRM458,False,2,False,True,True,,,,,,,,False,
01KJP22PXRH9VYFY7Z1HZVNSMN,01KJP2Q4FMMNPG4DTS771Y4V70,Player,A,A,listener,1.0,refgame,2.0,page7-255,page7-255,True,2.0,01KJP3CMBS7SJQ0F7Z33HXTGTJ,False,,,,,,,False,False,43.0,,0.0,1772417831849,1772417856147,24298,,01KJP2SDQCR0935BS4E06A6D2G,False,3,False,True,True,,,,,,,,False,
01KJP22PXRH9VYFY7Z1HZVNSMN,01KJP2SGRYQPGESDGRKTMMAJX4,Player,A,B,speaker,4.0,refgame,2.0,page3-35,,,1.0,01KJP3CMBFNTBZF2KSY334MWHD,False,,,,,,,False,False,61.0,,0.0,1772418436198,1772418461202,25004,2.0,01KJP2SGRYQPGESDGRKTMMAJX4,,3,False,True,False,,,,,,,,False,
01KJP22PXRH9VYFY7Z1HZVNSMN,01KJP2SDQCR0935BS4E06A6D2G,Player,C,A,speaker,4.0,refgame,2.0,page7-255,,,2.0,01KJP3CMBJ6PGF7BT2SWHN128N,False,,,,,,,False,False,64.0,,0.0,1772418525368,1772418550373,25005,2.0,01KJP2SDQCR0935BS4E06A6D2G,,3,False,True,False,,,,,,,,False,
01KJP22PXRH9VYFY7Z1HZVNSMN,01KJP2SNNP4ZB6K1QMGZX5CC0T,Player,C,B,listener,1.0,refgame,2.0,page3-35,page3-35,True,2.0,01KJP3CMBVE81PP15CPHWYHTW1,False,,,,,,,False,False,44.0,,0.0,1772417865170,1772417889629,24459,,01KJP2RVD8SK7AN1X5EMGRM458,False,3,False,True,True,,,,,,,,False,
01KJP22PXRH9VYFY7Z1HZVNSMN,01KJP2RH1QNE571FNJRJ0ZHM7W,Player,B,A,listener,1.0,refgame,2.0,page3-35,page3-35,True,2.0,01KJP3CMBVE81PP15CPHWYHTW1,False,,,,,,,False,False,44.0,,0.0,1772417865170,1772417889629,24459,,01KJP2SDQCR0935BS4E06A6D2G,False,3,False,True,True,,,,,,,,False,
01KJP22PXRH9VYFY7Z1HZVNSMN,01KJP2RH1QNE571FNJRJ0ZHM7W,Player,B,B,speaker,3.0,refgame,2.0,page-B,,,2.0,01KJP3CMD9PVBS9GJ9WZCK65VZ,False,,,,,,,False,False,56.0,,0.0,1772418280302,1772418303304,23002,2.0,01KJP2RH1QNE571FNJRJ0ZHM7W,,3,False,True,False,,,,,,,,False,
01KJP22PXRH9VYFY7Z1HZVNSMN,01KJP2SDQCR0935BS4E06A6D2G,Player,C,B,speaker,4.0,refgame,2.0,page7-107,,,2.0,01KJP3CMBJ6PGF7BT2RW2QY71K,False,,,,,,,False,False,65.0,,0.0,1772418556753,1772418577526,20773,2.0,01KJP2SDQCR0935BS4E06A6D2G,,3,False,True,False,,,,,,,,False,
01KJP22PXRH9VYFY7Z1HZVNSMN,01KJP2RVD8SK7AN1X5EMGRM458,Zuda,B,B,listener,0.0,refgame,1.0,page5-28,page5-28,True,2.0,01KJP3CM84AESF18BN538TN2V3,False,,,,,,,False,False,0.0,,0.0,1772415773295,1772415818302,45007,,01KJP2RH1QNE571FNJRJ0ZHM7W,True,3,False,True,True,,,,,,,,False,
01KJP22PXRH9VYFY7Z1HZVNSMN,01KJP2SGRYQPGESDGRKTMMAJX4,Minu,A,A,listener,0.0,refgame,1.0,page7-107,page7-255,False,0.0,01KJP3CM91MTSHTCQY8JW98BQT,False,,,,,,,False,False,1.0,,0.0,1772415833896,1772415878906,45010,,01KJP2Q4FMMNPG4DTS771Y4V70,True,3,False,True,True,,,,,,,,False,
01KJP22PXRH9VYFY7Z1HZVNSMN,01KJP2RBVR6E36EKC8HYRAV5GF,Laju,A,A,listener,3.0,refgame,1.0,page3-35,page3-35,True,2.0,01KJP3CMAB1G61PNACWEZ35PYR,False,,,,,,,False,False,23.0,,0.0,1772416957977,1772416999372,41395,,01KJP2Q4FMMNPG4DTS771Y4V70,True,3,False,True,True,,,,,,,,False,
01KJP22PXRH9VYFY7Z1HZVNSMN,01KJP2SDQCR0935BS4E06A6D2G,Player,C,C,speaker,5.0,refgame,2.0,page-B,,,2.0,01KJP3CMBHX9HPW6E4YX45KJW2,False,,,,,,,False,False,66.0,,0.0,1772418582533,1772418607546,25013,3.0,01KJP2SDQCR0935BS4E06A6D2G,,2,True,True,False,,,,,,,,False,
01KJP22PXRH9VYFY7Z1HZVNSMN,01KJP2Q9Z7MR3VPYE4MH3SC9C8,Nori,C,C,listener,1.0,refgame,1.0,page7-107,page7-107,True,2.0,01KJP3CMA40B4VRTJH6C7V9B9C,False,,,,,,,False,False,10.0,,0.0,1772416330634,1772416371775,41141,,01KJP2SDQCR0935BS4E06A6D2G,True,3,False,True,True,,,,,,,,False,
01KJP22PXRH9VYFY7Z1HZVNSMN,01KJP2Q9Z7MR3VPYE4MH3SC9C8,Nori,C,C,speaker,2.0,refgame,1.0,page9-46,,,2.0,01KJP3CMAAFMWCTT6MNKJ2FZXV,False,,,,,,,False,False,17.0,,0.0,1772416677429,1772416714007,36578,1.0,01KJP2Q9Z7MR3VPYE4MH3SC9C8,,3,False,True,False,,,,,,,,False,
01KJP22PXRH9VYFY7Z1HZVNSMN,01KJP2SDQCR0935BS4E06A6D2G,Felu,C,C,listener,3.0,refgame,1.0,page5-28,page5-28,True,2.0,01KJP3CMAD2X6CDPC7GPW0TA12,False,,,,,,,False,False,22.0,,0.0,1772416906218,1772416942372,36154,,01KJP2SNNP4ZB6K1QMGZX5CC0T,True,3,False,True,True,,,,,,,,False,
01KJP22PXRH9VYFY7Z1HZVNSMN,01KJP2SGRYQPGESDGRKTMMAJX4,Minu,A,A,speaker,4.0,refgame,1.0,page9-46,,,2.0,01KJP3CMA9QVGAE5H6KRSK0ZEP,False,,,,,,,False,False,25.0,,0.0,1772417054805,1772417094399,39594,2.0,01KJP2SGRYQPGESDGRKTMMAJX4,,3,False,True,False,,,,,,,,False,
01KJP22PXRH9VYFY7Z1HZVNSMN,01KJP2SGRYQPGESDGRKTMMAJX4,Minu,A,A,listener,0.0,refgame,1.0,page5-28,,False,0.0,01KJP3CM84AESF18BN538TN2V3,False,,,,,,,True,False,0.0,,0.0,1772415773295,1772415818302,45007,,01KJP2Q4FMMNPG4DTS771Y4V70,True,3,False,True,True,,,,,,,,False,
01KJP22PXRH9VYFY7Z1HZVNSMN,01KJP3CAPT7YVD80D6Z6R9Y5ZZ,Bavi,B,B,listener,0.0,refgame,1.0,page3-35,,False,0.0,01KJP3CMBEY573MQS1TAMZDBC6,False,,,,,,,True,False,2.0,,0.0,1772415890738,1772415935743,45005,,01KJP2RH1QNE571FNJRJ0ZHM7W,True,3,False,True,True,,,,,,,,False,
01KJP22PXRH9VYFY7Z1HZVNSMN,01KJP2Q4FMMNPG4DTS771Y4V70,Repi,A,A,listener,1.0,refgame,1.0,page3-35,page5-64,False,0.0,01KJP3CMDKBS9JFM59T1D0FC34,False,,,,,,,False,False,6.0,,0.0,1772416118102,1772416163098,44996,,01KJP2SGRYQPGESDGRKTMMAJX4,True,3,False,True,True,,,,,,,,False,
01KJP22PXRH9VYFY7Z1HZVNSMN,01KJP2Q4FMMNPG4DTS771Y4V70,Repi,A,A,listener,1.0,refgame,1.0,page-B,page-B,True,2.0,01KJP3CM9EWMZPWBESND7H6YTZ,False,,,,,,,False,False,8.0,,0.0,1772416218674,1772416263477,44803,,01KJP2SGRYQPGESDGRKTMMAJX4,True,3,False,True,True,,,,,,,,False,
01KJP22PXRH9VYFY7Z1HZVNSMN,01KJP2SGRYQPGESDGRKTMMAJX4,Minu,A,A,speaker,4.0,refgame,1.0,page-B,,,2.0,01KJP3CM9HM5VMN0HF5GSQJZ6G,False,,,,,,,False,False,26.0,,0.0,1772417105848,1772417128011,22163,2.0,01KJP2SGRYQPGESDGRKTMMAJX4,,3,False,True,False,,,,,,,,False,
01KJP22PXRH9VYFY7Z1HZVNSMN,01KJP2Q4FMMNPG4DTS771Y4V70,Player,A,A,listener,4.0,refgame,2.0,page9-46,page9-46,True,2.0,01KJP3CMBJ6PGF7BT2TXXQ87BN,False,,,,,,,False,False,63.0,,0.0,1772418495566,1772418518083,22517,,01KJP2SGRYQPGESDGRKTMMAJX4,True,3,False,True,True,,,,,,,,False,
01KJP22PXRH9VYFY7Z1HZVNSMN,01KJP2Q4FMMNPG4DTS771Y4V70,Repi,A,A,speaker,0.0,refgame,1.0,page9-46,,,0.0,01KJP3CM90G2E34Z7VFPJ6SB8Y,False,,,,,,,False,False,4.0,,0.0,1772415997388,1772416042395,45007,1.0,01KJP2Q4FMMNPG4DTS771Y4V70,,3,False,True,False,,,,,,,,False,
01KJP22PXRH9VYFY7Z1HZVNSMN,01KJP2RH1QNE571FNJRJ0ZHM7W,Hera,B,B,speaker,3.0,refgame,1.0,page7-255,,,2.0,01KJP3CMA8RYSHRF0RKHSGK2ZM,False,,,,,,,False,False,19.0,,0.0,1772416763366,1772416804864,41498,3.0,01KJP2RH1QNE571FNJRJ0ZHM7W,,2,False,True,False,,,,,,,,False,
01KJP22PXRH9VYFY7Z1HZVNSMN,01KJP2RBVR6E36EKC8HYRAV5GF,Laju,A,A,speaker,5.0,refgame,1.0,page-B,,,2.0,01KJP3CM9HM5VMN0HF6D1NF2HN,False,,,,,,,False,False,34.0,,0.0,1772417454965,1772417477166,22201,2.0,01KJP2RBVR6E36EKC8HYRAV5GF,,3,False,True,False,,,,,,,,False,
01KJP22PXRH9VYFY7Z1HZVNSMN,01KJP2Q9Z7MR3VPYE4MH3SC9C8,Player,C,B,listener,1.0,refgame,2.0,page7-107,page7-107,True,2.0,01KJP3CMBS7SJQ0F7Z43MYKRY0,False,,,,,,,False,False,42.0,,0.0,1772417793753,1772417817632,23879,,01KJP2SDQCR0935BS4E06A6D2G,True,3,False,True,True,,,,,,,,False,
01KJP22PXRH9VYFY7Z1HZVNSMN,01KJP2SGRYQPGESDGRKTMMAJX4,Minu,A,A,speaker,1.0,refgame,1.0,page3-35,,,0.0,01KJP3CMDKBS9JFM59T1D0FC34,False,,,,,,,False,False,6.0,,0.0,1772416118102,1772416163098,44996,1.0,01KJP2SGRYQPGESDGRKTMMAJX4,,3,False,True,False,,,,,,,,False,
01KJP22PXRH9VYFY7Z1HZVNSMN,01KJP2RBVR6E36EKC8HYRAV5GF,Laju,A,A,speaker,5.0,refgame,1.0,page5-28,,,2.0,01KJP3CMAFDPF36KC3154ZNWEH,False,,,,,,,False,False,32.0,,0.0,1772417383448,1772417411969,28521,2.0,01KJP2RBVR6E36EKC8HYRAV5GF,,3,False,True,False,,,,,,,,False,
01KJP22PXRH9VYFY7Z1HZVNSMN,01KJP2RVD8SK7AN1X5EMGRM458,Player,B,B,speaker,4.0,refgame,2.0,page9-46,,,2.0,01KJP3CMBJ6PGF7BT2TXXQ87BN,False,,,,,,,False,False,63.0,,0.0,1772418495566,1772418518083,22517,2.0,01KJP2RVD8SK7AN1X5EMGRM458,,3,False,True,False,,,,,,,,False,
01KJP22PXRH9VYFY7Z1HZVNSMN,01KJP2RBVR6E36EKC8HYRAV5GF,Laju,A,A,speaker,2.0,refgame,1.0,page7-255,,,2.0,01KJP3CMACAF76HADC108S9D9K,False,,,,,,,False,False,14.0,,0.0,1772416545721,1772416589453,43732,1.0,01KJP2RBVR6E36EKC8HYRAV5GF,,3,False,True,False,,,,,,,,False,
01KJP22PXRH9VYFY7Z1HZVNSMN,01KJP2Q9Z7MR3VPYE4MH3SC9C8,Player,C,A,listener,4.0,refgame,2.0,page7-255,page7-255,True,2.0,01KJP3CMBJ6PGF7BT2SWHN128N,False,,,,,,,False,False,64.0,,0.0,1772418525368,1772418550373,25005,,01KJP2SDQCR0935BS4E06A6D2G,True,3,False,True,True,,,,,,,,False,
01KJP22PXRH9VYFY7Z1HZVNSMN,01KJP2RH1QNE571FNJRJ0ZHM7W,Player,B,B,listener,4.0,refgame,2.0,page7-107,page7-107,True,2.0,01KJP3CMBJ6PGF7BT2RW2QY71K,False,,,,,,,False,False,65.0,,0.0,1772418556753,1772418577526,20773,,01KJP2SDQCR0935BS4E06A6D2G,False,3,False,True,True,,,,,,,,False,
01KJP22PXRH9VYFY7Z1HZVNSMN,01KJP2SNNP4ZB6K1QMGZX5CC0T,Lika,C,C,speaker,3.0,refgame,1.0,page5-28,,,2.0,01KJP3CMAD2X6CDPC7GPW0TA12,False,,,,,,,False,False,22.0,,0.0,1772416906218,1772416942372,36154,2.0,01KJP2SNNP4ZB6K1QMGZX5CC0T,,3,False,True,False,,,,,,,,False,
01KJP22PXRH9VYFY7Z1HZVNSMN,01KJP2Q9Z7MR3VPYE4MH3SC9C8,Player,C,A,listener,3.0,refgame,2.0,page3-35,page3-35,True,2.0,01KJP3CMDD0K8FB8PPX8QTR2TD,False,,,,,,,False,False,57.0,,0.0,1772418312476,1772418328668,16192,,01KJP2Q4FMMNPG4DTS771Y4V70,False,3,False,True,True,,,,,,,,False,
01KJP22PXRH9VYFY7Z1HZVNSMN,01KJP2SDQCR0935BS4E06A6D2G,Player,C,B,listener,2.0,refgame,2.0,page5-28,page5-28,True,2.0,01KJP3CMBN46GH887MCP71WBKK,False,,,,,,,False,False,50.0,,0.0,1772418072923,1772418092683,19760,,01KJP2Q9Z7MR3VPYE4MH3SC9C8,True,3,False,True,True,,,,,,,,False,
01KJP22PXRH9VYFY7Z1HZVNSMN,01KJP2RBVR6E36EKC8HYRAV5GF,Player,A,A,speaker,5.0,refgame,2.0,page5-28,,,2.0,01KJP3CMAKBY4EQ2P7G6PBW0XK,False,,,,,,,False,False,71.0,,0.0,1772418736369,1772418756728,20359,2.0,01KJP2RBVR6E36EKC8HYRAV5GF,,3,False,True,False,,,,,,,,False,
01KJP22PXRH9VYFY7Z1HZVNSMN,01KJP2Q4FMMNPG4DTS771Y4V70,Player,A,C,speaker,0.0,refgame,2.0,page5-28,,,2.0,01KJP3CMBTAF42N8FWMHY0NA6A,False,,,,,,,False,False,41.0,,0.0,1772417758644,1772417783639,24995,1.0,01KJP2Q4FMMNPG4DTS771Y4V70,,2,False,True,False,,,,,,,,False,
01KJP22PXRH9VYFY7Z1HZVNSMN,01KJP2RBVR6E36EKC8HYRAV5GF,Player,A,A,speaker,2.0,refgame,2.0,page-B,,,2.0,01KJP3CMBN46GH887MB8939EJF,False,,,,,,,False,False,49.0,,0.0,1772418040570,1772418062764,22194,1.0,01KJP2RBVR6E36EKC8HYRAV5GF,,3,False,True,False,,,,,,,,False,
01KJP22PXRH9VYFY7Z1HZVNSMN,01KJP2SNNP4ZB6K1QMGZX5CC0T,Player,C,A,speaker,0.0,refgame,2.0,page5-28,,,2.0,01KJP3CMBTAF42N8FWMHY0NA6A,False,,,,,,,False,False,41.0,,0.0,1772417758644,1772417783639,24995,1.0,01KJP2SNNP4ZB6K1QMGZX5CC0T,,3,False,True,False,,,,,,,,False,
01KJP22PXRH9VYFY7Z1HZVNSMN,01KJP2RVD8SK7AN1X5EMGRM458,Player,B,C,speaker,1.0,refgame,2.0,page7-255,,,2.0,01KJP3CMBS7SJQ0F7Z33HXTGTJ,False,,,,,,,False,False,43.0,,0.0,1772417831849,1772417856147,24298,1.0,01KJP2RVD8SK7AN1X5EMGRM458,,2,False,True,False,,,,,,,,False,
01KJP22PXRH9VYFY7Z1HZVNSMN,01KJP3CAPT7YVD80D6Z6R9Y5ZZ,Bavi,B,B,listener,0.0,refgame,1.0,page-B,,False,0.0,01KJP3CM8ZYP036H2YRH1YFW0A,False,,,,,,,True,False,5.0,,0.0,1772416057609,1772416102612,45003,,01KJP2RH1QNE571FNJRJ0ZHM7W,True,3,False,True,True,,,,,,,,False,
01KJP22PXRH9VYFY7Z1HZVNSMN,01KJP2SNNP4ZB6K1QMGZX5CC0T,Lika,C,C,listener,5.0,refgame,1.0,page9-46,page9-46,True,2.0,01KJP3CMAJJ6FAGMTSE004241H,False,,,,,,,False,False,30.0,,0.0,1772417288714,1772417327581,38867,,01KJP2Q9Z7MR3VPYE4MH3SC9C8,True,3,False,True,True,,,,,,,,False,
01KJP22PXRH9VYFY7Z1HZVNSMN,01KJP2SDQCR0935BS4E06A6D2G,Player,C,A,listener,0.0,refgame,2.0,page5-28,page5-28,True,2.0,01KJP3CMBTAF42N8FWMHY0NA6A,False,,,,,,,False,False,41.0,,0.0,1772417758644,1772417783639,24995,,01KJP2SNNP4ZB6K1QMGZX5CC0T,True,3,False,True,True,,,,,,,,False,
01KJP22PXRH9VYFY7Z1HZVNSMN,01KJP2RVD8SK7AN1X5EMGRM458,Player,B,A,listener,5.0,refgame,2.0,page-B,page-B,True,2.0,01KJP3CMBHX9HPW6E4YX45KJW2,False,,,,,,,False,False,66.0,,0.0,1772418582533,1772418607546,25013,,01KJP2Q9Z7MR3VPYE4MH3SC9C8,False,3,False,True,True,,,,,,,,False,
01KJP22PXRH9VYFY7Z1HZVNSMN,01KJP2Q4FMMNPG4DTS771Y4V70,Repi,A,A,listener,2.0,refgame,1.0,page5-28,page5-28,True,2.0,01KJP3CMAB1G61PNACVKVNQ61J,False,,,,,,,False,False,16.0,,0.0,1772416633453,1772416671923,38470,,01KJP2RBVR6E36EKC8HYRAV5GF,True,3,False,True,True,,,,,,,,False,
01KJP22PXRH9VYFY7Z1HZVNSMN,01KJP2SNNP4ZB6K1QMGZX5CC0T,Lika,C,C,listener,4.0,refgame,1.0,page5-28,page5-28,True,2.0,01KJP3CM9C5PRKR0P4VR7QK685,False,,,,,,,False,False,28.0,,0.0,1772417178776,1772417221242,42466,,01KJP2SDQCR0935BS4E06A6D2G,True,3,False,True,True,,,,,,,,False,
01KJP22PXRH9VYFY7Z1HZVNSMN,01KJP2RBVR6E36EKC8HYRAV5GF,Player,A,B,listener,3.0,refgame,2.0,page3-35,page3-35,True,2.0,01KJP3CMDD0K8FB8PPX8QTR2TD,False,,,,,,,False,False,57.0,,0.0,1772418312476,1772418328668,16192,,01KJP2RH1QNE571FNJRJ0ZHM7W,False,3,False,True,True,,,,,,,,False,
01KJP22PXRH9VYFY7Z1HZVNSMN,01KJP2Q4FMMNPG4DTS771Y4V70,Player,A,C,speaker,3.0,refgame,2.0,page5-28,,,0.0,01KJP3CMBTAF42N8FWNN77CPQ0,False,,,,,,,False,False,59.0,,0.0,1772418369857,1772418391461,21604,3.0,01KJP2Q4FMMNPG4DTS771Y4V70,,2,False,True,False,,,,,,,,False,
01KJP22PXRH9VYFY7Z1HZVNSMN,01KJP2RVD8SK7AN1X5EMGRM458,Zuda,B,B,listener,2.0,refgame,1.0,page7-255,page7-255,True,2.0,01KJP3CMACAF76HADC108S9D9K,False,,,,,,,False,False,14.0,,0.0,1772416545721,1772416589453,43732,,01KJP2RH1QNE571FNJRJ0ZHM7W,True,2,True,True,True,,,,,,,,False,
01KJP22PXRH9VYFY7Z1HZVNSMN,01KJP2RBVR6E36EKC8HYRAV5GF,Laju,A,A,listener,3.0,refgame,1.0,page5-28,page5-28,True,2.0,01KJP3CMAD2X6CDPC7GPW0TA12,False,,,,,,,False,False,22.0,,0.0,1772416906218,1772416942372,36154,,01KJP2Q4FMMNPG4DTS771Y4V70,True,3,False,True,True,,,,,,,,False,
01KJP22PXRH9VYFY7Z1HZVNSMN,01KJP2SGRYQPGESDGRKTMMAJX4,Player,A,B,listener,0.0,refgame,2.0,page3-35,page5-142,False,0.0,01KJP3CM9ZZCXCMMAE2E0RMM7V,False,,,,,,,False,False,36.0,,0.0,1772417582895,1772417607900,25005,,01KJP2Q4FMMNPG4DTS771Y4V70,True,3,False,True,True,,,,,,,,False,
01KJP22PXRH9VYFY7Z1HZVNSMN,01KJP2SNNP4ZB6K1QMGZX5CC0T,Player,C,A,speaker,0.0,refgame,2.0,page-B,,,2.0,01KJP3CMAGD4HB935DN5TH93XE,False,,,,,,,False,False,39.0,,0.0,1772417694283,1772417716925,22642,1.0,01KJP2SNNP4ZB6K1QMGZX5CC0T,,3,False,True,False,,,,,,,,False,
01KJP22PXRH9VYFY7Z1HZVNSMN,01KJP2SNNP4ZB6K1QMGZX5CC0T,Player,C,B,listener,2.0,refgame,2.0,page7-255,page7-255,True,2.0,01KJP3CMBMKHYMYM5B8F70E256,False,,,,,,,False,False,51.0,,0.0,1772418108402,1772418131487,23085,,01KJP2Q9Z7MR3VPYE4MH3SC9C8,True,3,False,True,True,,,,,,,,False,
01KJP22PXRH9VYFY7Z1HZVNSMN,01KJP2SDQCR0935BS4E06A6D2G,Felu,C,C,speaker,1.0,refgame,1.0,page7-255,,,2.0,01KJP3CMA3QJVBG0N9R3K5JB6B,False,,,,,,,False,False,11.0,,0.0,1772416387374,1772416432380,45006,1.0,01KJP2SDQCR0935BS4E06A6D2G,,3,False,True,False,,,,,,,,False,
01KJP22PXRH9VYFY7Z1HZVNSMN,01KJP2RVD8SK7AN1X5EMGRM458,Zuda,B,B,listener,3.0,refgame,1.0,page7-107,page7-107,True,2.0,01KJP3CMA9QVGAE5H6MN94KJAD,False,,,,,,,False,False,18.0,,0.0,1772416729555,1772416757538,27983,,01KJP2RH1QNE571FNJRJ0ZHM7W,True,2,False,True,True,,,,,,,,False,
01KJP22PXRH9VYFY7Z1HZVNSMN,01KJP2RBVR6E36EKC8HYRAV5GF,Laju,A,A,listener,3.0,refgame,1.0,page7-107,page7-107,True,2.0,01KJP3CMA9QVGAE5H6MN94KJAD,False,,,,,,,False,False,18.0,,0.0,1772416729555,1772416757538,27983,,01KJP2Q4FMMNPG4DTS771Y4V70,True,3,False,True,True,,,,,,,,False,
01KJP22PXRH9VYFY7Z1HZVNSMN,01KJP2Q9Z7MR3VPYE4MH3SC9C8,Nori,C,C,speaker,5.0,refgame,1.0,page7-255,,,2.0,01KJP3CM9G3FDFJTW5V5C4PXCB,False,,,,,,,False,False,35.0,,0.0,1772417482303,1772417515679,33376,2.0,01KJP2Q9Z7MR3VPYE4MH3SC9C8,,3,False,True,False,,,,,,,,False,
01KJP22PXRH9VYFY7Z1HZVNSMN,01KJP2SNNP4ZB6K1QMGZX5CC0T,Lika,C,C,listener,2.0,refgame,1.0,page5-28,page5-28,True,2.0,01KJP3CMAB1G61PNACVKVNQ61J,False,,,,,,,False,False,16.0,,0.0,1772416633453,1772416671923,38470,,01KJP2Q9Z7MR3VPYE4MH3SC9C8,True,3,False,True,True,,,,,,,,False,
01KJP22PXRH9VYFY7Z1HZVNSMN,01KJP2SNNP4ZB6K1QMGZX5CC0T,Lika,C,C,speaker,0.0,refgame,1.0,page5-28,,,1.0,01KJP3CM84AESF18BN538TN2V3,False,,,,,,,False,False,0.0,,0.0,1772415773295,1772415818302,45007,1.0,01KJP2SNNP4ZB6K1QMGZX5CC0T,,3,False,True,False,,,,,,,,False,
01KJP22PXRH9VYFY7Z1HZVNSMN,01KJP2Q9Z7MR3VPYE4MH3SC9C8,Player,C,A,listener,1.0,refgame,2.0,page3-35,page3-35,True,2.0,01KJP3CMBVE81PP15CPHWYHTW1,False,,,,,,,False,False,44.0,,0.0,1772417865170,1772417889629,24459,,01KJP2SDQCR0935BS4E06A6D2G,True,3,False,True,True,,,,,,,,False,
01KJP22PXRH9VYFY7Z1HZVNSMN,01KJP2RH1QNE571FNJRJ0ZHM7W,Player,B,A,listener,4.0,refgame,2.0,page7-255,page7-255,True,2.0,01KJP3CMBJ6PGF7BT2SWHN128N,False,,,,,,,False,False,64.0,,0.0,1772418525368,1772418550373,25005,,01KJP2SDQCR0935BS4E06A6D2G,False,3,False,True,True,,,,,,,,False,
01KJP22PXRH9VYFY7Z1HZVNSMN,01KJP2SNNP4ZB6K1QMGZX5CC0T,Player,C,C,speaker,3.0,refgame,2.0,page7-107,,,2.0,01KJP3CMDF13YBPRZEY3AS2DBQ,False,,,,,,,False,False,54.0,,0.0,1772418210077,1772418233582,23505,2.0,01KJP2SNNP4ZB6K1QMGZX5CC0T,,2,False,True,False,,,,,,,,False,
01KJP22PXRH9VYFY7Z1HZVNSMN,01KJP2RH1QNE571FNJRJ0ZHM7W,Player,B,A,listener,5.0,refgame,2.0,page-B,page4-157,False,0.0,01KJP3CMBHX9HPW6E4YX45KJW2,False,,,,,,,False,False,66.0,,0.0,1772418582533,1772418607546,25013,,01KJP2Q9Z7MR3VPYE4MH3SC9C8,False,3,False,True,True,,,,,,,,False,
01KJP22PXRH9VYFY7Z1HZVNSMN,01KJP2RH1QNE571FNJRJ0ZHM7W,Player,B,B,listener,5.0,refgame,2.0,page9-46,page7-26,False,0.0,01KJP3CMAMAX1FJ6WS8R3SAA33,False,,,,,,,False,False,70.0,,0.0,1772418702644,1772418726049,23405,,01KJP2Q9Z7MR3VPYE4MH3SC9C8,False,3,False,True,True,,,,,,,,False,
01KJP22PXRH9VYFY7Z1HZVNSMN,01KJP2Q4FMMNPG4DTS771Y4V70,Repi,A,A,speaker,0.0,refgame,1.0,page5-28,,,0.0,01KJP3CM84AESF18BN538TN2V3,False,,,,,,,False,False,0.0,,0.0,1772415773295,1772415818302,45007,1.0,01KJP2Q4FMMNPG4DTS771Y4V70,,3,False,True,False,,,,,,,,False,
01KJP22PXRH9VYFY7Z1HZVNSMN,01KJP2SNNP4ZB6K1QMGZX5CC0T,Lika,C,C,listener,1.0,refgame,1.0,page7-255,page7-255,True,2.0,01KJP3CMA3QJVBG0N9R3K5JB6B,False,,,,,,,False,False,11.0,,0.0,1772416387374,1772416432380,45006,,01KJP2SDQCR0935BS4E06A6D2G,True,3,False,True,True,,,,,,,,False,
01KJP22PXRH9VYFY7Z1HZVNSMN,01KJP2SDQCR0935BS4E06A6D2G,Felu,C,C,listener,3.0,refgame,1.0,page7-255,page7-255,True,2.0,01KJP3CMA8RYSHRF0RKHSGK2ZM,False,,,,,,,False,False,19.0,,0.0,1772416763366,1772416804864,41498,,01KJP2SNNP4ZB6K1QMGZX5CC0T,True,3,False,True,True,,,,,,,,False,
01KJP22PXRH9VYFY7Z1HZVNSMN,01KJP2SNNP4ZB6K1QMGZX5CC0T,Lika,C,C,listener,5.0,refgame,1.0,page3-35,page3-35,True,2.0,01KJP3CMAGD4HB935DP0CPFF8B,False,,,,,,,False,False,31.0,,0.0,1772417335304,1772417378365,43061,,01KJP2Q9Z7MR3VPYE4MH3SC9C8,True,3,False,True,True,,,,,,,,False,
01KJP22PXRH9VYFY7Z1HZVNSMN,01KJP2Q4FMMNPG4DTS771Y4V70,Player,A,A,listener,1.0,refgame,2.0,page7-107,page7-107,True,2.0,01KJP3CMBS7SJQ0F7Z43MYKRY0,False,,,,,,,False,False,42.0,,0.0,1772417793753,1772417817632,23879,,01KJP2SGRYQPGESDGRKTMMAJX4,True,3,False,True,True,,,,,,,,False,
01KJP22PXRH9VYFY7Z1HZVNSMN,01KJP2RVD8SK7AN1X5EMGRM458,Player,B,A,listener,5.0,refgame,2.0,page9-46,page9-46,True,2.0,01KJP3CMAMAX1FJ6WS8R3SAA33,False,,,,,,,False,False,70.0,,0.0,1772418702644,1772418726049,23405,,01KJP2RBVR6E36EKC8HYRAV5GF,False,3,False,True,True,,,,,,,,False,
01KJP22PXRH9VYFY7Z1HZVNSMN,01KJP2RVD8SK7AN1X5EMGRM458,Zuda,B,B,speaker,1.0,refgame,1.0,page-B,,,2.0,01KJP3CM9EWMZPWBESND7H6YTZ,False,,,,,,,False,False,8.0,,0.0,1772416218674,1772416263477,44803,1.0,01KJP2RVD8SK7AN1X5EMGRM458,,2,False,True,False,,,,,,,,False,
01KJP22PXRH9VYFY7Z1HZVNSMN,01KJP2SDQCR0935BS4E06A6D2G,Felu,C,C,listener,2.0,refgame,1.0,page9-46,page9-46,True,2.0,01KJP3CMAAFMWCTT6MNKJ2FZXV,False,,,,,,,False,False,17.0,,0.0,1772416677429,1772416714007,36578,,01KJP2Q9Z7MR3VPYE4MH3SC9C8,True,3,False,True,True,,,,,,,,False,
01KJP22PXRH9VYFY7Z1HZVNSMN,01KJP2Q9Z7MR3VPYE4MH3SC9C8,Nori,C,C,speaker,5.0,refgame,1.0,page7-107,,,2.0,01KJP3CM9YVD44Y09Z8C1M640P,False,,,,,,,False,False,33.0,,0.0,1772417426655,1772417443945,17290,2.0,01KJP2Q9Z7MR3VPYE4MH3SC9C8,,3,False,True,False,,,,,,,,False,
01KJP22PXRH9VYFY7Z1HZVNSMN,01KJP2RH1QNE571FNJRJ0ZHM7W,Player,B,B,speaker,0.0,refgame,2.0,page-B,,,2.0,01KJP3CMAGD4HB935DN5TH93XE,False,,,,,,,False,False,39.0,,0.0,1772417694283,1772417716925,22642,1.0,01KJP2RH1QNE571FNJRJ0ZHM7W,,3,False,True,False,,,,,,,,False,
01KJP22PXRH9VYFY7Z1HZVNSMN,01KJP2RH1QNE571FNJRJ0ZHM7W,Hera,B,B,listener,5.0,refgame,1.0,page7-107,page7-107,True,2.0,01KJP3CM9YVD44Y09Z8C1M640P,False,,,,,,,False,False,33.0,,0.0,1772417426655,1772417443945,17290,,01KJP2RVD8SK7AN1X5EMGRM458,True,2,True,True,True,,,,,,,,False,
01KJP22PXRH9VYFY7Z1HZVNSMN,01KJP2RH1QNE571FNJRJ0ZHM7W,Hera,B,B,listener,1.0,refgame,1.0,page3-35,page4-157,False,0.0,01KJP3CMDKBS9JFM59T1D0FC34,False,,,,,,,False,False,6.0,,0.0,1772416118102,1772416163098,44996,,01KJP2RVD8SK7AN1X5EMGRM458,True,3,False,True,True,,,,,,,,False,
01KJP22PXRH9VYFY7Z1HZVNSMN,01KJP2RBVR6E36EKC8HYRAV5GF,Laju,A,A,speaker,2.0,refgame,1.0,page5-28,,,1.0,01KJP3CMAB1G61PNACVKVNQ61J,False,,,,,,,False,False,16.0,,0.0,1772416633453,1772416671923,38470,1.0,01KJP2RBVR6E36EKC8HYRAV5GF,,3,False,True,False,,,,,,,,False,
01KJP22PXRH9VYFY7Z1HZVNSMN,01KJP2Q4FMMNPG4DTS771Y4V70,Player,A,A,speaker,3.0,refgame,2.0,page3-35,,,1.0,01KJP3CMDD0K8FB8PPX8QTR2TD,False,,,,,,,False,False,57.0,,0.0,1772418312476,1772418328668,16192,3.0,01KJP2Q4FMMNPG4DTS771Y4V70,,3,False,True,False,,,,,,,,False,
01KJP22PXRH9VYFY7Z1HZVNSMN,01KJP2Q4FMMNPG4DTS771Y4V70,Repi,A,A,listener,1.0,refgame,1.0,page7-255,,False,0.0,01KJP3CMA3QJVBG0N9R3K5JB6B,False,,,,,,,True,False,11.0,,0.0,1772416387374,1772416432380,45006,,01KJP2SGRYQPGESDGRKTMMAJX4,True,3,False,True,True,,,,,,,,False,
01KJP22PXRH9VYFY7Z1HZVNSMN,01KJP2SNNP4ZB6K1QMGZX5CC0T,Lika,C,C,speaker,3.0,refgame,1.0,page3-35,,,2.0,01KJP3CMAB1G61PNACWEZ35PYR,False,,,,,,,False,False,23.0,,0.0,1772416957977,1772416999372,41395,2.0,01KJP2SNNP4ZB6K1QMGZX5CC0T,,3,False,True,False,,,,,,,,False,
01KJP22PXRH9VYFY7Z1HZVNSMN,01KJP2SNNP4ZB6K1QMGZX5CC0T,Player,C,A,listener,2.0,refgame,2.0,page9-46,page9-46,True,2.0,01KJP3CMBN46GH887MBYTMMXFZ,False,,,,,,,False,False,48.0,,0.0,1772417999847,1772418024851,25004,,01KJP2RBVR6E36EKC8HYRAV5GF,False,3,False,True,True,,,,,,,,False,
01KJP22PXRH9VYFY7Z1HZVNSMN,01KJP2SNNP4ZB6K1QMGZX5CC0T,Player,C,A,listener,2.0,refgame,2.0,page7-107,page7-107,True,2.0,01KJP3CMBKFK80J9EKSVWKNESX,False,,,,,,,False,False,52.0,,0.0,1772418139976,1772418164622,24646,,01KJP2Q9Z7MR3VPYE4MH3SC9C8,True,3,False,True,True,,,,,,,,False,
01KJP22PXRH9VYFY7Z1HZVNSMN,01KJP2RVD8SK7AN1X5EMGRM458,Zuda,B,B,listener,0.0,refgame,1.0,page7-107,page7-107,True,2.0,01KJP3CM91MTSHTCQY8JW98BQT,False,,,,,,,False,False,1.0,,0.0,1772415833896,1772415878906,45010,,01KJP2RH1QNE571FNJRJ0ZHM7W,True,3,False,True,True,,,,,,,,False,
01KJP22PXRH9VYFY7Z1HZVNSMN,01KJP2Q9Z7MR3VPYE4MH3SC9C8,Player,C,B,listener,4.0,refgame,2.0,page5-28,page5-28,True,2.0,01KJP3CMBKFK80J9EKRNSR927F,False,,,,,,,False,False,62.0,,0.0,1772418472007,1772418489800,17793,,01KJP2RVD8SK7AN1X5EMGRM458,False,3,False,True,True,,,,,,,,False,
01KJP22PXRH9VYFY7Z1HZVNSMN,01KJP2RH1QNE571FNJRJ0ZHM7W,Player,B,A,listener,5.0,refgame,2.0,page7-107,page7-107,True,2.0,01KJP3CMDE74QAQYSEE95EGXZR,False,,,,,,,False,False,68.0,,0.0,1772418644666,1772418667628,22962,,01KJP2RBVR6E36EKC8HYRAV5GF,False,3,False,True,True,,,,,,,,False,
01KJP22PXRH9VYFY7Z1HZVNSMN,01KJP2RH1QNE571FNJRJ0ZHM7W,Player,B,C,listener,5.0,refgame,2.0,page5-28,page5-28,True,2.0,01KJP3CMAKBY4EQ2P7G6PBW0XK,False,,,,,,,False,False,71.0,,0.0,1772418736369,1772418756728,20359,,01KJP2SDQCR0935BS4E06A6D2G,False,2,True,True,True,,,,,,,,False,
01KJP22PXRH9VYFY7Z1HZVNSMN,01KJP2Q9Z7MR3VPYE4MH3SC9C8,Nori,C,C,listener,4.0,refgame,1.0,page7-255,page7-255,True,2.0,01KJP3CMA9QVGAE5H6NH66V55J,False,,,,,,,False,False,24.0,,0.0,1772417004762,1772417048010,43248,,01KJP2SDQCR0935BS4E06A6D2G,True,3,False,True,True,,,,,,,,False,
01KJP22PXRH9VYFY7Z1HZVNSMN,01KJP2SGRYQPGESDGRKTMMAJX4,Player,A,A,listener,5.0,refgame,2.0,page7-255,page4-15,False,0.0,01KJP3CMBGR1HCV8WZ77VGDR39,False,,,,,,,False,False,67.0,,0.0,1772418616561,1772418636536,19975,,01KJP2Q9Z7MR3VPYE4MH3SC9C8,False,3,False,True,True,,,,,,,,False,
01KJP22PXRH9VYFY7Z1HZVNSMN,01KJP2Q9Z7MR3VPYE4MH3SC9C8,Nori,C,C,listener,3.0,refgame,1.0,page3-35,page3-35,True,2.0,01KJP3CMAB1G61PNACWEZ35PYR,False,,,,,,,False,False,23.0,,0.0,1772416957977,1772416999372,41395,,01KJP2SNNP4ZB6K1QMGZX5CC0T,True,3,False,True,True,,,,,,,,False,
01KJP22PXRH9VYFY7Z1HZVNSMN,01KJP2SGRYQPGESDGRKTMMAJX4,Minu,A,A,listener,3.0,refgame,1.0,page3-35,page5-142,False,0.0,01KJP3CMAB1G61PNACWEZ35PYR,False,,,,,,,False,False,23.0,,0.0,1772416957977,1772416999372,41395,,01KJP2Q4FMMNPG4DTS771Y4V70,True,3,False,True,True,,,,,,,,False,
01KJP22PXRH9VYFY7Z1HZVNSMN,01KJP2RH1QNE571FNJRJ0ZHM7W,Player,B,A,listener,4.0,refgame,2.0,page3-35,page3-193,False,0.0,01KJP3CMBFNTBZF2KSY334MWHD,False,,,,,,,False,False,61.0,,0.0,1772418436198,1772418461202,25004,,01KJP2SDQCR0935BS4E06A6D2G,False,3,False,True,True,,,,,,,,False,
01KJP22PXRH9VYFY7Z1HZVNSMN,01KJP2SDQCR0935BS4E06A6D2G,Felu,C,C,speaker,1.0,refgame,1.0,page7-107,,,2.0,01KJP3CMA40B4VRTJH6C7V9B9C,False,,,,,,,False,False,10.0,,0.0,1772416330634,1772416371775,41141,1.0,01KJP2SDQCR0935BS4E06A6D2G,,3,False,True,False,,,,,,,,False,
01KJP22PXRH9VYFY7Z1HZVNSMN,01KJP2SDQCR0935BS4E06A6D2G,Felu,C,C,listener,5.0,refgame,1.0,page9-46,page9-46,True,2.0,01KJP3CMAJJ6FAGMTSE004241H,False,,,,,,,False,False,30.0,,0.0,1772417288714,1772417327581,38867,,01KJP2Q9Z7MR3VPYE4MH3SC9C8,True,3,False,True,True,,,,,,,,False,
01KJP22PXRH9VYFY7Z1HZVNSMN,01KJP2SGRYQPGESDGRKTMMAJX4,Player,A,C,listener,0.0,refgame,2.0,page-B,page-B,True,2.0,01KJP3CMAGD4HB935DN5TH93XE,False,,,,,,,False,False,39.0,,0.0,1772417694283,1772417716925,22642,,01KJP2Q4FMMNPG4DTS771Y4V70,True,2,False,True,True,,,,,,,,False,
01KJP22PXRH9VYFY7Z1HZVNSMN,01KJP2SNNP4ZB6K1QMGZX5CC0T,Player,C,A,speaker,0.0,refgame,2.0,page9-46,,,2.0,01KJP3CMAEZZDYNJYRPCZA06KT,False,,,,,,,False,False,40.0,,0.0,1772417728013,1772417751030,23017,1.0,01KJP2SNNP4ZB6K1QMGZX5CC0T,,3,False,True,False,,,,,,,,False,
01KJP22PXRH9VYFY7Z1HZVNSMN,01KJP2RBVR6E36EKC8HYRAV5GF,Player,A,A,speaker,2.0,refgame,2.0,page5-28,,,1.0,01KJP3CMBN46GH887MCP71WBKK,False,,,,,,,False,False,50.0,,0.0,1772418072923,1772418092683,19760,1.0,01KJP2RBVR6E36EKC8HYRAV5GF,,3,False,True,False,,,,,,,,False,
01KJP22PXRH9VYFY7Z1HZVNSMN,01KJP2SNNP4ZB6K1QMGZX5CC0T,Player,C,B,listener,4.0,refgame,2.0,page7-255,,False,0.0,01KJP3CMBJ6PGF7BT2SWHN128N,False,,,,,,,True,False,64.0,,0.0,1772418525368,1772418550373,25005,,01KJP2SGRYQPGESDGRKTMMAJX4,False,3,False,True,True,,,,,,,,False,
01KJP22PXRH9VYFY7Z1HZVNSMN,01KJP2SGRYQPGESDGRKTMMAJX4,Minu,A,A,speaker,4.0,refgame,1.0,page7-107,,,2.0,01KJP3CMAD2X6CDPC7HYN07AK8,False,,,,,,,False,False,27.0,,0.0,1772417134703,1772417167040,32337,2.0,01KJP2SGRYQPGESDGRKTMMAJX4,,3,False,True,False,,,,,,,,False,
01KJP22PXRH9VYFY7Z1HZVNSMN,01KJP2RH1QNE571FNJRJ0ZHM7W,Hera,B,B,listener,4.0,refgame,1.0,page5-28,page5-28,True,2.0,01KJP3CM9C5PRKR0P4VR7QK685,False,,,,,,,False,False,28.0,,0.0,1772417178776,1772417221242,42466,,01KJP2RVD8SK7AN1X5EMGRM458,True,2,False,True,True,,,,,,,,False,
01KJP22PXRH9VYFY7Z1HZVNSMN,01KJP2RBVR6E36EKC8HYRAV5GF,Laju,A,A,listener,4.0,refgame,1.0,page3-35,page3-193,False,0.0,01KJP3CMAJJ6FAGMTSETZNHFNY,False,,,,,,,False,False,29.0,,0.0,1772417236856,1772417281876,45020,,01KJP2SGRYQPGESDGRKTMMAJX4,True,3,False,True,True,,,,,,,,False,
01KJP22PXRH9VYFY7Z1HZVNSMN,01KJP2Q9Z7MR3VPYE4MH3SC9C8,Nori,C,C,listener,0.0,refgame,1.0,page9-46,,False,0.0,01KJP3CM90G2E34Z7VFPJ6SB8Y,False,,,,,,,True,False,4.0,,0.0,1772415997388,1772416042395,45007,,01KJP2SNNP4ZB6K1QMGZX5CC0T,True,3,False,True,True,,,,,,,,False,
01KJP22PXRH9VYFY7Z1HZVNSMN,01KJP2SDQCR0935BS4E06A6D2G,Felu,C,C,listener,2.0,refgame,1.0,page5-28,page5-28,True,2.0,01KJP3CMAB1G61PNACVKVNQ61J,False,,,,,,,False,False,16.0,,0.0,1772416633453,1772416671923,38470,,01KJP2Q9Z7MR3VPYE4MH3SC9C8,True,3,False,True,True,,,,,,,,False,
01KJP22PXRH9VYFY7Z1HZVNSMN,01KJP2SGRYQPGESDGRKTMMAJX4,Player,A,C,listener,2.0,refgame,2.0,page5-28,page5-28,True,2.0,01KJP3CMBN46GH887MCP71WBKK,False,,,,,,,False,False,50.0,,0.0,1772418072923,1772418092683,19760,,01KJP2Q4FMMNPG4DTS771Y4V70,True,2,True,True,True,,,,,,,,False,
01KJP22PXRH9VYFY7Z1HZVNSMN,01KJP2SDQCR0935BS4E06A6D2G,Player,C,A,listener,2.0,refgame,2.0,page7-255,page4-15,False,0.0,01KJP3CMBMKHYMYM5B8F70E256,False,,,,,,,False,False,51.0,,0.0,1772418108402,1772418131487,23085,,01KJP2RBVR6E36EKC8HYRAV5GF,False,3,False,True,True,,,,,,,,False,
01KJP22PXRH9VYFY7Z1HZVNSMN,01KJP2RBVR6E36EKC8HYRAV5GF,Player,A,B,listener,1.0,refgame,2.0,page9-46,page9-46,True,2.0,01KJP3CMBPAK2HC2TNBMD5J772,False,,,,,,,False,False,46.0,,0.0,1772417933938,1772417957914,23976,,01KJP2RVD8SK7AN1X5EMGRM458,False,3,False,True,True,,,,,,,,False,
01KJP22PXRH9VYFY7Z1HZVNSMN,01KJP2RH1QNE571FNJRJ0ZHM7W,Player,B,B,listener,2.0,refgame,2.0,page5-28,page7-26,False,0.0,01KJP3CMBN46GH887MCP71WBKK,False,,,,,,,False,False,50.0,,0.0,1772418072923,1772418092683,19760,,01KJP2Q9Z7MR3VPYE4MH3SC9C8,False,3,False,True,True,,,,,,,,False,
01KJP22PXRH9VYFY7Z1HZVNSMN,01KJP2RBVR6E36EKC8HYRAV5GF,Player,A,B,listener,4.0,refgame,2.0,page3-35,page3-35,True,2.0,01KJP3CMBFNTBZF2KSY334MWHD,False,,,,,,,False,False,61.0,,0.0,1772418436198,1772418461202,25004,,01KJP2SGRYQPGESDGRKTMMAJX4,True,3,False,True,True,,,,,,,,False,
01KJP22PXRH9VYFY7Z1HZVNSMN,01KJP2RBVR6E36EKC8HYRAV5GF,Laju,A,A,speaker,2.0,refgame,1.0,page7-107,,,2.0,01KJP3CMACAF76HADC02P8KA11,False,,,,,,,False,False,15.0,,0.0,1772416596314,1772416627994,31680,1.0,01KJP2RBVR6E36EKC8HYRAV5GF,,3,False,True,False,,,,,,,,False,
01KJP22PXRH9VYFY7Z1HZVNSMN,01KJP2RVD8SK7AN1X5EMGRM458,Zuda,B,B,listener,3.0,refgame,1.0,page5-28,page5-28,True,2.0,01KJP3CMAD2X6CDPC7GPW0TA12,False,,,,,,,False,False,22.0,,0.0,1772416906218,1772416942372,36154,,01KJP2RH1QNE571FNJRJ0ZHM7W,True,2,False,True,True,,,,,,,,False,
01KJP22PXRH9VYFY7Z1HZVNSMN,01KJP2RVD8SK7AN1X5EMGRM458,Player,B,C,listener,0.0,refgame,2.0,page3-35,,False,0.0,01KJP3CM9ZZCXCMMAE2E0RMM7V,False,,,,,,,True,False,36.0,,0.0,1772417582895,1772417607900,25005,,01KJP2SNNP4ZB6K1QMGZX5CC0T,False,2,False,True,True,,,,,,,,False,
01KJP22PXRH9VYFY7Z1HZVNSMN,01KJP2SDQCR0935BS4E06A6D2G,Player,C,A,listener,0.0,refgame,2.0,page9-46,page9-46,True,2.0,01KJP3CMAEZZDYNJYRPCZA06KT,False,,,,,,,False,False,40.0,,0.0,1772417728013,1772417751030,23017,,01KJP2SNNP4ZB6K1QMGZX5CC0T,True,3,False,True,True,,,,,,,,False,
01KJP22PXRH9VYFY7Z1HZVNSMN,01KJP2SNNP4ZB6K1QMGZX5CC0T,Lika,C,C,listener,2.0,refgame,1.0,page9-46,page9-46,True,2.0,01KJP3CMAAFMWCTT6MNKJ2FZXV,False,,,,,,,False,False,17.0,,0.0,1772416677429,1772416714007,36578,,01KJP2Q9Z7MR3VPYE4MH3SC9C8,True,3,False,True,True,,,,,,,,False,
01KJP22PXRH9VYFY7Z1HZVNSMN,01KJP2SNNP4ZB6K1QMGZX5CC0T,Lika,C,C,listener,4.0,refgame,1.0,page7-255,page7-255,True,2.0,01KJP3CMA9QVGAE5H6NH66V55J,False,,,,,,,False,False,24.0,,0.0,1772417004762,1772417048010,43248,,01KJP2SDQCR0935BS4E06A6D2G,True,3,False,True,True,,,,,,,,False,
01KJP22PXRH9VYFY7Z1HZVNSMN,01KJP2Q9Z7MR3VPYE4MH3SC9C8,Player,C,B,listener,4.0,refgame,2.0,page-B,page-B,True,2.0,01KJP3CMDM8CDWRZ2R68BD7RN9,False,,,,,,,False,False,60.0,,0.0,1772418399813,1772418423771,23958,,01KJP2SGRYQPGESDGRKTMMAJX4,False,3,False,True,True,,,,,,,,False,
01KJP22PXRH9VYFY7Z1HZVNSMN,01KJP2SDQCR0935BS4E06A6D2G,Felu,C,C,listener,0.0,refgame,1.0,page7-255,page4-15,False,0.0,01KJP3CM9JB14AY8MBMF4VCE4W,False,,,,,,,False,False,3.0,,0.0,1772415943043,1772415987348,44305,,01KJP2SNNP4ZB6K1QMGZX5CC0T,True,3,False,True,True,,,,,,,,False,
01KJP22PXRH9VYFY7Z1HZVNSMN,01KJP2Q4FMMNPG4DTS771Y4V70,Repi,A,A,listener,2.0,refgame,1.0,page-B,page-B,True,2.0,01KJP3CMAAFMWCTT6MPFEXD6K7,False,,,,,,,False,False,13.0,,0.0,1772416500681,1772416539324,38643,,01KJP2RBVR6E36EKC8HYRAV5GF,True,3,False,True,True,,,,,,,,False,
01KJP22PXRH9VYFY7Z1HZVNSMN,01KJP2RVD8SK7AN1X5EMGRM458,Zuda,B,B,listener,2.0,refgame,1.0,page5-28,page5-28,True,2.0,01KJP3CMAB1G61PNACVKVNQ61J,False,,,,,,,False,False,16.0,,0.0,1772416633453,1772416671923,38470,,01KJP2RH1QNE571FNJRJ0ZHM7W,True,2,True,True,True,,,,,,,,False,
01KJP22PXRH9VYFY7Z1HZVNSMN,01KJP3CAPT7YVD80D6Z6R9Y5ZZ,Bavi,B,B,listener,0.0,refgame,1.0,page5-28,page7-26,False,0.0,01KJP3CM84AESF18BN538TN2V3,False,,,,,,,False,False,0.0,,0.0,1772415773295,1772415818302,45007,,01KJP2RH1QNE571FNJRJ0ZHM7W,True,3,False,True,True,,,,,,,,False,
01KJP22PXRH9VYFY7Z1HZVNSMN,01KJP2Q9Z7MR3VPYE4MH3SC9C8,Player,C,A,listener,3.0,refgame,2.0,page7-107,page7-107,True,2.0,01KJP3CMDF13YBPRZEY3AS2DBQ,False,,,,,,,False,False,54.0,,0.0,1772418210077,1772418233582,23505,,01KJP2Q4FMMNPG4DTS771Y4V70,False,3,False,True,True,,,,,,,,False,
01KJP22PXRH9VYFY7Z1HZVNSMN,01KJP2Q9Z7MR3VPYE4MH3SC9C8,Player,C,A,listener,3.0,refgame,2.0,page-B,page-B,True,2.0,01KJP3CMD9PVBS9GJ9WZCK65VZ,False,,,,,,,False,False,56.0,,0.0,1772418280302,1772418303304,23002,,01KJP2Q4FMMNPG4DTS771Y4V70,False,3,False,True,True,,,,,,,,False,
01KJP22PXRH9VYFY7Z1HZVNSMN,01KJP2RH1QNE571FNJRJ0ZHM7W,Player,B,A,listener,5.0,refgame,2.0,page7-255,page7-255,True,2.0,01KJP3CMBGR1HCV8WZ77VGDR39,False,,,,,,,False,False,67.0,,0.0,1772418616561,1772418636536,19975,,01KJP2Q9Z7MR3VPYE4MH3SC9C8,False,3,False,True,True,,,,,,,,False,
01KJP22PXRH9VYFY7Z1HZVNSMN,01KJP2SDQCR0935BS4E06A6D2G,Felu,C,C,listener,0.0,refgame,1.0,page3-35,page3-35,True,2.0,01KJP3CMBEY573MQS1TAMZDBC6,False,,,,,,,False,False,2.0,,0.0,1772415890738,1772415935743,45005,,01KJP2SNNP4ZB6K1QMGZX5CC0T,True,3,False,True,True,,,,,,,,False,
01KJP22PXRH9VYFY7Z1HZVNSMN,01KJP3CAPT7YVD80D6Z6R9Y5ZZ,Bavi,B,B,listener,0.0,refgame,1.0,page7-255,page4-15,False,0.0,01KJP3CM9JB14AY8MBMF4VCE4W,False,,,,,,,False,False,3.0,,0.0,1772415943043,1772415987348,44305,,01KJP2RH1QNE571FNJRJ0ZHM7W,True,3,False,True,True,,,,,,,,False,
01KJP22PXRH9VYFY7Z1HZVNSMN,01KJP2Q9Z7MR3VPYE4MH3SC9C8,Nori,C,C,listener,1.0,refgame,1.0,page9-46,page7-26,False,0.0,01KJP3CMDF13YBPRZEZ33TW845,False,,,,,,,False,False,7.0,,0.0,1772416171398,1772416210423,39025,,01KJP2SDQCR0935BS4E06A6D2G,True,3,False,True,True,,,,,,,,False,
01KJP22PXRH9VYFY7Z1HZVNSMN,01KJP2RH1QNE571FNJRJ0ZHM7W,Player,B,B,listener,1.0,refgame,2.0,page7-107,page7-107,True,2.0,01KJP3CMBS7SJQ0F7Z43MYKRY0,False,,,,,,,False,False,42.0,,0.0,1772417793753,1772417817632,23879,,01KJP2SDQCR0935BS4E06A6D2G,False,3,False,True,True,,,,,,,,False,
01KJP22PXRH9VYFY7Z1HZVNSMN,01KJP2Q9Z7MR3VPYE4MH3SC9C8,Player,C,A,listener,0.0,refgame,2.0,page3-35,page3-193,False,0.0,01KJP3CM9ZZCXCMMAE2E0RMM7V,False,,,,,,,False,False,36.0,,0.0,1772417582895,1772417607900,25005,,01KJP2RH1QNE571FNJRJ0ZHM7W,False,3,False,True,True,,,,,,,,False,
01KJP22PXRH9VYFY7Z1HZVNSMN,01KJP2SNNP4ZB6K1QMGZX5CC0T,Player,C,A,speaker,0.0,refgame,2.0,page7-107,,,2.0,01KJP3CMAKBY4EQ2P7F82DKW77,False,,,,,,,False,False,37.0,,0.0,1772417623661,1772417647924,24263,1.0,01KJP2SNNP4ZB6K1QMGZX5CC0T,,3,False,True,False,,,,,,,,False,
01KJP22PXRH9VYFY7Z1HZVNSMN,01KJP2RVD8SK7AN1X5EMGRM458,Player,B,C,listener,3.0,refgame,2.0,page7-107,page7-107,True,2.0,01KJP3CMDF13YBPRZEY3AS2DBQ,False,,,,,,,False,False,54.0,,0.0,1772418210077,1772418233582,23505,,01KJP2SNNP4ZB6K1QMGZX5CC0T,False,2,False,True,True,,,,,,,,False,
01KJP22PXRH9VYFY7Z1HZVNSMN,01KJP2SDQCR0935BS4E06A6D2G,Player,C,A,speaker,4.0,refgame,2.0,page3-35,,,1.0,01KJP3CMBFNTBZF2KSY334MWHD,False,,,,,,,False,False,61.0,,0.0,1772418436198,1772418461202,25004,2.0,01KJP2SDQCR0935BS4E06A6D2G,,3,False,True,False,,,,,,,,False,
01KJP22PXRH9VYFY7Z1HZVNSMN,01KJP2SGRYQPGESDGRKTMMAJX4,Minu,A,A,listener,0.0,refgame,1.0,page7-255,page5-142,False,0.0,01KJP3CM9JB14AY8MBMF4VCE4W,False,,,,,,,False,False,3.0,,0.0,1772415943043,1772415987348,44305,,01KJP2Q4FMMNPG4DTS771Y4V70,True,3,False,True,True,,,,,,,,False,
01KJP22PXRH9VYFY7Z1HZVNSMN,01KJP2SNNP4ZB6K1QMGZX5CC0T,Lika,C,C,speaker,0.0,refgame,1.0,page-B,,,1.0,01KJP3CM8ZYP036H2YRH1YFW0A,False,,,,,,,False,False,5.0,,0.0,1772416057609,1772416102612,45003,1.0,01KJP2SNNP4ZB6K1QMGZX5CC0T,,3,False,True,False,,,,,,,,False,
01KJP22PXRH9VYFY7Z1HZVNSMN,01KJP2RBVR6E36EKC8HYRAV5GF,Laju,A,A,listener,4.0,refgame,1.0,page-B,page-B,True,2.0,01KJP3CM9HM5VMN0HF5GSQJZ6G,False,,,,,,,False,False,26.0,,0.0,1772417105848,1772417128011,22163,,01KJP2SGRYQPGESDGRKTMMAJX4,True,3,False,True,True,,,,,,,,False,
